seq,description,document,href,type,size
1,FY1617 Q3 JFM 10-Q,fy1617q3jfm10-qreport.htm,https://www.sec.gov/Archives/edgar/data/80424/000008042417000026/fy1617q3jfm10-qreport.htm,10-Q,1461098
2,COMPANY'S FORM OF SEPARATION AGREEMENT & RELEASE,fy1617q3jfm10-qexhibit10x1.htm,https://www.sec.gov/Archives/edgar/data/80424/000008042417000026/fy1617q3jfm10-qexhibit10x1.htm,EX-10.1,60826
3,COMPUTATION OF RATIO OF EARNINGS TO FIXED CHARGES,fy1617q3jfm10-qexhibit12.htm,https://www.sec.gov/Archives/edgar/data/80424/000008042417000026/fy1617q3jfm10-qexhibit12.htm,EX-12.0,60161
4,RULE 13A-14(A)/15D-14(A) CERTIFICATION-CHIEF EXECUTIVE OFFICER,fy1617q3jfm10-qexhibit311.htm,https://www.sec.gov/Archives/edgar/data/80424/000008042417000026/fy1617q3jfm10-qexhibit311.htm,EX-31.1,12707
5,RULE 13A-14(A)/15D-14(A) CERTIFICATION-CHIEF FINANCIAL OFFICER,fy1617q3jfm10-qexhibit312.htm,https://www.sec.gov/Archives/edgar/data/80424/000008042417000026/fy1617q3jfm10-qexhibit312.htm,EX-31.2,12786
6,SECTION 1350 CERTIFICATION-CHIEF EXECUTIVE OFFICER,fy1617q3jfm10-qexhibit321.htm,https://www.sec.gov/Archives/edgar/data/80424/000008042417000026/fy1617q3jfm10-qexhibit321.htm,EX-32.1,5936
7,SECTION 1350 CERTIFICATION-CHIEF FINANCIAL OFFICER,fy1617q3jfm10-qexhibit322.htm,https://www.sec.gov/Archives/edgar/data/80424/000008042417000026/fy1617q3jfm10-qexhibit322.htm,EX-32.2,5885
14,P&G LOGO,pglogoa01.jpg,https://www.sec.gov/Archives/edgar/data/80424/000008042417000026/pglogoa01.jpg,GRAPHIC,6542
NA,Complete submission text file,0000080424-17-000026.txt,https://www.sec.gov/Archives/edgar/data/80424/000008042417000026/0000080424-17-000026.txt, ,7163584
8,XBRL INSTANCE DOCUMENT,pg-20170331.xml,https://www.sec.gov/Archives/edgar/data/80424/000008042417000026/pg-20170331.xml,EX-101.INS,1727194
9,XBRL TAXONOMY EXTENSION SCHEMA DOCUMENT,pg-20170331.xsd,https://www.sec.gov/Archives/edgar/data/80424/000008042417000026/pg-20170331.xsd,EX-101.SCH,38960
10,XBRL TAXONOMY EXTENSION CALCULATION LINKBASE DOCUMENT,pg-20170331_cal.xml,https://www.sec.gov/Archives/edgar/data/80424/000008042417000026/pg-20170331_cal.xml,EX-101.CAL,98156
11,XBRL TAXONOMY EXTENSION DEFINITION LINKBASE DOCUMENT,pg-20170331_def.xml,https://www.sec.gov/Archives/edgar/data/80424/000008042417000026/pg-20170331_def.xml,EX-101.DEF,262377
12,XBRL TAXONOMY EXTENSION LABEL LINKBASE DOCUMENT,pg-20170331_lab.xml,https://www.sec.gov/Archives/edgar/data/80424/000008042417000026/pg-20170331_lab.xml,EX-101.LAB,510724
13,XBRL TAXONOMY EXTENSION PRESENTATION LINKBASE DOCUMENT,pg-20170331_pre.xml,https://www.sec.gov/Archives/edgar/data/80424/000008042417000026/pg-20170331_pre.xml,EX-101.PRE,349495
