seq,description,document,href,type,size
1,FY 1920 Q3 JFM 10-Q,pg-20200331.htm,https://www.sec.gov/Archives/edgar/data/80424/000008042420000038/pg-20200331.htm,10-Q,2479072
2,COMPANY'S FORM OF SEPARATION AGREEMENT AND RELEASE,fy1920q3jfm10-qexhibit3.htm,https://www.sec.gov/Archives/edgar/data/80424/000008042420000038/fy1920q3jfm10-qexhibit3.htm,EX-10.1,70895
3,THE PROCTER & GAMBLE COMPANY EXECUTIVE DEFERRED COMPENSATION PLAN,fy1920q3jfm10-qexhibit.htm,https://www.sec.gov/Archives/edgar/data/80424/000008042420000038/fy1920q3jfm10-qexhibit.htm,EX-10.2,125817
4,THE PROCTER & GAMBLE PERFORMANCE STOCK PROGRAM SUMMARY,fy1920q3jfm10-qexhibit6.htm,https://www.sec.gov/Archives/edgar/data/80424/000008042420000038/fy1920q3jfm10-qexhibit6.htm,EX-10.3,30190
5,EXHIBIT 31.1 RULE 13A-14(A)/15D-14(A) CERTIFICATION CHIEF EXECUTIVE OFFICER,fy1920q3jfm10-qexhibit2.htm,https://www.sec.gov/Archives/edgar/data/80424/000008042420000038/fy1920q3jfm10-qexhibit2.htm,EX-31.1,12061
6,EXHIBIT 31.1 RULE 13A-14(A)/15D-14(A) CERTIFICATION CHIEF FINANCIALOFFICER,fy1920q3jfm10-qexhibit1.htm,https://www.sec.gov/Archives/edgar/data/80424/000008042420000038/fy1920q3jfm10-qexhibit1.htm,EX-31.2,12048
7,SECTION 1350 CERTIFICATION CHIEF EXECUTIVE OFFICER,fy1920q3jfm10-qexhibit4.htm,https://www.sec.gov/Archives/edgar/data/80424/000008042420000038/fy1920q3jfm10-qexhibit4.htm,EX-32.1,5943
8,SECTION 1350 CERTIFICATION-CHIEF FINANCIAL OFFICER,fy1920q3jfm10-qexhibit5.htm,https://www.sec.gov/Archives/edgar/data/80424/000008042420000038/fy1920q3jfm10-qexhibit5.htm,EX-32.2,5877
14,,pg-20200331_g1.jpg,https://www.sec.gov/Archives/edgar/data/80424/000008042420000038/pg-20200331_g1.jpg,GRAPHIC,6542
NA,Complete submission text file,0000080424-20-000038.txt,https://www.sec.gov/Archives/edgar/data/80424/000008042420000038/0000080424-20-000038.txt, ,9140152
9,XBRL TAXONOMY EXTENSION SCHEMA DOCUMENT,pg-20200331.xsd,https://www.sec.gov/Archives/edgar/data/80424/000008042420000038/pg-20200331.xsd,EX-101.SCH,44786
10,XBRL TAXONOMY EXTENSION CALCULATION LINKBASE DOCUMENT,pg-20200331_cal.xml,https://www.sec.gov/Archives/edgar/data/80424/000008042420000038/pg-20200331_cal.xml,EX-101.CAL,75206
11,XBRL TAXONOMY EXTENSION DEFINITION LINKBASE DOCUMENT,pg-20200331_def.xml,https://www.sec.gov/Archives/edgar/data/80424/000008042420000038/pg-20200331_def.xml,EX-101.DEF,309677
12,XBRL TAXONOMY EXTENSION LABEL LINKBASE DOCUMENT,pg-20200331_lab.xml,https://www.sec.gov/Archives/edgar/data/80424/000008042420000038/pg-20200331_lab.xml,EX-101.LAB,553822
13,XBRL TAXONOMY EXTENSION PRESENTATION LINKBASE DOCUMENT,pg-20200331_pre.xml,https://www.sec.gov/Archives/edgar/data/80424/000008042420000038/pg-20200331_pre.xml,EX-101.PRE,391329
39,EXTRACTED XBRL INSTANCE DOCUMENT,pg-20200331_htm.xml,https://www.sec.gov/Archives/edgar/data/80424/000008042420000038/pg-20200331_htm.xml,XML,1869188
