seq,description,document,href,type,size
1,FY1819 10-K,fy181910-kreport.htm,https://www.sec.gov/Archives/edgar/data/80424/000008042419000050/fy181910-kreport.htm,10-K,3800505
2,DESCRIPTION OF THE COMPANY'S COMMON STOCK,fy181910-kexhibit4x3.htm,https://www.sec.gov/Archives/edgar/data/80424/000008042419000050/fy181910-kexhibit4x3.htm,EX-4.3,10186
3,"DESC. OF THE NOTES 0.625% DUE 2024, 1.200% DUE 2028 & 1.875% DUE 2038",fy181910-kexhibit4x4.htm,https://www.sec.gov/Archives/edgar/data/80424/000008042419000050/fy181910-kexhibit4x4.htm,EX-4.4,104504
4,"DESC. OF NOTES 4.125% EUR 2020, 4.875% EUR 2027, 6.250% GBP 2030 & 5.25% GBP2033",fy181910-kexhibit4x5.htm,https://www.sec.gov/Archives/edgar/data/80424/000008042419000050/fy181910-kexhibit4x5.htm,EX-4.5,191694
5,DESC. OF THE NOTES 0.500% DUE 2024 & 1.250% DUE 2029,fy181910-kexhibit4x6.htm,https://www.sec.gov/Archives/edgar/data/80424/000008042419000050/fy181910-kexhibit4x6.htm,EX-4.6,98167
6,DESC. OF THE NOTES 1.375% DUE 2025 & 1.800% DUE 2029,fy181910-kexhibit4x7.htm,https://www.sec.gov/Archives/edgar/data/80424/000008042419000050/fy181910-kexhibit4x7.htm,EX-4.7,98001
7,DESC. OF THE NOTES 1.125% DUE 2023,fy181910-kexhibit4x8.htm,https://www.sec.gov/Archives/edgar/data/80424/000008042419000050/fy181910-kexhibit4x8.htm,EX-4.8,92877
8,DESC. OF THE NOTES 0.275% DUE 2020,fy181910-kexhibit4x9.htm,https://www.sec.gov/Archives/edgar/data/80424/000008042419000050/fy181910-kexhibit4x9.htm,EX-4.9,87243
9,DESC OF THE NOTES 2.000% DUE 2021,fy181910-kexhibit4x10.htm,https://www.sec.gov/Archives/edgar/data/80424/000008042419000050/fy181910-kexhibit4x10.htm,EX-4.10,93336
10,DESC. OF THE NOTES 2.000% DUE 2022,fy181910-kexhibit4x11.htm,https://www.sec.gov/Archives/edgar/data/80424/000008042419000050/fy181910-kexhibit4x11.htm,EX-4.11,88307
11,LONG-TERM INCENTIVE PROGRAM,fy181910-kexhibit10x6.htm,https://www.sec.gov/Archives/edgar/data/80424/000008042419000050/fy181910-kexhibit10x6.htm,EX-10.6,34480
12,COMPANY'S FORM OF SEPARATION AGREEMENT & RELEASE,fy181910-kexhibit10x10.htm,https://www.sec.gov/Archives/edgar/data/80424/000008042419000050/fy181910-kexhibit10x10.htm,EX-10.10,141651
13,THE PROCTER & GAMBLE PERFORMANCE STOCK PROGRAM,fy181910-kexhibit10x22.htm,https://www.sec.gov/Archives/edgar/data/80424/000008042419000050/fy181910-kexhibit10x22.htm,EX-10.22,38690
14,SUBSIDIARIES OF THE REGISTRANT,fy181910-kexhibit21.htm,https://www.sec.gov/Archives/edgar/data/80424/000008042419000050/fy181910-kexhibit21.htm,EX-21,148391
15,CONSENT OF INDEPENDENT REGISTERED PUBLIC ACCOUNTING FIRM,fy181910-kexhibit23.htm,https://www.sec.gov/Archives/edgar/data/80424/000008042419000050/fy181910-kexhibit23.htm,EX-23,29190
16,RULE 31A-14(A)/15D-14(A) CERTIFICATIONS,fy181910-kexhibit31.htm,https://www.sec.gov/Archives/edgar/data/80424/000008042419000050/fy181910-kexhibit31.htm,EX-31,25185
17,SECTION 1350 CERTIFICATIONS,fy181910-kexhibit32.htm,https://www.sec.gov/Archives/edgar/data/80424/000008042419000050/fy181910-kexhibit32.htm,EX-32,12316
18,SUMMARY OF DIRECTORS AND OFFICERS INSURANCE PROGRAM,fy181910-kexhibit991.htm,https://www.sec.gov/Archives/edgar/data/80424/000008042419000050/fy181910-kexhibit991.htm,EX-99.1,2357
24,,dividend.jpg,https://www.sec.gov/Archives/edgar/data/80424/000008042419000050/dividend.jpg,GRAPHIC,37959
25,,tsra03.jpg,https://www.sec.gov/Archives/edgar/data/80424/000008042419000050/tsra03.jpg,GRAPHIC,55006
NA,Complete submission text file,0000080424-19-000050.txt,https://www.sec.gov/Archives/edgar/data/80424/000008042419000050/0000080424-19-000050.txt, ,19640818
19,XBRL TAXONOMY EXTENSION SCHEMA DOCUMENT,pg-20190630.xsd,https://www.sec.gov/Archives/edgar/data/80424/000008042419000050/pg-20190630.xsd,EX-101.SCH,95347
20,XBRL TAXONOMY EXTENSION CALCULATION LINKBASE DOCUMENT,pg-20190630_cal.xml,https://www.sec.gov/Archives/edgar/data/80424/000008042419000050/pg-20190630_cal.xml,EX-101.CAL,144231
21,XBRL TAXONOMY EXTENSION DEFINITION LINKBASE DOCUMENT,pg-20190630_def.xml,https://www.sec.gov/Archives/edgar/data/80424/000008042419000050/pg-20190630_def.xml,EX-101.DEF,691293
22,XBRL TAXONOMY EXTENSION LABEL LINKBASE DOCUMENT,pg-20190630_lab.xml,https://www.sec.gov/Archives/edgar/data/80424/000008042419000050/pg-20190630_lab.xml,EX-101.LAB,1263595
23,XBRL TAXONOMY EXTENSION PRESENTATION LINKBASE DOCUMENT,pg-20190630_pre.xml,https://www.sec.gov/Archives/edgar/data/80424/000008042419000050/pg-20190630_pre.xml,EX-101.PRE,860899
26,EXTRACTED XBRL INSTANCE DOCUMENT,fy181910-kreport_htm.xml,https://www.sec.gov/Archives/edgar/data/80424/000008042419000050/fy181910-kreport_htm.xml,XML,3964710
