seq,description,document,href,type,size
1,10-Q,a10-qq1202012282019.htm,https://www.sec.gov/Archives/edgar/data/320193/000032019320000010/a10-qq1202012282019.htm,10-Q,1638047
2,EXHIBIT 31.1,a10-qexhibit31112282019.htm,https://www.sec.gov/Archives/edgar/data/320193/000032019320000010/a10-qexhibit31112282019.htm,EX-31.1,15712
3,EXHIBIT 31.2,a10-qexhibit31212282019.htm,https://www.sec.gov/Archives/edgar/data/320193/000032019320000010/a10-qexhibit31212282019.htm,EX-31.2,15803
4,EXHIBIT 32.1,a10-qexhibit32112282019.htm,https://www.sec.gov/Archives/edgar/data/320193/000032019320000010/a10-qexhibit32112282019.htm,EX-32.1,15236
10,,g66145g66i41.jpg,https://www.sec.gov/Archives/edgar/data/320193/000032019320000010/g66145g66i41.jpg,GRAPHIC,10963
NA,Complete submission text file,0000320193-20-000010.txt,https://www.sec.gov/Archives/edgar/data/320193/000032019320000010/0000320193-20-000010.txt, ,9292589
5,XBRL TAXONOMY EXTENSION SCHEMA DOCUMENT,aapl-20191228.xsd,https://www.sec.gov/Archives/edgar/data/320193/000032019320000010/aapl-20191228.xsd,EX-101.SCH,55682
6,XBRL TAXONOMY EXTENSION CALCULATION LINKBASE DOCUMENT,aapl-20191228_cal.xml,https://www.sec.gov/Archives/edgar/data/320193/000032019320000010/aapl-20191228_cal.xml,EX-101.CAL,119485
7,XBRL TAXONOMY EXTENSION DEFINITION LINKBASE DOCUMENT,aapl-20191228_def.xml,https://www.sec.gov/Archives/edgar/data/320193/000032019320000010/aapl-20191228_def.xml,EX-101.DEF,295255
8,XBRL TAXONOMY EXTENSION LABEL LINKBASE DOCUMENT,aapl-20191228_lab.xml,https://www.sec.gov/Archives/edgar/data/320193/000032019320000010/aapl-20191228_lab.xml,EX-101.LAB,797663
9,XBRL TAXONOMY EXTENSION PRESENTATION LINKBASE DOCUMENT,aapl-20191228_pre.xml,https://www.sec.gov/Archives/edgar/data/320193/000032019320000010/aapl-20191228_pre.xml,EX-101.PRE,461745
58,EXTRACTED XBRL INSTANCE DOCUMENT,a10-qq1202012282019_htm.xml,https://www.sec.gov/Archives/edgar/data/320193/000032019320000010/a10-qq1202012282019_htm.xml,XML,2004666
