part.name,item.name,sentence_text,section
PART I   -   FINANCIAL INFORMATION,Item 2. Management's Discussion and Analysis of Financial Condition and Results of Operations,item 2.,discussion
PART I   -   FINANCIAL INFORMATION,Item 2. Management's Discussion and Analysis of Financial Condition and Results of Operations,"management's discussion and analysis of financial condition and results of operations this section and other parts of this quarterly report on form 10-q (""form 10-q"") contain forward-looking statements, within the meaning of the private securities litigation reform act of 1995, that involve risks and uncertainties.",discussion
PART I   -   FINANCIAL INFORMATION,Item 2. Management's Discussion and Analysis of Financial Condition and Results of Operations,forward-looking statements provide current expectations of future events based on certain assumptions and include any statement that does not directly relate to any historical or current fact.,discussion
PART I   -   FINANCIAL INFORMATION,Item 2. Management's Discussion and Analysis of Financial Condition and Results of Operations,"forward-looking statements can also be identified by words such as ""future,""  ""anticipates,""  ""believes,""  ""estimates,""  ""expects,""  ""intends,""  ""plans,""  ""predicts,""  ""will,""  ""would,""  ""could,""  ""can,""  ""may,""  and similar terms.",discussion
PART I   -   FINANCIAL INFORMATION,Item 2. Management's Discussion and Analysis of Financial Condition and Results of Operations,forward-looking statements are not guarantees of future performance and the company's actual results may differ significantly from the results discussed in the forward-looking statements.,discussion
PART I   -   FINANCIAL INFORMATION,Item 2. Management's Discussion and Analysis of Financial Condition and Results of Operations,"factors that might cause such differences include, but are not limited to, those discussed in part i, item 1a of the company's annual report on form 10-k for the year ended september 28, 2019 (the ""2019 form 10-k"") under the heading ""risk factors.""",discussion
PART I   -   FINANCIAL INFORMATION,Item 2. Management's Discussion and Analysis of Financial Condition and Results of Operations,the following discussion should be read in conjunction with the 2019 form 10-k filed with the u.s.,discussion
PART I   -   FINANCIAL INFORMATION,Item 2. Management's Discussion and Analysis of Financial Condition and Results of Operations,"securities and exchange commission (the ""sec"") and the condensed consolidated financial statements and accompanying notes included in part i, item 1 of this form 10-q.",discussion
PART I   -   FINANCIAL INFORMATION,Item 2. Management's Discussion and Analysis of Financial Condition and Results of Operations,"all information presented herein is based on the company's fiscal calendar, and references to particular years, quarters, months or periods refer to the company's fiscal years ended in september and the associated quarters, months and periods of those fiscal years.",discussion
PART I   -   FINANCIAL INFORMATION,Item 2. Management's Discussion and Analysis of Financial Condition and Results of Operations,"each of the terms the ""company"" and ""apple"" as used herein refers collectively to apple inc. and its wholly owned subsidiaries, unless otherwise stated.",discussion
PART I   -   FINANCIAL INFORMATION,Item 2. Management's Discussion and Analysis of Financial Condition and Results of Operations,"the company assumes no obligation to revise or update any forward-looking statements for any reason, except as required by law.",discussion
PART I   -   FINANCIAL INFORMATION,Item 2. Management's Discussion and Analysis of Financial Condition and Results of Operations,"available information the company's annual reports on form 10-k, quarterly reports on form 10-q, current reports on form 8-k, and amendments to reports filed pursuant to sections 13(a) and 15(d) of the securities exchange act of 1934, as amended (the ""exchange act""), are filed with the sec.",discussion
PART I   -   FINANCIAL INFORMATION,Item 2. Management's Discussion and Analysis of Financial Condition and Results of Operations,"the company is subject to the informational requirements of the exchange act and files or furnishes reports, proxy statements and other information with the sec.",discussion
PART I   -   FINANCIAL INFORMATION,Item 2. Management's Discussion and Analysis of Financial Condition and Results of Operations,such reports and other information filed by the company with the sec are available free of charge at investor.apple.com/investor-relations/sec-filings/default.aspx when such reports are available on the sec's website.,discussion
PART I   -   FINANCIAL INFORMATION,Item 2. Management's Discussion and Analysis of Financial Condition and Results of Operations,"the sec maintains an internet site that contains reports, proxy and information statements, and other information regarding issuers that file electronically with the sec at www.sec.gov.",discussion
PART I   -   FINANCIAL INFORMATION,Item 2. Management's Discussion and Analysis of Financial Condition and Results of Operations,"the company periodically provides other information for investors on its corporate website, www.apple.com, and its investor relations website, investor.apple.com.",discussion
PART I   -   FINANCIAL INFORMATION,Item 2. Management's Discussion and Analysis of Financial Condition and Results of Operations,"this includes press releases and other information about financial performance, information on corporate governance and details related to the company's annual meeting of shareholders.",discussion
PART I   -   FINANCIAL INFORMATION,Item 2. Management's Discussion and Analysis of Financial Condition and Results of Operations,the information contained on the websites referenced in this form 10-q is not incorporated by reference into this filing.,discussion
PART I   -   FINANCIAL INFORMATION,Item 2. Management's Discussion and Analysis of Financial Condition and Results of Operations,"further, the company's references to website urls are intended to be inactive textual references only.",discussion
PART I   -   FINANCIAL INFORMATION,Item 2. Management's Discussion and Analysis of Financial Condition and Results of Operations,quarterly highlights business seasonality and product introductions the company has historically experienced higher net sales in its first quarter compared to other quarters in its fiscal year due in part to seasonal holiday demand.,discussion
PART I   -   FINANCIAL INFORMATION,Item 2. Management's Discussion and Analysis of Financial Condition and Results of Operations,"additionally, new product and service introductions can significantly impact net sales, cost of sales and operating expenses.",discussion
PART I   -   FINANCIAL INFORMATION,Item 2. Management's Discussion and Analysis of Financial Condition and Results of Operations,"the timing of product introductions can also impact the company's net sales to its indirect distribution channels as these channels are filled with new inventory following a product launch, and channel inventory of an older product often declines as the launch of a newer product approaches.",discussion
PART I   -   FINANCIAL INFORMATION,Item 2. Management's Discussion and Analysis of Financial Condition and Results of Operations,net sales can also be affected when consumers and distributors anticipate a product introduction.,discussion
PART I   -   FINANCIAL INFORMATION,Item 2. Management's Discussion and Analysis of Financial Condition and Results of Operations,"first quarter fiscal 2020 highlights total net sales increased 9% or $7.5 billion during the first quarter of 2020 compared to the same quarter in 2019, primarily driven by higher iphone and wearables, home and accessories net sales.",discussion
PART I   -   FINANCIAL INFORMATION,Item 2. Management's Discussion and Analysis of Financial Condition and Results of Operations,the weakness in foreign currencies relative to the u.s. dollar had an unfavorable impact on net sales during the first quarter of 2020.,discussion
PART I   -   FINANCIAL INFORMATION,Item 2. Management's Discussion and Analysis of Financial Condition and Results of Operations,"during the first quarter of 2020, the company began shipping airpods pro™, the new 16-inch macbook pro® and the updated mac pro®.",discussion
PART I   -   FINANCIAL INFORMATION,Item 2. Management's Discussion and Analysis of Financial Condition and Results of Operations,"additionally, the company released apple tv+ as a new service.",discussion
PART I   -   FINANCIAL INFORMATION,Item 2. Management's Discussion and Analysis of Financial Condition and Results of Operations,the company repurchased $20.0 billion of its common stock and paid dividends and dividend equivalents of $3.5 billion during the first quarter of 2020.,discussion
PART I   -   FINANCIAL INFORMATION,Item 2. Management's Discussion and Analysis of Financial Condition and Results of Operations,apple inc.,discussion
PART I   -   FINANCIAL INFORMATION,Item 2. Management's Discussion and Analysis of Financial Condition and Results of Operations,"| q1 2020 form 10-q | 24 products and services performance the following table shows net sales by category for the three months ended december 28, 2019 and december 29, 2018 (dollars in millions): three months ended   december 28,  2019   december 29,  2018   change net sales by category:           iphone (1) $ 55,957     $ 51,982     8  % mac (1) 7,160     7,416     (3 )% ipad (1) 5,977     6,729     (11 )% wearables, home and accessories (1)(2) 10,010     7,308     37  % services (3) 12,715     10,875     17  % total net sales $ 91,819     $ 84,310     9  % (1) products net sales include amortization of the deferred value of unspecified software upgrade rights, which are bundled in the sales price of the respective product.",discussion
PART I   -   FINANCIAL INFORMATION,Item 2. Management's Discussion and Analysis of Financial Condition and Results of Operations,"(2) wearables, home and accessories net sales include sales of airpods, apple tv, apple watch, beats products, homepod, ipod touch and apple-branded and third-party accessories.",discussion
PART I   -   FINANCIAL INFORMATION,Item 2. Management's Discussion and Analysis of Financial Condition and Results of Operations,"(3) services net sales include sales from the company's digital content stores and streaming services, applecare, licensing and other services.",discussion
PART I   -   FINANCIAL INFORMATION,Item 2. Management's Discussion and Analysis of Financial Condition and Results of Operations,"services net sales also include amortization of the deferred value of maps, siri, and free icloud and apple tv + services, which are bundled in the sales price of certain products. iphone iphone net sales increased during the first quarter of 2020 compared to the same quarter in 2019 due primarily to the successful launch of the company's new iphone models.",discussion
PART I   -   FINANCIAL INFORMATION,Item 2. Management's Discussion and Analysis of Financial Condition and Results of Operations,mac mac net sales decreased during the first quarter of 2020 compared to the same quarter in 2019 due primarily to the timing of the macbook air® launch in the first quarter of 2019. ipad ipad net sales decreased during the first quarter of 2020 compared to the same quarter in 2019 due primarily to the timing of the ipad pro® launch in the first quarter of 2019.,discussion
PART I   -   FINANCIAL INFORMATION,Item 2. Management's Discussion and Analysis of Financial Condition and Results of Operations,"wearables, home and accessories wearables, home and accessories net sales increased during the first quarter of 2020 compared to the same quarter in 2019 due primarily to higher net sales of wearables, including airpods and apple watch.",discussion
PART I   -   FINANCIAL INFORMATION,Item 2. Management's Discussion and Analysis of Financial Condition and Results of Operations,"services services net sales increased during the first quarter of 2020 compared to the same quarter in 2019 due primarily to higher net sales from applecare, the app store and licensing.",discussion
PART I   -   FINANCIAL INFORMATION,Item 2. Management's Discussion and Analysis of Financial Condition and Results of Operations,apple inc.,discussion
PART I   -   FINANCIAL INFORMATION,Item 2. Management's Discussion and Analysis of Financial Condition and Results of Operations,| q1 2020 form 10-q | 25 segment operating performance the company manages its business primarily on a geographic basis.,discussion
PART I   -   FINANCIAL INFORMATION,Item 2. Management's Discussion and Analysis of Financial Condition and Results of Operations,"the company's reportable segments consist of the americas, europe, greater china, japan and rest of asia pacific.",discussion
PART I   -   FINANCIAL INFORMATION,Item 2. Management's Discussion and Analysis of Financial Condition and Results of Operations,americas includes both north and south america.,discussion
PART I   -   FINANCIAL INFORMATION,Item 2. Management's Discussion and Analysis of Financial Condition and Results of Operations,"europe includes european countries, as well as india, the middle east and africa.",discussion
PART I   -   FINANCIAL INFORMATION,Item 2. Management's Discussion and Analysis of Financial Condition and Results of Operations,"greater china includes china, hong kong and taiwan.",discussion
PART I   -   FINANCIAL INFORMATION,Item 2. Management's Discussion and Analysis of Financial Condition and Results of Operations,rest of asia pacific includes australia and those asian countries not included in the company's other reportable segments.,discussion
PART I   -   FINANCIAL INFORMATION,Item 2. Management's Discussion and Analysis of Financial Condition and Results of Operations,"although the reportable segments provide similar hardware and software products and similar services, each one is managed separately to better align with the location of the company's customers and distribution partners and the unique market dynamics of each geographic region.",discussion
PART I   -   FINANCIAL INFORMATION,Item 2. Management's Discussion and Analysis of Financial Condition and Results of Operations,"further information regarding the company's reportable segments can be found in part i, item 1 of this form 10-q in the notes to condensed consolidated financial statements in note 11, ""segment information and geographic data.""",discussion
PART I   -   FINANCIAL INFORMATION,Item 2. Management's Discussion and Analysis of Financial Condition and Results of Operations,"the following table shows net sales by reportable segment for the three months ended december 28, 2019 and december 29, 2018 (dollars in millions): three months ended   december 28,  2019   december 29,  2018   change net sales by reportable segment:           americas $ 41,367     $ 36,940     12  % europe 23,273     20,363     14  % greater china 13,578     13,169     3  % japan 6,223     6,910     (10 )% rest of asia pacific 7,378     6,928     6  % total net sales $ 91,819     $ 84,310     9  % americas americas net sales increased during the first quarter of 2020 compared to the same quarter in 2019 due primarily to higher iphone and wearables, home and accessories net sales.",discussion
PART I   -   FINANCIAL INFORMATION,Item 2. Management's Discussion and Analysis of Financial Condition and Results of Operations,"europe europe net sales increased during the first quarter of 2020 compared to the same quarter in 2019 due primarily to higher iphone and wearables, home and accessories net sales.",discussion
PART I   -   FINANCIAL INFORMATION,Item 2. Management's Discussion and Analysis of Financial Condition and Results of Operations,the weakness in foreign currencies relative to the u.s. dollar had an unfavorable impact on europe net sales during the first quarter of 2020.,discussion
PART I   -   FINANCIAL INFORMATION,Item 2. Management's Discussion and Analysis of Financial Condition and Results of Operations,"greater china greater china net sales increased during the first quarter of 2020 compared to the same quarter in 2019 due primarily to higher wearables, home and accessories net sales.",discussion
PART I   -   FINANCIAL INFORMATION,Item 2. Management's Discussion and Analysis of Financial Condition and Results of Operations,the weakness in foreign currencies relative to the u.s. dollar had an unfavorable impact on greater china net sales during the first quarter of 2020.,discussion
PART I   -   FINANCIAL INFORMATION,Item 2. Management's Discussion and Analysis of Financial Condition and Results of Operations,"japan japan net sales decreased during the first quarter of 2020 compared to the same quarter in 2019 due primarily to lower iphone net sales, partially offset by higher services net sales.",discussion
PART I   -   FINANCIAL INFORMATION,Item 2. Management's Discussion and Analysis of Financial Condition and Results of Operations,the strength of the japanese yen relative to the u.s. dollar had a favorable impact on japan net sales during the first quarter of 2020.,discussion
PART I   -   FINANCIAL INFORMATION,Item 2. Management's Discussion and Analysis of Financial Condition and Results of Operations,"rest of asia pacific rest of asia pacific net sales increased during the first quarter of 2020 compared to the same quarter in 2019 due primarily to higher wearables, home and accessories and services net sales.",discussion
PART I   -   FINANCIAL INFORMATION,Item 2. Management's Discussion and Analysis of Financial Condition and Results of Operations,the weakness in foreign currencies relative to the u.s. dollar had an unfavorable impact on rest of asia pacific net sales during the first quarter of 2020.,discussion
PART I   -   FINANCIAL INFORMATION,Item 2. Management's Discussion and Analysis of Financial Condition and Results of Operations,apple inc.,discussion
PART I   -   FINANCIAL INFORMATION,Item 2. Management's Discussion and Analysis of Financial Condition and Results of Operations,"| q1 2020 form 10-q | 26 gross margin products and services gross margin and gross margin percentage for the three months ended december 28, 2019 and december 29, 2018 were as follows (dollars in millions): three months ended   december 28,  2019   december 29,  2018 gross margin:       products $ 27,029     $ 25,197   services 8,188     6,834   total gross margin $ 35,217     $ 32,031           gross margin percentage:       products 34.2 %   34.3 % services 64.4 %   62.8 % total gross margin percentage 38.4 %   38.0 % products gross margin products gross margin increased during the first quarter of 2020 compared to the same quarter in 2019 due primarily to higher leverage, partially offset by the weakness in foreign currencies relative to the u.s. dollar.",discussion
PART I   -   FINANCIAL INFORMATION,Item 2. Management's Discussion and Analysis of Financial Condition and Results of Operations,products gross margin percentage during the first quarter of 2020 was relatively flat compared to the same quarter in 2019.,discussion
PART I   -   FINANCIAL INFORMATION,Item 2. Management's Discussion and Analysis of Financial Condition and Results of Operations,"services gross margin services gross margin and services gross margin percentage increased during the first quarter of 2020 compared to the same quarter in 2019 due primarily to a favorable services mix and higher leverage, partially offset by higher services costs.",discussion
PART I   -   FINANCIAL INFORMATION,Item 2. Management's Discussion and Analysis of Financial Condition and Results of Operations,"the company's future gross margins can be impacted by a variety of factors, as discussed in part i, item 1a of the 2019 form 10-k under the heading ""risk factors"".",discussion
PART I   -   FINANCIAL INFORMATION,Item 2. Management's Discussion and Analysis of Financial Condition and Results of Operations,"as a result, the company believes, in general, gross margins will be subject to volatility and remain under downward pressure.",discussion
PART I   -   FINANCIAL INFORMATION,Item 2. Management's Discussion and Analysis of Financial Condition and Results of Operations,"operating expenses operating expenses for the three months ended december 28, 2019 and december 29, 2018 were as follows (dollars in millions): three months ended   december 28,  2019   december 29,  2018 research and development $ 4,451     $ 3,902   percentage of total net sales 5 %   5 % selling, general and administrative $ 5,197     $ 4,783   percentage of total net sales 6 %   6 % total operating expenses $ 9,648     $ 8,685   percentage of total net sales 11 %   10 % research and development the growth in research and development (""r&d"") expense during the first quarter of 2020 compared to the same quarter in 2019 was driven primarily by increases in headcount-related expenses.",discussion
PART I   -   FINANCIAL INFORMATION,Item 2. Management's Discussion and Analysis of Financial Condition and Results of Operations,"the company continues to believe that focused investments in r&d are critical to its future growth and competitive position in the marketplace, and to the development of new and updated products and services that are central to the company's core business strategy.",discussion
PART I   -   FINANCIAL INFORMATION,Item 2. Management's Discussion and Analysis of Financial Condition and Results of Operations,"selling, general and administrative the growth in selling, general and administrative expense during the first quarter of 2020 compared to the same quarter in 2019 was driven primarily by higher spending on marketing and advertising and increases in headcount-related expenses.",discussion
PART I   -   FINANCIAL INFORMATION,Item 2. Management's Discussion and Analysis of Financial Condition and Results of Operations,apple inc.,discussion
PART I   -   FINANCIAL INFORMATION,Item 2. Management's Discussion and Analysis of Financial Condition and Results of Operations,"| q1 2020 form 10-q | 27 other income/(expense), net other income/(expense), net (""oi&e"") for the three months ended december 28, 2019 and december 29, 2018 was as follows (dollars in millions): three months ended   december 28,  2019   december 29,  2018   change interest and dividend income $ 1,045     $ 1,307       interest expense (785 )   (890 )     other income, net 89     143       total other income/(expense), net $ 349     $ 560     (38 )% the decrease in oi&e during the first quarter of 2020 compared to the same quarter in 2019 was due primarily to lower interest income, partially offset by lower interest expense.",discussion
PART I   -   FINANCIAL INFORMATION,Item 2. Management's Discussion and Analysis of Financial Condition and Results of Operations,"the weighted-average interest rate earned by the company on its cash, cash equivalents and marketable securities was 2.08% and 2.19% in the first quarter of 2020 and 2019, respectively.",discussion
PART I   -   FINANCIAL INFORMATION,Item 2. Management's Discussion and Analysis of Financial Condition and Results of Operations,"provision for income taxes provision for income taxes, effective tax rate and statutory federal income tax rate for the three months ended december 28, 2019 and december 29, 2018 were as follows (dollars in millions): three months ended   december 28,  2019   december 29,  2018 provision for income taxes $ 3,682     $ 3,941   effective tax rate 14.2 %   16.5 % statutory federal income tax rate 21 %   21 % the company's effective tax rate for the first quarter of 2020 was lower than the statutory federal income tax rate due primarily to lower tax rates on foreign earnings, tax benefits from share-based compensation and a one-time adjustment of u.s. foreign tax credits in response to regulations issued by the u.s.",discussion
PART I   -   FINANCIAL INFORMATION,Item 2. Management's Discussion and Analysis of Financial Condition and Results of Operations,department of the treasury in december 2019.,discussion
PART I   -   FINANCIAL INFORMATION,Item 2. Management's Discussion and Analysis of Financial Condition and Results of Operations,the company's effective tax rate for the first quarter of 2020 was lower compared to the same quarter in 2019 due to a one-time adjustment of u.s. foreign tax credits.,discussion
PART I   -   FINANCIAL INFORMATION,Item 2. Management's Discussion and Analysis of Financial Condition and Results of Operations,"recent accounting pronouncements financial instruments in june 2016, the financial accounting standards board issued accounting standards update no.",discussion
PART I   -   FINANCIAL INFORMATION,Item 2. Management's Discussion and Analysis of Financial Condition and Results of Operations,"2016-13, financial instruments  -  credit losses (topic 326): measurement of credit losses on financial instruments (""asu 2016-13""), which modifies the measurement of expected credit losses on certain financial instruments.",discussion
PART I   -   FINANCIAL INFORMATION,Item 2. Management's Discussion and Analysis of Financial Condition and Results of Operations,the company will adopt asu 2016-13 in its first quarter of 2021 utilizing the modified retrospective transition method.,discussion
PART I   -   FINANCIAL INFORMATION,Item 2. Management's Discussion and Analysis of Financial Condition and Results of Operations,"based on the composition of the company's investment portfolio, current market conditions, and historical credit loss activity, the adoption of asu 2016-13 is not expected to have a material impact on its consolidated financial statements.",discussion
PART I   -   FINANCIAL INFORMATION,Item 2. Management's Discussion and Analysis of Financial Condition and Results of Operations,apple inc.,discussion
PART I   -   FINANCIAL INFORMATION,Item 2. Management's Discussion and Analysis of Financial Condition and Results of Operations,"| q1 2020 form 10-q | 28 liquidity and capital resources the following tables present selected financial information and statistics as of december 28, 2019 and september 28, 2019 and for the first three months of 2020 and 2019 (in millions): december 28,  2019   september 28,  2019 cash, cash equivalents and marketable securities (1) $ 207,061     $ 205,898   property, plant and equipment, net $ 37,031     $ 37,378   commercial paper $ 4,990     $ 5,980   total term debt $ 103,302     $ 102,067   working capital $ 61,070     $ 57,101 three months ended   december 28,  2019   december 29,  2018 cash generated by operating activities $ 30,516     $ 26,690   cash generated by/(used in) investing activities $ (13,668 )   $ 5,844   cash used in financing activities $ (25,407 )   $ (13,676 ) (1) as of december 28, 2019 and september 28, 2019, total marketable securities included $19.1 billion and $18.9 billion, respectively, that was restricted from general use, related to the state aid decision (refer to note 5, ""income taxes"" in the notes to condensed consolidated financial statements in part i, item 1 of this form 10-q) and other agreements.",discussion
PART I   -   FINANCIAL INFORMATION,Item 2. Management's Discussion and Analysis of Financial Condition and Results of Operations,"the company believes its existing balances of cash, cash equivalents and marketable securities, along with commercial paper and other short-term liquidity arrangements, will be sufficient to satisfy its working capital needs, capital asset purchases, dividends, share repurchases, debt repayments and other liquidity requirements associated with its existing operations over the next 12 months.",discussion
PART I   -   FINANCIAL INFORMATION,Item 2. Management's Discussion and Analysis of Financial Condition and Results of Operations,"in connection with the state aid decision, as of december 28, 2019, the adjusted recovery amount of €12.9 billion plus interest of €1.2 billion was funded into escrow, where it will remain restricted from general use pending the conclusion of all appeals.",discussion
PART I   -   FINANCIAL INFORMATION,Item 2. Management's Discussion and Analysis of Financial Condition and Results of Operations,"the company's marketable securities investment portfolio is primarily invested in highly rated securities, with the primary objective of minimizing the potential risk of principal loss.",discussion
PART I   -   FINANCIAL INFORMATION,Item 2. Management's Discussion and Analysis of Financial Condition and Results of Operations,the company's investment policy generally requires securities to be investment grade and limits the amount of credit exposure to any one issuer.,discussion
PART I   -   FINANCIAL INFORMATION,Item 2. Management's Discussion and Analysis of Financial Condition and Results of Operations,"during the three months ended december 28, 2019, cash generated by operating activities of $30.5 billion was a result of $22.2 billion of net income, non-cash adjustments to net income of $4.0 billion and an increase in the net change in operating assets and liabilities of $4.2 billion.",discussion
PART I   -   FINANCIAL INFORMATION,Item 2. Management's Discussion and Analysis of Financial Condition and Results of Operations,"cash used in investing activities of $13.7 billion during the three months ended december 28, 2019 consisted primarily of cash used for purchases of marketable securities, net of sales and maturities, of $10.4 billion and cash used to acquire property, plant and equipment of $2.1 billion.",discussion
PART I   -   FINANCIAL INFORMATION,Item 2. Management's Discussion and Analysis of Financial Condition and Results of Operations,"cash used in financing activities of $25.4 billion during the three months ended december 28, 2019 consisted primarily of cash used to repurchase common stock of $20.7 billion, cash used to pay dividends and dividend equivalents of $3.5 billion and cash used to repay term debt of $1.0 billion, partially offset by net proceeds from the issuance of term debt of $2.2 billion.",discussion
PART I   -   FINANCIAL INFORMATION,Item 2. Management's Discussion and Analysis of Financial Condition and Results of Operations,"during the three months ended december 29, 2018, cash generated by operating activities of $26.7 billion was a result of $20.0 billion of net income, non-cash adjustments to net income of $5.0 billion and an increase in the net change in operating assets and liabilities of $1.8 billion.",discussion
PART I   -   FINANCIAL INFORMATION,Item 2. Management's Discussion and Analysis of Financial Condition and Results of Operations,"cash generated by investing activities of $5.8 billion during the three months ended december 29, 2018 consisted primarily of proceeds from maturities and sales of marketable securities, net of purchases, of $9.8 billion, partially offset by cash used to acquire property, plant and equipment of $3.4 billion.",discussion
PART I   -   FINANCIAL INFORMATION,Item 2. Management's Discussion and Analysis of Financial Condition and Results of Operations,"cash used in financing activities of $13.7 billion during the three months ended december 29, 2018 consisted primarily of cash used to repurchase common stock of $8.8 billion and cash used to pay dividends and dividend equivalents of $3.6 billion.",discussion
PART I   -   FINANCIAL INFORMATION,Item 2. Management's Discussion and Analysis of Financial Condition and Results of Operations,"debt the company issues unsecured short-term promissory notes (""commercial paper"") pursuant to a commercial paper program.",discussion
PART I   -   FINANCIAL INFORMATION,Item 2. Management's Discussion and Analysis of Financial Condition and Results of Operations,"the company uses the net proceeds from the commercial paper program for general corporate purposes, including dividends and share repurchases.",discussion
PART I   -   FINANCIAL INFORMATION,Item 2. Management's Discussion and Analysis of Financial Condition and Results of Operations,"as of december 28, 2019, the company had $5.0 billion of commercial paper outstanding, with a weighted-average interest rate of 1.88% and maturities generally less than nine months.",discussion
PART I   -   FINANCIAL INFORMATION,Item 2. Management's Discussion and Analysis of Financial Condition and Results of Operations,apple inc.,discussion
PART I   -   FINANCIAL INFORMATION,Item 2. Management's Discussion and Analysis of Financial Condition and Results of Operations,"| q1 2020 form 10-q | 29 as of december 28, 2019, the company had outstanding floating- and fixed-rate notes with varying maturities for an aggregate principal amount of $103.1 billion (collectively the ""notes"").",discussion
PART I   -   FINANCIAL INFORMATION,Item 2. Management's Discussion and Analysis of Financial Condition and Results of Operations,"during the first three months of 2020, the company issued $2.2 billion and repaid $1.0 billion of notes.",discussion
PART I   -   FINANCIAL INFORMATION,Item 2. Management's Discussion and Analysis of Financial Condition and Results of Operations,"the company has entered, and in the future may enter, into interest rate swaps to manage interest rate risk on the notes.",discussion
PART I   -   FINANCIAL INFORMATION,Item 2. Management's Discussion and Analysis of Financial Condition and Results of Operations,"in addition, the company has entered, and in the future may enter, into foreign currency swaps to manage foreign currency risk on the notes.",discussion
PART I   -   FINANCIAL INFORMATION,Item 2. Management's Discussion and Analysis of Financial Condition and Results of Operations,"further information regarding the company's debt issuances and related hedging activity can be found in part i, item 1 of this form 10-q in the notes to condensed consolidated financial statements in note 3, ""financial instruments"" and note 6, ""debt.""",discussion
PART I   -   FINANCIAL INFORMATION,Item 2. Management's Discussion and Analysis of Financial Condition and Results of Operations,"capital return program on april 30, 2019, the company announced the board of directors increased the current share repurchase program authorization from $100 billion to $175 billion of the company's common stock, of which $116.1 billion had been utilized as of december 28, 2019.",discussion
PART I   -   FINANCIAL INFORMATION,Item 2. Management's Discussion and Analysis of Financial Condition and Results of Operations,"during the three months ended december 28, 2019, the company repurchased 70.4 million shares of its common stock for $20.0 billion, including 30.4 million shares initially delivered under a $10.0 billion accelerated share repurchase arrangement (""asr"") dated november 2019.",discussion
PART I   -   FINANCIAL INFORMATION,Item 2. Management's Discussion and Analysis of Financial Condition and Results of Operations,the company's share repurchase program does not obligate it to acquire any specific number of shares.,discussion
PART I   -   FINANCIAL INFORMATION,Item 2. Management's Discussion and Analysis of Financial Condition and Results of Operations,"under this program, shares may be repurchased in privately negotiated and/or open market transactions, including under plans complying with rule 10b5-1 under the exchange act.",discussion
PART I   -   FINANCIAL INFORMATION,Item 2. Management's Discussion and Analysis of Financial Condition and Results of Operations,"on april 30, 2019, the company also announced the board of directors raised the company's quarterly cash dividend from $0.73 to $0.77 per share, beginning with the dividend paid during the third quarter of 2019.",discussion
PART I   -   FINANCIAL INFORMATION,Item 2. Management's Discussion and Analysis of Financial Condition and Results of Operations,"the company intends to increase its dividend on an annual basis, subject to declaration by the board of directors.",discussion
PART I   -   FINANCIAL INFORMATION,Item 2. Management's Discussion and Analysis of Financial Condition and Results of Operations,"contractual obligations leases as of december 28, 2019, the company's total fixed lease payment obligations were $12.2 billion, of which $7.2 billion was included in other non-current liabilities in the company's condensed consolidated balance sheet.",discussion
PART I   -   FINANCIAL INFORMATION,Item 2. Management's Discussion and Analysis of Financial Condition and Results of Operations,the company's leases typically have original terms not exceeding 10 years and generally contain multi-year renewal options.,discussion
PART I   -   FINANCIAL INFORMATION,Item 2. Management's Discussion and Analysis of Financial Condition and Results of Operations,manufacturing purchase obligations the company utilizes several outsourcing partners to manufacture sub-assemblies for the company's products and to perform final assembly and testing of finished products.,discussion
PART I   -   FINANCIAL INFORMATION,Item 2. Management's Discussion and Analysis of Financial Condition and Results of Operations,"these outsourcing partners acquire components and build product based on demand information supplied by the company, which typically covers periods up to 150 days.",discussion
PART I   -   FINANCIAL INFORMATION,Item 2. Management's Discussion and Analysis of Financial Condition and Results of Operations,the company also obtains individual components for its products from a wide variety of individual suppliers.,discussion
PART I   -   FINANCIAL INFORMATION,Item 2. Management's Discussion and Analysis of Financial Condition and Results of Operations,"as of december 28, 2019, the company expects to pay $30.2 billion under manufacturing-related supplier arrangements, which are primarily noncancelable.",discussion
PART I   -   FINANCIAL INFORMATION,Item 2. Management's Discussion and Analysis of Financial Condition and Results of Operations,"other purchase obligations the company's other purchase obligations consist of noncancelable obligations to acquire capital assets, including product tooling and manufacturing process equipment, and noncancelable obligations related to advertising, licensing, r&d, internet and telecommunications services, content creation and other activities.",discussion
PART I   -   FINANCIAL INFORMATION,Item 2. Management's Discussion and Analysis of Financial Condition and Results of Operations,"as of december 28, 2019, the company had other purchase obligations of $9.0 billion.",discussion
PART I   -   FINANCIAL INFORMATION,Item 2. Management's Discussion and Analysis of Financial Condition and Results of Operations,"deemed repatriation tax payable as of december 28, 2019, the balance of the deemed repatriation tax payable imposed by the u.s.",discussion
PART I   -   FINANCIAL INFORMATION,Item 2. Management's Discussion and Analysis of Financial Condition and Results of Operations,"tax cuts and jobs act (the ""act"") was $28.2 billion, and was included in other non-current liabilities in the company's condensed consolidated balance sheet.",discussion
PART I   -   FINANCIAL INFORMATION,Item 2. Management's Discussion and Analysis of Financial Condition and Results of Operations,the company plans to pay the deemed repatriation tax payable in installments in accordance with the act.,discussion
PART I   -   FINANCIAL INFORMATION,Item 2. Management's Discussion and Analysis of Financial Condition and Results of Operations,other non-current liabilities the company's remaining other non-current liabilities primarily consist of items for which the company is unable to make a reasonably reliable estimate of the timing or amount of payments.,discussion
PART I   -   FINANCIAL INFORMATION,Item 2. Management's Discussion and Analysis of Financial Condition and Results of Operations,apple inc.,discussion
PART I   -   FINANCIAL INFORMATION,Item 2. Management's Discussion and Analysis of Financial Condition and Results of Operations,"| q1 2020 form 10-q | 30 critical accounting policies and estimates the preparation of financial statements and related disclosures in conformity with u.s. generally accepted accounting principles and the company's discussion and analysis of its financial condition and operating results require the company's management to make judgments, assumptions and estimates that affect the amounts reported.",discussion
PART I   -   FINANCIAL INFORMATION,Item 2. Management's Discussion and Analysis of Financial Condition and Results of Operations,"management bases its estimates on historical experience and on various other assumptions it believes to be reasonable under the circumstances, the results of which form the basis for making judgments about the carrying values of assets and liabilities.",discussion
PART I   -   FINANCIAL INFORMATION,Item 2. Management's Discussion and Analysis of Financial Condition and Results of Operations,"actual results may differ from these estimates, and such differences may be material.",discussion
PART I   -   FINANCIAL INFORMATION,Item 2. Management's Discussion and Analysis of Financial Condition and Results of Operations,"note 1, ""summary of significant accounting policies"" in part i, item 1 of this form 10-q and in the notes to consolidated financial statements in part ii, item 8 of the 2019 form 10-k, and ""critical accounting policies and estimates"" in part ii, item 7 of the 2019 form 10-k describe the significant accounting policies and methods used in the preparation of the company's condensed consolidated financial statements.",discussion
PART I   -   FINANCIAL INFORMATION,Item 2. Management's Discussion and Analysis of Financial Condition and Results of Operations,there have been no material changes to the company's critical accounting policies and estimates since the 2019 form 10-k.,discussion
