part.name,item.name,sentence_text,section
PART I. FINANCIAL INFORMATION,Item 2. Management's Discussion and Analysis of Financial Condition and Results of Operations,item 2.,discussion
PART I. FINANCIAL INFORMATION,Item 2. Management's Discussion and Analysis of Financial Condition and Results of Operations,"management's discussion and analysis of financial condition and results of operations union pacific corporation and subsidiary companies results of operations three and nine months ended september 30, 2019, compared to three and nine months ended september 30, 2018 for purposes of this report, unless the context otherwise requires, all references herein to ""upc"", ""corporation"", ""company"", ""we"", ""us"", and ""our"" shall mean union pacific corporation and its subsidiaries, including union pacific railroad company, which we separately refer to as ""uprr"" or the ""railroad"".",discussion
PART I. FINANCIAL INFORMATION,Item 2. Management's Discussion and Analysis of Financial Condition and Results of Operations,"the following discussion should be read in conjunction with the condensed consolidated financial statements and applicable notes to the condensed consolidated financial statements, item 1, and other information included in this report.",discussion
PART I. FINANCIAL INFORMATION,Item 2. Management's Discussion and Analysis of Financial Condition and Results of Operations,"our condensed consolidated financial statements are unaudited and reflect all adjustments (consisting only of normal and recurring adjustments) that are, in the opinion of management, necessary for their fair presentation in conformity with accounting principles generally accepted in the united states of america (gaap).",discussion
PART I. FINANCIAL INFORMATION,Item 2. Management's Discussion and Analysis of Financial Condition and Results of Operations,"the railroad, along with its subsidiaries and rail affiliates, is our one reportable business segment.",discussion
PART I. FINANCIAL INFORMATION,Item 2. Management's Discussion and Analysis of Financial Condition and Results of Operations,"although we provide and analyze revenue by commodity group, we treat the financial results of the railroad as one segment due to the integrated nature of our rail network.",discussion
PART I. FINANCIAL INFORMATION,Item 2. Management's Discussion and Analysis of Financial Condition and Results of Operations,available information our internet website is www.up.com.,discussion
PART I. FINANCIAL INFORMATION,Item 2. Management's Discussion and Analysis of Financial Condition and Results of Operations,"we make available free of charge on our website (under the ""investors"" caption link) our annual reports on form 10-k; our quarterly reports on form 10-q; our current reports on form 8-k; our proxy statements; forms 3, 4, and 5, filed on behalf of directors and executive officers; and amendments to any such reports filed or furnished pursuant to the securities exchange act of 1934, as amended (the exchange act), as soon as reasonably practicable after such material is electronically filed with, or furnished to, the securities and exchange commission (sec).",discussion
PART I. FINANCIAL INFORMATION,Item 2. Management's Discussion and Analysis of Financial Condition and Results of Operations,we also make available on our website previously filed sec reports and exhibits via a link to edgar on the sec's internet site at www.sec.gov.,discussion
PART I. FINANCIAL INFORMATION,Item 2. Management's Discussion and Analysis of Financial Condition and Results of Operations,we provide these previously filed reports as a convenience and their contents reflect only information that was true and correct as of the date of the report.,discussion
PART I. FINANCIAL INFORMATION,Item 2. Management's Discussion and Analysis of Financial Condition and Results of Operations,we assume no obligation to update this historical information.,discussion
PART I. FINANCIAL INFORMATION,Item 2. Management's Discussion and Analysis of Financial Condition and Results of Operations,"additionally, our corporate governance materials, including by-laws, board committee charters, governance guidelines and policies, and codes of conduct and ethics for directors, officers, and employees are available on our website.",discussion
PART I. FINANCIAL INFORMATION,Item 2. Management's Discussion and Analysis of Financial Condition and Results of Operations,"from time to time, the corporate governance materials on our website may be updated as necessary to comply with rules issued by the sec and the new york stock exchange or as desirable to promote the effective and efficient governance of our company.",discussion
PART I. FINANCIAL INFORMATION,Item 2. Management's Discussion and Analysis of Financial Condition and Results of Operations,"any security holder wishing to receive, without charge, a copy of any of our sec filings or corporate governance materials should send a written request to: corporate secretary, union pacific corporation, 1400 douglas street, omaha, ne 68179.",discussion
PART I. FINANCIAL INFORMATION,Item 2. Management's Discussion and Analysis of Financial Condition and Results of Operations,"references to our website address in this report, including references in management's discussion and analysis of financial condition and results of operations, item 2, are provided as a convenience and do not constitute, and should not be deemed, an incorporation by reference of the information contained on, or available through, the website.",discussion
PART I. FINANCIAL INFORMATION,Item 2. Management's Discussion and Analysis of Financial Condition and Results of Operations,"therefore, such information should not be considered part of this report.",discussion
PART I. FINANCIAL INFORMATION,Item 2. Management's Discussion and Analysis of Financial Condition and Results of Operations,critical accounting policies and estimates we base our discussion and analysis of our financial condition and results of operations upon our condensed consolidated financial statements.,discussion
PART I. FINANCIAL INFORMATION,Item 2. Management's Discussion and Analysis of Financial Condition and Results of Operations,"the preparation of these financial statements requires estimation and judgment that affect the reported amounts of revenues, expenses, assets, and liabilities.",discussion
PART I. FINANCIAL INFORMATION,Item 2. Management's Discussion and Analysis of Financial Condition and Results of Operations,"we base our estimates on historical experience and on various other assumptions that are believed to be reasonable under the circumstances, the results of which form the basis for making judgments about the carrying values of assets and liabilities that are not readily apparent from other sources.",discussion
PART I. FINANCIAL INFORMATION,Item 2. Management's Discussion and Analysis of Financial Condition and Results of Operations,"if these estimates differ materially from actual results, the impact on the condensed consolidated financial statements may be material.",discussion
PART I. FINANCIAL INFORMATION,Item 2. Management's Discussion and Analysis of Financial Condition and Results of Operations,our critical accounting policies are available in item 7 of our 2018 annual report on form 10-k.,discussion
PART I. FINANCIAL INFORMATION,Item 2. Management's Discussion and Analysis of Financial Condition and Results of Operations,changes to our accounting policies as a result of adopting asu 2016-02 are discussed within note 16 of the condensed consolidated financial statements.,discussion
PART I. FINANCIAL INFORMATION,Item 2. Management's Discussion and Analysis of Financial Condition and Results of Operations,25 table of contents results of operations quarterly summary we reported earnings of $2.22 per diluted share on net income of $1.6 billion in the third quarter of 2019 compared to earnings of $2.15 per diluted share on net income of $1.6 billion for the third quarter of 2018.,discussion
PART I. FINANCIAL INFORMATION,Item 2. Management's Discussion and Analysis of Financial Condition and Results of Operations,"freight revenues decreased 7% in the third quarter compared to the same period in 2018 driven by an 8% decline in carloads due to weak demand in several market sectors, particularly intermodal, coal and frac sand.",discussion
PART I. FINANCIAL INFORMATION,Item 2. Management's Discussion and Analysis of Financial Condition and Results of Operations,"the declines were partially offset by growth in construction, petroleum products, and plastics markets.",discussion
PART I. FINANCIAL INFORMATION,Item 2. Management's Discussion and Analysis of Financial Condition and Results of Operations,average revenue per car (arc) increased 1% due to core pricing gains partially offset by lower fuel surcharge revenue and negative mix of traffic.,discussion
PART I. FINANCIAL INFORMATION,Item 2. Management's Discussion and Analysis of Financial Condition and Results of Operations,"we continued our implementation of unified plan 2020, the company's plan for operating a safe and efficient railroad by increasing the reliability of our service product, reducing variability in network operations, and improving resource utilization costs.",discussion
PART I. FINANCIAL INFORMATION,Item 2. Management's Discussion and Analysis of Financial Condition and Results of Operations,"year-over-year we saw 18% improvement in locomotive productivity, 10% improvement in freight car velocity and 4% improvement in work force productivity.",discussion
PART I. FINANCIAL INFORMATION,Item 2. Management's Discussion and Analysis of Financial Condition and Results of Operations,these actions were the primary driver of the 2.2 point improvement in the operating ratio.,discussion
PART I. FINANCIAL INFORMATION,Item 2. Management's Discussion and Analysis of Financial Condition and Results of Operations,volume declines and productivity initiatives drove operating expenses down 10% from 2018.,discussion
PART I. FINANCIAL INFORMATION,Item 2. Management's Discussion and Analysis of Financial Condition and Results of Operations,these factors coupled with improved pricing and lower fuel prices partially offset the impact of the revenue decline as operating income decreased 2% in the third quarter compared to the same period in 2018.,discussion
PART I. FINANCIAL INFORMATION,Item 2. Management's Discussion and Analysis of Financial Condition and Results of Operations,"operating revenues three months ended   nine months ended   september 30,  september 30,  millions20192018change 20192018change freight revenues$ 5,146 $ 5,558  (7)% $ 15,392 $ 15,997  (4)% other subsidiary revenues  223   228  (2)    665   656  1   accessorial revenues  132   126  5     388   373  4   other  15   16  (6)    51   49  4   total$ 5,516 $ 5,928  (7)% $ 16,496 $ 17,075  (3)% we generate freight revenues by transporting freight or other materials from our four commodity groups.",discussion
PART I. FINANCIAL INFORMATION,Item 2. Management's Discussion and Analysis of Financial Condition and Results of Operations,freight revenues vary with volume (carloads) and arc.,discussion
PART I. FINANCIAL INFORMATION,Item 2. Management's Discussion and Analysis of Financial Condition and Results of Operations,"changes in price, traffic mix and fuel surcharges drive arc.",discussion
PART I. FINANCIAL INFORMATION,Item 2. Management's Discussion and Analysis of Financial Condition and Results of Operations,"customer incentives, which are primarily provided for shipping to/from specific locations or based on cumulative volumes, are recorded as a reduction to operating revenues.",discussion
PART I. FINANCIAL INFORMATION,Item 2. Management's Discussion and Analysis of Financial Condition and Results of Operations,"customer incentives that include variable consideration based on cumulative volumes are estimated using the expected value method, which is based on available historical, current, and forecasted volumes, and recognized as the related performance obligation is satisfied.",discussion
PART I. FINANCIAL INFORMATION,Item 2. Management's Discussion and Analysis of Financial Condition and Results of Operations,we recognize freight revenues over time as shipments move from origin to destination.,discussion
PART I. FINANCIAL INFORMATION,Item 2. Management's Discussion and Analysis of Financial Condition and Results of Operations,the allocation of revenue between reporting periods is based on the relative transit time in each reporting period with expenses recognized as incurred.,discussion
PART I. FINANCIAL INFORMATION,Item 2. Management's Discussion and Analysis of Financial Condition and Results of Operations,other revenues consist primarily of revenues earned by our other subsidiaries (primarily logistics and commuter rail operations) and accessorial revenues.,discussion
PART I. FINANCIAL INFORMATION,Item 2. Management's Discussion and Analysis of Financial Condition and Results of Operations,other subsidiary revenues are generally recognized over time as shipments move from origin to destination.,discussion
PART I. FINANCIAL INFORMATION,Item 2. Management's Discussion and Analysis of Financial Condition and Results of Operations,the allocation of revenue between reporting periods is based on the relative transit time in each reporting period with expenses recognized as incurred.,discussion
PART I. FINANCIAL INFORMATION,Item 2. Management's Discussion and Analysis of Financial Condition and Results of Operations,accessorial revenues are recognized at a point in time as performance obligations are satisfied.,discussion
PART I. FINANCIAL INFORMATION,Item 2. Management's Discussion and Analysis of Financial Condition and Results of Operations,"freight revenues decreased 7% during the third quarter of 2019 compared to 2018, resulting from an 8% volume decline, lower fuel surcharge revenue and negative mix of traffic, partially offset by core pricing gains.",discussion
PART I. FINANCIAL INFORMATION,Item 2. Management's Discussion and Analysis of Financial Condition and Results of Operations,"fewer shipments of intermodal, coal, and frac sand partially offset by growth in construction, petroleum products, and plastics drove the volume declines.",discussion
PART I. FINANCIAL INFORMATION,Item 2. Management's Discussion and Analysis of Financial Condition and Results of Operations,each of our commodity groups includes revenue from fuel surcharges.,discussion
PART I. FINANCIAL INFORMATION,Item 2. Management's Discussion and Analysis of Financial Condition and Results of Operations,freight revenues from fuel surcharge programs were $393 million and $1.2 billion in the third quarter and year-to-date periods of 2019 compared to $482 million and $1.25 billion in the same period of 2018.,discussion
PART I. FINANCIAL INFORMATION,Item 2. Management's Discussion and Analysis of Financial Condition and Results of Operations,lower fuel surcharge revenue resulted from volume declines and lower year-over-year prices.,discussion
PART I. FINANCIAL INFORMATION,Item 2. Management's Discussion and Analysis of Financial Condition and Results of Operations,26 table of contents other revenues were flat in the third quarter of 2019 compared to third quarter of 2018 due to volume declines offset by higher accessorial charges focused on incentivizing customers' efficient use of company assets.,discussion
PART I. FINANCIAL INFORMATION,Item 2. Management's Discussion and Analysis of Financial Condition and Results of Operations,"year-to-date, other revenues increased driven by accessorial charges and higher revenue at our subsidiaries partially offset by volume declines compared to the same period in 2018.",discussion
PART I. FINANCIAL INFORMATION,Item 2. Management's Discussion and Analysis of Financial Condition and Results of Operations,"the following tables summarize the year-over-year changes in freight revenues, revenue carloads, and arc by commodity type: three months ended   nine months ended   freight revenuesseptember 30,  september 30,  millions20192018change 20192018change agricultural products$ 1,123 $ 1,133  (1)% $ 3,345 $ 3,345  -% energy  975   1,214  (20)    2,923   3,498  (16)  industrial  1,485   1,497  (1)    4,389   4,274  3   premium  1,563   1,714  (9)    4,735   4,880  (3)  total$ 5,146 $ 5,558  (7)% $ 15,392 $ 15,997  (4)% three months ended   nine months ended   revenue carloadsseptember 30,  september 30,  thousands,20192018change 20192018change agricultural products 278  285  (2)%  821  849  (3)% energy 374  440  (15)   1,083  1,246  (13)  industrial 467  458  2    1,356  1,321  3   premium [a] 1,010  1,133  (11)   3,093  3,250  (5)  total 2,129  2,316  (8)%  6,353  6,666  (5)% three months ended   nine months ended   september 30,  september 30,  average revenue per car20192018change 20192018change agricultural products$ 4,042 $ 3,973  2 % $ 4,073 $ 3,939  3 % energy  2,613   2,757  (5)    2,700   2,807  (4)  industrial  3,178   3,269  (3)    3,236   3,236  -  premium  1,546   1,513  2     1,531   1,501  2   average  $ 2,417 $ 2,399  1 % $ 2,423 $ 2,400  1 % [a] for intermodal shipments each container or trailer equals one carload.",discussion
PART I. FINANCIAL INFORMATION,Item 2. Management's Discussion and Analysis of Financial Condition and Results of Operations,agricultural products  -  freight revenue from agricultural products shipments decreased in the third quarter 2019 compared to 2018 due to volume declines and lower fuel surcharge partially offset by core pricing gains.,discussion
PART I. FINANCIAL INFORMATION,Item 2. Management's Discussion and Analysis of Financial Condition and Results of Operations,"third quarter volume levels were down 2% as declines in export grain and grain products were partially offset by biofuels, import beer and wheat shipments compared to 2018.",discussion
PART I. FINANCIAL INFORMATION,Item 2. Management's Discussion and Analysis of Financial Condition and Results of Operations,freight revenues were flat in the year-to-date period compared to 2018 as volume declines were offset by core pricing gains and positive mix of traffic.,discussion
PART I. FINANCIAL INFORMATION,Item 2. Management's Discussion and Analysis of Financial Condition and Results of Operations,year-to-date volume declines were impacted by weather-related challenges experienced in the first half of 2019.,discussion
PART I. FINANCIAL INFORMATION,Item 2. Management's Discussion and Analysis of Financial Condition and Results of Operations,"energy  -  freight revenue from energy shipments decreased 20% and 16% in the third quarter and year-to-date periods, respectively, of 2019 compared to 2018 due to declines in volume and negative mix of traffic, partially offset by core pricing gains.",discussion
PART I. FINANCIAL INFORMATION,Item 2. Management's Discussion and Analysis of Financial Condition and Results of Operations,third quarter results were impacted by lower fuel surcharge revenue.,discussion
PART I. FINANCIAL INFORMATION,Item 2. Management's Discussion and Analysis of Financial Condition and Results of Operations,frac sand shipments declined 45% in the third quarter compared to last year as regional sand supplies displaced select shipments originating from the upper midwest.,discussion
PART I. FINANCIAL INFORMATION,Item 2. Management's Discussion and Analysis of Financial Condition and Results of Operations,"in addition, coal and coke shipments declined 17% due to lower natural gas prices, decreased exports and losses of commercial contracts.",discussion
PART I. FINANCIAL INFORMATION,Item 2. Management's Discussion and Analysis of Financial Condition and Results of Operations,"year-to-date, frac sand shipments and coal and coke shipments declined 47% and 13%, respectively, compared to 2018.",discussion
PART I. FINANCIAL INFORMATION,Item 2. Management's Discussion and Analysis of Financial Condition and Results of Operations,"volume declines, for the year-to-date periods, were impacted by weather-related challenges experienced in the first half of 2019.",discussion
PART I. FINANCIAL INFORMATION,Item 2. Management's Discussion and Analysis of Financial Condition and Results of Operations,growth in petroleum shipments (both crude and refined) due to strong drilling activity partially offset the sand and coal volume declines in both periods.,discussion
PART I. FINANCIAL INFORMATION,Item 2. Management's Discussion and Analysis of Financial Condition and Results of Operations,27 table of contents industrial  -  freight revenue from industrial shipments decreased in the third quarter of 2019 compared to 2018 due to negative mix of traffic and lower fuel surcharge revenue partially offset by core pricing gains and volume growth.,discussion
PART I. FINANCIAL INFORMATION,Item 2. Management's Discussion and Analysis of Financial Condition and Results of Operations,"year-to-date, freight revenue increased due to core pricing gains and volume growth partially offset by negative mix of traffic.",discussion
PART I. FINANCIAL INFORMATION,Item 2. Management's Discussion and Analysis of Financial Condition and Results of Operations,"volume increased 2% and 3% in the third quarter and year-to-date periods, respectively, compared to 2018 driven by strong market demand in construction products and plastics, while forest products shipments decreased due to softness in the lumber and paper markets.",discussion
PART I. FINANCIAL INFORMATION,Item 2. Management's Discussion and Analysis of Financial Condition and Results of Operations,year-to-date volume levels were impacted by weather-related challenges experienced in the first half of 2019.,discussion
PART I. FINANCIAL INFORMATION,Item 2. Management's Discussion and Analysis of Financial Condition and Results of Operations,"premium  -  freight revenue from premium shipments decreased in the third quarter and year-to-date periods of 2019 compared to 2018 due to volume declines, partially offset by core pricing gains.",discussion
PART I. FINANCIAL INFORMATION,Item 2. Management's Discussion and Analysis of Financial Condition and Results of Operations,third quarter results were impacted by lower fuel surcharge revenue.,discussion
PART I. FINANCIAL INFORMATION,Item 2. Management's Discussion and Analysis of Financial Condition and Results of Operations,"volume decreased 11% and 5% in the third quarter and year-to-date periods, respectively, compared to 2018 driven by declines in domestic intermodal shipments, including containerized automotive parts, due to increased truck competition.",discussion
PART I. FINANCIAL INFORMATION,Item 2. Management's Discussion and Analysis of Financial Condition and Results of Operations,weak market conditions reflecting trade uncertainty and escalating tariffs contributed to the declines as international shipments were 12% lower in the third quarter.,discussion
PART I. FINANCIAL INFORMATION,Item 2. Management's Discussion and Analysis of Financial Condition and Results of Operations,these third quarter declines have mostly offset the increase in the first half of the year due to a surge in january shipments and newly secured business.,discussion
PART I. FINANCIAL INFORMATION,Item 2. Management's Discussion and Analysis of Financial Condition and Results of Operations,year-to-date volume declines were impacted by weather-related challenges experienced in the first half of 2019.,discussion
PART I. FINANCIAL INFORMATION,Item 2. Management's Discussion and Analysis of Financial Condition and Results of Operations,mexico business  -  each of our commodity groups includes revenue from shipments to and from mexico.,discussion
PART I. FINANCIAL INFORMATION,Item 2. Management's Discussion and Analysis of Financial Condition and Results of Operations,revenue from mexico business decreased 5% to $602 million in the third quarter of 2019 compared to $636 million in 2018 driven by a 6% decline in volume.,discussion
PART I. FINANCIAL INFORMATION,Item 2. Management's Discussion and Analysis of Financial Condition and Results of Operations,"the decrease in volume was driven by fewer shipments of grain, coal, and automotive parts, partially offset by growth in petroleum products and industrial chemicals shipments.",discussion
PART I. FINANCIAL INFORMATION,Item 2. Management's Discussion and Analysis of Financial Condition and Results of Operations,"year-to-date, freight revenue decreased 4% to $1.8 billion as a result of fewer shipments of automotive parts, grain and coal partially offset by growth in petroleum products and industrial chemical shipments and core pricing gains.",discussion
PART I. FINANCIAL INFORMATION,Item 2. Management's Discussion and Analysis of Financial Condition and Results of Operations,"operating expenses three months ended   nine months ended   september 30,  september 30,  millions20192018change 20192018change compensation and benefits$ 1,134 $ 1,262  (10)% $ 3,484 $ 3,776  (8)% purchased services and materials  574   632  (9)    1,723   1,861  (7)  depreciation  557   547  2     1,657   1,636  1   fuel  504   659  (24)    1,595   1,891  (16)  equipment and other rents  236   272  (13)    754   803  (6)  other  277   287  (3)    829   801  3   total$ 3,282 $ 3,659  (10)% $ 10,042 $ 10,768  (7)% operating expenses decreased $377 million and $726 million in the third quarter and year-to-date periods, respectively, compared to 2018 driven by cost savings from lower volume, productivity improvements, and lower fuel price.",discussion
PART I. FINANCIAL INFORMATION,Item 2. Management's Discussion and Analysis of Financial Condition and Results of Operations,"increased costs due to inflation, more destroyed equipment, and depreciation partially offset these decreases compared to 2018.",discussion
PART I. FINANCIAL INFORMATION,Item 2. Management's Discussion and Analysis of Financial Condition and Results of Operations,year-to-date 2019 expenses were impacted positively due to the employment tax refund (see note 17 of the condensed consolidated financial statements) and negatively due to the first half weather-related challenges.,discussion
PART I. FINANCIAL INFORMATION,Item 2. Management's Discussion and Analysis of Financial Condition and Results of Operations,"compensation and benefits  -  compensation and benefits include wages, payroll taxes, health and welfare costs, pension costs, other postretirement benefits, and incentive costs.",discussion
PART I. FINANCIAL INFORMATION,Item 2. Management's Discussion and Analysis of Financial Condition and Results of Operations,"for the third quarter and year-to-date periods, expenses decreased 10% and 8% compared to 2018 due to lower wage and benefit costs driven by reduced workforce levels, lower volume, and the employment tax refund.",discussion
PART I. FINANCIAL INFORMATION,Item 2. Management's Discussion and Analysis of Financial Condition and Results of Operations,wage inflation partially offset the decreases.,discussion
PART I. FINANCIAL INFORMATION,Item 2. Management's Discussion and Analysis of Financial Condition and Results of Operations,increased expense associated with the workforce reduction and weather-related challenges partially offset the decrease in the year-to-date period.,discussion
PART I. FINANCIAL INFORMATION,Item 2. Management's Discussion and Analysis of Financial Condition and Results of Operations,"purchased services and materials  -  expense for purchased services and materials includes the costs of services purchased from outside contractors and other service providers (including equipment maintenance and contract expenses incurred by our subsidiaries for external transportation services); materials used to maintain the railroad's lines, structures, and equipment; costs of operating facilities jointly used by uprr and other railroads; transportation and lodging for train crew employees; trucking and contracting costs for 28 table of contents intermodal containers; leased automobile maintenance expenses; and tools and supplies.",discussion
PART I. FINANCIAL INFORMATION,Item 2. Management's Discussion and Analysis of Financial Condition and Results of Operations,"purchased services and materials decreased 9% and 7% in the third quarter and year-to-date periods, respectively, compared to 2018.",discussion
PART I. FINANCIAL INFORMATION,Item 2. Management's Discussion and Analysis of Financial Condition and Results of Operations,"lower locomotive repair expense due to a smaller active fleet in service, volume-related costs for intermodal and transload services and lower costs for services purchased from outside contractors primarily drove the decreases in both periods.",discussion
PART I. FINANCIAL INFORMATION,Item 2. Management's Discussion and Analysis of Financial Condition and Results of Operations,"conversely, higher costs associated with derailments partially offset these decreases in both period versus 2018.",discussion
PART I. FINANCIAL INFORMATION,Item 2. Management's Discussion and Analysis of Financial Condition and Results of Operations,weather-related challenges unfavorably impacted the year-to-date period.,discussion
PART I. FINANCIAL INFORMATION,Item 2. Management's Discussion and Analysis of Financial Condition and Results of Operations,"depreciation  -  the majority of depreciation relates to road property, including rail, ties, ballast, and other track material.",discussion
PART I. FINANCIAL INFORMATION,Item 2. Management's Discussion and Analysis of Financial Condition and Results of Operations,"a higher depreciable asset base, reflecting recent years' higher capital spending, increased depreciation expense in the third quarter and year-to-date periods of 2019 compared to 2018.",discussion
PART I. FINANCIAL INFORMATION,Item 2. Management's Discussion and Analysis of Financial Condition and Results of Operations,fuel  -  fuel includes locomotive fuel and fuel for highway and non-highway vehicles and heavy equipment.,discussion
PART I. FINANCIAL INFORMATION,Item 2. Management's Discussion and Analysis of Financial Condition and Results of Operations,"lower locomotive diesel fuel prices, which averaged $2.09 per gallon (including taxes and transportation costs) in the third quarter of 2019 compared to $2.38 per gallon in the same period in 2018, a 10% decline in gross ton-miles and a 3% improvement in fuel consumption rate, computed as gallons of fuel consumed divided by gross ton-miles in thousands, drove the decrease in the third quarter compared to the same period in 2018.",discussion
PART I. FINANCIAL INFORMATION,Item 2. Management's Discussion and Analysis of Financial Condition and Results of Operations,"for the nine-month period, locomotive diesel fuel prices averaged $2.13 per gallon in 2019 compared to $2.27 in 2018, decreasing expenses by 6%.",discussion
PART I. FINANCIAL INFORMATION,Item 2. Management's Discussion and Analysis of Financial Condition and Results of Operations,"in addition, gross ton-miles decreased 7% and fuel consumption rate improved 3% during the year-to-date period, driving lower fuel expense compared to 2018.",discussion
PART I. FINANCIAL INFORMATION,Item 2. Management's Discussion and Analysis of Financial Condition and Results of Operations,"equipment and other rents  -  equipment and other rents expense primarily includes rental expense that the railroad pays for freight cars owned by other railroads or private companies; freight car, intermodal, and locomotive leases; and office and other rentals.",discussion
PART I. FINANCIAL INFORMATION,Item 2. Management's Discussion and Analysis of Financial Condition and Results of Operations,"equipment and other rents expense decreased 13% and 6% in the third quarter and year-to-date periods, respectively, compared to 2018, driven by decreased car rent expense due to volume declines, improved cycle time, and lower locomotive and freight car lease expenses.",discussion
PART I. FINANCIAL INFORMATION,Item 2. Management's Discussion and Analysis of Financial Condition and Results of Operations,year-to-date expenses were unfavorably impacted by weather-related cost challenges.,discussion
PART I. FINANCIAL INFORMATION,Item 2. Management's Discussion and Analysis of Financial Condition and Results of Operations,"other  -  other expenses include state and local taxes; freight, equipment and property damage; utilities, insurance, personal injury, environmental, employee travel, telephone and cellular, computer software, bad debt and other general expenses.",discussion
PART I. FINANCIAL INFORMATION,Item 2. Management's Discussion and Analysis of Financial Condition and Results of Operations,"other costs decreased 3% in the third quarter compared to 2018 driven primarily by lower costs associated with environmental expenses related to our operating properties, employee travel, and utilities expense partially offset by increased costs as a result of more destroyed equipment and freight loss and damage costs.",discussion
PART I. FINANCIAL INFORMATION,Item 2. Management's Discussion and Analysis of Financial Condition and Results of Operations,"conversely, other expenses increased 3% in the year-to-date period compared to 2018 due to increased costs as a result of more destroyed equipment and freight loss and damage costs partially offset by lower costs associated with employee travel and environmental expenses related to our operating properties.",discussion
PART I. FINANCIAL INFORMATION,Item 2. Management's Discussion and Analysis of Financial Condition and Results of Operations,"non-operating items three months ended   nine months ended   september 30,  september 30,  millions20192018change 20192018change other income$ 53 $ 48  10 % $ 187 $ 48 f% interest expense  (266)  (241) 10     (772)  (630) 23   income taxes  (466)  (483) (4)    (1,353)  (1,313) 3 other income  -  other income increased in the third quarter of 2019 compared to 2018 as a result of lower costs associated with our benefit plans and higher rental income partially offset by higher environmental costs associated with non-operating properties.",discussion
PART I. FINANCIAL INFORMATION,Item 2. Management's Discussion and Analysis of Financial Condition and Results of Operations,"for the nine-month period, other income increased due to $31 million in interest income associated with the employment tax refund in 2019, a decrease of $85 million in expense associated with early-extinguishment of outstanding debentures and mortgage bonds recognized in the first quarter of 2018, and lower costs associated with our benefit plans.",discussion
PART I. FINANCIAL INFORMATION,Item 2. Management's Discussion and Analysis of Financial Condition and Results of Operations,interest expense  -  interest expense increased in the third quarter of 2019 compared to 2018 due to an increase in the weighted-average debt level of $25.4 billion in 2019 compared to $22.6 billion in 2018.,discussion
PART I. FINANCIAL INFORMATION,Item 2. Management's Discussion and Analysis of Financial Condition and Results of Operations,the effective interest rate was 4.3% for both periods.,discussion
PART I. FINANCIAL INFORMATION,Item 2. Management's Discussion and Analysis of Financial Condition and Results of Operations,"year-to-date, interest expense increased due to an increased weighted-average debt level of $24.6 billion in 2019 from $19.4 billion in 2018.",discussion
PART I. FINANCIAL INFORMATION,Item 2. Management's Discussion and Analysis of Financial Condition and Results of Operations,the year-to-date effective interest rate was 4.3% in 2019 compared to 4.4% in 2018.,discussion
PART I. FINANCIAL INFORMATION,Item 2. Management's Discussion and Analysis of Financial Condition and Results of Operations,"29 table of contents income taxes  -  income taxes were lower in the third quarter of 2019 compared to 2018, driven by lower income.",discussion
PART I. FINANCIAL INFORMATION,Item 2. Management's Discussion and Analysis of Financial Condition and Results of Operations,"our effective tax rates for the third quarter of 2019 and 2018 were 23.1% and 23.3%, respectively.",discussion
PART I. FINANCIAL INFORMATION,Item 2. Management's Discussion and Analysis of Financial Condition and Results of Operations,reductions to unrecognized tax benefits for statute expirations in the third quarter of both 2019 and 2018 lowered the effective tax rate.,discussion
PART I. FINANCIAL INFORMATION,Item 2. Management's Discussion and Analysis of Financial Condition and Results of Operations,"for the nine-month periods of 2019 and 2018, our effective tax rates were 23.1% and 22.9%, respectively.",discussion
PART I. FINANCIAL INFORMATION,Item 2. Management's Discussion and Analysis of Financial Condition and Results of Operations,"in the second quarter of 2018, iowa and missouri enacted laws to reduce their corporate tax rate, which lowered our 2018 effective tax rate.",discussion
PART I. FINANCIAL INFORMATION,Item 2. Management's Discussion and Analysis of Financial Condition and Results of Operations,"in 2019, arkansas enacted a law to reduce its corporate tax rate.",discussion
PART I. FINANCIAL INFORMATION,Item 2. Management's Discussion and Analysis of Financial Condition and Results of Operations,this reduced our 2019 effective tax rate.,discussion
PART I. FINANCIAL INFORMATION,Item 2. Management's Discussion and Analysis of Financial Condition and Results of Operations,the arkansas reduction was less than the iowa and missouri reductions resulting in a higher effective tax rate for 2019 compared to 2018.,discussion
PART I. FINANCIAL INFORMATION,Item 2. Management's Discussion and Analysis of Financial Condition and Results of Operations,other operating/performance and financial statistics we report a number of key performance measures weekly to the surface transportation board (stb).,discussion
PART I. FINANCIAL INFORMATION,Item 2. Management's Discussion and Analysis of Financial Condition and Results of Operations,we provide this data on our website at www.up.com/investor/aar-stb_reports/index.htm.,discussion
PART I. FINANCIAL INFORMATION,Item 2. Management's Discussion and Analysis of Financial Condition and Results of Operations,"operating/performance statistics railroad performance measures are included in the table below: three months ended  nine months ended   september 30, september 30,  2019 2018 change2019 2018 change gross ton-miles (gtms) (billions) 215.5  240.2  (10)% 645.8  698.1  (7)% revenue ton-miles (billions) 108.1  123.3  (12)  323.5  358.3  (10)  freight car velocity (daily miles per car) 213  193  10   201  189  6   average train speed (miles per hour) [a] 23.7  24.0  (1)  23.4  24.5  (4)  average terminal dwell time (hours) [a] 23.4  29.3  (20)  25.1  30.6  (18)  locomotive productivity (gtms per horsepower day) 124  105  18   118  104  13   workforce productivity (car miles per employee) 883  852  4   853  838  2   employees (average) 36,659  42,323  (13)  38,456  42,057  (9)  operating ratio 59.5  61.7  (2.2)pts 60.9  63.1  (2.2)pts [a]    as reported to the stb.",discussion
PART I. FINANCIAL INFORMATION,Item 2. Management's Discussion and Analysis of Financial Condition and Results of Operations,gross and revenue ton-miles  -  gross ton-miles are calculated by multiplying the weight of loaded and empty freight cars by the number of miles hauled.,discussion
PART I. FINANCIAL INFORMATION,Item 2. Management's Discussion and Analysis of Financial Condition and Results of Operations,revenue ton-miles are calculated by multiplying the weight of freight by the number of tariff miles.,discussion
PART I. FINANCIAL INFORMATION,Item 2. Management's Discussion and Analysis of Financial Condition and Results of Operations,"gross ton-miles and revenue ton-miles decreased 10% and 12%, respectively, during the third quarter of 2019 compared to 2018, driven by an 8% decline in carloadings.",discussion
PART I. FINANCIAL INFORMATION,Item 2. Management's Discussion and Analysis of Financial Condition and Results of Operations,"changes in commodity mix drove the variance in year-over-year decreases between gross ton-miles, revenue ton-miles and carloads.",discussion
PART I. FINANCIAL INFORMATION,Item 2. Management's Discussion and Analysis of Financial Condition and Results of Operations,"year-to-date, gross ton-miles and revenue ton-miles decreased 7% and 10%, respectively, compared to 2018, driven by a 5% decrease in carloadings.",discussion
PART I. FINANCIAL INFORMATION,Item 2. Management's Discussion and Analysis of Financial Condition and Results of Operations,freight car velocity  -  freight car velocity measures the average daily miles per car on our network.,discussion
PART I. FINANCIAL INFORMATION,Item 2. Management's Discussion and Analysis of Financial Condition and Results of Operations,the two key drivers of this metric are the speed of the train between terminals (average train speed) and the time a rail car spends at the terminals (average terminal dwell time).,discussion
PART I. FINANCIAL INFORMATION,Item 2. Management's Discussion and Analysis of Financial Condition and Results of Operations,"implementation of unified plan 2020 drove the 10% and 6% improvement for the third quarter and nine-month periods of 2019, respectively.",discussion
PART I. FINANCIAL INFORMATION,Item 2. Management's Discussion and Analysis of Financial Condition and Results of Operations,"average terminal dwell time decreased 20% and 18% during the third quarter and year-to-date periods, respectively, compared to the same period in 2018 largely due to improved terminal processes, transportation plan changes to eliminate switches, and a decrease in freight car inventory levels.",discussion
PART I. FINANCIAL INFORMATION,Item 2. Management's Discussion and Analysis of Financial Condition and Results of Operations,"conversely, average train speed declined 1% and 4% for the third quarter and year-to-date periods, respectively, compared to 2018, largely due to an increase in work events, however the overall movement of freight cars is faster.",discussion
PART I. FINANCIAL INFORMATION,Item 2. Management's Discussion and Analysis of Financial Condition and Results of Operations,locomotive productivity  -  locomotive productivity is gross ton-miles per average daily locomotive horsepower.,discussion
PART I. FINANCIAL INFORMATION,Item 2. Management's Discussion and Analysis of Financial Condition and Results of Operations,locomotive productivity increased 18% year-over-year as we reduced our active locomotive fleet by 23% since the third quarter of 2018.,discussion
PART I. FINANCIAL INFORMATION,Item 2. Management's Discussion and Analysis of Financial Condition and Results of Operations,"year-to-date, locomotive productivity improved 13% driven by the reduced fleet size.",discussion
PART I. FINANCIAL INFORMATION,Item 2. Management's Discussion and Analysis of Financial Condition and Results of Operations,workforce productivity  -  workforce productivity is average daily car miles per employee.,discussion
PART I. FINANCIAL INFORMATION,Item 2. Management's Discussion and Analysis of Financial Condition and Results of Operations,workforce productivity improved 4% as average daily car miles decreased 10% while employees decreased 13% compared to the third quarter of 2018.,discussion
PART I. FINANCIAL INFORMATION,Item 2. Management's Discussion and Analysis of Financial Condition and Results of Operations,lower carload volumes drove the decline in average daily car miles.,discussion
PART I. FINANCIAL INFORMATION,Item 2. Management's Discussion and Analysis of Financial Condition and Results of Operations,"30 table of contents the 13% decline in employee levels was driven by an 8% decline in carload volumes, initiatives to further right-size the workforce and a smaller capital workforce.",discussion
PART I. FINANCIAL INFORMATION,Item 2. Management's Discussion and Analysis of Financial Condition and Results of Operations,"at the end of the third quarter, approximately 4,400 employees across all crafts were either furloughed or in alternate work status.",discussion
PART I. FINANCIAL INFORMATION,Item 2. Management's Discussion and Analysis of Financial Condition and Results of Operations,"year-to-date, workforce productivity improved 2%.",discussion
PART I. FINANCIAL INFORMATION,Item 2. Management's Discussion and Analysis of Financial Condition and Results of Operations,operating ratio  -  operating ratio is our operating expenses reflected as a percentage of operating revenue.,discussion
PART I. FINANCIAL INFORMATION,Item 2. Management's Discussion and Analysis of Financial Condition and Results of Operations,"our third quarter operating ratio of 59.5% was an all-time record and improved 2.2 points compared to 2018 mainly driven by productivity, core pricing gains, and lower fuel prices, which were offset by inflation, increased costs as a result of derailments and other cost hurdles.",discussion
PART I. FINANCIAL INFORMATION,Item 2. Management's Discussion and Analysis of Financial Condition and Results of Operations,"year-to-date, our operating ratio was 60.9%, improving 2.2 points compared to 2018.",discussion
PART I. FINANCIAL INFORMATION,Item 2. Management's Discussion and Analysis of Financial Condition and Results of Operations,"adjusted debt / adjusted ebitda millions, except ratiossep.",discussion
PART I. FINANCIAL INFORMATION,Item 2. Management's Discussion and Analysis of Financial Condition and Results of Operations,"30,dec. 31,for the trailing twelve months ended [a]2019 2018  net income$ 6,070 $ 5,966  add:     income tax expense  1,815   1,775  depreciation  2,212   2,191  interest expense  1,012   870  ebitda$ 11,109 $ 10,802  adjustments:    other income  (233)  (94) interest on operating lease liabilities [b]  71   84  adjusted ebitda $ 10,947 $ 10,792  debt$ 25,735 $ 22,391  operating lease liabilities [c]  1,919   2,271  unfunded pension and opeb,  net of taxes of $104 and $135  347   456  adjusted debt $ 28,001 $ 25,118  adjusted debt / adjusted ebitda   2.6   2.3 [a]the trailing twelve month income statement information ended september 30, 2019 is recalculated by taking the twelve months ended december 31, 2018, subtracting the nine months ended september 30, 2018, and adding the nine months ended september 30, 2019. [b]represents the hypothetical interest expense we would incur (using the incremental borrowing rate) if the property under our operating leases were owned or accounted for as finance leases. [c]effective january 1, 2019, the company adopted accounting standards update no.",discussion
PART I. FINANCIAL INFORMATION,Item 2. Management's Discussion and Analysis of Financial Condition and Results of Operations,"2016-02 (asu 2016-02), leases.",discussion
PART I. FINANCIAL INFORMATION,Item 2. Management's Discussion and Analysis of Financial Condition and Results of Operations,asu 2016-02 requires companies to recognize lease assets and lease liabilities on the balance sheet.,discussion
PART I. FINANCIAL INFORMATION,Item 2. Management's Discussion and Analysis of Financial Condition and Results of Operations,"prior to adoption, the present value of operating leases was used in this calculation.",discussion
PART I. FINANCIAL INFORMATION,Item 2. Management's Discussion and Analysis of Financial Condition and Results of Operations,"adjusted debt to adjusted ebitda (earnings before interest, taxes, depreciation, amortization, other income and interest on operating lease liabilities) is considered a non-gaap financial measure by sec regulation g and item 10 of sec regulation s-k and may not be defined and calculated by other companies in the same manner.",discussion
PART I. FINANCIAL INFORMATION,Item 2. Management's Discussion and Analysis of Financial Condition and Results of Operations,we believe this measure is important to management and investors in evaluating the company's ability to sustain given debt levels (including leases) with the cash generated from operations.,discussion
PART I. FINANCIAL INFORMATION,Item 2. Management's Discussion and Analysis of Financial Condition and Results of Operations,"in addition, a comparable measure is used by rating agencies when reviewing the company's credit rating.",discussion
PART I. FINANCIAL INFORMATION,Item 2. Management's Discussion and Analysis of Financial Condition and Results of Operations,"adjusted debt to adjusted ebitda should be considered in addition to, rather than as a substitute for, net income.",discussion
PART I. FINANCIAL INFORMATION,Item 2. Management's Discussion and Analysis of Financial Condition and Results of Operations,the table above provides reconciliations from net income to adjusted debt to adjusted ebitda.,discussion
PART I. FINANCIAL INFORMATION,Item 2. Management's Discussion and Analysis of Financial Condition and Results of Operations,"at both september 30, 2019 and december 31, 2018, the incremental borrowing rate on operating lease liabilities was 3.7%.",discussion
PART I. FINANCIAL INFORMATION,Item 2. Management's Discussion and Analysis of Financial Condition and Results of Operations,"31 table of contents liquidity and capital resources financial condition cash flows     millions,     for the nine months ended september 30,20192018 cash provided by operating activities$ 6,264 $ 6,374  cash used in investing activities  (2,507)  (2,434) cash used in financing activities  (3,782)  (3,405) net change in cash, cash equivalents and restricted cash$ (25)$ 535 operating activities cash provided by operating activities decreased in the first nine months of 2019 compared to the same period of 2018 due to higher interest and tax payments, partially offset by higher net income in the first nine months of 2019 compared to 2018.",discussion
PART I. FINANCIAL INFORMATION,Item 2. Management's Discussion and Analysis of Financial Condition and Results of Operations,investing activities increased capital investments on road infrastructure replacements and capacity projects drove higher cash used in investing activities in the first nine months of 2019 compared to the same period in 2018.,discussion
PART I. FINANCIAL INFORMATION,Item 2. Management's Discussion and Analysis of Financial Condition and Results of Operations,"the table below details cash capital investments: millions,  for the nine months ended september 30,20192018 rail and other track material$ 418 $ 461  ties  328   345  ballast  203   159  other [a]  477   348  total road infrastructure replacements  1,426   1,313  line expansion and other capacity projects  240   185  commercial facilities  109   145  total capacity and commercial facilities  349   330  locomotives and freight cars [b]  419   509  positive train control  57   121  technology and other  244   155  total cash capital investments$ 2,495 $ 2,428 [a]other includes bridges and tunnels, signals, other road assets, and road work equipment. [b]locomotives and freight cars include lease buyouts of $214 million in 2019 and $228 million in 2018.",discussion
PART I. FINANCIAL INFORMATION,Item 2. Management's Discussion and Analysis of Financial Condition and Results of Operations,"capital plan we estimate our 2019 capital expenditures to be approximately $3.1 billion, which is roughly $100 million less than previously expected, as we continue to evaluate the capital demands associated with the implementation of unified plan 2020.",discussion
PART I. FINANCIAL INFORMATION,Item 2. Management's Discussion and Analysis of Financial Condition and Results of Operations,further revisions may occur if business conditions or the regulatory environment affect our ability to generate sufficient returns on these investments.,discussion
PART I. FINANCIAL INFORMATION,Item 2. Management's Discussion and Analysis of Financial Condition and Results of Operations,"financing activities cash used in financing activities increased $377 million in the first nine months of 2019 compared to the same period of 2018, driven by a $2 billion net decrease in additional debt and $200 million increase in dividends paid, partially offset by a $1.9 billion decrease in share repurchase programs.",discussion
PART I. FINANCIAL INFORMATION,Item 2. Management's Discussion and Analysis of Financial Condition and Results of Operations,32 table of contents see note 14 of the condensed consolidated financial statements for a description of all our outstanding financing arrangements and significant new borrowings and note 18 of the condensed consolidated financial statements for a description of our share repurchase programs.,discussion
PART I. FINANCIAL INFORMATION,Item 2. Management's Discussion and Analysis of Financial Condition and Results of Operations,free cash flow  -  free cash flow is defined as cash provided by operating activities less cash used in investing activities and dividends paid.,discussion
PART I. FINANCIAL INFORMATION,Item 2. Management's Discussion and Analysis of Financial Condition and Results of Operations,free cash flow is not considered a financial measure under gaap by sec regulation g and item 10 of sec regulation s-k and may not be defined and calculated by other companies in the same manner.,discussion
PART I. FINANCIAL INFORMATION,Item 2. Management's Discussion and Analysis of Financial Condition and Results of Operations,we believe free cash flow is important to management and investors in evaluating our financial performance and measures our ability to generate cash without additional external financing.,discussion
PART I. FINANCIAL INFORMATION,Item 2. Management's Discussion and Analysis of Financial Condition and Results of Operations,"free cash flow should be considered in addition to, rather than as a substitute for, cash provided by operating activities.",discussion
PART I. FINANCIAL INFORMATION,Item 2. Management's Discussion and Analysis of Financial Condition and Results of Operations,"the following table reconciles cash provided by operating activities (gaap measure) to free cash flow (non-gaap measure): millions,  for the nine months ended september 30,20192018 cash provided by operating activities$ 6,264 $ 6,374  cash used in investing activities  (2,507)  (2,434) dividends paid  (1,925)  (1,716) free cash flow$ 1,832 $ 2,224 share repurchase programs effective april 1, 2019, our board of directors authorized the repurchase of up to 150 million shares of our common stock by march 31, 2022, replacing our previous repurchase program.",discussion
PART I. FINANCIAL INFORMATION,Item 2. Management's Discussion and Analysis of Financial Condition and Results of Operations,these repurchases may be made on the open market or through other transactions.,discussion
PART I. FINANCIAL INFORMATION,Item 2. Management's Discussion and Analysis of Financial Condition and Results of Operations,our management has sole discretion with respect to determining the timing and amount of these transactions.,discussion
PART I. FINANCIAL INFORMATION,Item 2. Management's Discussion and Analysis of Financial Condition and Results of Operations,"as of september 30, 2019, we repurchased a total of $36.6 billion of our common stock since commencement of our repurchase programs in 2007.",discussion
PART I. FINANCIAL INFORMATION,Item 2. Management's Discussion and Analysis of Financial Condition and Results of Operations,"the table below represents shares repurchased under repurchase programs during 2018 and 2019: number of shares purchased average price paid  2019201820192018 first quarter [a] 18,149,450  9,259,004 $ 165.79 $ 132.84  second quarter [b] 3,732,974  33,229,992   171.24   142.74  third quarter [c] 9,529,733  2,239,405   163.30   151.94  total 31,412,157  44,728,401 $ 165.68 $ 141.15  remaining number of shares that may be repurchased under current authority  136,737,293 [a]includes 11,795,930 shares repurchased in february 2019 under accelerated share repurchase programs. [b]includes 19,870,292 shares repurchased in june 2018 under accelerated share repurchase programs. [c]includes 3,172,900 shares repurchased in august 2019 under accelerated share repurchase programs.",discussion
PART I. FINANCIAL INFORMATION,Item 2. Management's Discussion and Analysis of Financial Condition and Results of Operations,management's assessments of market conditions and other pertinent factors guide the timing and volume of all repurchases.,discussion
PART I. FINANCIAL INFORMATION,Item 2. Management's Discussion and Analysis of Financial Condition and Results of Operations,"we expect to fund any share repurchases under this program through cash generated from operations, the sale or lease of various operating and non-operating properties, debt issuances, and cash on hand.",discussion
PART I. FINANCIAL INFORMATION,Item 2. Management's Discussion and Analysis of Financial Condition and Results of Operations,"open market repurchases are recorded in treasury stock at cost, which includes any applicable commissions and fees.",discussion
PART I. FINANCIAL INFORMATION,Item 2. Management's Discussion and Analysis of Financial Condition and Results of Operations,"from october 1, 2019, through october 16, 2019, we repurchased 1.4 million shares at an aggregate cost of approximately $224 million.",discussion
PART I. FINANCIAL INFORMATION,Item 2. Management's Discussion and Analysis of Financial Condition and Results of Operations,accelerated share repurchase programs  -  the company has established accelerated share repurchase programs (asrs) with financial institutions to repurchase shares of our common stock.,discussion
PART I. FINANCIAL INFORMATION,Item 2. Management's Discussion and Analysis of Financial Condition and Results of Operations,"these asrs have been structured so that at the time of commencement, we pay a specified amount to the financial institutions and receive an initial delivery of shares.",discussion
PART I. FINANCIAL INFORMATION,Item 2. Management's Discussion and Analysis of Financial Condition and Results of Operations,additional shares may be received at the time of settlement.,discussion
PART I. FINANCIAL INFORMATION,Item 2. Management's Discussion and Analysis of Financial Condition and Results of Operations,"the final number of shares to be received is based on the volume weighted average price of 33 table of contents the company's common stock during the asr term, less a discount and subject to potential adjustments pursuant to the terms of such asr.",discussion
PART I. FINANCIAL INFORMATION,Item 2. Management's Discussion and Analysis of Financial Condition and Results of Operations,"on february 26, 2019, the company received 11,795,930 shares of its common stock repurchased under asrs for an aggregate of $2.5 billion.",discussion
PART I. FINANCIAL INFORMATION,Item 2. Management's Discussion and Analysis of Financial Condition and Results of Operations,"upon settlement of these asrs in the third quarter of 2019, we received 3,172,900 additional shares.",discussion
PART I. FINANCIAL INFORMATION,Item 2. Management's Discussion and Analysis of Financial Condition and Results of Operations,"on june 15, 2018, the company received 19,870,292 shares of its common stock repurchased under asrs for an aggregate of $3.6 billion.",discussion
PART I. FINANCIAL INFORMATION,Item 2. Management's Discussion and Analysis of Financial Condition and Results of Operations,"upon settlement of these asrs in the fourth quarter of 2018, we received 4,457,356 additional shares.",discussion
PART I. FINANCIAL INFORMATION,Item 2. Management's Discussion and Analysis of Financial Condition and Results of Operations,"asrs are accounted for as equity transactions, and at the time of receipt, shares are included in treasury stock at fair market value as of the corresponding initiation or settlement date.",discussion
PART I. FINANCIAL INFORMATION,Item 2. Management's Discussion and Analysis of Financial Condition and Results of Operations,the company reflects shares received as a repurchase of common stock in the weighted average common shares outstanding calculation for basic and diluted earnings per share.,discussion
PART I. FINANCIAL INFORMATION,Item 2. Management's Discussion and Analysis of Financial Condition and Results of Operations,"off-balance sheet arrangements, contractual obligations, and commercial commitments as described in the notes to the condensed consolidated financial statements and as referenced in the tables below, we have contractual obligations and commercial commitments that may affect our financial condition.",discussion
PART I. FINANCIAL INFORMATION,Item 2. Management's Discussion and Analysis of Financial Condition and Results of Operations,"however, based on our assessment of the underlying provisions and circumstances of our contractual obligations and commercial commitments, including material sources of off-balance sheet and structured finance arrangements, there is no known trend, demand, commitment, event, or uncertainty that is reasonably likely to occur that would have a material adverse effect on our consolidated results of operations, financial condition, or liquidity.",discussion
PART I. FINANCIAL INFORMATION,Item 2. Management's Discussion and Analysis of Financial Condition and Results of Operations,"in addition, our commercial obligations, financings, and commitments are customary transactions that are similar to those of other comparable corporations, particularly within the transportation industry.",discussion
PART I. FINANCIAL INFORMATION,Item 2. Management's Discussion and Analysis of Financial Condition and Results of Operations,"the following tables identify material obligations and commitments as of september 30, 2019: oct.",discussion
PART I. FINANCIAL INFORMATION,Item 2. Management's Discussion and Analysis of Financial Condition and Results of Operations,"1payments due by dec. 31,   through             contractual obligations  dec.",discussion
PART I. FINANCIAL INFORMATION,Item 2. Management's Discussion and Analysis of Financial Condition and Results of Operations,"31,         after   millions total201920202021202220232023other debt [a]$ 43,867 $ 494 $ 1,930 $ 2,074 $ 2,596 $ 2,162 $ 34,611 $ - operating leases [b]  2,228   55   367   303   269   228   1,006   - capital lease obligations [c]  723   16   143   147   130   88   199   - purchase obligations [d]  2,743   721   1,450   377   62   42   56   35  other postretirement benefits [e] 440   13   49   49   48   48   233   - income tax contingencies [f]  64   -  -  -  -  -  -  64  total contractual obligations$ 50,065 $ 1,299 $ 3,939 $ 2,950 $ 3,105 $ 2,568 $ 36,105 $ 99 [a]excludes capital lease obligations of $616 million, as well as unamortized discount and deferred issuance costs of $(831) million.",discussion
PART I. FINANCIAL INFORMATION,Item 2. Management's Discussion and Analysis of Financial Condition and Results of Operations,"includes an interest component of $17,917 million. [b] includes leases for locomotives, freight cars, other equipment, and real estate.",discussion
PART I. FINANCIAL INFORMATION,Item 2. Management's Discussion and Analysis of Financial Condition and Results of Operations,"includes an interest component of $309 million. [c]represents total obligations, including interest component of $107 million. [d]purchase obligations include locomotive maintenance contracts; purchase commitments for fuel purchases, locomotives, ties, ballast, and rail; and agreements to purchase other goods and services.",discussion
PART I. FINANCIAL INFORMATION,Item 2. Management's Discussion and Analysis of Financial Condition and Results of Operations,"for amounts where we cannot reasonably estimate the year of settlement, they are included in the other column. [e]includes estimated other postretirement, medical, and life insurance payments and payments made under the unfunded pension plan for the next ten years. [f]future cash flows for income tax contingencies reflect the recorded liabilities and assets for unrecognized tax benefits, including any interest or penalties, as of september 30, 2019.",discussion
PART I. FINANCIAL INFORMATION,Item 2. Management's Discussion and Analysis of Financial Condition and Results of Operations,"for amounts where the year of settlement is uncertain, they are included in the other column.",discussion
PART I. FINANCIAL INFORMATION,Item 2. Management's Discussion and Analysis of Financial Condition and Results of Operations,34 table of contents oct.,discussion
PART I. FINANCIAL INFORMATION,Item 2. Management's Discussion and Analysis of Financial Condition and Results of Operations,"1amount of commitment expiration by dec. 31,   through           other commercial commitments dec.",discussion
PART I. FINANCIAL INFORMATION,Item 2. Management's Discussion and Analysis of Financial Condition and Results of Operations,"31,         after millions total201920202021202220232023 credit facilities [a]$ 2,000 $ -$ -$ -$ -$ 2,000 $ - receivables securitization facility [b] 800   -  -  -  800   -  - guarantees [c]  19   4   5   5   5   -  - standby letters of credit [d]  19   7   12   -  -  -  - total commercial commitments$ 2,838 $ 11 $ 17 $ 5 $ 805 $ 2,000 $ - [a] none of the credit facility was used as of september 30, 2019. [b] $400 million of the receivables securitization facility was utilized as of september 30, 2019, which is accounted for as debt.",discussion
PART I. FINANCIAL INFORMATION,Item 2. Management's Discussion and Analysis of Financial Condition and Results of Operations,"the full program matures in july 2022. [c]includes guaranteed obligations related to our affiliated operations. [d]none of the letters of credit were drawn upon as of september 30, 2019.",discussion
PART I. FINANCIAL INFORMATION,Item 2. Management's Discussion and Analysis of Financial Condition and Results of Operations,other matters asserted and unasserted claims  -  various claims and lawsuits are pending against us and certain of our subsidiaries.,discussion
PART I. FINANCIAL INFORMATION,Item 2. Management's Discussion and Analysis of Financial Condition and Results of Operations,"we cannot fully determine the effect of all asserted and unasserted claims on our consolidated results of operations, financial condition, or liquidity.",discussion
PART I. FINANCIAL INFORMATION,Item 2. Management's Discussion and Analysis of Financial Condition and Results of Operations,"to the extent possible, we have recorded a liability where asserted and unasserted claims are considered probable and where such claims can be reasonably estimated.",discussion
PART I. FINANCIAL INFORMATION,Item 2. Management's Discussion and Analysis of Financial Condition and Results of Operations,"we do not expect that any known lawsuits, claims, environmental costs, commitments, contingent liabilities, or guarantees will have a material adverse effect on our consolidated results of operations, financial condition, or liquidity after taking into account liabilities and insurance recoveries previously recorded for these matters.",discussion
PART I. FINANCIAL INFORMATION,Item 2. Management's Discussion and Analysis of Financial Condition and Results of Operations,"indemnities  -  we are contingently obligated under a variety of indemnification arrangements, although in some cases the extent of our potential liability is limited, depending on the nature of the transactions and the agreements.",discussion
PART I. FINANCIAL INFORMATION,Item 2. Management's Discussion and Analysis of Financial Condition and Results of Operations,"due to uncertainty as to whether claims will be made or how they will be resolved, we cannot reasonably determine the probability of an adverse claim or reasonably estimate any adverse liability or the total maximum exposure under these indemnification arrangements.",discussion
PART I. FINANCIAL INFORMATION,Item 2. Management's Discussion and Analysis of Financial Condition and Results of Operations,we do not have any reason to believe that we will be required to make any material payments under these indemnity provisions.,discussion
PART I. FINANCIAL INFORMATION,Item 2. Management's Discussion and Analysis of Financial Condition and Results of Operations,accounting pronouncements  -  see note 2 to the condensed consolidated financial statements.,discussion
PART I. FINANCIAL INFORMATION,Item 2. Management's Discussion and Analysis of Financial Condition and Results of Operations,"cautionary information certain statements in this report, and statements in other reports or information filed or to be filed with the sec (as well as information included in oral statements or other written statements made or to be made by us), are, or will be, forward-looking statements as defined by the securities act of 1933 and the exchange act.",discussion
PART I. FINANCIAL INFORMATION,Item 2. Management's Discussion and Analysis of Financial Condition and Results of Operations,"these forward-looking statements and information include, without limitation, the statements and information set forth under the caption ""liquidity and capital resources"" in item 2 regarding our capital plan, statements under the caption ""share repurchase programs"", statements under the caption ""off-balance sheet arrangements, contractual obligations, and commercial commitments"", and statements under the caption ""other matters.""",discussion
PART I. FINANCIAL INFORMATION,Item 2. Management's Discussion and Analysis of Financial Condition and Results of Operations,"forward-looking statements and information also include any other statements or information in this report regarding: expectations as to operational or service improvements; expectations regarding the effectiveness of steps taken or to be taken to improve operations, service, infrastructure improvements, and transportation plan modifications; expectations as to cost savings, revenue growth, and earnings; the time by which goals, targets, or objectives will be achieved; projections, predictions, expectations, estimates, or forecasts as to our business, financial and operational results, future economic performance, and general economic conditions; proposed new products and services; estimates of costs relating to environmental remediation and restoration; estimates and expectations regarding tax matters, expectations that claims, litigation, environmental costs, commitments, contingent liabilities, labor negotiations or agreements, or other matters will not have a material adverse effect on our consolidated results of operations, financial condition, or liquidity and any other similar expressions concerning matters that are not historical facts.",discussion
PART I. FINANCIAL INFORMATION,Item 2. Management's Discussion and Analysis of Financial Condition and Results of Operations,"35 table of contents forward-looking statements and information reflect the good faith consideration by management of currently available information, and may be based on underlying assumptions believed to be reasonable under the circumstances.",discussion
PART I. FINANCIAL INFORMATION,Item 2. Management's Discussion and Analysis of Financial Condition and Results of Operations,"however, such information and assumptions (and, therefore, such forward-looking statements and information) are or may be subject to variables or unknown or unforeseeable events or circumstances over which management has little or no influence or control.",discussion
PART I. FINANCIAL INFORMATION,Item 2. Management's Discussion and Analysis of Financial Condition and Results of Operations,"the risk factors in item 1a of our 2018 annual report on form 10-k, filed february 8, 2019, could affect our future results and could cause those results or other outcomes to differ materially from those expressed or implied in the forward-looking statements, and this report, including this item 2, should be read in conjunction with these risk factors.",discussion
PART I. FINANCIAL INFORMATION,Item 2. Management's Discussion and Analysis of Financial Condition and Results of Operations,"to the extent circumstances require or we deem it otherwise necessary, we will update or amend these risk factors in a form 10-q or form 8-k.",discussion
PART I. FINANCIAL INFORMATION,Item 2. Management's Discussion and Analysis of Financial Condition and Results of Operations,"information regarding new risk factors or material changes to our risk factors, if any, is set forth in item 1a of part ii of this report.",discussion
PART I. FINANCIAL INFORMATION,Item 2. Management's Discussion and Analysis of Financial Condition and Results of Operations,"forward-looking statements should not be read as a guarantee of future performance or results, and will not necessarily be accurate indications of the times that, or by which, such performance or results will be achieved.",discussion
PART I. FINANCIAL INFORMATION,Item 2. Management's Discussion and Analysis of Financial Condition and Results of Operations,forward-looking information is subject to risks and uncertainties that could cause actual performance or results to differ materially from those expressed in the statements.,discussion
PART I. FINANCIAL INFORMATION,Item 2. Management's Discussion and Analysis of Financial Condition and Results of Operations,forward-looking statements speak only as of the date the statement was made.,discussion
PART I. FINANCIAL INFORMATION,Item 2. Management's Discussion and Analysis of Financial Condition and Results of Operations,"we assume no obligation to update forward-looking information to reflect actual results, changes in assumptions or changes in other factors affecting forward-looking information.",discussion
PART I. FINANCIAL INFORMATION,Item 2. Management's Discussion and Analysis of Financial Condition and Results of Operations,"if we do update one or more forward-looking statements, no inference should be drawn that we will make additional updates with respect thereto or with respect to other forward-looking statements.",discussion
