seq,description,document,href,type,size
1,10-Q,fb-09302018x10q.htm,https://www.sec.gov/Archives/edgar/data/1326801/000132680118000067/fb-09302018x10q.htm,10-Q,1594905
2,EXHIBIT 31.1,fb-09302018xex311.htm,https://www.sec.gov/Archives/edgar/data/1326801/000132680118000067/fb-09302018xex311.htm,EX-31.1,10536
3,EXHIBIT 31.2,fb-09302018xex312.htm,https://www.sec.gov/Archives/edgar/data/1326801/000132680118000067/fb-09302018xex312.htm,EX-31.2,10654
4,EXHIBIT 32.1,fb-09302018xex321.htm,https://www.sec.gov/Archives/edgar/data/1326801/000132680118000067/fb-09302018xex321.htm,EX-32.1,7827
5,EXHIBIT 32.2,fb-09302018xex322.htm,https://www.sec.gov/Archives/edgar/data/1326801/000132680118000067/fb-09302018xex322.htm,EX-32.2,7834
12,,dauq318grapha07.jpg,https://www.sec.gov/Archives/edgar/data/1326801/000132680118000067/dauq318grapha07.jpg,GRAPHIC,248420
13,,mauq318grapha05.jpg,https://www.sec.gov/Archives/edgar/data/1326801/000132680118000067/mauq318grapha05.jpg,GRAPHIC,156799
14,,revandarpu06302017a02.jpg,https://www.sec.gov/Archives/edgar/data/1326801/000132680118000067/revandarpu06302017a02.jpg,GRAPHIC,13431
15,,revenueq318grapha04.jpg,https://www.sec.gov/Archives/edgar/data/1326801/000132680118000067/revenueq318grapha04.jpg,GRAPHIC,153582
NA,Complete submission text file,0001326801-18-000067.txt,https://www.sec.gov/Archives/edgar/data/1326801/000132680118000067/0001326801-18-000067.txt, ,7484474
6,XBRL INSTANCE DOCUMENT,fb-20180930.xml,https://www.sec.gov/Archives/edgar/data/1326801/000132680118000067/fb-20180930.xml,EX-101.INS,1529879
7,XBRL TAXONOMY EXTENSION SCHEMA DOCUMENT,fb-20180930.xsd,https://www.sec.gov/Archives/edgar/data/1326801/000132680118000067/fb-20180930.xsd,EX-101.SCH,39631
8,XBRL TAXONOMY EXTENSION CALCULATION LINKBASE DOCUMENT,fb-20180930_cal.xml,https://www.sec.gov/Archives/edgar/data/1326801/000132680118000067/fb-20180930_cal.xml,EX-101.CAL,75840
9,XBRL TAXONOMY EXTENSION DEFINITION LINKBASE DOCUMENT,fb-20180930_def.xml,https://www.sec.gov/Archives/edgar/data/1326801/000132680118000067/fb-20180930_def.xml,EX-101.DEF,221142
10,XBRL TAXONOMY EXTENSION LABEL LINKBASE DOCUMENT,fb-20180930_lab.xml,https://www.sec.gov/Archives/edgar/data/1326801/000132680118000067/fb-20180930_lab.xml,EX-101.LAB,557492
11,XBRL TAXONOMY EXTENSION PRESENTATION LINKBASE DOCUMENT,fb-20180930_pre.xml,https://www.sec.gov/Archives/edgar/data/1326801/000132680118000067/fb-20180930_pre.xml,EX-101.PRE,321018
