seq,description,document,href,type,size
1,10-Q,amzn-20150630x10q.htm,https://www.sec.gov/Archives/edgar/data/1018724/000101872415000087/amzn-20150630x10q.htm,10-Q,1422322
2,SECTION 302 CEO CERTIFICATION,amzn-20150630xex311.htm,https://www.sec.gov/Archives/edgar/data/1018724/000101872415000087/amzn-20150630xex311.htm,EX-31.1,8561
3,SECTION 302 CFO CERTIFICATION,amzn-20150630xex312.htm,https://www.sec.gov/Archives/edgar/data/1018724/000101872415000087/amzn-20150630xex312.htm,EX-31.2,8703
4,SECTION 906 CEO CERTIFICATION,amzn-20150630xex321.htm,https://www.sec.gov/Archives/edgar/data/1018724/000101872415000087/amzn-20150630xex321.htm,EX-32.1,5600
5,SECTION 906 CFO CERTIFICATION,amzn-20150630xex322.htm,https://www.sec.gov/Archives/edgar/data/1018724/000101872415000087/amzn-20150630xex322.htm,EX-32.2,5750
NA,Complete submission text file,0001018724-15-000087.txt,https://www.sec.gov/Archives/edgar/data/1018724/000101872415000087/0001018724-15-000087.txt, ,5766603
6,XBRL INSTANCE DOCUMENT,amzn-20150630.xml,https://www.sec.gov/Archives/edgar/data/1018724/000101872415000087/amzn-20150630.xml,EX-101.INS,1099558
7,XBRL TAXONOMY EXTENSION SCHEMA DOCUMENT,amzn-20150630.xsd,https://www.sec.gov/Archives/edgar/data/1018724/000101872415000087/amzn-20150630.xsd,EX-101.SCH,40622
8,XBRL TAXONOMY EXTENSION CALCULATION LINKBASE DOCUMENT,amzn-20150630_cal.xml,https://www.sec.gov/Archives/edgar/data/1018724/000101872415000087/amzn-20150630_cal.xml,EX-101.CAL,94722
9,XBRL TAXONOMY EXTENSION DEFINITION LINKBASE DOCUMENT,amzn-20150630_def.xml,https://www.sec.gov/Archives/edgar/data/1018724/000101872415000087/amzn-20150630_def.xml,EX-101.DEF,231361
10,XBRL TAXONOMY EXTENSION LABEL LINKBASE DOCUMENT,amzn-20150630_lab.xml,https://www.sec.gov/Archives/edgar/data/1018724/000101872415000087/amzn-20150630_lab.xml,EX-101.LAB,552042
11,XBRL TAXONOMY EXTENSION PRESENTATION LINKBASE DOCUMENT,amzn-20150630_pre.xml,https://www.sec.gov/Archives/edgar/data/1018724/000101872415000087/amzn-20150630_pre.xml,EX-101.PRE,307775
