seq,description,document,href,type,size
1,10-Q,ecl-20190630x10q.htm,https://www.sec.gov/Archives/edgar/data/31462/000155837019006736/ecl-20190630x10q.htm,10-Q,5832296
2,EX-15.1,ecl-20190630ex15177d136.htm,https://www.sec.gov/Archives/edgar/data/31462/000155837019006736/ecl-20190630ex15177d136.htm,EX-15.1,11605
3,EX-31.1,ecl-20190630ex3115b7c4a.htm,https://www.sec.gov/Archives/edgar/data/31462/000155837019006736/ecl-20190630ex3115b7c4a.htm,EX-31.1,15172
4,EX-31.2,ecl-20190630ex312fbfbfc.htm,https://www.sec.gov/Archives/edgar/data/31462/000155837019006736/ecl-20190630ex312fbfbfc.htm,EX-31.2,19027
5,EX-32.1,ecl-20190630ex32110ce06.htm,https://www.sec.gov/Archives/edgar/data/31462/000155837019006736/ecl-20190630ex32110ce06.htm,EX-32.1,10319
NA,Complete submission text file,0001558370-19-006736.txt,https://www.sec.gov/Archives/edgar/data/31462/000155837019006736/0001558370-19-006736.txt, ,21209013
6,EX-101.SCH,ecl-20190630.xsd,https://www.sec.gov/Archives/edgar/data/31462/000155837019006736/ecl-20190630.xsd,EX-101.SCH,65230
7,EX-101.CAL,ecl-20190630_cal.xml,https://www.sec.gov/Archives/edgar/data/31462/000155837019006736/ecl-20190630_cal.xml,EX-101.CAL,104193
8,EX-101.DEF,ecl-20190630_def.xml,https://www.sec.gov/Archives/edgar/data/31462/000155837019006736/ecl-20190630_def.xml,EX-101.DEF,287602
9,EX-101.LAB,ecl-20190630_lab.xml,https://www.sec.gov/Archives/edgar/data/31462/000155837019006736/ecl-20190630_lab.xml,EX-101.LAB,696446
10,EX-101.PRE,ecl-20190630_pre.xml,https://www.sec.gov/Archives/edgar/data/31462/000155837019006736/ecl-20190630_pre.xml,EX-101.PRE,486794
11,EXTRACTED XBRL INSTANCE DOCUMENT,ecl-20190630x10q_htm.xml,https://www.sec.gov/Archives/edgar/data/31462/000155837019006736/ecl-20190630x10q_htm.xml,XML,5993130
