seq,description,document,href,type,size
1,10-Q,amt10qq22017.htm,https://www.sec.gov/Archives/edgar/data/1053507/000105350717000045/amt10qq22017.htm,10-Q,2161648
2,EXHIBIT 12,exhibit12q22017.htm,https://www.sec.gov/Archives/edgar/data/1053507/000105350717000045/exhibit12q22017.htm,EX-12,86655
3,EXHIBIT 31.1,exhibit311q22017.htm,https://www.sec.gov/Archives/edgar/data/1053507/000105350717000045/exhibit311q22017.htm,EX-31.1,15597
4,EXHIBIT 31.2,exhibit312q22017.htm,https://www.sec.gov/Archives/edgar/data/1053507/000105350717000045/exhibit312q22017.htm,EX-31.2,16264
5,EXHIBIT 32,exhibit32q22017.htm,https://www.sec.gov/Archives/edgar/data/1053507/000105350717000045/exhibit32q22017.htm,EX-32,16907
NA,Complete submission text file,0001053507-17-000045.txt,https://www.sec.gov/Archives/edgar/data/1053507/000105350717000045/0001053507-17-000045.txt, ,11170633
6,XBRL INSTANCE DOCUMENT,amt-20170630.xml,https://www.sec.gov/Archives/edgar/data/1053507/000105350717000045/amt-20170630.xml,EX-101.INS,2753021
7,XBRL TAXONOMY EXTENSION SCHEMA DOCUMENT,amt-20170630.xsd,https://www.sec.gov/Archives/edgar/data/1053507/000105350717000045/amt-20170630.xsd,EX-101.SCH,57733
8,XBRL TAXONOMY EXTENSION CALCULATION LINKBASE DOCUMENT,amt-20170630_cal.xml,https://www.sec.gov/Archives/edgar/data/1053507/000105350717000045/amt-20170630_cal.xml,EX-101.CAL,116016
9,XBRL TAXONOMY EXTENSION DEFINITION LINKBASE DOCUMENT,amt-20170630_def.xml,https://www.sec.gov/Archives/edgar/data/1053507/000105350717000045/amt-20170630_def.xml,EX-101.DEF,379331
10,XBRL TAXONOMY EXTENSION LABEL LINKBASE DOCUMENT,amt-20170630_lab.xml,https://www.sec.gov/Archives/edgar/data/1053507/000105350717000045/amt-20170630_lab.xml,EX-101.LAB,849267
11,XBRL TAXONOMY EXTENSION PRESENTATION LINKBASE DOCUMENT,amt-20170630_pre.xml,https://www.sec.gov/Archives/edgar/data/1053507/000105350717000045/amt-20170630_pre.xml,EX-101.PRE,535699
