seq,description,document,href,type,size
1,10-Q,a3q10q09-29x19.htm,https://www.sec.gov/Archives/edgar/data/200406/000020040619000066/a3q10q09-29x19.htm,10-Q,4848378
2,EXHIBIT 31.1 CEO CERTIFICATION,a201910-q3qexhibit311c.htm,https://www.sec.gov/Archives/edgar/data/200406/000020040619000066/a201910-q3qexhibit311c.htm,EX-31.1,9413
3,EXHIBIT 31.2 CFO CERTIFICATION,a201910-q3qexhibit312c.htm,https://www.sec.gov/Archives/edgar/data/200406/000020040619000066/a201910-q3qexhibit312c.htm,EX-31.2,10323
4,EXHIBIT 32.1 CEO 906 CERTIFICATION,a201910-q3qexhibit321c.htm,https://www.sec.gov/Archives/edgar/data/200406/000020040619000066/a201910-q3qexhibit321c.htm,EX-32.1,11508
5,EXHIBIT 32.2 CFO CERTIFICATION 906,a201910-q3qexhibit322c.htm,https://www.sec.gov/Archives/edgar/data/200406/000020040619000066/a201910-q3qexhibit322c.htm,EX-32.2,11829
11,,chart-13e65b28c8c45eb28b3.jpg,https://www.sec.gov/Archives/edgar/data/200406/000020040619000066/chart-13e65b28c8c45eb28b3.jpg,GRAPHIC,30227
12,,chart-19f8031870cb5af796f.jpg,https://www.sec.gov/Archives/edgar/data/200406/000020040619000066/chart-19f8031870cb5af796f.jpg,GRAPHIC,31675
13,,chart-82e675300c1e5868866.jpg,https://www.sec.gov/Archives/edgar/data/200406/000020040619000066/chart-82e675300c1e5868866.jpg,GRAPHIC,27714
14,,chart-02690e17cfad53e48ed.jpg,https://www.sec.gov/Archives/edgar/data/200406/000020040619000066/chart-02690e17cfad53e48ed.jpg,GRAPHIC,26414
NA,Complete submission text file,0000200406-19-000066.txt,https://www.sec.gov/Archives/edgar/data/200406/000020040619000066/0000200406-19-000066.txt, ,20570024
6,XBRL TAXONOMY EXTENSION SCHEMA DOCUMENT,jnj-20190929.xsd,https://www.sec.gov/Archives/edgar/data/200406/000020040619000066/jnj-20190929.xsd,EX-101.SCH,69419
7,XBRL TAXONOMY EXTENSION CALCULATION LINKBASE DOCUMENT,jnj-20190929_cal.xml,https://www.sec.gov/Archives/edgar/data/200406/000020040619000066/jnj-20190929_cal.xml,EX-101.CAL,114428
8,XBRL TAXONOMY EXTENSION DEFINITION LINKBASE DOCUMENT,jnj-20190929_def.xml,https://www.sec.gov/Archives/edgar/data/200406/000020040619000066/jnj-20190929_def.xml,EX-101.DEF,440864
9,XBRL TAXONOMY EXTENSION LABEL LINKBASE DOCUMENT,jnj-20190929_lab.xml,https://www.sec.gov/Archives/edgar/data/200406/000020040619000066/jnj-20190929_lab.xml,EX-101.LAB,1004477
10,XBRL TAXONOMY EXTENSION PRESENTATION LINKBASE DOCUMENT,jnj-20190929_pre.xml,https://www.sec.gov/Archives/edgar/data/200406/000020040619000066/jnj-20190929_pre.xml,EX-101.PRE,601129
36,EXTRACTED XBRL INSTANCE DOCUMENT,a3q10q09-29x19_htm.xml,https://www.sec.gov/Archives/edgar/data/200406/000020040619000066/a3q10q09-29x19_htm.xml,XML,5912913
