seq,description,document,href,type,size
1,10-Q,amzn-2019630x10q.htm,https://www.sec.gov/Archives/edgar/data/1018724/000101872419000071/amzn-2019630x10q.htm,10-Q,1753579
2,EXHIBIT 31.1,amzn-2019630xex311.htm,https://www.sec.gov/Archives/edgar/data/1018724/000101872419000071/amzn-2019630xex311.htm,EX-31.1,8965
3,EXHIBIT 31.2,amzn-2019630xex312.htm,https://www.sec.gov/Archives/edgar/data/1018724/000101872419000071/amzn-2019630xex312.htm,EX-31.2,9107
4,EXHIBIT 32.1,amzn-2019630xex321.htm,https://www.sec.gov/Archives/edgar/data/1018724/000101872419000071/amzn-2019630xex321.htm,EX-32.1,5517
5,EXHIBIT 32.2,amzn-2019630xex322.htm,https://www.sec.gov/Archives/edgar/data/1018724/000101872419000071/amzn-2019630xex322.htm,EX-32.2,5667
NA,Complete submission text file,0001018724-19-000071.txt,https://www.sec.gov/Archives/edgar/data/1018724/000101872419000071/0001018724-19-000071.txt, ,7822009
6,XBRL TAXONOMY EXTENSION SCHEMA DOCUMENT,amzn-20190630.xsd,https://www.sec.gov/Archives/edgar/data/1018724/000101872419000071/amzn-20190630.xsd,EX-101.SCH,53472
7,XBRL TAXONOMY EXTENSION CALCULATION LINKBASE DOCUMENT,amzn-20190630_cal.xml,https://www.sec.gov/Archives/edgar/data/1018724/000101872419000071/amzn-20190630_cal.xml,EX-101.CAL,140575
8,XBRL TAXONOMY EXTENSION DEFINITION LINKBASE DOCUMENT,amzn-20190630_def.xml,https://www.sec.gov/Archives/edgar/data/1018724/000101872419000071/amzn-20190630_def.xml,EX-101.DEF,170642
9,XBRL TAXONOMY EXTENSION LABEL LINKBASE DOCUMENT,amzn-20190630_lab.xml,https://www.sec.gov/Archives/edgar/data/1018724/000101872419000071/amzn-20190630_lab.xml,EX-101.LAB,719086
10,XBRL TAXONOMY EXTENSION PRESENTATION LINKBASE DOCUMENT,amzn-20190630_pre.xml,https://www.sec.gov/Archives/edgar/data/1018724/000101872419000071/amzn-20190630_pre.xml,EX-101.PRE,374356
11,EXTRACTED XBRL INSTANCE DOCUMENT,amzn-2019630x10q_htm.xml,https://www.sec.gov/Archives/edgar/data/1018724/000101872419000071/amzn-2019630x10q_htm.xml,XML,1465158
