seq,description,document,href,type,size
1,10-K,ecl-20151231x10k.htm,https://www.sec.gov/Archives/edgar/data/31462/000155837016003581/ecl-20151231x10k.htm,10-K,8626072
2,EX-10.16,ecl-20151231ex101632865.htm,https://www.sec.gov/Archives/edgar/data/31462/000155837016003581/ecl-20151231ex101632865.htm,EX-10.16,10723
3,EX-10.17(VI),ecl-20151231ex1017vidf5.htm,https://www.sec.gov/Archives/edgar/data/31462/000155837016003581/ecl-20151231ex1017vidf5.htm,EX-10.17(VI),62025
4,EX-21.1,ecl-20151231ex21108d821.htm,https://www.sec.gov/Archives/edgar/data/31462/000155837016003581/ecl-20151231ex21108d821.htm,EX-21.1,322184
5,EX-24.1,ecl-20151231ex241922e6f.htm,https://www.sec.gov/Archives/edgar/data/31462/000155837016003581/ecl-20151231ex241922e6f.htm,EX-24.1,30657
6,EX-31.1,ecl-20151231ex3112ee204.htm,https://www.sec.gov/Archives/edgar/data/31462/000155837016003581/ecl-20151231ex3112ee204.htm,EX-31.1,38923
7,EX-32.1,ecl-20151231ex3214fc60f.htm,https://www.sec.gov/Archives/edgar/data/31462/000155837016003581/ecl-20151231ex3214fc60f.htm,EX-32.1,9233
8,GRAPHIC,ecl20151231x10k001.jpg,https://www.sec.gov/Archives/edgar/data/31462/000155837016003581/ecl20151231x10k001.jpg,GRAPHIC,31969
9,GRAPHIC,ecl20151231x10k002.jpg,https://www.sec.gov/Archives/edgar/data/31462/000155837016003581/ecl20151231x10k002.jpg,GRAPHIC,34656
10,GRAPHIC,ecl20151231x10k003.jpg,https://www.sec.gov/Archives/edgar/data/31462/000155837016003581/ecl20151231x10k003.jpg,GRAPHIC,53022
11,GRAPHIC,ecl20151231x10k004.jpg,https://www.sec.gov/Archives/edgar/data/31462/000155837016003581/ecl20151231x10k004.jpg,GRAPHIC,2530
12,GRAPHIC,ecl20151231x10k005.jpg,https://www.sec.gov/Archives/edgar/data/31462/000155837016003581/ecl20151231x10k005.jpg,GRAPHIC,2543
13,GRAPHIC,ecl20151231x10k006.jpg,https://www.sec.gov/Archives/edgar/data/31462/000155837016003581/ecl20151231x10k006.jpg,GRAPHIC,3014
NA,Complete submission text file,0001558370-16-003581.txt,https://www.sec.gov/Archives/edgar/data/31462/000155837016003581/0001558370-16-003581.txt, ,35215054
14,EX-101.INS,ecl-20151231.xml,https://www.sec.gov/Archives/edgar/data/31462/000155837016003581/ecl-20151231.xml,EX-101.INS,10416444
15,EX-101.SCH,ecl-20151231.xsd,https://www.sec.gov/Archives/edgar/data/31462/000155837016003581/ecl-20151231.xsd,EX-101.SCH,106897
16,EX-101.CAL,ecl-20151231_cal.xml,https://www.sec.gov/Archives/edgar/data/31462/000155837016003581/ecl-20151231_cal.xml,EX-101.CAL,145284
17,EX-101.DEF,ecl-20151231_def.xml,https://www.sec.gov/Archives/edgar/data/31462/000155837016003581/ecl-20151231_def.xml,EX-101.DEF,477718
18,EX-101.LAB,ecl-20151231_lab.xml,https://www.sec.gov/Archives/edgar/data/31462/000155837016003581/ecl-20151231_lab.xml,EX-101.LAB,1212064
19,EX-101.PRE,ecl-20151231_pre.xml,https://www.sec.gov/Archives/edgar/data/31462/000155837016003581/ecl-20151231_pre.xml,EX-101.PRE,854341
