seq,description,document,href,type,size
1,10-K,a10-k20189292018.htm,https://www.sec.gov/Archives/edgar/data/320193/000032019318000145/a10-k20189292018.htm,10-K,2405889
2,EXHIBIT 10.17,a10-kexhibit10172018.htm,https://www.sec.gov/Archives/edgar/data/320193/000032019318000145/a10-kexhibit10172018.htm,EX-10.17,54096
3,EXHIBIT 10.18,a10-kexhibit10182018.htm,https://www.sec.gov/Archives/edgar/data/320193/000032019318000145/a10-kexhibit10182018.htm,EX-10.18,72588
4,EXHIBIT 21.1,a10-kexhibit2112018.htm,https://www.sec.gov/Archives/edgar/data/320193/000032019318000145/a10-kexhibit2112018.htm,EX-21.1,8172
5,EXHIBIT 23.1,a10-kexhibit2312018.htm,https://www.sec.gov/Archives/edgar/data/320193/000032019318000145/a10-kexhibit2312018.htm,EX-23.1,10826
6,EXHIBIT 31.1,a10-kexhibit3112018.htm,https://www.sec.gov/Archives/edgar/data/320193/000032019318000145/a10-kexhibit3112018.htm,EX-31.1,15680
7,EXHIBIT 31.2,a10-kexhibit3122018.htm,https://www.sec.gov/Archives/edgar/data/320193/000032019318000145/a10-kexhibit3122018.htm,EX-31.2,15716
8,EXHIBIT 32.1,a10-kexhibit3212018.htm,https://www.sec.gov/Archives/edgar/data/320193/000032019318000145/a10-kexhibit3212018.htm,EX-32.1,15235
15,,a10-k9_chartx38133a09.jpg,https://www.sec.gov/Archives/edgar/data/320193/000032019318000145/a10-k9_chartx38133a09.jpg,GRAPHIC,84802
16,,g66145g66i24.jpg,https://www.sec.gov/Archives/edgar/data/320193/000032019318000145/g66145g66i24.jpg,GRAPHIC,10963
NA,Complete submission text file,0000320193-18-000145.txt,https://www.sec.gov/Archives/edgar/data/320193/000032019318000145/0000320193-18-000145.txt, ,12275572
9,XBRL INSTANCE DOCUMENT,aapl-20180929.xml,https://www.sec.gov/Archives/edgar/data/320193/000032019318000145/aapl-20180929.xml,EX-101.INS,3226268
10,XBRL TAXONOMY EXTENSION SCHEMA DOCUMENT,aapl-20180929.xsd,https://www.sec.gov/Archives/edgar/data/320193/000032019318000145/aapl-20180929.xsd,EX-101.SCH,58783
11,XBRL TAXONOMY EXTENSION CALCULATION LINKBASE DOCUMENT,aapl-20180929_cal.xml,https://www.sec.gov/Archives/edgar/data/320193/000032019318000145/aapl-20180929_cal.xml,EX-101.CAL,119640
12,XBRL TAXONOMY EXTENSION DEFINITION LINKBASE DOCUMENT,aapl-20180929_def.xml,https://www.sec.gov/Archives/edgar/data/320193/000032019318000145/aapl-20180929_def.xml,EX-101.DEF,284952
13,XBRL TAXONOMY EXTENSION LABEL LINKBASE DOCUMENT,aapl-20180929_lab.xml,https://www.sec.gov/Archives/edgar/data/320193/000032019318000145/aapl-20180929_lab.xml,EX-101.LAB,883295
14,XBRL TAXONOMY EXTENSION PRESENTATION LINKBASE DOCUMENT,aapl-20180929_pre.xml,https://www.sec.gov/Archives/edgar/data/320193/000032019318000145/aapl-20180929_pre.xml,EX-101.PRE,511226
