part.name,item.name,sentence_text,section
PART II,Item 7. Management's Discussion and Analysis of Financial Condition and Results of Operations,item 7.,discussion
PART II,Item 7. Management's Discussion and Analysis of Financial Condition and Results of Operations,"management's discussion and analysis of financial condition and results of operations this section and other parts of this annual report on form 10-k (""form 10-k"") contain forward-looking statements, within the meaning of the private securities litigation reform act of 1995, that involve risks and uncertainties.",discussion
PART II,Item 7. Management's Discussion and Analysis of Financial Condition and Results of Operations,forward-looking statements provide current expectations of future events based on certain assumptions and include any statement that does not directly relate to any historical or current fact.,discussion
PART II,Item 7. Management's Discussion and Analysis of Financial Condition and Results of Operations,"forward-looking statements can also be identified by words such as ""future,""  ""anticipates,""  ""believes,""  ""estimates,""  ""expects,""  ""intends,""  ""plans,""  ""predicts,""  ""will,""  ""would,""  ""could,""  ""can,""  ""may,""  and similar terms.",discussion
PART II,Item 7. Management's Discussion and Analysis of Financial Condition and Results of Operations,forward-looking statements are not guarantees of future performance and the company's actual results may differ significantly from the results discussed in the forward-looking statements.,discussion
PART II,Item 7. Management's Discussion and Analysis of Financial Condition and Results of Operations,"factors that might cause such differences include, but are not limited to, those discussed in part i, item 1a of this form 10-k under the heading ""risk factors,""  which are incorporated herein by reference.",discussion
PART II,Item 7. Management's Discussion and Analysis of Financial Condition and Results of Operations,"the following discussion should be read in conjunction with the consolidated financial statements and notes thereto included in part ii, item 8 of this form 10-k.",discussion
PART II,Item 7. Management's Discussion and Analysis of Financial Condition and Results of Operations,all information presented herein is based on the company's fiscal calendar.,discussion
PART II,Item 7. Management's Discussion and Analysis of Financial Condition and Results of Operations,"unless otherwise stated, references to particular years, quarters, months or periods refer to the company's fiscal years ended in september and the associated quarters, months and periods of those fiscal years.",discussion
PART II,Item 7. Management's Discussion and Analysis of Financial Condition and Results of Operations,"each of the terms the ""company"" and ""apple"" as used herein refers collectively to apple inc. and its wholly-owned subsidiaries, unless otherwise stated.",discussion
PART II,Item 7. Management's Discussion and Analysis of Financial Condition and Results of Operations,"the company assumes no obligation to revise or update any forward-looking statements for any reason, except as required by law.",discussion
PART II,Item 7. Management's Discussion and Analysis of Financial Condition and Results of Operations,"overview and highlights the company designs, manufactures and markets mobile communication and media devices and personal computers, and sells a variety of related software, services, accessories and third-party digital content and applications.",discussion
PART II,Item 7. Management's Discussion and Analysis of Financial Condition and Results of Operations,"the company's products and services include iphone, ipad, mac, apple watch, airpods, apple tv, homepod, a portfolio of consumer and professional software applications, ios, macos, watchos and tvos operating systems, icloud, apple pay and a variety of other accessory, service and support offerings.",discussion
PART II,Item 7. Management's Discussion and Analysis of Financial Condition and Results of Operations,"the company sells and delivers digital content and applications through the itunes store, app store, mac app store, tv app store, book store and apple music (collectively ""digital content and services"").",discussion
PART II,Item 7. Management's Discussion and Analysis of Financial Condition and Results of Operations,"the company sells its products worldwide through its retail stores, online stores and direct sales force, as well as through third-party cellular network carriers, wholesalers, retailers and resellers.",discussion
PART II,Item 7. Management's Discussion and Analysis of Financial Condition and Results of Operations,"in addition, the company sells a variety of third-party apple-compatible products, including application software and various accessories, through its retail and online stores.",discussion
PART II,Item 7. Management's Discussion and Analysis of Financial Condition and Results of Operations,"the company sells to consumers, small and mid-sized businesses and education, enterprise and government customers.",discussion
PART II,Item 7. Management's Discussion and Analysis of Financial Condition and Results of Operations,fiscal period the company's fiscal year is the 52- or 53-week period that ends on the last saturday of september.,discussion
PART II,Item 7. Management's Discussion and Analysis of Financial Condition and Results of Operations,"the company's fiscal years 2018 and 2016 spanned 52 weeks each, whereas fiscal year 2017 included 53 weeks.",discussion
PART II,Item 7. Management's Discussion and Analysis of Financial Condition and Results of Operations,"a 14th week was included in the first quarter of 2017, as is done every five or six years, to realign the company's fiscal quarters with calendar quarters.",discussion
PART II,Item 7. Management's Discussion and Analysis of Financial Condition and Results of Operations,"fiscal 2018 highlights net sales increased 16% or $36.4 billion during 2018 compared to 2017, driven by higher net sales of iphone, services and other products.",discussion
PART II,Item 7. Management's Discussion and Analysis of Financial Condition and Results of Operations,net sales increased year-over-year in each of the geographic reportable segments.,discussion
PART II,Item 7. Management's Discussion and Analysis of Financial Condition and Results of Operations,"in may 2018, the company announced a new capital return program of $100 billion and raised its quarterly dividend from $0.63 to $0.73 per share beginning in may 2018.",discussion
PART II,Item 7. Management's Discussion and Analysis of Financial Condition and Results of Operations,"during 2018, the company spent $73.1 billion to repurchase shares of its common stock and paid dividends and dividend equivalents of $13.7 billion.",discussion
PART II,Item 7. Management's Discussion and Analysis of Financial Condition and Results of Operations,"fiscal 2017 highlights net sales increased 6% or $13.6 billion during 2017 compared to 2016, primarily driven by growth in services, iphone and mac.",discussion
PART II,Item 7. Management's Discussion and Analysis of Financial Condition and Results of Operations,"the year-over-year increase in net sales reflected growth in each of the geographic reportable segments, with the exception of greater china.",discussion
PART II,Item 7. Management's Discussion and Analysis of Financial Condition and Results of Operations,the weakness in foreign currencies relative to the u.s. dollar had an unfavorable impact on net sales during 2017.,discussion
PART II,Item 7. Management's Discussion and Analysis of Financial Condition and Results of Operations,"in may 2017, the company announced an increase to its capital return program by raising the total size of the program from $250 billion to $300 billion.",discussion
PART II,Item 7. Management's Discussion and Analysis of Financial Condition and Results of Operations,this included increasing its share repurchase authorization from $175 billion to $210 billion and raising its quarterly dividend from $0.57 to $0.63 per share beginning in may 2017.,discussion
PART II,Item 7. Management's Discussion and Analysis of Financial Condition and Results of Operations,"during 2017, the company spent $33.0 billion to repurchase shares of its common stock and paid dividends and dividend equivalents of $12.8 billion.",discussion
PART II,Item 7. Management's Discussion and Analysis of Financial Condition and Results of Operations,the $210 billion share repurchase program was completed in the third quarter of 2018.,discussion
PART II,Item 7. Management's Discussion and Analysis of Financial Condition and Results of Operations,"the company issued $24.0 billion of u.s. dollar - denominated term debt, €2.5 billion of euro-denominated term debt and c$2.5 billion of canadian dollar - denominated term debt during 2017.",discussion
PART II,Item 7. Management's Discussion and Analysis of Financial Condition and Results of Operations,apple inc.,discussion
PART II,Item 7. Management's Discussion and Analysis of Financial Condition and Results of Operations,"| 2018 form 10-k | 22 sales data the following table shows net sales by reportable segment and net sales and unit sales by product for 2018, 2017 and 2016 (dollars in millions and units in thousands): 2018   change   2017   change   2016 net sales by reportable segment:                   americas $ 112,093     16  %   $ 96,600     12  %   $ 86,613   europe 62,420     14  %   54,938     10  %   49,952   greater china 51,942     16  %   44,764     (8 )%   48,492   japan 21,733     23  %   17,733     5  %   16,928   rest of asia pacific 17,407     15  %   15,199     11  %   13,654   total net sales $ 265,595     16  %   $ 229,234     6  %   $ 215,639                       net sales by product:                   iphone (1) $ 166,699     18  %   $ 141,319     3  %   $ 136,700   ipad (1) 18,805     (2 )%   19,222     (7 )%   20,628   mac (1) 25,484     (1 )%   25,850     13  %   22,831   services (2) 37,190     24  %   29,980     23  %   24,348   other products (1)(3) 17,417     35  %   12,863     16  %   11,132   total net sales $ 265,595     16  %   $ 229,234     6  %   $ 215,639                       unit sales by product:                   iphone 217,722      -   %   216,756     2  %   211,884   ipad 43,535      -   %   43,753     (4 )%   45,590   mac 18,209     (5 )%   19,251     4  %   18,484 (1) includes deferrals and amortization of related software upgrade rights and non-software services.",discussion
PART II,Item 7. Management's Discussion and Analysis of Financial Condition and Results of Operations,"(2) includes revenue from digital content and services, applecare, apple pay, licensing and other services.",discussion
PART II,Item 7. Management's Discussion and Analysis of Financial Condition and Results of Operations,services net sales in 2018 included a favorable one-time item of $236 million in connection with the final resolution of various lawsuits.,discussion
PART II,Item 7. Management's Discussion and Analysis of Financial Condition and Results of Operations,services net sales in 2017 included a favorable one-time adjustment of $640 million due to a change in estimate based on the availability of additional supporting information.,discussion
PART II,Item 7. Management's Discussion and Analysis of Financial Condition and Results of Operations,"(3) includes sales of airpods, apple tv, apple watch, beats products, homepod, ipod touch and other apple-branded and third-party accessories.",discussion
PART II,Item 7. Management's Discussion and Analysis of Financial Condition and Results of Operations,apple inc.,discussion
PART II,Item 7. Management's Discussion and Analysis of Financial Condition and Results of Operations,"| 2018 form 10-k | 23 product performance iphone the following table presents iphone net sales and unit sales information for 2018, 2017 and 2016 (dollars in millions and units in thousands): 2018   change   2017   change   2016 net sales $ 166,699     18 %   $ 141,319     3 %   $ 136,700   percentage of total net sales 63 %         62 %       63 % unit sales 217,722      -  %   216,756     2 %   211,884 iphone net sales increased during 2018 compared to 2017 due primarily to a different mix of iphones resulting in higher average selling prices. iphone net sales increased during 2017 compared to 2016 due to higher iphone unit sales and a different mix of iphones with higher average selling prices.",discussion
PART II,Item 7. Management's Discussion and Analysis of Financial Condition and Results of Operations,"the weakness in foreign currencies relative to the u.s. dollar had an unfavorable impact on iphone net sales during 2017. ipad the following table presents ipad net sales and unit sales information for 2018, 2017 and 2016 (dollars in millions and units in thousands): 2018   change   2017   change   2016 net sales $ 18,805     (2 )%   $ 19,222     (7 )%   $ 20,628   percentage of total net sales 7 %       8 %       10 % unit sales 43,535      -   %   43,753     (4 )%   45,590 ipad net sales decreased during 2018 compared to 2017 due primarily to a different mix of ipads resulting in lower average selling prices.",discussion
PART II,Item 7. Management's Discussion and Analysis of Financial Condition and Results of Operations,the strength in foreign currencies relative to the u.s. dollar had a favorable impact on ipad net sales during 2018. ipad net sales decreased during 2017 compared to 2016 due to lower ipad unit sales and a different mix of ipads with lower average selling prices.,discussion
PART II,Item 7. Management's Discussion and Analysis of Financial Condition and Results of Operations,the weakness in foreign currencies relative to the u.s. dollar had an unfavorable impact on ipad net sales during 2017.,discussion
PART II,Item 7. Management's Discussion and Analysis of Financial Condition and Results of Operations,"mac the following table presents mac net sales and unit sales information for 2018, 2017 and 2016 (dollars in millions and units in thousands): 2018   change   2017   change   2016 net sales $ 25,484     (1 )%   $ 25,850     13 %   $ 22,831   percentage of total net sales 10 %       11 %       11 % unit sales 18,209     (5 )%   19,251     4 %   18,484 mac net sales decreased during 2018 compared to 2017 due primarily to lower mac unit sales, partially offset by a different mix of macs with higher average selling prices.",discussion
PART II,Item 7. Management's Discussion and Analysis of Financial Condition and Results of Operations,the strength in foreign currencies relative to the u.s. dollar had a favorable impact on mac net sales during 2018.,discussion
PART II,Item 7. Management's Discussion and Analysis of Financial Condition and Results of Operations,mac net sales increased during 2017 compared to 2016 due primarily to a different mix of macs with higher average selling prices and higher mac unit sales.,discussion
PART II,Item 7. Management's Discussion and Analysis of Financial Condition and Results of Operations,the weakness in foreign currencies relative to the u.s. dollar had an unfavorable impact on mac net sales during 2017.,discussion
PART II,Item 7. Management's Discussion and Analysis of Financial Condition and Results of Operations,apple inc.,discussion
PART II,Item 7. Management's Discussion and Analysis of Financial Condition and Results of Operations,"| 2018 form 10-k | 24 services the following table presents services net sales information for 2018, 2017 and 2016 (dollars in millions): 2018   change   2017   change   2016 net sales $ 37,190     24 %   $ 29,980     23 %   $ 24,348   percentage of total net sales 14 %       13 %       11 % the year-over-year growth in services net sales in 2018 was due primarily to licensing, app store and applecare.",discussion
PART II,Item 7. Management's Discussion and Analysis of Financial Condition and Results of Operations,"during 2018, the company recognized a favorable one-time item of $236 million in connection with the final resolution of various lawsuits.",discussion
PART II,Item 7. Management's Discussion and Analysis of Financial Condition and Results of Operations,the year-over-year growth in services net sales in 2017 was due primarily to increases in app store and licensing sales.,discussion
PART II,Item 7. Management's Discussion and Analysis of Financial Condition and Results of Operations,services net sales in 2017 included a favorable one-time adjustment of $640 million due to a change in estimate based on the availability of additional supporting information.,discussion
PART II,Item 7. Management's Discussion and Analysis of Financial Condition and Results of Operations,segment operating performance the company manages its business primarily on a geographic basis.,discussion
PART II,Item 7. Management's Discussion and Analysis of Financial Condition and Results of Operations,"the company's reportable segments consist of the americas, europe, greater china, japan and rest of asia pacific.",discussion
PART II,Item 7. Management's Discussion and Analysis of Financial Condition and Results of Operations,americas includes both north and south america.,discussion
PART II,Item 7. Management's Discussion and Analysis of Financial Condition and Results of Operations,"europe includes european countries, as well as india, the middle east and africa.",discussion
PART II,Item 7. Management's Discussion and Analysis of Financial Condition and Results of Operations,"greater china includes china, hong kong and taiwan.",discussion
PART II,Item 7. Management's Discussion and Analysis of Financial Condition and Results of Operations,rest of asia pacific includes australia and those asian countries not included in the company's other reportable segments.,discussion
PART II,Item 7. Management's Discussion and Analysis of Financial Condition and Results of Operations,"although the reportable segments provide similar hardware and software products and similar services, each one is managed separately to better align with the location of the company's customers and distribution partners and the unique market dynamics of each geographic region.",discussion
PART II,Item 7. Management's Discussion and Analysis of Financial Condition and Results of Operations,"further information regarding the company's reportable segments can be found in part ii, item 8 of this form 10-k in the notes to consolidated financial statements in note 10, ""segment information and geographic data.""",discussion
PART II,Item 7. Management's Discussion and Analysis of Financial Condition and Results of Operations,"americas the following table presents americas net sales information for 2018, 2017 and 2016 (dollars in millions): 2018   change   2017   change   2016 net sales $ 112,093     16 %   $ 96,600     12 %   $ 86,613   percentage of total net sales 42 %       42 %       40 % americas net sales increased during 2018 compared to 2017 due to higher net sales of iphone, services and other products.",discussion
PART II,Item 7. Management's Discussion and Analysis of Financial Condition and Results of Operations,"americas net sales increased during 2017 compared to 2016 due primarily to higher net sales of iphone, services and mac.",discussion
PART II,Item 7. Management's Discussion and Analysis of Financial Condition and Results of Operations,"europe the following table presents europe net sales information for 2018, 2017 and 2016 (dollars in millions): 2018   change   2017   change   2016 net sales $ 62,420     14 %   $ 54,938     10 %   $ 49,952   percentage of total net sales 24 %       24 %       23 % europe net sales increased during 2018 compared to 2017 due primarily to higher net sales of iphone and services.",discussion
PART II,Item 7. Management's Discussion and Analysis of Financial Condition and Results of Operations,the strength in foreign currencies relative to the u.s. dollar had a favorable impact on europe net sales during 2018.,discussion
PART II,Item 7. Management's Discussion and Analysis of Financial Condition and Results of Operations,europe net sales increased during 2017 compared to 2016 due primarily to higher net sales of iphone and services.,discussion
PART II,Item 7. Management's Discussion and Analysis of Financial Condition and Results of Operations,the weakness in foreign currencies relative to the u.s. dollar had an unfavorable impact on europe net sales during 2017.,discussion
PART II,Item 7. Management's Discussion and Analysis of Financial Condition and Results of Operations,apple inc.,discussion
PART II,Item 7. Management's Discussion and Analysis of Financial Condition and Results of Operations,"| 2018 form 10-k | 25 greater china the following table presents greater china net sales information for 2018, 2017 and 2016 (dollars in millions): 2018   change   2017   change   2016 net sales $ 51,942     16 %   $ 44,764     (8 )%   $ 48,492   percentage of total net sales 20 %       20 %       22 % greater china net sales increased during 2018 compared to 2017 due primarily to higher net sales of iphone and services.",discussion
PART II,Item 7. Management's Discussion and Analysis of Financial Condition and Results of Operations,the strength in foreign currencies relative to the u.s. dollar had a favorable impact on greater china net sales during 2018.,discussion
PART II,Item 7. Management's Discussion and Analysis of Financial Condition and Results of Operations,"greater china net sales decreased during 2017 compared to 2016 due primarily to lower net sales of iphone, partially offset by higher net sales of services.",discussion
PART II,Item 7. Management's Discussion and Analysis of Financial Condition and Results of Operations,the weakness in foreign currencies relative to the u.s. dollar had an unfavorable impact on greater china net sales during 2017.,discussion
PART II,Item 7. Management's Discussion and Analysis of Financial Condition and Results of Operations,"japan the following table presents japan net sales information for 2018, 2017 and 2016 (dollars in millions): 2018   change   2017   change   2016 net sales $ 21,733     23 %   $ 17,733     5 %   $ 16,928   percentage of total net sales 8 %       8 %       8 % japan net sales increased during 2018 compared to 2017 due primarily to higher net sales of iphone and services.",discussion
PART II,Item 7. Management's Discussion and Analysis of Financial Condition and Results of Operations,the year-over-year increase in japan net sales in 2017 was due to higher net sales of services and the strength in the japanese yen relative to the u.s. dollar.,discussion
PART II,Item 7. Management's Discussion and Analysis of Financial Condition and Results of Operations,"rest of asia pacific the following table presents rest of asia pacific net sales information for 2018, 2017 and 2016 (dollars in millions): 2018   change   2017   change   2016 net sales $ 17,407     15 %   $ 15,199     11 %   $ 13,654   percentage of total net sales 7 %       7 %       6 % rest of asia pacific net sales increased during 2018 compared to 2017 due primarily to higher net sales of iphone and services.",discussion
PART II,Item 7. Management's Discussion and Analysis of Financial Condition and Results of Operations,the strength in foreign currencies relative to the u.s. dollar had a favorable impact on rest of asia pacific net sales during 2018.,discussion
PART II,Item 7. Management's Discussion and Analysis of Financial Condition and Results of Operations,"rest of asia pacific net sales increased during 2017 compared to 2016 due primarily to higher net sales of iphone, services and mac.",discussion
PART II,Item 7. Management's Discussion and Analysis of Financial Condition and Results of Operations,the strength in foreign currencies relative to the u.s. dollar had a favorable impact on rest of asia pacific net sales during 2017.,discussion
PART II,Item 7. Management's Discussion and Analysis of Financial Condition and Results of Operations,"gross margin gross margin for 2018, 2017 and 2016 was as follows (dollars in millions): 2018   2017   2016 net sales $ 265,595     $ 229,234     $ 215,639   cost of sales 163,756     141,048     131,376   gross margin $ 101,839     $ 88,186     $ 84,263   gross margin percentage 38.3 %   38.5 %   39.1 % gross margin increased in 2018 compared to 2017 due primarily to a favorable shift in mix of iphones with higher average selling prices and higher services net sales, partially offset by higher product cost structures.",discussion
PART II,Item 7. Management's Discussion and Analysis of Financial Condition and Results of Operations,"gross margin percentage decreased year-over-year due primarily to higher product cost structures, partially offset by higher services net sales.",discussion
PART II,Item 7. Management's Discussion and Analysis of Financial Condition and Results of Operations,the strength in foreign currencies relative to the u.s. dollar had a favorable impact on gross margin and gross margin percentage during 2018.,discussion
PART II,Item 7. Management's Discussion and Analysis of Financial Condition and Results of Operations,apple inc.,discussion
PART II,Item 7. Management's Discussion and Analysis of Financial Condition and Results of Operations,| 2018 form 10-k | 26 gross margin increased in 2017 compared to 2016 due primarily to a shift in mix to services and an overall increase in product volumes.,discussion
PART II,Item 7. Management's Discussion and Analysis of Financial Condition and Results of Operations,"gross margin percentage decreased year-over-year due primarily to higher product costs, partially offset by a favorable shift in mix to services.",discussion
PART II,Item 7. Management's Discussion and Analysis of Financial Condition and Results of Operations,the weakness in foreign currencies relative to the u.s. dollar had an unfavorable impact on gross margin and gross margin percentage during 2017.,discussion
PART II,Item 7. Management's Discussion and Analysis of Financial Condition and Results of Operations,the company anticipates gross margin percentage during the first quarter of 2019 to be between 38.0% and 38.5%.,discussion
PART II,Item 7. Management's Discussion and Analysis of Financial Condition and Results of Operations,the foregoing statement regarding the company's expected gross margin percentage in the first quarter of 2019 is forward-looking and could differ from actual results.,discussion
PART II,Item 7. Management's Discussion and Analysis of Financial Condition and Results of Operations,"the company's future gross margins can be impacted by multiple factors including, but not limited to, those set forth in part i, item 1a of this form 10-k under the heading ""risk factors"" and those described in this paragraph.",discussion
PART II,Item 7. Management's Discussion and Analysis of Financial Condition and Results of Operations,"in general, the company believes gross margins will be subject to volatility and remain under downward pressure due to a variety of factors, including: continued industry-wide global product pricing pressures and product pricing actions that the company may take in response to such pressures; increased competition; the company's ability to effectively stimulate demand for certain of its products; compressed product life cycles; potential increases in the cost of components and outside manufacturing services; the company's ability to manage product quality and warranty costs effectively; shifts in the mix of products and services, or in the geographic, currency or channel mix; fluctuations in exchange rates; and costs associated with the company's frequent introductions and transitions of products and services.",discussion
PART II,Item 7. Management's Discussion and Analysis of Financial Condition and Results of Operations,"operating expenses operating expenses for 2018, 2017 and 2016 were as follows (dollars in millions): 2018   change   2017   change   2016 research and development $ 14,236     23 %   $ 11,581     15 %   $ 10,045   percentage of total net sales 5 %       5 %       5 % selling, general and administrative $ 16,705     9 %   $ 15,261     8 %   $ 14,194   percentage of total net sales 6 %       7 %       7 % total operating expenses $ 30,941     15 %   $ 26,842     11 %   $ 24,239   percentage of total net sales 12 %       12 %       11 % research and development the year-over-year growth in r&d expense in 2018 was driven primarily by increases in headcount-related expenses, infrastructure-related costs and material costs to support expanded r&d activities.",discussion
PART II,Item 7. Management's Discussion and Analysis of Financial Condition and Results of Operations,r&d expense increased during 2017 compared to 2016 due primarily to increases in headcount-related expenses and material costs to support expanded r&d activities.,discussion
PART II,Item 7. Management's Discussion and Analysis of Financial Condition and Results of Operations,"the company continues to believe that focused investments in r&d are critical to its future growth and competitive position in the marketplace, and to the development of new and updated products and services that are central to the company's core business strategy.",discussion
PART II,Item 7. Management's Discussion and Analysis of Financial Condition and Results of Operations,"selling, general and administrative the year-over-year growth in selling, general and administrative expense in 2018 was driven primarily by increases in in headcount-related expenses, professional services and infrastructure-related costs.",discussion
PART II,Item 7. Management's Discussion and Analysis of Financial Condition and Results of Operations,"the increase in selling, general and administrative expense in 2017 compared to 2016 was driven primarily by an increase in headcount-related expenses, variable selling expenses and infrastructure-related costs.",discussion
PART II,Item 7. Management's Discussion and Analysis of Financial Condition and Results of Operations,"other income/(expense), net other income/(expense), net for 2018, 2017 and 2016 was as follows (dollars in millions): 2018   change   2017   change   2016 interest and dividend income $ 5,686         $ 5,201         $ 3,999   interest expense (3,240 )       (2,323 )       (1,456 ) other expense, net (441 )       (133 )       (1,195 ) total other income/(expense), net $ 2,005     (27 )%   $ 2,745     104 %   $ 1,348 the year-over-year decrease in other income/(expense), net during 2018 was due primarily to higher interest expense on debt and the impact of foreign exchange - related items, partially offset by higher interest income.",discussion
PART II,Item 7. Management's Discussion and Analysis of Financial Condition and Results of Operations,"the year-over-year increase in other income/(expense), net during 2017 was due primarily to higher interest income and the favorable impact of foreign exchange - related items, partially offset by higher interest expense on debt.",discussion
PART II,Item 7. Management's Discussion and Analysis of Financial Condition and Results of Operations,"the weighted-average interest rate earned by the company on its cash, cash equivalents and marketable securities was 2.16%, 1.99% and 1.73% in 2018, 2017 and 2016, respectively.",discussion
PART II,Item 7. Management's Discussion and Analysis of Financial Condition and Results of Operations,apple inc.,discussion
PART II,Item 7. Management's Discussion and Analysis of Financial Condition and Results of Operations,"| 2018 form 10-k | 27 provision for income taxes provision for income taxes and effective tax rates for 2018, 2017 and 2016 were as follows (dollars in millions): 2018   2017   2016 provision for income taxes $ 13,372     $ 15,738     $ 15,685   effective tax rate 18.3 %   24.6 %   25.6 % on december 22, 2017, the u.s. enacted the tax cuts and jobs act (the ""act""), which significantly changed u.s. tax law.",discussion
PART II,Item 7. Management's Discussion and Analysis of Financial Condition and Results of Operations,"the act lowered the company's u.s. statutory federal income tax rate from 35% to 21% effective january 1, 2018, while also imposing a deemed repatriation tax on previously deferred foreign income.",discussion
PART II,Item 7. Management's Discussion and Analysis of Financial Condition and Results of Operations,"by operation of law, the company applied a blended u.s. statutory federal income tax rate of 24.5% for 2018 (the ""2018 blended u.s. tax rate"").",discussion
PART II,Item 7. Management's Discussion and Analysis of Financial Condition and Results of Operations,the act also created a new minimum tax on certain future foreign earnings.,discussion
PART II,Item 7. Management's Discussion and Analysis of Financial Condition and Results of Operations,"the company's effective tax rate for 2018 was lower than the 2018 blended u.s. tax rate due primarily to the lower tax rate on foreign earnings, partially offset by the remeasurement of deferred tax assets and liabilities as a result of the act.",discussion
PART II,Item 7. Management's Discussion and Analysis of Financial Condition and Results of Operations,"the company's effective tax rates for 2017 and 2016 were lower than the historical statutory federal income tax rate of 35% due primarily to certain undistributed foreign earnings, a substantial portion of which was generated by subsidiaries organized in ireland, for which no u.s. taxes were provided when such earnings were intended to be indefinitely reinvested outside the u.s.",discussion
PART II,Item 7. Management's Discussion and Analysis of Financial Condition and Results of Operations,"the lower effective tax rate in 2018 compared to 2017 was due primarily to the lower 2018 blended u.s. tax rate, partially offset by the remeasurement of deferred tax assets and liabilities as a result of the act.",discussion
PART II,Item 7. Management's Discussion and Analysis of Financial Condition and Results of Operations,the lower effective tax rate in 2017 compared to 2016 was due to a different geographic mix of earnings and higher u.s.,discussion
PART II,Item 7. Management's Discussion and Analysis of Financial Condition and Results of Operations,r&d tax credits.,discussion
PART II,Item 7. Management's Discussion and Analysis of Financial Condition and Results of Operations,"as a result of adopting accounting standards update (""asu"") no.",discussion
PART II,Item 7. Management's Discussion and Analysis of Financial Condition and Results of Operations,"2016-09, compensation  -  stock compensation (topic 718): improvements to employee share-based payment accounting (""asu 2016-09""), in 2018, the company records any excess tax benefits or deficiencies from its equity awards as part of the provision for income taxes.",discussion
PART II,Item 7. Management's Discussion and Analysis of Financial Condition and Results of Operations,"the company anticipates that these excess tax benefits or deficiencies will have the greatest impact on its effective tax rates in the first and third quarters, as the majority of the company's equity awards vest in those quarters.",discussion
PART II,Item 7. Management's Discussion and Analysis of Financial Condition and Results of Operations,"as of september 29, 2018, the company had deferred tax assets arising from deductible temporary differences, tax losses and tax credits of $6.3 billion and deferred tax liabilities of $426 million.",discussion
PART II,Item 7. Management's Discussion and Analysis of Financial Condition and Results of Operations,"management believes it is more likely than not that forecasted income, including income that may be generated as a result of certain tax planning strategies, together with future reversals of existing taxable temporary differences, will be sufficient to recover the deferred tax assets.",discussion
PART II,Item 7. Management's Discussion and Analysis of Financial Condition and Results of Operations,the company will continue to evaluate the realizability of deferred tax assets quarterly by assessing the need for and the amount of a valuation allowance.,discussion
PART II,Item 7. Management's Discussion and Analysis of Financial Condition and Results of Operations,"on august 30, 2016, the european commission announced its decision that ireland granted state aid to the company by providing tax opinions in 1991 and 2007 concerning the tax allocation of profits of the irish branches of two subsidiaries of the company (the ""state aid decision"").",discussion
PART II,Item 7. Management's Discussion and Analysis of Financial Condition and Results of Operations,the state aid decision ordered ireland to calculate and recover additional taxes from the company for the period june 2003 through december 2014.,discussion
PART II,Item 7. Management's Discussion and Analysis of Financial Condition and Results of Operations,"the recovery amount was calculated to be €13.1 billion, plus interest of €1.2 billion.",discussion
PART II,Item 7. Management's Discussion and Analysis of Financial Condition and Results of Operations,"irish legislative changes, effective as of january 2015, eliminated the application of the tax opinions from that date forward.",discussion
PART II,Item 7. Management's Discussion and Analysis of Financial Condition and Results of Operations,the company believes the state aid decision to be without merit and appealed to the general court of the court of justice of the european union.,discussion
PART II,Item 7. Management's Discussion and Analysis of Financial Condition and Results of Operations,ireland has also appealed the state aid decision.,discussion
PART II,Item 7. Management's Discussion and Analysis of Financial Condition and Results of Operations,"the company believes that any incremental irish corporate income taxes potentially due related to the state aid decision would be creditable against u.s. taxes, subject to any foreign tax credit limitations in the act.",discussion
PART II,Item 7. Management's Discussion and Analysis of Financial Condition and Results of Operations,"as of september 29, 2018, the entire recovery amount plus interest was funded into escrow, where it will remain restricted from general use pending conclusion of all appeals.",discussion
PART II,Item 7. Management's Discussion and Analysis of Financial Condition and Results of Operations,"on july 24, 2018, the u.s.",discussion
PART II,Item 7. Management's Discussion and Analysis of Financial Condition and Results of Operations,ninth circuit court of appeals reversed the u.s.,discussion
PART II,Item 7. Management's Discussion and Analysis of Financial Condition and Results of Operations,tax court's decision in altera corp v.,discussion
PART II,Item 7. Management's Discussion and Analysis of Financial Condition and Results of Operations,"commissioner, regarding the inclusion of share-based compensation in cost-sharing arrangements with foreign subsidiaries.",discussion
PART II,Item 7. Management's Discussion and Analysis of Financial Condition and Results of Operations,"the reversal was subsequently withdrawn, and the company believes adequate provision has been made for any adjustments that may result from the final resolution of the case.",discussion
PART II,Item 7. Management's Discussion and Analysis of Financial Condition and Results of Operations,"recent accounting pronouncements hedging in august 2017, the financial accounting standards board (the ""fasb"") issued asu no.",discussion
PART II,Item 7. Management's Discussion and Analysis of Financial Condition and Results of Operations,"2017-12, derivatives and hedging (topic 815): targeted improvements to accounting for hedging activities (""asu 2017-12"").",discussion
PART II,Item 7. Management's Discussion and Analysis of Financial Condition and Results of Operations,"asu 2017-12 expands component and fair value hedging, specifies the presentation of the effects of hedging instruments, and eliminates the separate measurement and presentation of hedge ineffectiveness.",discussion
PART II,Item 7. Management's Discussion and Analysis of Financial Condition and Results of Operations,the company will adopt asu 2017-12 in its first quarter of 2020 utilizing the modified retrospective transition method and is currently evaluating the impact of adoption on its consolidated financial statements.,discussion
PART II,Item 7. Management's Discussion and Analysis of Financial Condition and Results of Operations,apple inc.,discussion
PART II,Item 7. Management's Discussion and Analysis of Financial Condition and Results of Operations,"| 2018 form 10-k | 28 income taxes in october 2016, the fasb issued asu no.",discussion
PART II,Item 7. Management's Discussion and Analysis of Financial Condition and Results of Operations,"2016-16, income taxes (topic 740): intra-entity transfers of assets other than inventory (""asu 2016-16""), which requires the recognition of the income tax consequences of an intra-entity transfer of an asset, other than inventory, when the transfer occurs.",discussion
PART II,Item 7. Management's Discussion and Analysis of Financial Condition and Results of Operations,the company will adopt asu 2016-16 in its first quarter of 2019 utilizing the modified retrospective transition method.,discussion
PART II,Item 7. Management's Discussion and Analysis of Financial Condition and Results of Operations,"currently, the company estimates recording $3 billion of net deferred tax assets on its condensed consolidated balance sheets upon adoption.",discussion
PART II,Item 7. Management's Discussion and Analysis of Financial Condition and Results of Operations,"however, the ultimate impact of adopting asu 2016-16 will depend on the balance of intellectual property transferred between its subsidiaries as of the adoption date, as well as the deferred tax impact of the new minimum tax on certain future foreign earnings.",discussion
PART II,Item 7. Management's Discussion and Analysis of Financial Condition and Results of Operations,the company will recognize incremental deferred income tax expense thereafter as these net deferred tax assets are utilized.,discussion
PART II,Item 7. Management's Discussion and Analysis of Financial Condition and Results of Operations,"leases in february 2016, the fasb issued asu no.",discussion
PART II,Item 7. Management's Discussion and Analysis of Financial Condition and Results of Operations,"2016-02, leases (topic 842) (""asu 2016-02""), which modifies lease accounting for lessees to increase transparency and comparability by recording lease assets and liabilities for operating leases and disclosing key information about leasing arrangements.",discussion
PART II,Item 7. Management's Discussion and Analysis of Financial Condition and Results of Operations,the company will adopt asu 2016-02 utilizing the modified retrospective transition method through a cumulative-effect adjustment at the beginning of its first quarter of 2020.,discussion
PART II,Item 7. Management's Discussion and Analysis of Financial Condition and Results of Operations,"while the company is currently evaluating the impact of adopting asu 2016-02, based on the lease portfolio as of september 29, 2018, the company anticipates recording lease assets and liabilities of approximately $8.9 billion on its condensed consolidated balance sheets, with no material impact to its condensed consolidated statements of operations.",discussion
PART II,Item 7. Management's Discussion and Analysis of Financial Condition and Results of Operations,"however, the ultimate impact of adopting asu 2016-02 will depend on the company's lease portfolio as of the adoption date.",discussion
PART II,Item 7. Management's Discussion and Analysis of Financial Condition and Results of Operations,"financial instruments in january 2016, the fasb issued asu no.",discussion
PART II,Item 7. Management's Discussion and Analysis of Financial Condition and Results of Operations,"2016-01, financial instruments  -  overall (subtopic 825-10): recognition and measurement of financial assets and financial liabilities (""asu 2016-01""), which updates certain aspects of recognition, measurement, presentation and disclosure of financial instruments.",discussion
PART II,Item 7. Management's Discussion and Analysis of Financial Condition and Results of Operations,the company will adopt asu 2016-01 in its first quarter of 2019 utilizing the modified retrospective transition method.,discussion
PART II,Item 7. Management's Discussion and Analysis of Financial Condition and Results of Operations,"based on the composition of the company's investment portfolio, the adoption of asu 2016-01 is not expected to have a material impact on its consolidated financial statements.",discussion
PART II,Item 7. Management's Discussion and Analysis of Financial Condition and Results of Operations,"in june 2016, the fasb issued asu no.",discussion
PART II,Item 7. Management's Discussion and Analysis of Financial Condition and Results of Operations,"2016-13, financial instruments  -  credit losses (topic 326): measurement of credit losses on financial instruments (""asu 2016-13""), which modifies the measurement of expected credit losses of certain financial instruments.",discussion
PART II,Item 7. Management's Discussion and Analysis of Financial Condition and Results of Operations,the company will adopt asu 2016-13 in its first quarter of 2021 utilizing the modified retrospective transition method.,discussion
PART II,Item 7. Management's Discussion and Analysis of Financial Condition and Results of Operations,"based on the composition of the company's investment portfolio, current market conditions, and historical credit loss activity, the adoption of asu 2016-13 is not expected to have a material impact on its consolidated financial statements.",discussion
PART II,Item 7. Management's Discussion and Analysis of Financial Condition and Results of Operations,"revenue recognition in may 2014, the fasb issued asu no.",discussion
PART II,Item 7. Management's Discussion and Analysis of Financial Condition and Results of Operations,"2014-09, revenue from contracts with customers (topic 606) (""asu 2014-09""), which amends the existing accounting standards for revenue recognition.",discussion
PART II,Item 7. Management's Discussion and Analysis of Financial Condition and Results of Operations,asu 2014-09 is based on principles that govern the recognition of revenue at an amount an entity expects to be entitled when products are transferred to customers.,discussion
PART II,Item 7. Management's Discussion and Analysis of Financial Condition and Results of Operations,"subsequently, the fasb issued additional asus to clarify the guidance in asu 2014-09.",discussion
PART II,Item 7. Management's Discussion and Analysis of Financial Condition and Results of Operations,"asu 2014-09 and its related asus are collectively referred to herein as the ""new revenue standard.""",discussion
PART II,Item 7. Management's Discussion and Analysis of Financial Condition and Results of Operations,the new revenue standard may be applied retrospectively to each prior period presented or retrospectively with the cumulative effect recognized as of the date of adoption.,discussion
PART II,Item 7. Management's Discussion and Analysis of Financial Condition and Results of Operations,the company will adopt the new revenue standard in its first quarter of 2019 utilizing the full retrospective transition method.,discussion
PART II,Item 7. Management's Discussion and Analysis of Financial Condition and Results of Operations,the new revenue standard will not have a material impact on the amount and timing of revenue recognized in the company's consolidated financial statements.,discussion
PART II,Item 7. Management's Discussion and Analysis of Financial Condition and Results of Operations,apple inc.,discussion
PART II,Item 7. Management's Discussion and Analysis of Financial Condition and Results of Operations,"| 2018 form 10-k | 29 liquidity and capital resources the following table presents selected financial information and statistics as of and for the years ended september 29, 2018, september 30, 2017 and september 24, 2016 (in millions): 2018   2017   2016 cash, cash equivalents and marketable securities (1) $ 237,100     $ 268,895     $ 237,585   property, plant and equipment, net $ 41,304     $ 33,783     $ 27,010   commercial paper $ 11,964     $ 11,977     $ 8,105   total term debt $ 102,519     $ 103,703     $ 78,927   working capital $ 14,473     $ 27,831     $ 27,863   cash generated by operating activities (2) $ 77,434     $ 64,225     $ 66,231   cash generated by/(used in) investing activities $ 16,066     $ (46,446 )   $ (45,977 ) cash used in financing activities (2) $ (87,876 )   $ (17,974 )   $ (20,890 ) (1) as of september 29, 2018, total cash, cash equivalents and marketable securities included $20.3 billion that was restricted from general use, related to the state aid decision and other agreements.",discussion
PART II,Item 7. Management's Discussion and Analysis of Financial Condition and Results of Operations,"(2) refer to note 1, ""summary of significant accounting polices"" in the notes to consolidated financial statements in part ii, item 8 of this form 10-k for more information on the prior period reclassification related to the company's adoption of asu 2016-09.",discussion
PART II,Item 7. Management's Discussion and Analysis of Financial Condition and Results of Operations,"the company believes its existing balances of cash, cash equivalents and marketable securities will be sufficient to satisfy its working capital needs, capital asset purchases, outstanding commitments and other liquidity requirements associated with its existing operations over the next 12 months.",discussion
PART II,Item 7. Management's Discussion and Analysis of Financial Condition and Results of Operations,"the company currently anticipates the cash used for future dividends, the share repurchase program and debt repayments will come from its current cash and cash generated from ongoing operating activities.",discussion
PART II,Item 7. Management's Discussion and Analysis of Financial Condition and Results of Operations,"in connection with the state aid decision, as of september 29, 2018, the entire recovery amount of €13.1 billion plus interest of €1.2 billion was funded into escrow, where it will remain restricted from general use pending conclusion of all appeals.",discussion
PART II,Item 7. Management's Discussion and Analysis of Financial Condition and Results of Operations,"the company's marketable securities investment portfolio is primarily invested in highly rated securities, with the primary objective of minimizing the potential risk of principal loss.",discussion
PART II,Item 7. Management's Discussion and Analysis of Financial Condition and Results of Operations,the company's investment policy generally requires securities to be investment grade and limits the amount of credit exposure to any one issuer.,discussion
PART II,Item 7. Management's Discussion and Analysis of Financial Condition and Results of Operations,"during 2018, cash generated by operating activities of $77.4 billion was a result of $59.5 billion of net income and an increase in the net change in operating assets and liabilities of $34.7 billion, partially offset by non-cash adjustments to net income of $16.8 billion.",discussion
PART II,Item 7. Management's Discussion and Analysis of Financial Condition and Results of Operations,"cash generated by investing activities of $16.1 billion during 2018 consisted primarily of proceeds from maturities and sales of marketable securities, net of purchases, of $32.4 billion, partially offset by cash used to acquire property, plant and equipment of $13.3 billion.",discussion
PART II,Item 7. Management's Discussion and Analysis of Financial Condition and Results of Operations,"cash used in financing activities of $87.9 billion during 2018 consisted primarily of cash used to repurchase common stock of $72.7 billion, cash used to pay dividends and dividend equivalents of $13.7 billion and cash used to repay term debt of $6.5 billion, partially offset by proceeds from the issuance of term debt, net of $7.0 billion.",discussion
PART II,Item 7. Management's Discussion and Analysis of Financial Condition and Results of Operations,"during 2017, cash generated by operating activities of $64.2 billion was a result of $48.4 billion of net income, non-cash adjustments to net income of $20.8 billion and a decrease in the net change in operating assets and liabilities of $4.9 billion, which included a one-time payment of $1.9 billion related to a multi-year license agreement.",discussion
PART II,Item 7. Management's Discussion and Analysis of Financial Condition and Results of Operations,"cash used in investing activities of $46.4 billion during 2017 consisted primarily of cash used for purchases of marketable securities, net of sales and maturities, of $33.1 billion and cash used to acquire property, plant and equipment of $12.5 billion.",discussion
PART II,Item 7. Management's Discussion and Analysis of Financial Condition and Results of Operations,"cash used in financing activities of $18.0 billion during 2017 consisted primarily of cash used to repurchase common stock of $32.9 billion, cash used to pay dividends and dividend equivalents of $12.8 billion and cash used to repay term debt of $3.5 billion, partially offset by proceeds from the issuance of term debt, net of $28.7 billion and proceeds from commercial paper, net of $3.9 billion.",discussion
PART II,Item 7. Management's Discussion and Analysis of Financial Condition and Results of Operations,capital assets the company's capital expenditures were $16.7 billion during 2018.,discussion
PART II,Item 7. Management's Discussion and Analysis of Financial Condition and Results of Operations,"the company anticipates utilizing approximately $14.0 billion for capital expenditures during 2019, which includes product tooling and manufacturing process equipment; data centers; corporate facilities and infrastructure, including information systems hardware, software and enhancements; and retail store facilities.",discussion
PART II,Item 7. Management's Discussion and Analysis of Financial Condition and Results of Operations,"debt the company issues unsecured short-term promissory notes (""commercial paper"") pursuant to a commercial paper program.",discussion
PART II,Item 7. Management's Discussion and Analysis of Financial Condition and Results of Operations,"the company uses the net proceeds from the commercial paper program for general corporate purposes, including dividends and share repurchases.",discussion
PART II,Item 7. Management's Discussion and Analysis of Financial Condition and Results of Operations,"as of september 29, 2018, the company had $12.0 billion of commercial paper outstanding, with a weighted-average interest rate of 2.18% and maturities generally less than nine months.",discussion
PART II,Item 7. Management's Discussion and Analysis of Financial Condition and Results of Operations,apple inc.,discussion
PART II,Item 7. Management's Discussion and Analysis of Financial Condition and Results of Operations,"| 2018 form 10-k | 30 as of september 29, 2018, the company had outstanding floating- and fixed-rate notes with varying maturities for an aggregate principal amount of $104.2 billion (collectively the ""notes"").",discussion
PART II,Item 7. Management's Discussion and Analysis of Financial Condition and Results of Operations,"during 2018, the company issued $7.0 billion and repaid $6.5 billion of notes.",discussion
PART II,Item 7. Management's Discussion and Analysis of Financial Condition and Results of Operations,"the company has entered, and in the future may enter, into interest rate swaps to manage interest rate risk on the notes.",discussion
PART II,Item 7. Management's Discussion and Analysis of Financial Condition and Results of Operations,"in addition, the company has entered, and in the future may enter, into foreign currency swaps to manage foreign currency risk on the notes.",discussion
PART II,Item 7. Management's Discussion and Analysis of Financial Condition and Results of Operations,"further information regarding the company's debt issuances and related hedging activity can be found in part ii, item 8 of this form 10-k in the notes to consolidated financial statements in note 2, ""financial instruments"" and note 5, ""debt.""",discussion
PART II,Item 7. Management's Discussion and Analysis of Financial Condition and Results of Operations,"capital return program during 2018, the company repurchased 405.5 million shares of its common stock for $73.1 billion in connection with two separate share repurchase programs.",discussion
PART II,Item 7. Management's Discussion and Analysis of Financial Condition and Results of Operations,"of the $73.1 billion, $44.0 billion was repurchased under the company's previous share repurchase program of up to $210 billion, thereby completing that program.",discussion
PART II,Item 7. Management's Discussion and Analysis of Financial Condition and Results of Operations,"on may 1, 2018, the company announced the board of directors had authorized a new program to repurchase up to $100 billion of the company's common stock.",discussion
PART II,Item 7. Management's Discussion and Analysis of Financial Condition and Results of Operations,the remaining $29.0 billion repurchased during 2018 was in connection with the new share repurchase program.,discussion
PART II,Item 7. Management's Discussion and Analysis of Financial Condition and Results of Operations,the company's new share repurchase program does not obligate it to acquire any specific number of shares.,discussion
PART II,Item 7. Management's Discussion and Analysis of Financial Condition and Results of Operations,"under this program, shares may be repurchased in privately negotiated and/or open market transactions, including under plans complying with rule 10b5-1 under the exchange act.",discussion
PART II,Item 7. Management's Discussion and Analysis of Financial Condition and Results of Operations,"on may 1, 2018, the company also announced the board of directors raised the company's quarterly cash dividend from $0.63 to $0.73 per share, beginning with the dividend paid during the third quarter of 2018.",discussion
PART II,Item 7. Management's Discussion and Analysis of Financial Condition and Results of Operations,"the company intends to increase its dividend on an annual basis, subject to declaration by the board of directors.",discussion
PART II,Item 7. Management's Discussion and Analysis of Financial Condition and Results of Operations,the company plans to use current cash and cash generated from ongoing operating activities to fund its share repurchase program and quarterly cash dividend.,discussion
PART II,Item 7. Management's Discussion and Analysis of Financial Condition and Results of Operations,"contractual obligations the following table presents certain payments due by the company as of september 29, 2018, and excludes amounts already recorded on the consolidated balance sheet, except for term debt and the deemed repatriation tax payable (in millions): payments due  in 2019   payments due in 2020 - 2021   payments due in 2022 - 2023   payments due after 2023   total term debt $ 8,797     $ 18,933     $ 17,978     $ 58,485     $ 104,193   operating leases 1,298     2,507     1,838     3,984     9,627   manufacturing purchase obligations (1) 41,548     2,469     1,183      -      45,200   other purchase obligations 3,784     2,482     681     66     7,013   deemed repatriation tax payable  -      5,366     5,942     22,281     33,589   total $ 55,427     $ 31,757     $ 27,622     $ 84,816     $ 199,622 (1) represents amount expected to be paid under manufacturing-related supplier arrangements, substantially all of which is noncancelable.",discussion
PART II,Item 7. Management's Discussion and Analysis of Financial Condition and Results of Operations,operating leases the company's retail store and other facility leases typically have original terms not exceeding 10 years and generally contain multi-year renewal options.,discussion
PART II,Item 7. Management's Discussion and Analysis of Financial Condition and Results of Operations,manufacturing purchase obligations the company utilizes several outsourcing partners to manufacture sub-assemblies for the company's products and to perform final assembly and testing of finished products.,discussion
PART II,Item 7. Management's Discussion and Analysis of Financial Condition and Results of Operations,"these outsourcing partners acquire components and build product based on demand information supplied by the company, which typically covers periods up to 150 days.",discussion
PART II,Item 7. Management's Discussion and Analysis of Financial Condition and Results of Operations,the company also obtains individual components for its products from a wide variety of individual suppliers.,discussion
PART II,Item 7. Management's Discussion and Analysis of Financial Condition and Results of Operations,"other purchase obligations the company's other purchase obligations consist of noncancelable obligations to acquire capital assets, including product tooling and manufacturing process equipment, and noncancelable obligations related to advertising, licensing, r&d, internet and telecommunications services, content creation and other activities.",discussion
PART II,Item 7. Management's Discussion and Analysis of Financial Condition and Results of Operations,apple inc.,discussion
PART II,Item 7. Management's Discussion and Analysis of Financial Condition and Results of Operations,"| 2018 form 10-k | 31 deemed repatriation tax payable as of september 29, 2018, a significant portion of the other non-current liabilities in the company's consolidated balance sheet consisted of the deemed repatriation tax payable imposed by the act.",discussion
PART II,Item 7. Management's Discussion and Analysis of Financial Condition and Results of Operations,the company plans to pay the deemed repatriation tax payable in installments in accordance with the act.,discussion
PART II,Item 7. Management's Discussion and Analysis of Financial Condition and Results of Operations,"other non-current liabilities the company's remaining other non-current liabilities primarily consist of items for which the company is unable to make a reasonably reliable estimate of the timing of payments; therefore, such amounts are not included in the above contractual obligation table.",discussion
PART II,Item 7. Management's Discussion and Analysis of Financial Condition and Results of Operations,indemnification agreements entered into by the company may include indemnification provisions which may subject the company to costs and damages in the event of a claim against an indemnified third party.,discussion
PART II,Item 7. Management's Discussion and Analysis of Financial Condition and Results of Operations,"except as disclosed in part ii, item 8 of this form 10-k in the notes to consolidated financial statements in note 9, ""commitments and contingencies"" under the heading ""contingencies,"" in the opinion of management, there was not at least a reasonable possibility the company may have incurred a material loss, or a material loss in excess of a recorded accrual, with respect to indemnification of third parties.",discussion
PART II,Item 7. Management's Discussion and Analysis of Financial Condition and Results of Operations,"the company offers an iphone upgrade program, which is available to customers who purchase a qualifying iphone in the u.s., the u.k. and mainland china.",discussion
PART II,Item 7. Management's Discussion and Analysis of Financial Condition and Results of Operations,"the iphone upgrade program provides customers the right to trade in that iphone for a specified amount when purchasing a new iphone, provided certain conditions are met.",discussion
PART II,Item 7. Management's Discussion and Analysis of Financial Condition and Results of Operations,"the company accounts for the trade-in right as a guarantee liability and recognizes arrangement revenue net of the fair value of such right, with subsequent changes to the guarantee liability recognized within revenue.",discussion
PART II,Item 7. Management's Discussion and Analysis of Financial Condition and Results of Operations,the company has entered into indemnification agreements with its directors and executive officers.,discussion
PART II,Item 7. Management's Discussion and Analysis of Financial Condition and Results of Operations,"under these agreements, the company has agreed to indemnify such individuals to the fullest extent permitted by law against liabilities that arise by reason of their status as directors or officers of the company, and to advance expenses incurred by such individuals in connection with related legal proceedings.",discussion
PART II,Item 7. Management's Discussion and Analysis of Financial Condition and Results of Operations,it is not possible to determine the maximum potential amount of payments the company could be required to make under these agreements due to the limited history of prior indemnification claims and the unique facts and circumstances involved in each claim.,discussion
PART II,Item 7. Management's Discussion and Analysis of Financial Condition and Results of Operations,"while the company maintains directors and officers liability insurance coverage, such insurance coverage may be insufficient to cover all losses or all types of claims that may arise.",discussion
PART II,Item 7. Management's Discussion and Analysis of Financial Condition and Results of Operations,"critical accounting policies and estimates the preparation of financial statements and related disclosures in conformity with u.s. generally accepted accounting principles (""gaap"") and the company's discussion and analysis of its financial condition and operating results require the company's management to make judgments, assumptions and estimates that affect the amounts reported in its consolidated financial statements and accompanying notes.",discussion
PART II,Item 7. Management's Discussion and Analysis of Financial Condition and Results of Operations,"note 1, ""summary of significant accounting policies,"" of the notes to consolidated financial statements in part ii, item 8 of this form 10-k describes the significant accounting policies and methods used in the preparation of the company's consolidated financial statements.",discussion
PART II,Item 7. Management's Discussion and Analysis of Financial Condition and Results of Operations,"management bases its estimates on historical experience and on various other assumptions it believes to be reasonable under the circumstances, the results of which form the basis for making judgments about the carrying values of assets and liabilities.",discussion
PART II,Item 7. Management's Discussion and Analysis of Financial Condition and Results of Operations,"actual results may differ from these estimates, and such differences may be material.",discussion
PART II,Item 7. Management's Discussion and Analysis of Financial Condition and Results of Operations,"management believes the company's critical accounting policies and estimates are those related to revenue recognition, valuation and impairment of marketable securities, inventory valuation, valuation of manufacturing-related assets and estimation of purchase commitment cancellation fees, warranty costs, income taxes, and legal and other contingencies.",discussion
PART II,Item 7. Management's Discussion and Analysis of Financial Condition and Results of Operations,"management considers these policies critical because they are both important to the portrayal of the company's financial condition and operating results, and they require management to make judgments and estimates about inherently uncertain matters.",discussion
PART II,Item 7. Management's Discussion and Analysis of Financial Condition and Results of Operations,the company's senior management has reviewed these critical accounting policies and related disclosures with the audit and finance committee of the company's board of directors.,discussion
PART II,Item 7. Management's Discussion and Analysis of Financial Condition and Results of Operations,apple inc.,discussion
PART II,Item 7. Management's Discussion and Analysis of Financial Condition and Results of Operations,"| 2018 form 10-k | 32 revenue recognition net sales consist primarily of revenue from the sale of hardware, software, digital content and applications, accessories, and service and support contracts.",discussion
PART II,Item 7. Management's Discussion and Analysis of Financial Condition and Results of Operations,"the company recognizes revenue when persuasive evidence of an arrangement exists, delivery has occurred, the sales price is fixed or determinable and collection is probable.",discussion
PART II,Item 7. Management's Discussion and Analysis of Financial Condition and Results of Operations,"product is considered delivered to the customer once it has been shipped and title, risk of loss and rewards of ownership have been transferred.",discussion
PART II,Item 7. Management's Discussion and Analysis of Financial Condition and Results of Operations,"for most of the company's product sales, these criteria are met at the time the product is shipped.",discussion
PART II,Item 7. Management's Discussion and Analysis of Financial Condition and Results of Operations,"for online sales to individuals, for some sales to education customers in the u.s., and for certain other sales, the company defers revenue until the customer receives the product because the company retains a portion of the risk of loss on these sales during transit.",discussion
PART II,Item 7. Management's Discussion and Analysis of Financial Condition and Results of Operations,"for payment terms in excess of the company's standard payment terms, revenue is recognized as payments become due unless the company has positive evidence that the sales price is fixed or determinable, such as a successful history of collection, without concession, on comparable arrangements.",discussion
PART II,Item 7. Management's Discussion and Analysis of Financial Condition and Results of Operations,"the company recognizes revenue from the sale of hardware products, software bundled with hardware that is essential to the functionality of the hardware and third-party digital content sold on the itunes store in accordance with general revenue recognition accounting guidance.",discussion
PART II,Item 7. Management's Discussion and Analysis of Financial Condition and Results of Operations,"the company recognizes revenue in accordance with industry-specific software accounting guidance for the following types of sales transactions: (i) standalone sales of software products, (ii) sales of software upgrades and (iii) sales of software bundled with hardware not essential to the functionality of the hardware.",discussion
PART II,Item 7. Management's Discussion and Analysis of Financial Condition and Results of Operations,"for multi-element arrangements that include hardware products containing software essential to the hardware product's functionality, undelivered software elements that relate to the hardware product's essential software and/or undelivered non-software services, the company allocates revenue to all deliverables based on their relative selling prices.",discussion
PART II,Item 7. Management's Discussion and Analysis of Financial Condition and Results of Operations,"in such circumstances, the company uses a hierarchy to determine the selling price to be used for allocating revenue to deliverables: (i) vendor-specific objective evidence of fair value (""vsoe""), (ii) third-party evidence of selling price (""tpe"") and (iii) best estimate of selling price (""esp"").",discussion
PART II,Item 7. Management's Discussion and Analysis of Financial Condition and Results of Operations,vsoe generally exists only when the company sells the deliverable separately and is the price actually charged by the company for that deliverable.,discussion
PART II,Item 7. Management's Discussion and Analysis of Financial Condition and Results of Operations,esps reflect the company's best estimates of what the selling prices of elements would be if they were sold regularly on a stand-alone basis.,discussion
PART II,Item 7. Management's Discussion and Analysis of Financial Condition and Results of Operations,"for sales of iphone, ipad, mac and certain other products, the company has indicated it may from time to time provide future unspecified software upgrades to the device's essential software and/or non-software services free of charge.",discussion
PART II,Item 7. Management's Discussion and Analysis of Financial Condition and Results of Operations,"because the company has neither vsoe nor tpe for the unspecified software upgrade rights or the non-software services, revenue is allocated to these rights and services based on the company's esps.",discussion
PART II,Item 7. Management's Discussion and Analysis of Financial Condition and Results of Operations,revenue allocated to the unspecified software upgrade rights and non-software services based on the company's esps is deferred and recognized on a straight-line basis over the estimated period the software upgrades and non-software services are expected to be provided.,discussion
PART II,Item 7. Management's Discussion and Analysis of Financial Condition and Results of Operations,the company's process for determining esps involves management's judgment and considers multiple factors that may vary over time depending upon the unique facts and circumstances related to each deliverable.,discussion
PART II,Item 7. Management's Discussion and Analysis of Financial Condition and Results of Operations,"should future facts and circumstances change, the company's esps and the future rate of related amortization for unspecified software upgrades and non-software services related to future sales of these devices could change.",discussion
PART II,Item 7. Management's Discussion and Analysis of Financial Condition and Results of Operations,"factors subject to change include the unspecified software upgrade rights and non-software services offered, the estimated value of unspecified software upgrade rights and non-software services and the estimated period unspecified software upgrades and non-software services are expected to be provided.",discussion
PART II,Item 7. Management's Discussion and Analysis of Financial Condition and Results of Operations,the company records reductions to revenue for estimated commitments related to price protection and other customer incentive programs.,discussion
PART II,Item 7. Management's Discussion and Analysis of Financial Condition and Results of Operations,"for transactions involving price protection, the company recognizes revenue net of the estimated amount to be refunded, provided the refund amount can be reasonably and reliably estimated and the other conditions for revenue recognition have been met.",discussion
PART II,Item 7. Management's Discussion and Analysis of Financial Condition and Results of Operations,"the company's policy requires that, if refunds cannot be reliably estimated, revenue is not recognized until reliable estimates can be made or the price protection lapses.",discussion
PART II,Item 7. Management's Discussion and Analysis of Financial Condition and Results of Operations,"for the company's other customer incentive programs, the estimated cost is recognized at the later of the date at which the company has sold the product or the date at which the program is offered.",discussion
PART II,Item 7. Management's Discussion and Analysis of Financial Condition and Results of Operations,the company also records reductions to revenue for expected future product returns based on the company's historical experience.,discussion
PART II,Item 7. Management's Discussion and Analysis of Financial Condition and Results of Operations,future market conditions and product transitions may require the company to increase customer incentive programs that could result in reductions to future revenue.,discussion
PART II,Item 7. Management's Discussion and Analysis of Financial Condition and Results of Operations,"additionally, certain customer incentive programs require management to estimate the number of customers who will actually redeem the incentive.",discussion
PART II,Item 7. Management's Discussion and Analysis of Financial Condition and Results of Operations,management's estimates are based on historical experience and the specific terms and conditions of particular incentive programs.,discussion
PART II,Item 7. Management's Discussion and Analysis of Financial Condition and Results of Operations,"if a greater than estimated proportion of customers redeems such incentives, the company would be required to record additional reductions to revenue, which would have an adverse impact on the company's operating results.",discussion
PART II,Item 7. Management's Discussion and Analysis of Financial Condition and Results of Operations,apple inc.,discussion
PART II,Item 7. Management's Discussion and Analysis of Financial Condition and Results of Operations,| 2018 form 10-k | 33 valuation and impairment of marketable securities the company's investments in available-for-sale securities are reported at fair value.,discussion
PART II,Item 7. Management's Discussion and Analysis of Financial Condition and Results of Operations,"unrealized gains and losses related to changes in the fair value of securities are generally recognized in accumulated other comprehensive income, net of tax, in the company's consolidated balance sheets.",discussion
PART II,Item 7. Management's Discussion and Analysis of Financial Condition and Results of Operations,changes in the fair value of available-for-sale securities impact the company's net income only when such securities are sold or an other-than-temporary impairment is recognized.,discussion
PART II,Item 7. Management's Discussion and Analysis of Financial Condition and Results of Operations,realized gains and losses on the sale of securities are determined by specific identification of each security's cost basis.,discussion
PART II,Item 7. Management's Discussion and Analysis of Financial Condition and Results of Operations,"the company regularly reviews its investment portfolio to determine if any security is other-than-temporarily impaired, which would require the company to record an impairment charge in the period any such determination is made.",discussion
PART II,Item 7. Management's Discussion and Analysis of Financial Condition and Results of Operations,"in making this determination, the company evaluates, among other things, the duration and extent to which the fair value of a security is less than its cost; the financial condition of the issuer and any changes thereto; and the company's intent to sell, or whether it will more likely than not be required to sell, the security before recovery of its amortized cost basis.",discussion
PART II,Item 7. Management's Discussion and Analysis of Financial Condition and Results of Operations,"the company's assessment of whether a security is other-than-temporarily impaired could change in the future due to new developments or changes in assumptions related to any particular security, which would have an adverse impact on the company's financial condition and operating results.",discussion
PART II,Item 7. Management's Discussion and Analysis of Financial Condition and Results of Operations,"inventory valuation, valuation of manufacturing-related assets and estimation of purchase commitment cancellation fees the company purchases components and builds inventory in advance of product shipments and invests in manufacturing-related assets, including capital assets held at its suppliers' facilities.",discussion
PART II,Item 7. Management's Discussion and Analysis of Financial Condition and Results of Operations,"in addition, the company makes prepayments to certain of its suppliers associated with long-term supply agreements to secure supply of inventory.",discussion
PART II,Item 7. Management's Discussion and Analysis of Financial Condition and Results of Operations,"the company performs a regular review of inventory that considers multiple factors including demand forecasts, product life cycle status, product development plans, current sales levels and component cost trends.",discussion
PART II,Item 7. Management's Discussion and Analysis of Financial Condition and Results of Operations,"if the company determines inventories of components and products, including third-party products held for resale, have become obsolete or are in excess of anticipated demand or net realizable value, it records a write-down of the inventories.",discussion
PART II,Item 7. Management's Discussion and Analysis of Financial Condition and Results of Operations,the company also reviews its manufacturing-related capital assets and inventory prepayments for impairment whenever events or circumstances indicate the carrying amount of such assets may not be recoverable.,discussion
PART II,Item 7. Management's Discussion and Analysis of Financial Condition and Results of Operations,"if the company determines that an asset is not recoverable, it records an impairment loss equal to the amount by which the carrying value of such an asset exceeds its fair value.",discussion
PART II,Item 7. Management's Discussion and Analysis of Financial Condition and Results of Operations,any write-downs and/or impairments the company may be required to record would adversely affect the company's financial condition and operating results.,discussion
PART II,Item 7. Management's Discussion and Analysis of Financial Condition and Results of Operations,the company accrues for estimated purchase commitment cancellation fees related to inventory orders that have been canceled or are expected to be canceled.,discussion
PART II,Item 7. Management's Discussion and Analysis of Financial Condition and Results of Operations,"manufacturing purchase obligations cover the company's forecasted component and manufacturing requirements, typically for periods up to 150 days.",discussion
PART II,Item 7. Management's Discussion and Analysis of Financial Condition and Results of Operations,"if there is an abrupt and substantial decline in demand for one or more of the company's products, a change in the company's product development plans, or an unanticipated change in technological requirements for any of the company's products, the company may be required to record accruals for cancellation fees that would adversely affect its operating results.",discussion
PART II,Item 7. Management's Discussion and Analysis of Financial Condition and Results of Operations,"warranty costs the company accrues the estimated cost of warranties in the period the related revenue is recognized based on historical and projected warranty claim rates, historical and projected cost per claim and knowledge of specific product failures outside of the company's typical experience.",discussion
PART II,Item 7. Management's Discussion and Analysis of Financial Condition and Results of Operations,the company regularly reviews these estimates and adjusts the amounts as necessary.,discussion
PART II,Item 7. Management's Discussion and Analysis of Financial Condition and Results of Operations,"if actual product failure rates or repair costs differ from estimates, revisions to the estimated warranty liabilities would be required and could materially affect the company's financial condition and operating results.",discussion
PART II,Item 7. Management's Discussion and Analysis of Financial Condition and Results of Operations,income taxes the company records a tax provision for the anticipated tax consequences of its reported operating results.,discussion
PART II,Item 7. Management's Discussion and Analysis of Financial Condition and Results of Operations,"the provision for income taxes is computed using the asset and liability method, under which deferred tax assets and liabilities are recognized for the expected future tax consequences of temporary differences between the financial reporting and tax bases of assets and liabilities, and for operating losses and tax credit carryforwards.",discussion
PART II,Item 7. Management's Discussion and Analysis of Financial Condition and Results of Operations,deferred tax assets and liabilities are measured using the currently enacted tax rates that will be in effect for the years in which those tax assets and liabilities are expected to be realized or settled.,discussion
PART II,Item 7. Management's Discussion and Analysis of Financial Condition and Results of Operations,the company records a valuation allowance to reduce deferred tax assets to the amount that is believed more likely than not to be realized.,discussion
PART II,Item 7. Management's Discussion and Analysis of Financial Condition and Results of Operations,"the company recognizes tax benefits from uncertain tax positions only if it is more likely than not that the tax position will be sustained on examination by the taxing authorities, based on the technical merits of the position.",discussion
PART II,Item 7. Management's Discussion and Analysis of Financial Condition and Results of Operations,the tax benefits recognized in the financial statements from such positions are then measured based on the largest benefit that has a greater than 50% likelihood of being realized upon ultimate settlement.,discussion
PART II,Item 7. Management's Discussion and Analysis of Financial Condition and Results of Operations,apple inc.,discussion
PART II,Item 7. Management's Discussion and Analysis of Financial Condition and Results of Operations,"| 2018 form 10-k | 34 management believes it is more likely than not that forecasted income, including income that may be generated as a result of certain tax planning strategies, together with future reversals of existing taxable temporary differences, will be sufficient to recover the company's deferred tax assets.",discussion
PART II,Item 7. Management's Discussion and Analysis of Financial Condition and Results of Operations,"in the event that the company determines all or part of its net deferred tax assets are not realizable in the future, the company will record an adjustment to the valuation allowance and a corresponding charge to earnings in the period such determination is made.",discussion
PART II,Item 7. Management's Discussion and Analysis of Financial Condition and Results of Operations,"in addition, the calculation of tax liabilities involves significant judgment in estimating the impact of uncertainties in the application of gaap and complex tax laws.",discussion
PART II,Item 7. Management's Discussion and Analysis of Financial Condition and Results of Operations,resolution of these uncertainties in a manner inconsistent with management's expectations could have a material impact on the company's financial condition and operating results.,discussion
PART II,Item 7. Management's Discussion and Analysis of Financial Condition and Results of Operations,"on december 22, 2017, the u.s. enacted the act, which significantly changed u.s. tax law.",discussion
PART II,Item 7. Management's Discussion and Analysis of Financial Condition and Results of Operations,"the act lowered the company's u.s. statutory federal income tax rate from 35% to 21% effective january 1, 2018, while also imposing a deemed repatriation tax on previously deferred foreign income.",discussion
PART II,Item 7. Management's Discussion and Analysis of Financial Condition and Results of Operations,the act also created a new minimum tax on certain future foreign earnings.,discussion
PART II,Item 7. Management's Discussion and Analysis of Financial Condition and Results of Operations,the impact of the act increased the company's provision for income taxes by $1.5 billion during 2018.,discussion
PART II,Item 7. Management's Discussion and Analysis of Financial Condition and Results of Operations,"this increase was composed of $2.0 billion related to the remeasurement of net deferred tax assets and liabilities and $1.2 billion associated with the deemed repatriation tax, partially offset by a $1.7 billion impact the deemed repatriation tax had on the company's unrecognized tax benefits.",discussion
PART II,Item 7. Management's Discussion and Analysis of Financial Condition and Results of Operations,certain amounts reported by the company related to the act are provisional estimates in accordance with the sec staff accounting bulletin no.,discussion
PART II,Item 7. Management's Discussion and Analysis of Financial Condition and Results of Operations,118.,discussion
PART II,Item 7. Management's Discussion and Analysis of Financial Condition and Results of Operations,resolution of the act's effects different from the assumptions made by the company could have a material impact on the company's financial condition and operating results.,discussion
PART II,Item 7. Management's Discussion and Analysis of Financial Condition and Results of Operations,"legal and other contingencies as discussed in part i, item 3 of this form 10-k under the heading ""legal proceedings"" and in part ii, item 8 of this form 10-k in the notes to consolidated financial statements in note 9, ""commitments and contingencies,"" the company is subject to various legal proceedings and claims that arise in the ordinary course of business.",discussion
PART II,Item 7. Management's Discussion and Analysis of Financial Condition and Results of Operations,"the company records a liability when it is probable that a loss has been incurred and the amount is reasonably estimable, the determination of which requires significant judgment.",discussion
PART II,Item 7. Management's Discussion and Analysis of Financial Condition and Results of Operations,"except as described in part ii, item 8 of this form 10-k in the notes to consolidated financial statements in note 9, ""commitments and contingencies"" under the heading ""contingencies,"" in the opinion of management, there was not at least a reasonable possibility the company may have incurred a material loss, or a material loss in excess of a recorded accrual, with respect to loss contingencies for asserted legal and other claims.",discussion
PART II,Item 7. Management's Discussion and Analysis of Financial Condition and Results of Operations,the outcome of litigation is inherently uncertain.,discussion
PART II,Item 7. Management's Discussion and Analysis of Financial Condition and Results of Operations,"if one or more legal matters were resolved against the company in a reporting period for amounts in excess of management's expectations, the company's financial condition and operating results for that reporting period could be materially adversely affected.",discussion
