part.name,item.name,sentence_text,section
Part I  -  FINANCIAL INFORMATION,Item 2 - MANAGEMENT'S DISCUSSION AND ANALYSIS OF FINANCIAL CONDITION AND RESULTS OF OPERATIONS,"item 2  -  management's discussion and analysis of financial condition and results of operations results of operations sales to customers analysis of consolidated sales for the fiscal first quarter of 2018, worldwide sales were $20.0 billion, a total increase of 12.6%, including operational growth of 8.4% as compared to 2017 fiscal first quarter sales of $17.8 billion.",discussion
Part I  -  FINANCIAL INFORMATION,Item 2 - MANAGEMENT'S DISCUSSION AND ANALYSIS OF FINANCIAL CONDITION AND RESULTS OF OPERATIONS,currency fluctuations had a positive impact of 4.2% for the fiscal first quarter of 2018.,discussion
Part I  -  FINANCIAL INFORMATION,Item 2 - MANAGEMENT'S DISCUSSION AND ANALYSIS OF FINANCIAL CONDITION AND RESULTS OF OPERATIONS,"in the fiscal first quarter of 2018, the net impact of acquisitions and divestitures on worldwide operational sales growth was a positive 4.1%.",discussion
Part I  -  FINANCIAL INFORMATION,Item 2 - MANAGEMENT'S DISCUSSION AND ANALYSIS OF FINANCIAL CONDITION AND RESULTS OF OPERATIONS,"sales by u.s. companies were $10.0 billion in the fiscal first quarter of 2018, which represented an increase of 6.1% as compared to the prior year.",discussion
Part I  -  FINANCIAL INFORMATION,Item 2 - MANAGEMENT'S DISCUSSION AND ANALYSIS OF FINANCIAL CONDITION AND RESULTS OF OPERATIONS,"in the fiscal first quarter of 2018, the net impact of acquisitions and divestitures on the u.s. operational sales growth was a positive 4.8%.",discussion
Part I  -  FINANCIAL INFORMATION,Item 2 - MANAGEMENT'S DISCUSSION AND ANALYSIS OF FINANCIAL CONDITION AND RESULTS OF OPERATIONS,"sales by international companies were $10.1 billion, an increase of 19.9%, including operational growth of 10.9%, and a positive currency impact of 9.0% as compared to the fiscal first quarter sales of 2017.",discussion
Part I  -  FINANCIAL INFORMATION,Item 2 - MANAGEMENT'S DISCUSSION AND ANALYSIS OF FINANCIAL CONDITION AND RESULTS OF OPERATIONS,"in the fiscal first quarter of 2018, the net impact of acquisitions and divestitures on the international operational sales growth was a positive 3.3%.",discussion
Part I  -  FINANCIAL INFORMATION,Item 2 - MANAGEMENT'S DISCUSSION AND ANALYSIS OF FINANCIAL CONDITION AND RESULTS OF OPERATIONS,"in the fiscal first quarter of 2018, sales by companies in europe achieved growth of 24.3%, which included operational growth of 10.0% and a positive currency impact of 14.3%.",discussion
Part I  -  FINANCIAL INFORMATION,Item 2 - MANAGEMENT'S DISCUSSION AND ANALYSIS OF FINANCIAL CONDITION AND RESULTS OF OPERATIONS,"sales by companies in the western hemisphere, excluding the u.s., achieved growth of 7.8%, which included operational growth of 7.2%, and a positive currency impact of 0.6%.",discussion
Part I  -  FINANCIAL INFORMATION,Item 2 - MANAGEMENT'S DISCUSSION AND ANALYSIS OF FINANCIAL CONDITION AND RESULTS OF OPERATIONS,"sales by companies in the asia-pacific, africa region achieved growth of 20.1%, including operational growth of 13.7% and a positive currency impact of 6.4%.",discussion
Part I  -  FINANCIAL INFORMATION,Item 2 - MANAGEMENT'S DISCUSSION AND ANALYSIS OF FINANCIAL CONDITION AND RESULTS OF OPERATIONS,"note: values may have been rounded 39 table of contents analysis of sales by business segments consumer consumer segment sales in the fiscal first quarter of 2018 were $3.4 billion, an increase of 5.3% as compared to the same period a year ago, including operational growth of 1.3% and a positive currency impact of 4.0%.",discussion
Part I  -  FINANCIAL INFORMATION,Item 2 - MANAGEMENT'S DISCUSSION AND ANALYSIS OF FINANCIAL CONDITION AND RESULTS OF OPERATIONS,u.s.,discussion
Part I  -  FINANCIAL INFORMATION,Item 2 - MANAGEMENT'S DISCUSSION AND ANALYSIS OF FINANCIAL CONDITION AND RESULTS OF OPERATIONS,consumer segment sales increased by 1.6%.,discussion
Part I  -  FINANCIAL INFORMATION,Item 2 - MANAGEMENT'S DISCUSSION AND ANALYSIS OF FINANCIAL CONDITION AND RESULTS OF OPERATIONS,"international consumer segment sales increased by 8.2%, including operational growth of 1.2% and a positive currency impact of 7.0%.",discussion
Part I  -  FINANCIAL INFORMATION,Item 2 - MANAGEMENT'S DISCUSSION AND ANALYSIS OF FINANCIAL CONDITION AND RESULTS OF OPERATIONS,"in the fiscal first quarter of 2018, the net impact of acquisitions and divestitures on the consumer segment operational sales growth was a negative 0.7%.",discussion
Part I  -  FINANCIAL INFORMATION,Item 2 - MANAGEMENT'S DISCUSSION AND ANALYSIS OF FINANCIAL CONDITION AND RESULTS OF OPERATIONS,"major consumer franchise sales  -  fiscal first quarters ended(dollars in millions)   april 1, 2018   april 2, 2017   total change   operations change   currency change beauty   $ 1,084     $ 981     10.5  %   7.1 %   3.4 % otc   1,072     1,013     5.8     0.9     4.9   baby care   457     455     0.4     (2.6 )   3.0   oral care   379     362     4.7     0.6     4.1   women's health   243     242     0.4     (4.6 )   5.0   wound care/other   163     175     (6.9 )   (8.9 )   2.0   total consumer sales   $ 3,398     $ 3,228     5.3  %   1.3 %   4.0 % the beauty franchise achieved operational growth of 7.1% as compared to the prior year fiscal first quarter.",discussion
Part I  -  FINANCIAL INFORMATION,Item 2 - MANAGEMENT'S DISCUSSION AND ANALYSIS OF FINANCIAL CONDITION AND RESULTS OF OPERATIONS,"growth was primarily driven by the positive impact of timing of neutrogena® and aveeno® suncare products season, market growth in the u.s. and strength of dr.",discussion
Part I  -  FINANCIAL INFORMATION,Item 2 - MANAGEMENT'S DISCUSSION AND ANALYSIS OF FINANCIAL CONDITION AND RESULTS OF OPERATIONS,ci: labo.,discussion
Part I  -  FINANCIAL INFORMATION,Item 2 - MANAGEMENT'S DISCUSSION AND ANALYSIS OF FINANCIAL CONDITION AND RESULTS OF OPERATIONS,the otc franchise achieved operational growth of 0.9% as compared to the prior year fiscal first quarter.,discussion
Part I  -  FINANCIAL INFORMATION,Item 2 - MANAGEMENT'S DISCUSSION AND ANALYSIS OF FINANCIAL CONDITION AND RESULTS OF OPERATIONS,growth was primarily driven by sales outside the u.s. from the recent acquisition of rhinocort® and a strong cough/cold season in the u.s. and asia pacific primarily reflected in pediatric motrin® and tylenol®.,discussion
Part I  -  FINANCIAL INFORMATION,Item 2 - MANAGEMENT'S DISCUSSION AND ANALYSIS OF FINANCIAL CONDITION AND RESULTS OF OPERATIONS,the baby care franchise experienced an operational decline of 2.6% as compared to the prior year fiscal first quarter due to competitive pressure partially offset by geographic expansion in the asia pacific region.,discussion
Part I  -  FINANCIAL INFORMATION,Item 2 - MANAGEMENT'S DISCUSSION AND ANALYSIS OF FINANCIAL CONDITION AND RESULTS OF OPERATIONS,the oral care franchise achieved operational growth of 0.6% as compared to the prior year fiscal first quarter attributable to share gains driven by successful marketing campaigns and new products partially offset by divestitures outside the u.s.,discussion
Part I  -  FINANCIAL INFORMATION,Item 2 - MANAGEMENT'S DISCUSSION AND ANALYSIS OF FINANCIAL CONDITION AND RESULTS OF OPERATIONS,the women's health franchise experienced an operational decline of 4.6% as compared to the prior year fiscal first quarter due to competitive pressures and category declines in the eu and india.,discussion
Part I  -  FINANCIAL INFORMATION,Item 2 - MANAGEMENT'S DISCUSSION AND ANALYSIS OF FINANCIAL CONDITION AND RESULTS OF OPERATIONS,the wound care/other franchise experienced an operational decline of 8.9% as compared to the prior year fiscal first quarter due to the divestiture of compeed® partially offset by strength in band-aid® brand adhesive bandages.,discussion
Part I  -  FINANCIAL INFORMATION,Item 2 - MANAGEMENT'S DISCUSSION AND ANALYSIS OF FINANCIAL CONDITION AND RESULTS OF OPERATIONS,"40 table of contents pharmaceutical pharmaceutical segment sales in the fiscal first quarter of 2018 were $9.8 billion, an increase of 19.4% as compared to the same period a year ago, with an operational increase of 15.1% and a positive currency impact of 4.3%.",discussion
Part I  -  FINANCIAL INFORMATION,Item 2 - MANAGEMENT'S DISCUSSION AND ANALYSIS OF FINANCIAL CONDITION AND RESULTS OF OPERATIONS,u.s.,discussion
Part I  -  FINANCIAL INFORMATION,Item 2 - MANAGEMENT'S DISCUSSION AND ANALYSIS OF FINANCIAL CONDITION AND RESULTS OF OPERATIONS,pharmaceutical sales increased 9.9% as compared to the same period a year ago.,discussion
Part I  -  FINANCIAL INFORMATION,Item 2 - MANAGEMENT'S DISCUSSION AND ANALYSIS OF FINANCIAL CONDITION AND RESULTS OF OPERATIONS,"international pharmaceutical sales increased by 33.1%, including operational growth of 22.5% and a positive currency impact of 10.6%.",discussion
Part I  -  FINANCIAL INFORMATION,Item 2 - MANAGEMENT'S DISCUSSION AND ANALYSIS OF FINANCIAL CONDITION AND RESULTS OF OPERATIONS,"in the fiscal first quarter of 2018, the net impact of acquisitions and divestitures on the pharmaceutical segment operational sales growth was a positive 7.6%.",discussion
Part I  -  FINANCIAL INFORMATION,Item 2 - MANAGEMENT'S DISCUSSION AND ANALYSIS OF FINANCIAL CONDITION AND RESULTS OF OPERATIONS,"major pharmaceutical therapeutic area sales  -  fiscal first quarters ended(dollars in millions)   april 1, 2018   april 2, 2017   total change   operations change   currency change total immunology   $ 3,042     $ 2,930     3.8  %   1.1 %   2.7 %      remicade®   1,389     1,672     (16.9 )   (18.0 )   1.1        simponi®/ simponi aria®   518     428     21.0     16.2     4.8        stelara®   1,061     823     28.9     24.1     4.8        other immunology   74     7     *   *   * total infectious diseases   830     749     10.8     4.2     6.6        edurant®/rilpivirine   210     149     40.9     24.5     16.4        prezista®/ prezcobix®/ rezolsta®/ symtuza®   478     430     11.2     7.0     4.2        other infectious diseases   142     170     (16.5 )   (20.5 )   4.0   total neuroscience   1,559     1,497     4.1     (0.8 )   4.9        concerta®/ methylphenidate   173     209     (17.2 )   (20.5 )   3.3        invega sustenna®/ xeplion®/ trinza®/ trevicta®   696     604     15.2     10.5     4.7        risperdal consta®   196     207     (5.3 )   (10.2 )   4.9        other neuroscience   494     477     3.6     (2.3 )   5.9   total oncology   2,311     1,594     45.0     37.0     8.0        darzalex®   432     255     69.4     63.5     5.9      imbruvica®   587     409     43.5     35.3     8.2        velcade®   313     280     11.8     1.6     10.2        zytiga®   845     523     61.6     53.7     7.9        other oncology   134     127     5.5     (1.2 )   6.7   pulmonary hypertension    585      -      **   **    -         opsumit®   271      -      **   **    -         tracleer®   140      -      **   **    -         uptravi®   140      -      **   **    -         other   34      -      **   **    -    cardiovascular / metabolism / other   1,517     1,475     2.8     0.9     1.9        xarelto®   578     513     12.7     12.7      -         invokana®/ invokamet®   248     284     (12.7 )   (13.8 )   1.1        procrit®/ eprex®   276     247     11.7     9.0     2.7        other   415     431     (3.7 )   (8.0 )   4.3   total pharmaceutical sales   $ 9,844     $ 8,245     19.4  %   15.1 %   4.3 % *percentage greater than 100% or not meaningful **products acquired from actelion acquisition on june 16, 2017 immunology products achieved operational growth of 1.1% as compared to the same period a year ago driven by strong uptake of stelara® (ustekinumab) in crohn's disease, u.s. immunology market growth, the launch of tremfya® (guselkumab) and sales growth of simponi®/simponi aria® (golimumab) outside the u.s.",discussion
Part I  -  FINANCIAL INFORMATION,Item 2 - MANAGEMENT'S DISCUSSION AND ANALYSIS OF FINANCIAL CONDITION AND RESULTS OF OPERATIONS,"immunology was negatively 41 table of contents impacted by lower sales of remicade® (infliximab) due to increased discounts/rebates, biosimilar competition and a prior period rebate adjustment.",discussion
Part I  -  FINANCIAL INFORMATION,Item 2 - MANAGEMENT'S DISCUSSION AND ANALYSIS OF FINANCIAL CONDITION AND RESULTS OF OPERATIONS,the patents for remicade® (infliximab)in certain countries in europe expired in february 2015.,discussion
Part I  -  FINANCIAL INFORMATION,Item 2 - MANAGEMENT'S DISCUSSION AND ANALYSIS OF FINANCIAL CONDITION AND RESULTS OF OPERATIONS,"biosimilar versions of remicade® have been introduced in certain markets outside the united states, resulting in a reduction in sales of remicade® in those markets.",discussion
Part I  -  FINANCIAL INFORMATION,Item 2 - MANAGEMENT'S DISCUSSION AND ANALYSIS OF FINANCIAL CONDITION AND RESULTS OF OPERATIONS,additional biosimilar competition will likely result in a further reduction in remicade® sales in markets outside the united states.,discussion
Part I  -  FINANCIAL INFORMATION,Item 2 - MANAGEMENT'S DISCUSSION AND ANALYSIS OF FINANCIAL CONDITION AND RESULTS OF OPERATIONS,"in the united states, a biosimilar version of remicade® was introduced in 2016, and additional competitors continue to enter the market.",discussion
Part I  -  FINANCIAL INFORMATION,Item 2 - MANAGEMENT'S DISCUSSION AND ANALYSIS OF FINANCIAL CONDITION AND RESULTS OF OPERATIONS,continued infliximab biosimilar competition in the u.s. market will result in a further reduction in u.s. sales of remicade®.,discussion
Part I  -  FINANCIAL INFORMATION,Item 2 - MANAGEMENT'S DISCUSSION AND ANALYSIS OF FINANCIAL CONDITION AND RESULTS OF OPERATIONS,see note 11 to the consolidated financial statements for a description of legal matters regarding the remicade® patents.,discussion
Part I  -  FINANCIAL INFORMATION,Item 2 - MANAGEMENT'S DISCUSSION AND ANALYSIS OF FINANCIAL CONDITION AND RESULTS OF OPERATIONS,infectious disease products achieved operational growth of 4.2% as compared to the same period a year ago.,discussion
Part I  -  FINANCIAL INFORMATION,Item 2 - MANAGEMENT'S DISCUSSION AND ANALYSIS OF FINANCIAL CONDITION AND RESULTS OF OPERATIONS,"sales growth of edurant®/rilpivirine, prezcobix®/rezolsta® and the launch of symtuza®  was partially offset by lower sales of prezista®.",discussion
Part I  -  FINANCIAL INFORMATION,Item 2 - MANAGEMENT'S DISCUSSION AND ANALYSIS OF FINANCIAL CONDITION AND RESULTS OF OPERATIONS,neuroscience products experienced an operational decline of 0.8% as compared to the same period a year ago.,discussion
Part I  -  FINANCIAL INFORMATION,Item 2 - MANAGEMENT'S DISCUSSION AND ANALYSIS OF FINANCIAL CONDITION AND RESULTS OF OPERATIONS,strong sales of invega sustenna®/xeplion®/ trinza®/trevicta®(paliperidone palmitate) were offset by cannibalization of risperdal consta® (risperidone) and generic competition for concerta®/methylphenidate.,discussion
Part I  -  FINANCIAL INFORMATION,Item 2 - MANAGEMENT'S DISCUSSION AND ANALYSIS OF FINANCIAL CONDITION AND RESULTS OF OPERATIONS,oncology products achieved strong operational sales growth of 37.0% as compared to the same period a year ago.,discussion
Part I  -  FINANCIAL INFORMATION,Item 2 - MANAGEMENT'S DISCUSSION AND ANALYSIS OF FINANCIAL CONDITION AND RESULTS OF OPERATIONS,contributors to the growth were strong sales of darzalex® (daratumumab) and imbruvica® (ibrutinib) due to increased patient uptake and sales of zytiga® (abiraterone acetate) driven by market growth.,discussion
Part I  -  FINANCIAL INFORMATION,Item 2 - MANAGEMENT'S DISCUSSION AND ANALYSIS OF FINANCIAL CONDITION AND RESULTS OF OPERATIONS,"a number of companies marketing generic pharmaceuticals have filed abbreviated new drug applications (andas) with the fda, or undertaken similar regulatory processes outside of the united states, seeking to market generic forms of zytiga® prior to expiration of its applicable patents.",discussion
Part I  -  FINANCIAL INFORMATION,Item 2 - MANAGEMENT'S DISCUSSION AND ANALYSIS OF FINANCIAL CONDITION AND RESULTS OF OPERATIONS,"these andas include allegations of non-infringement, invalidity and unenforceability of the applicable patents.",discussion
Part I  -  FINANCIAL INFORMATION,Item 2 - MANAGEMENT'S DISCUSSION AND ANALYSIS OF FINANCIAL CONDITION AND RESULTS OF OPERATIONS,"in february 2018, the court heard oral arguments on a motion for summary judgment of non-infringement filed by certain defendants, and the parties await a decision.",discussion
Part I  -  FINANCIAL INFORMATION,Item 2 - MANAGEMENT'S DISCUSSION AND ANALYSIS OF FINANCIAL CONDITION AND RESULTS OF OPERATIONS,"if the decision is unfavorable, the stay could be lifted and a generic version of zytiga® could enter the market.",discussion
Part I  -  FINANCIAL INFORMATION,Item 2 - MANAGEMENT'S DISCUSSION AND ANALYSIS OF FINANCIAL CONDITION AND RESULTS OF OPERATIONS,a trial on the matter is scheduled for july 2018.,discussion
Part I  -  FINANCIAL INFORMATION,Item 2 - MANAGEMENT'S DISCUSSION AND ANALYSIS OF FINANCIAL CONDITION AND RESULTS OF OPERATIONS,see note 11 to the consolidated financial statements for a description of the legal matters regarding the zytiga® patents.,discussion
Part I  -  FINANCIAL INFORMATION,Item 2 - MANAGEMENT'S DISCUSSION AND ANALYSIS OF FINANCIAL CONDITION AND RESULTS OF OPERATIONS,"pulmonary hypertension is a new therapeutic area which was established with the acquisition of actelion on june 16, 2017.",discussion
Part I  -  FINANCIAL INFORMATION,Item 2 - MANAGEMENT'S DISCUSSION AND ANALYSIS OF FINANCIAL CONDITION AND RESULTS OF OPERATIONS,see note 10 to the consolidated financial statements for additional details regarding the acquisition.,discussion
Part I  -  FINANCIAL INFORMATION,Item 2 - MANAGEMENT'S DISCUSSION AND ANALYSIS OF FINANCIAL CONDITION AND RESULTS OF OPERATIONS,cardiovascular / metabolism / other products achieved operational growth of 0.9% as compared to the same period a year ago.,discussion
Part I  -  FINANCIAL INFORMATION,Item 2 - MANAGEMENT'S DISCUSSION AND ANALYSIS OF FINANCIAL CONDITION AND RESULTS OF OPERATIONS,sales growth of xarelto®(rivaroxaban) due to increased market share was partially offset by lower sales of invokana®/invokamet® (canagliflozin) in the u.s. primarily due to an increase in price discounts and market share decline driven by competitive pressure.,discussion
Part I  -  FINANCIAL INFORMATION,Item 2 - MANAGEMENT'S DISCUSSION AND ANALYSIS OF FINANCIAL CONDITION AND RESULTS OF OPERATIONS,"42 table of contents medical devices the medical devices segment sales in the fiscal first quarter of 2018 were $6.8 billion, an increase of 7.5% as compared to the same period a year ago, with operational growth of 3.2% and a positive currency impact of 4.3%.",discussion
Part I  -  FINANCIAL INFORMATION,Item 2 - MANAGEMENT'S DISCUSSION AND ANALYSIS OF FINANCIAL CONDITION AND RESULTS OF OPERATIONS,u.s.,discussion
Part I  -  FINANCIAL INFORMATION,Item 2 - MANAGEMENT'S DISCUSSION AND ANALYSIS OF FINANCIAL CONDITION AND RESULTS OF OPERATIONS,medical devices sales increased 2.2%.,discussion
Part I  -  FINANCIAL INFORMATION,Item 2 - MANAGEMENT'S DISCUSSION AND ANALYSIS OF FINANCIAL CONDITION AND RESULTS OF OPERATIONS,"international medical devices sales increased by 12.7%, including an operational increase of 4.2% and a positive currency impact of 8.5%.",discussion
Part I  -  FINANCIAL INFORMATION,Item 2 - MANAGEMENT'S DISCUSSION AND ANALYSIS OF FINANCIAL CONDITION AND RESULTS OF OPERATIONS,"in the fiscal first quarter of 2018, the net impact of acquisitions and divestitures on the medical devices segment operational sales growth was a positive 2.1%.",discussion
Part I  -  FINANCIAL INFORMATION,Item 2 - MANAGEMENT'S DISCUSSION AND ANALYSIS OF FINANCIAL CONDITION AND RESULTS OF OPERATIONS,"major medical devices franchise sales*  -  fiscal first quarters ended (dollars in millions)   april 1, 2018   april 2, 2017   total change   operations change   currency change surgery   $ 2,423     $ 2,271     6.7  %   2.1  %   4.6 %      advanced   966     877     10.1     5.3     4.8        general   1,127     1,074     4.9     0.0   4.9        specialty   330     320     3.1     0.2     2.9   orthopaedics   2,250     2,275     (1.1 )   (4.6 )   3.5        hips   363     352     3.1     (0.5 )   3.6        knees   387     398     (2.8)   (6.2 )   3.4        trauma   696     642     8.4     4.7     3.7        spine & other   804     883     (8.9 )   (12.2 )   3.3   vision care   1,115     798     39.7     34.4     5.3        contact lenses/other   807     683     18.2     13.6     4.6        surgical   308     115     **   **   ** interventional solutions (1)   640     549     16.6     11.6     5.0   diabetes care   339     399     (15.0 )   (19.5 )   4.5   diagnostics (2)    -      1     **   **   ** total medical devices sales   $ 6,767     $ 6,293     7.5  %   3.2  %   4.3 % *prior year amounts have been reclassified to conform to current year presentation **percentage greater than 100% or not meaningful (1)previously referred to as cardiovascular (2)on june 30, 2014, the company divested the ortho-clinical diagnostics business (the diagnostics franchise) the surgery franchise achieved operational sales growth of 2.1% as compared to the prior year fiscal first quarter.",discussion
Part I  -  FINANCIAL INFORMATION,Item 2 - MANAGEMENT'S DISCUSSION AND ANALYSIS OF FINANCIAL CONDITION AND RESULTS OF OPERATIONS,"operational growth in advanced surgery was primarily driven by endocutter, energy (including recent acquisitions) and biosurgery products.",discussion
Part I  -  FINANCIAL INFORMATION,Item 2 - MANAGEMENT'S DISCUSSION AND ANALYSIS OF FINANCIAL CONDITION AND RESULTS OF OPERATIONS,operational growth in general surgery was flat as compared to the prior year.,discussion
Part I  -  FINANCIAL INFORMATION,Item 2 - MANAGEMENT'S DISCUSSION AND ANALYSIS OF FINANCIAL CONDITION AND RESULTS OF OPERATIONS,the operational sales growth in specialty surgery was primarily driven by advanced sterilization products.,discussion
Part I  -  FINANCIAL INFORMATION,Item 2 - MANAGEMENT'S DISCUSSION AND ANALYSIS OF FINANCIAL CONDITION AND RESULTS OF OPERATIONS,the orthopaedics franchise experienced an operational sales decline of 4.6% as compared to the prior year fiscal first quarter.,discussion
Part I  -  FINANCIAL INFORMATION,Item 2 - MANAGEMENT'S DISCUSSION AND ANALYSIS OF FINANCIAL CONDITION AND RESULTS OF OPERATIONS,"the decline was primarily due to the codman neurosurgery divestiture and share loss in spine, competitive pressure in u.s. knees and market softness.",discussion
Part I  -  FINANCIAL INFORMATION,Item 2 - MANAGEMENT'S DISCUSSION AND ANALYSIS OF FINANCIAL CONDITION AND RESULTS OF OPERATIONS,this was partially offset by volume growth in u.s. hips and sales growth of trauma due to market growth and continued uptake of the tfn-advanced™ nailing system in the u.s. coupled with strength of new products in japan and tender timing in the middle east.,discussion
Part I  -  FINANCIAL INFORMATION,Item 2 - MANAGEMENT'S DISCUSSION AND ANALYSIS OF FINANCIAL CONDITION AND RESULTS OF OPERATIONS,the vision care franchise achieved operational sales growth of 34.4% as compared to the prior year fiscal first quarter.,discussion
Part I  -  FINANCIAL INFORMATION,Item 2 - MANAGEMENT'S DISCUSSION AND ANALYSIS OF FINANCIAL CONDITION AND RESULTS OF OPERATIONS,"operational growth was driven by sales from the acquisition of abbot medical optics (amo), with the majority of amo sales in the surgical category, and new product launches in the contact lenses category.",discussion
Part I  -  FINANCIAL INFORMATION,Item 2 - MANAGEMENT'S DISCUSSION AND ANALYSIS OF FINANCIAL CONDITION AND RESULTS OF OPERATIONS,"amo, now referred to as the vision surgical business, was acquired on february 27, 2017.",discussion
Part I  -  FINANCIAL INFORMATION,Item 2 - MANAGEMENT'S DISCUSSION AND ANALYSIS OF FINANCIAL CONDITION AND RESULTS OF OPERATIONS,the interventional solutions franchise (includes the cerenovus business previously included in spine and other in orthopaedics) achieved strong operational sales growth of 11.6% as compared to the prior year fiscal first quarter.,discussion
Part I  -  FINANCIAL INFORMATION,Item 2 - MANAGEMENT'S DISCUSSION AND ANALYSIS OF FINANCIAL CONDITION AND RESULTS OF OPERATIONS,strong operational growth in the electrophysiology business was driven by atrial fibrillation procedure growth and continued uptake of the thermocool smarttouch® contact forcesensing catheter.,discussion
Part I  -  FINANCIAL INFORMATION,Item 2 - MANAGEMENT'S DISCUSSION AND ANALYSIS OF FINANCIAL CONDITION AND RESULTS OF OPERATIONS,43 table of contents the diabetes care franchise experienced an operational sales decline of 19.5% as compared to the prior year fiscal first quarter.,discussion
Part I  -  FINANCIAL INFORMATION,Item 2 - MANAGEMENT'S DISCUSSION AND ANALYSIS OF FINANCIAL CONDITION AND RESULTS OF OPERATIONS,"lower sales were primarily due to the company's decision to exit the animas insulin pump business, price declines in the u.s. and competitive pressure.",discussion
Part I  -  FINANCIAL INFORMATION,Item 2 - MANAGEMENT'S DISCUSSION AND ANALYSIS OF FINANCIAL CONDITION AND RESULTS OF OPERATIONS,"during the first quarter of 2018, the company announced a binding offer from platinum equity to acquire its lifescan business.",discussion
Part I  -  FINANCIAL INFORMATION,Item 2 - MANAGEMENT'S DISCUSSION AND ANALYSIS OF FINANCIAL CONDITION AND RESULTS OF OPERATIONS,"analysis of consolidated earnings before provision for taxes on income consolidated earnings before provision for taxes on income for the fiscal first quarter of 2018 was $5.5 billion representing 27.4% of sales as compared to $5.6 billion in the fiscal first quarter of 2017, representing 31.4% of sales.",discussion
Part I  -  FINANCIAL INFORMATION,Item 2 - MANAGEMENT'S DISCUSSION AND ANALYSIS OF FINANCIAL CONDITION AND RESULTS OF OPERATIONS,cost of products sold consolidated costs of products sold for the fiscal first quarter of 2018 increased to 33.1% from 30.4% of sales as compared to the same period a year ago.,discussion
Part I  -  FINANCIAL INFORMATION,Item 2 - MANAGEMENT'S DISCUSSION AND ANALYSIS OF FINANCIAL CONDITION AND RESULTS OF OPERATIONS,"the unfavorable increase was primarily driven by higher amortization expense and acquisition related costs, primarily related to actelion and amo.",discussion
Part I  -  FINANCIAL INFORMATION,Item 2 - MANAGEMENT'S DISCUSSION AND ANALYSIS OF FINANCIAL CONDITION AND RESULTS OF OPERATIONS,this was partially offset by favorable product mix.,discussion
Part I  -  FINANCIAL INFORMATION,Item 2 - MANAGEMENT'S DISCUSSION AND ANALYSIS OF FINANCIAL CONDITION AND RESULTS OF OPERATIONS,"the intangible asset amortization expense for the fiscal three months of 2018 and 2017 was $1.1 billion and $0.3 billion, respectively.",discussion
Part I  -  FINANCIAL INFORMATION,Item 2 - MANAGEMENT'S DISCUSSION AND ANALYSIS OF FINANCIAL CONDITION AND RESULTS OF OPERATIONS,"selling, marketing and administrative expenses consolidated selling, marketing and administrative expenses for the fiscal first quarter of 2018 decreased to 26.3% from 26.8% of sales as compared to the same period a year ago primarily due to lower costs relative to sales growth in the pharmaceutical business partially offset by investments in recent acquisitions and new product launches in the medical devices segment.",discussion
Part I  -  FINANCIAL INFORMATION,Item 2 - MANAGEMENT'S DISCUSSION AND ANALYSIS OF FINANCIAL CONDITION AND RESULTS OF OPERATIONS,research and development expense worldwide costs of research and development activities for the fiscal first quarter of 2018 increased to 12.0% from 11.7% of sales as compared to the same period a year ago.,discussion
Part I  -  FINANCIAL INFORMATION,Item 2 - MANAGEMENT'S DISCUSSION AND ANALYSIS OF FINANCIAL CONDITION AND RESULTS OF OPERATIONS,the increase was primarily due to continued investment spending to advance the product development pipeline.,discussion
Part I  -  FINANCIAL INFORMATION,Item 2 - MANAGEMENT'S DISCUSSION AND ANALYSIS OF FINANCIAL CONDITION AND RESULTS OF OPERATIONS,"interest (income) expense interest income in the fiscal first quarter of 2018 was lower than the same period a year ago due to lower cash, cash equivalents and marketable securities balances during the period partially offset by higher average interest rates.",discussion
Part I  -  FINANCIAL INFORMATION,Item 2 - MANAGEMENT'S DISCUSSION AND ANALYSIS OF FINANCIAL CONDITION AND RESULTS OF OPERATIONS,"the ending balance of cash, cash equivalents and current marketable securities was $15.2 billion at the end of the fiscal first quarter of 2018, which is a decrease of $24.1 billion as compared to the same period a year ago.",discussion
Part I  -  FINANCIAL INFORMATION,Item 2 - MANAGEMENT'S DISCUSSION AND ANALYSIS OF FINANCIAL CONDITION AND RESULTS OF OPERATIONS,"the decrease in the balance of cash, cash equivalents and marketable securities was due to the use of cash for general corporate purposes including acquisitions, primarily the actelion acquisition for $29.6 billion, net of cash acquired.",discussion
Part I  -  FINANCIAL INFORMATION,Item 2 - MANAGEMENT'S DISCUSSION AND ANALYSIS OF FINANCIAL CONDITION AND RESULTS OF OPERATIONS,interest expense in the fiscal first quarter of 2018 was higher as compared to the same period a year ago due to a higher average debt balance of $33.6 billion as compared to $29.7 billion a year ago.,discussion
Part I  -  FINANCIAL INFORMATION,Item 2 - MANAGEMENT'S DISCUSSION AND ANALYSIS OF FINANCIAL CONDITION AND RESULTS OF OPERATIONS,"the company's debt position was $32.5 billion as of april 1, 2018 as compared to $32.4 billion the same period a year ago.",discussion
Part I  -  FINANCIAL INFORMATION,Item 2 - MANAGEMENT'S DISCUSSION AND ANALYSIS OF FINANCIAL CONDITION AND RESULTS OF OPERATIONS,"other (income) expense, net other (income) expense, net for the fiscal first quarter of 2018 was unfavorable by $0.3 billion as compared to the same period a year ago primarily attributable to higher gains in the fiscal first quarter of 2017 on the sale of certain investments in equity securities held by johnson & johnson innovation - jjdc, inc.",discussion
Part I  -  FINANCIAL INFORMATION,Item 2 - MANAGEMENT'S DISCUSSION AND ANALYSIS OF FINANCIAL CONDITION AND RESULTS OF OPERATIONS,"44 table of contents earnings before provision for taxes by segment income before tax by segment of business for the fiscal first quarters were as follows: income before tax   segment sales   percent of segment sales (dollars in millions)   april 1, 2018   april 2, 2017   april 1, 2018   april 2, 2017   april 1, 2018   april 2, 2017 consumer   $ 548     $ 596     $ 3,398     $ 3,228     16.1 %   18.5 % pharmaceutical   3,666     3,663     9,844     8,245     37.2     44.4   medical devices   1,579     1,563     6,767     6,293     23.3     24.8   segment earnings before provision for taxes   5,793     5,822     20,009     17,766     29.0     32.8   less: expenses not allocated to segments (1)   312     247                       worldwide income before tax   $ 5,481     $ 5,575     $ 20,009     $ 17,766     27.4 %   31.4 % (1) amounts not allocated to segments include interest (income) expense and general corporate (income) expense.",discussion
Part I  -  FINANCIAL INFORMATION,Item 2 - MANAGEMENT'S DISCUSSION AND ANALYSIS OF FINANCIAL CONDITION AND RESULTS OF OPERATIONS,consumer segment the consumer segment income before tax as a percent of sales in the fiscal first quarter of 2018 was 16.1% versus 18.5% for the same period a year ago.,discussion
Part I  -  FINANCIAL INFORMATION,Item 2 - MANAGEMENT'S DISCUSSION AND ANALYSIS OF FINANCIAL CONDITION AND RESULTS OF OPERATIONS,"the decrease in the income before tax as a percent of sales in the fiscal first quarter of 2018 as compared to 2017 was attributable to higher selling, marketing and administrative expenses as compared to the prior year due to higher brand marketing expenses supporting the launch of new products.",discussion
Part I  -  FINANCIAL INFORMATION,Item 2 - MANAGEMENT'S DISCUSSION AND ANALYSIS OF FINANCIAL CONDITION AND RESULTS OF OPERATIONS,pharmaceutical segment the pharmaceutical segment income before tax as a percent of sales in the fiscal first quarter of 2018 was 37.2% versus 44.4% for the same period a year ago.,discussion
Part I  -  FINANCIAL INFORMATION,Item 2 - MANAGEMENT'S DISCUSSION AND ANALYSIS OF FINANCIAL CONDITION AND RESULTS OF OPERATIONS,the decrease in the income before tax as a percent of sales for the fiscal first quarter of 2018 was primarily due to higher amortization expense and other costs related to acquisitions.,discussion
Part I  -  FINANCIAL INFORMATION,Item 2 - MANAGEMENT'S DISCUSSION AND ANALYSIS OF FINANCIAL CONDITION AND RESULTS OF OPERATIONS,this was partially offset by favorable product mix and slower increases in expenses relative to the increase in sales.,discussion
Part I  -  FINANCIAL INFORMATION,Item 2 - MANAGEMENT'S DISCUSSION AND ANALYSIS OF FINANCIAL CONDITION AND RESULTS OF OPERATIONS,medical devices segment the medical devices segment income before tax as a percent of sales in the fiscal first quarter of 2018 was 23.3% versus 24.8% for the same period a year ago.,discussion
Part I  -  FINANCIAL INFORMATION,Item 2 - MANAGEMENT'S DISCUSSION AND ANALYSIS OF FINANCIAL CONDITION AND RESULTS OF OPERATIONS,the decrease in the income before tax as a percent of sales for the fiscal first quarter of 2018 as compared to 2017 was primarily due to higher amortization and other expenses related to acquisitions and increased spending for new product launches.,discussion
Part I  -  FINANCIAL INFORMATION,Item 2 - MANAGEMENT'S DISCUSSION AND ANALYSIS OF FINANCIAL CONDITION AND RESULTS OF OPERATIONS,"restructuring in the first quarter of 2016, the company announced restructuring actions in its medical devices segment.",discussion
Part I  -  FINANCIAL INFORMATION,Item 2 - MANAGEMENT'S DISCUSSION AND ANALYSIS OF FINANCIAL CONDITION AND RESULTS OF OPERATIONS,"the restructuring actions are expected to result in annualized pre-tax cost savings of $800 million to $1.0 billion, the majority of which is expected to be realized by the end of 2018.",discussion
Part I  -  FINANCIAL INFORMATION,Item 2 - MANAGEMENT'S DISCUSSION AND ANALYSIS OF FINANCIAL CONDITION AND RESULTS OF OPERATIONS,approximately $500 million in savings were realized in 2017.,discussion
Part I  -  FINANCIAL INFORMATION,Item 2 - MANAGEMENT'S DISCUSSION AND ANALYSIS OF FINANCIAL CONDITION AND RESULTS OF OPERATIONS,the savings will provide the company with added flexibility and resources to fund investment in new growth opportunities and innovative solutions for customers and patients.,discussion
Part I  -  FINANCIAL INFORMATION,Item 2 - MANAGEMENT'S DISCUSSION AND ANALYSIS OF FINANCIAL CONDITION AND RESULTS OF OPERATIONS,"the company estimates that, in connection with its plans, it will record pre-tax restructuring related charges of approximately $2.4 billion.",discussion
Part I  -  FINANCIAL INFORMATION,Item 2 - MANAGEMENT'S DISCUSSION AND ANALYSIS OF FINANCIAL CONDITION AND RESULTS OF OPERATIONS,"in the fiscal first quarter of 2018, the company recorded a pre-tax charge of $107 million, of which $6 million is included in cost of products sold and $59 million is included in other (income) expense.",discussion
Part I  -  FINANCIAL INFORMATION,Item 2 - MANAGEMENT'S DISCUSSION AND ANALYSIS OF FINANCIAL CONDITION AND RESULTS OF OPERATIONS,restructuring charges of $2.1 billion have been recorded since the restructuring was announced.,discussion
Part I  -  FINANCIAL INFORMATION,Item 2 - MANAGEMENT'S DISCUSSION AND ANALYSIS OF FINANCIAL CONDITION AND RESULTS OF OPERATIONS,"subsequent to the first quarter of 2018, the company announced plans to implement actions across its global supply chain that are intended to enable the company to focus resources and increase investments in critical capabilities, technologies and solutions necessary to manufacture and supply its product portfolio of the future, enhance agility and drive growth.",discussion
Part I  -  FINANCIAL INFORMATION,Item 2 - MANAGEMENT'S DISCUSSION AND ANALYSIS OF FINANCIAL CONDITION AND RESULTS OF OPERATIONS,"the company expects these supply chain actions will include expanding its use of strategic collaborations, and bolstering its initiatives to reduce complexity, improving cost-competitiveness, enhancing capabilities and optimizing its network.",discussion
Part I  -  FINANCIAL INFORMATION,Item 2 - MANAGEMENT'S DISCUSSION AND ANALYSIS OF FINANCIAL CONDITION AND RESULTS OF OPERATIONS,discussions regarding specific future actions are ongoing and are subject to all relevant consultation requirements before they are finalized.,discussion
Part I  -  FINANCIAL INFORMATION,Item 2 - MANAGEMENT'S DISCUSSION AND ANALYSIS OF FINANCIAL CONDITION AND RESULTS OF OPERATIONS,"in total, the company expects these actions to generate approximately $0.6 to $0.8 billion in annual pre-tax cost 45 table of contents savings that will be substantially delivered by 2022.",discussion
Part I  -  FINANCIAL INFORMATION,Item 2 - MANAGEMENT'S DISCUSSION AND ANALYSIS OF FINANCIAL CONDITION AND RESULTS OF OPERATIONS,the company expects to record pre-tax restructuring charges of approximately $1.9 to $2.3 billion.,discussion
Part I  -  FINANCIAL INFORMATION,Item 2 - MANAGEMENT'S DISCUSSION AND ANALYSIS OF FINANCIAL CONDITION AND RESULTS OF OPERATIONS,see note 12 to the consolidated financial statements for additional details related to the restructuring.,discussion
Part I  -  FINANCIAL INFORMATION,Item 2 - MANAGEMENT'S DISCUSSION AND ANALYSIS OF FINANCIAL CONDITION AND RESULTS OF OPERATIONS,"provision for taxes on income the worldwide effective income tax rates for the first fiscal three months of 2018 and 2017 were 20.3% and 20.7%, respectively.",discussion
Part I  -  FINANCIAL INFORMATION,Item 2 - MANAGEMENT'S DISCUSSION AND ANALYSIS OF FINANCIAL CONDITION AND RESULTS OF OPERATIONS,the company estimates that the net impact of the u.s.,discussion
Part I  -  FINANCIAL INFORMATION,Item 2 - MANAGEMENT'S DISCUSSION AND ANALYSIS OF FINANCIAL CONDITION AND RESULTS OF OPERATIONS,"tax cuts and jobs act (tcja) including the reduction of the u.s. statutory corporate tax rate, offset by the elimination of the corporate income tax deductions, measurement period adjustments and the global intangible low-taxed income (gilti) tax, decreased the company's worldwide effective rate by approximately 1.0% to 2.0% compared to the same period of the prior year.",discussion
Part I  -  FINANCIAL INFORMATION,Item 2 - MANAGEMENT'S DISCUSSION AND ANALYSIS OF FINANCIAL CONDITION AND RESULTS OF OPERATIONS,provisional amounts recorded as part of the adoption of the tcja and estimates used to develop the current quarter's effective tax rate may require further adjustments and changes to the company's estimates as new guidance is made available.,discussion
Part I  -  FINANCIAL INFORMATION,Item 2 - MANAGEMENT'S DISCUSSION AND ANALYSIS OF FINANCIAL CONDITION AND RESULTS OF OPERATIONS,"these estimates are subject to the finalization of management's analysis related to certain matters, such as developing interpretations of the provision of the tcja, changes to certain estimates and amounts related to the earnings and profits of certain subsidiaries and the filing of tax returns.",discussion
Part I  -  FINANCIAL INFORMATION,Item 2 - MANAGEMENT'S DISCUSSION AND ANALYSIS OF FINANCIAL CONDITION AND RESULTS OF OPERATIONS,revisions to the provisional charge may be material to the company's future financial results.,discussion
Part I  -  FINANCIAL INFORMATION,Item 2 - MANAGEMENT'S DISCUSSION AND ANALYSIS OF FINANCIAL CONDITION AND RESULTS OF OPERATIONS,see note 5 to the consolidated financial statements for additional details regarding the impact of the tcja and adjustments to provisional amounts recorded in fiscal 2017.,discussion
Part I  -  FINANCIAL INFORMATION,Item 2 - MANAGEMENT'S DISCUSSION AND ANALYSIS OF FINANCIAL CONDITION AND RESULTS OF OPERATIONS,"the company completed its acquisition of amo in the first fiscal quarter of 2017, and incurred incremental tax costs that were discretely recorded in the first quarter of 2017, which increased the effective tax rate by 3.8% for the first three months of 2017 compared to the same period in 2018.",discussion
Part I  -  FINANCIAL INFORMATION,Item 2 - MANAGEMENT'S DISCUSSION AND ANALYSIS OF FINANCIAL CONDITION AND RESULTS OF OPERATIONS,"additionally, the company had more income in higher tax jurisdictions relative to lower tax jurisdictions as compared to 2017.",discussion
Part I  -  FINANCIAL INFORMATION,Item 2 - MANAGEMENT'S DISCUSSION AND ANALYSIS OF FINANCIAL CONDITION AND RESULTS OF OPERATIONS,"remeasurement of deferred tax liabilities and assets recorded for the foreign withholding taxes and related u.s. foreign tax credits, respectively, increased the company's effective tax rate by approximately 1.4% due to changes in the foreign currency exchange rates.",discussion
Part I  -  FINANCIAL INFORMATION,Item 2 - MANAGEMENT'S DISCUSSION AND ANALYSIS OF FINANCIAL CONDITION AND RESULTS OF OPERATIONS,"these increases to the effective tax rate were partially offset by additional tax benefits received from stock-based compensation that either vested or were exercised during the fiscal three months of 2018 and 2017, which reduced the effective tax rate by 2.2% and 3.6%, respectively.",discussion
Part I  -  FINANCIAL INFORMATION,Item 2 - MANAGEMENT'S DISCUSSION AND ANALYSIS OF FINANCIAL CONDITION AND RESULTS OF OPERATIONS,"as of april 1, 2018, the company had approximately $3.2 billion of liabilities from unrecognized tax benefits.",discussion
Part I  -  FINANCIAL INFORMATION,Item 2 - MANAGEMENT'S DISCUSSION AND ANALYSIS OF FINANCIAL CONDITION AND RESULTS OF OPERATIONS,the company believes it is possible that audits may be completed by tax authorities in some jurisdictions over the next twelve months.,discussion
Part I  -  FINANCIAL INFORMATION,Item 2 - MANAGEMENT'S DISCUSSION AND ANALYSIS OF FINANCIAL CONDITION AND RESULTS OF OPERATIONS,the company is not able to provide a reasonably reliable estimate of the timing of any future tax payments relating to uncertain tax positions.,discussion
Part I  -  FINANCIAL INFORMATION,Item 2 - MANAGEMENT'S DISCUSSION AND ANALYSIS OF FINANCIAL CONDITION AND RESULTS OF OPERATIONS,"see note 8 to the consolidated financial statements in the annual report on form 10-k for the fiscal year ended december 31, 2017 for more detailed information regarding unrecognized tax benefits.",discussion
Part I  -  FINANCIAL INFORMATION,Item 2 - MANAGEMENT'S DISCUSSION AND ANALYSIS OF FINANCIAL CONDITION AND RESULTS OF OPERATIONS,liquidity and capital resources cash flows cash and cash equivalents were $14.6 billion at the end of the fiscal first quarter of 2018 as compared with $17.8 billion at the end of fiscal year 2017.,discussion
Part I  -  FINANCIAL INFORMATION,Item 2 - MANAGEMENT'S DISCUSSION AND ANALYSIS OF FINANCIAL CONDITION AND RESULTS OF OPERATIONS,the primary sources and uses of cash that contributed to the $3.2 billion decrease were approximately $3.6 billion of cash generated from operating activities and $0.1 billion due to the effect on exchange rate changes on cash and cash equivalents offset by $0.9 billion net cash used by investing activities and $6.0 billion net cash used by financing activities.,discussion
Part I  -  FINANCIAL INFORMATION,Item 2 - MANAGEMENT'S DISCUSSION AND ANALYSIS OF FINANCIAL CONDITION AND RESULTS OF OPERATIONS,"in addition, the company had $0.6 billion in marketable securities at the end of the fiscal first quarter of 2018 and $0.5 billion at the end of 2017.",discussion
Part I  -  FINANCIAL INFORMATION,Item 2 - MANAGEMENT'S DISCUSSION AND ANALYSIS OF FINANCIAL CONDITION AND RESULTS OF OPERATIONS,"cash flow from operations of $3.6 billion was the result of $4.4 billion of net earnings and $2.0 billion of non-cash expenses and other adjustments for depreciation and amortization, stock-based compensation and deferred tax provision, reduced by $3.4 billion related to an increase in accounts receivable, an increase in inventories, a decrease in accounts payable and accrued liabilities and an increase in other current and non-current assets.",discussion
Part I  -  FINANCIAL INFORMATION,Item 2 - MANAGEMENT'S DISCUSSION AND ANALYSIS OF FINANCIAL CONDITION AND RESULTS OF OPERATIONS,additional sources of operating cash flow of $0.6 billion resulted from an increase in other current and non-current liabilities.,discussion
Part I  -  FINANCIAL INFORMATION,Item 2 - MANAGEMENT'S DISCUSSION AND ANALYSIS OF FINANCIAL CONDITION AND RESULTS OF OPERATIONS,"46 table of contents investing activities use of $0.9 billion of cash was primarily used for additions to property, plant and equipment of $0.7 billion, $0.2 billion from the net purchases of investments in marketable securities and acquisitions of $0.1 billion.",discussion
Part I  -  FINANCIAL INFORMATION,Item 2 - MANAGEMENT'S DISCUSSION AND ANALYSIS OF FINANCIAL CONDITION AND RESULTS OF OPERATIONS,"financing activities use of $6.0 billion of cash was primarily used for the net retirement of short term debt of $2.5 billion, $2.3 billion for dividends to shareholders and repurchase of common stock of $1.4 billion.",discussion
Part I  -  FINANCIAL INFORMATION,Item 2 - MANAGEMENT'S DISCUSSION AND ANALYSIS OF FINANCIAL CONDITION AND RESULTS OF OPERATIONS,"financing activities also included a source of $0.2 billion from other financing and proceeds from stock options exercised/employee withholding tax on stock awards, net.",discussion
Part I  -  FINANCIAL INFORMATION,Item 2 - MANAGEMENT'S DISCUSSION AND ANALYSIS OF FINANCIAL CONDITION AND RESULTS OF OPERATIONS,the company has access to substantial sources of funds at numerous banks worldwide.,discussion
Part I  -  FINANCIAL INFORMATION,Item 2 - MANAGEMENT'S DISCUSSION AND ANALYSIS OF FINANCIAL CONDITION AND RESULTS OF OPERATIONS,"in september 2017, the company secured a new 364-day credit facility.",discussion
Part I  -  FINANCIAL INFORMATION,Item 2 - MANAGEMENT'S DISCUSSION AND ANALYSIS OF FINANCIAL CONDITION AND RESULTS OF OPERATIONS,"total credit available to the company under the facility, which expires september 13, 2018, approximates $10.0 billion.",discussion
Part I  -  FINANCIAL INFORMATION,Item 2 - MANAGEMENT'S DISCUSSION AND ANALYSIS OF FINANCIAL CONDITION AND RESULTS OF OPERATIONS,"interest charged on borrowings under the credit line agreement is based on either bids provided by banks, the prime rate or london interbank offered rates (libor), plus applicable margins.",discussion
Part I  -  FINANCIAL INFORMATION,Item 2 - MANAGEMENT'S DISCUSSION AND ANALYSIS OF FINANCIAL CONDITION AND RESULTS OF OPERATIONS,commitment fees under the agreement are not material.,discussion
Part I  -  FINANCIAL INFORMATION,Item 2 - MANAGEMENT'S DISCUSSION AND ANALYSIS OF FINANCIAL CONDITION AND RESULTS OF OPERATIONS,"in the fiscal first quarter of 2018, the company's notes payable and long-term debt was in excess of cash, cash equivalents and marketable securities.",discussion
Part I  -  FINANCIAL INFORMATION,Item 2 - MANAGEMENT'S DISCUSSION AND ANALYSIS OF FINANCIAL CONDITION AND RESULTS OF OPERATIONS,"the company anticipates that operating cash flows, the ability to raise funds from external sources, borrowing capacity from existing committed credit facilities and access to the commercial paper markets will continue to provide sufficient resources to fund operating needs.",discussion
Part I  -  FINANCIAL INFORMATION,Item 2 - MANAGEMENT'S DISCUSSION AND ANALYSIS OF FINANCIAL CONDITION AND RESULTS OF OPERATIONS,"additionally, as a result of the tcja, the company has access to its cash outside the u.s. at a significantly reduced cost.",discussion
Part I  -  FINANCIAL INFORMATION,Item 2 - MANAGEMENT'S DISCUSSION AND ANALYSIS OF FINANCIAL CONDITION AND RESULTS OF OPERATIONS,the company monitors the global capital markets on an ongoing basis and from time to time may raise capital when market conditions are favorable.,discussion
Part I  -  FINANCIAL INFORMATION,Item 2 - MANAGEMENT'S DISCUSSION AND ANALYSIS OF FINANCIAL CONDITION AND RESULTS OF OPERATIONS,"the company filed a shelf registration on february 27, 2017 which will enable it to issue debt securities on a timely basis.",discussion
Part I  -  FINANCIAL INFORMATION,Item 2 - MANAGEMENT'S DISCUSSION AND ANALYSIS OF FINANCIAL CONDITION AND RESULTS OF OPERATIONS,"dividends on january 2, 2018, the board of directors declared a regular cash dividend of $0.84 per share, payable on march 13, 2018 to shareholders of record as of february 27, 2018.",discussion
Part I  -  FINANCIAL INFORMATION,Item 2 - MANAGEMENT'S DISCUSSION AND ANALYSIS OF FINANCIAL CONDITION AND RESULTS OF OPERATIONS,"on april 26, 2018, the board of directors declared a regular cash dividend of $0.90 per share, payable on june 12, 2018 to shareholders of record as of may 29, 2018.",discussion
Part I  -  FINANCIAL INFORMATION,Item 2 - MANAGEMENT'S DISCUSSION AND ANALYSIS OF FINANCIAL CONDITION AND RESULTS OF OPERATIONS,the company expects to continue the practice of paying regular quarterly cash dividends.,discussion
Part I  -  FINANCIAL INFORMATION,Item 2 - MANAGEMENT'S DISCUSSION AND ANALYSIS OF FINANCIAL CONDITION AND RESULTS OF OPERATIONS,other information new accounting pronouncements refer to note 1 to the consolidated financial statements for new accounting pronouncements.,discussion
Part I  -  FINANCIAL INFORMATION,Item 2 - MANAGEMENT'S DISCUSSION AND ANALYSIS OF FINANCIAL CONDITION AND RESULTS OF OPERATIONS,economic and market factors the company operates in certain countries where the economic conditions continue to present significant challenges.,discussion
Part I  -  FINANCIAL INFORMATION,Item 2 - MANAGEMENT'S DISCUSSION AND ANALYSIS OF FINANCIAL CONDITION AND RESULTS OF OPERATIONS,the company continues to monitor these situations and take appropriate actions.,discussion
Part I  -  FINANCIAL INFORMATION,Item 2 - MANAGEMENT'S DISCUSSION AND ANALYSIS OF FINANCIAL CONDITION AND RESULTS OF OPERATIONS,"inflation rates and currency exchange rates continue to have an effect on worldwide economies and, consequently, on the way the company operates.",discussion
Part I  -  FINANCIAL INFORMATION,Item 2 - MANAGEMENT'S DISCUSSION AND ANALYSIS OF FINANCIAL CONDITION AND RESULTS OF OPERATIONS,"in the face of increasing costs, the company strives to maintain its profit margins through cost reduction programs, productivity improvements and periodic price increases.",discussion
Part I  -  FINANCIAL INFORMATION,Item 2 - MANAGEMENT'S DISCUSSION AND ANALYSIS OF FINANCIAL CONDITION AND RESULTS OF OPERATIONS,"in june 2016, the united kingdom (u.k.) held a referendum in which voters approved an exit from the european union (e.u.), commonly referred to as ""brexit"", and in march 2017 the u.k. formally started the process to leave the e.u.",discussion
Part I  -  FINANCIAL INFORMATION,Item 2 - MANAGEMENT'S DISCUSSION AND ANALYSIS OF FINANCIAL CONDITION AND RESULTS OF OPERATIONS,"given the lack of comparable precedent, it is unclear what financial, trade, regulatory and legal implications the withdrawal of the u.k. from the e.u. will have.",discussion
Part I  -  FINANCIAL INFORMATION,Item 2 - MANAGEMENT'S DISCUSSION AND ANALYSIS OF FINANCIAL CONDITION AND RESULTS OF OPERATIONS,"brexit creates global political and economic uncertainty, which may cause, among other consequences, volatility in exchange rates and interest rates, additional cost containment by third-party payors and changes in regulations.",discussion
Part I  -  FINANCIAL INFORMATION,Item 2 - MANAGEMENT'S DISCUSSION AND ANALYSIS OF FINANCIAL CONDITION AND RESULTS OF OPERATIONS,"however, the company currently does not believe that these and other related effects will have a material impact on the company's consolidated financial position or operating results.",discussion
Part I  -  FINANCIAL INFORMATION,Item 2 - MANAGEMENT'S DISCUSSION AND ANALYSIS OF FINANCIAL CONDITION AND RESULTS OF OPERATIONS,"as of april 1, 2018, the business of the company's u.k. subsidiaries represented less than 3% of both the company's consolidated assets and fiscal three months revenues, respectively.",discussion
Part I  -  FINANCIAL INFORMATION,Item 2 - MANAGEMENT'S DISCUSSION AND ANALYSIS OF FINANCIAL CONDITION AND RESULTS OF OPERATIONS,"governments around the world consider various proposals to make changes to tax laws, which may include increasing or decreasing existing statutory tax rates.",discussion
Part I  -  FINANCIAL INFORMATION,Item 2 - MANAGEMENT'S DISCUSSION AND ANALYSIS OF FINANCIAL CONDITION AND RESULTS OF OPERATIONS,a change in statutory tax rate in any country would result in the revaluation of the company's deferred tax assets and liabilities related to that particular jurisdiction in the period in which the new tax law is 47 table of contents enacted.,discussion
Part I  -  FINANCIAL INFORMATION,Item 2 - MANAGEMENT'S DISCUSSION AND ANALYSIS OF FINANCIAL CONDITION AND RESULTS OF OPERATIONS,this change would result in an expense or benefit recorded to the company's consolidated statement of earnings.,discussion
Part I  -  FINANCIAL INFORMATION,Item 2 - MANAGEMENT'S DISCUSSION AND ANALYSIS OF FINANCIAL CONDITION AND RESULTS OF OPERATIONS,the company closely monitors these proposals as they arise in the countries where it operates.,discussion
Part I  -  FINANCIAL INFORMATION,Item 2 - MANAGEMENT'S DISCUSSION AND ANALYSIS OF FINANCIAL CONDITION AND RESULTS OF OPERATIONS,"changes to the statutory tax rate may occur at any time, and any related expense or benefit recorded may be material to the fiscal quarter and year in which the law change is enacted.",discussion
Part I  -  FINANCIAL INFORMATION,Item 2 - MANAGEMENT'S DISCUSSION AND ANALYSIS OF FINANCIAL CONDITION AND RESULTS OF OPERATIONS,"the company faces various worldwide health care changes that may continue to result in pricing pressures that include health care cost containment and government legislation relating to sales, promotions and reimbursement of health care products.",discussion
Part I  -  FINANCIAL INFORMATION,Item 2 - MANAGEMENT'S DISCUSSION AND ANALYSIS OF FINANCIAL CONDITION AND RESULTS OF OPERATIONS,"changes in the behavior and spending patterns of purchasers of health care products and services, including delaying medical procedures, rationing prescription medications, reducing the frequency of physician visits and foregoing health care insurance coverage, may continue to impact the company's businesses.",discussion
Part I  -  FINANCIAL INFORMATION,Item 2 - MANAGEMENT'S DISCUSSION AND ANALYSIS OF FINANCIAL CONDITION AND RESULTS OF OPERATIONS,the company also operates in an environment increasingly hostile to intellectual property rights.,discussion
Part I  -  FINANCIAL INFORMATION,Item 2 - MANAGEMENT'S DISCUSSION AND ANALYSIS OF FINANCIAL CONDITION AND RESULTS OF OPERATIONS,"firms have filed abbreviated new drug applications or biosimilar biological product applications with the fda, initiated inter partes review proceedings in the united states patent and trademark office, or otherwise challenged the coverage and/or validity of the company's patents, seeking to market generic or biosimilar forms of many of the company's key pharmaceutical products prior to expiration of the applicable patents covering those products.",discussion
Part I  -  FINANCIAL INFORMATION,Item 2 - MANAGEMENT'S DISCUSSION AND ANALYSIS OF FINANCIAL CONDITION AND RESULTS OF OPERATIONS,"in the event the company is not successful in defending the patent claims challenged in these actions, generic or biosimilar versions of the products at issue may be introduced to the market, resulting in the potential for substantial market share and revenue losses for those products, and which may result in a non-cash impairment charge in any associated intangible asset.",discussion
Part I  -  FINANCIAL INFORMATION,Item 2 - MANAGEMENT'S DISCUSSION AND ANALYSIS OF FINANCIAL CONDITION AND RESULTS OF OPERATIONS,there is also a risk that one or more competitors could launch a generic or biosimilar version of the product at issue following regulatory approval even though one or more valid patents are in place.,discussion
Part I  -  FINANCIAL INFORMATION,Item 2 - MANAGEMENT'S DISCUSSION AND ANALYSIS OF FINANCIAL CONDITION AND RESULTS OF OPERATIONS,"for further information, see the discussion on ""remicade® related cases"" and ""litigation against filers of abbreviated new drug applications"" in note 11 to the consolidated financial statements.",discussion
