seq,description,document,href,type,size
1,10-Q,nee10q1q2018.htm,https://www.sec.gov/Archives/edgar/data/37634/000075330818000081/nee10q1q2018.htm,10-Q,2752796
2,EXHIBIT 4.A,nee-q12018xex4a.htm,https://www.sec.gov/Archives/edgar/data/37634/000075330818000081/nee-q12018xex4a.htm,EX-4.A,149596
3,EXHIBIT 10.B,nee-q12018xex10b.htm,https://www.sec.gov/Archives/edgar/data/37634/000075330818000081/nee-q12018xex10b.htm,EX-10.B,68465
4,EXHIBIT 10.C,nee-q12018xex10c.htm,https://www.sec.gov/Archives/edgar/data/37634/000075330818000081/nee-q12018xex10c.htm,EX-10.C,77737
5,EXHIBIT 10.D,nee-q12018xex10d.htm,https://www.sec.gov/Archives/edgar/data/37634/000075330818000081/nee-q12018xex10d.htm,EX-10.D,98250
6,EXHIBIT 12.A,nee-q12018xex12a.htm,https://www.sec.gov/Archives/edgar/data/37634/000075330818000081/nee-q12018xex12a.htm,EX-12.A,17326
7,EXHIBIT 12.B,nee-q12018xex12b.htm,https://www.sec.gov/Archives/edgar/data/37634/000075330818000081/nee-q12018xex12b.htm,EX-12.B,13908
8,EXHIBIT 31.A,nee-q12018xex31a.htm,https://www.sec.gov/Archives/edgar/data/37634/000075330818000081/nee-q12018xex31a.htm,EX-31.A,14187
9,EXHIBIT 31.B,nee-q12018xex31b.htm,https://www.sec.gov/Archives/edgar/data/37634/000075330818000081/nee-q12018xex31b.htm,EX-31.B,13832
10,EXHIBIT 31.C,nee-q12018xex31c.htm,https://www.sec.gov/Archives/edgar/data/37634/000075330818000081/nee-q12018xex31c.htm,EX-31.C,14191
11,EXHIBIT 31.D,nee-q12018xex31d.htm,https://www.sec.gov/Archives/edgar/data/37634/000075330818000081/nee-q12018xex31d.htm,EX-31.D,14476
12,EXHIBIT 32.A,nee-q12018xex32a.htm,https://www.sec.gov/Archives/edgar/data/37634/000075330818000081/nee-q12018xex32a.htm,EX-32.A,11356
13,EXHIBIT 32.B,nee-q12018xex32b.htm,https://www.sec.gov/Archives/edgar/data/37634/000075330818000081/nee-q12018xex32b.htm,EX-32.B,11374
20,,fpl.jpg,https://www.sec.gov/Archives/edgar/data/37634/000075330818000081/fpl.jpg,GRAPHIC,57468
21,,nexteraenergy.jpg,https://www.sec.gov/Archives/edgar/data/37634/000075330818000081/nexteraenergy.jpg,GRAPHIC,297471
NA,Complete submission text file,0000753308-18-000081.txt,https://www.sec.gov/Archives/edgar/data/37634/000075330818000081/0000753308-18-000081.txt, ,16492012
14,XBRL INSTANCE DOCUMENT,nee-20180331.xml,https://www.sec.gov/Archives/edgar/data/37634/000075330818000081/nee-20180331.xml,EX-101.INS,4504207
15,XBRL TAXONOMY EXTENSION SCHEMA DOCUMENT,nee-20180331.xsd,https://www.sec.gov/Archives/edgar/data/37634/000075330818000081/nee-20180331.xsd,EX-101.SCH,82668
16,XBRL TAXONOMY EXTENSION CALCULATION LINKBASE DOCUMENT,nee-20180331_cal.xml,https://www.sec.gov/Archives/edgar/data/37634/000075330818000081/nee-20180331_cal.xml,EX-101.CAL,110700
17,XBRL TAXONOMY EXTENSION DEFINITION LINKBASE DOCUMENT,nee-20180331_def.xml,https://www.sec.gov/Archives/edgar/data/37634/000075330818000081/nee-20180331_def.xml,EX-101.DEF,548427
18,XBRL TAXONOMY EXTENSION LABEL LINKBASE DOCUMENT,nee-20180331_lab.xml,https://www.sec.gov/Archives/edgar/data/37634/000075330818000081/nee-20180331_lab.xml,EX-101.LAB,1050943
19,XBRL TAXONOMY EXTENSION PRESENTATION LINKBASE DOCUMENT,nee-20180331_pre.xml,https://www.sec.gov/Archives/edgar/data/37634/000075330818000081/nee-20180331_pre.xml,EX-101.PRE,626311
