seq,description,document,href,type,size
1,10-Q 3Q 2015,a3q10q9-27x15.htm,https://www.sec.gov/Archives/edgar/data/200406/000020040615000060/a3q10q9-27x15.htm,10-Q,1586652
2,EXHIBIT 31.1 CEO CERTIFICATION,a201510-q3qexhibit311ceoce.htm,https://www.sec.gov/Archives/edgar/data/200406/000020040615000060/a201510-q3qexhibit311ceoce.htm,EX-31.1,9384
3,EXHIBIT 31.1 CFO CERTIFICATION,a201510-q3qexhibit311cfoce.htm,https://www.sec.gov/Archives/edgar/data/200406/000020040615000060/a201510-q3qexhibit311cfoce.htm,EX-31.1,9788
4,EXHIBIT 32.1 CEO 906 CERTIFICATION,a201510-q3qexhibit321ceoce.htm,https://www.sec.gov/Archives/edgar/data/200406/000020040615000060/a201510-q3qexhibit321ceoce.htm,EX-32.1,11424
5,EXHIBIT 32.1 CFO 906 CERTIFICATION,a201510-q3qexhibit321cfoce.htm,https://www.sec.gov/Archives/edgar/data/200406/000020040615000060/a201510-q3qexhibit321cfoce.htm,EX-32.1,11869
12,,jnjlogoa03a01a01a01a01a02.jpg,https://www.sec.gov/Archives/edgar/data/200406/000020040615000060/jnjlogoa03a01a01a01a01a02.jpg,GRAPHIC,4649
NA,Complete submission text file,0000200406-15-000060.txt,https://www.sec.gov/Archives/edgar/data/200406/000020040615000060/0000200406-15-000060.txt, ,8242913
6,XBRL INSTANCE DOCUMENT,jnj-20150927.xml,https://www.sec.gov/Archives/edgar/data/200406/000020040615000060/jnj-20150927.xml,EX-101.INS,2156465
7,XBRL TAXONOMY EXTENSION SCHEMA DOCUMENT,jnj-20150927.xsd,https://www.sec.gov/Archives/edgar/data/200406/000020040615000060/jnj-20150927.xsd,EX-101.SCH,45803
8,XBRL TAXONOMY EXTENSION CALCULATION LINKBASE DOCUMENT,jnj-20150927_cal.xml,https://www.sec.gov/Archives/edgar/data/200406/000020040615000060/jnj-20150927_cal.xml,EX-101.CAL,86417
9,XBRL TAXONOMY EXTENSION DEFINITION LINKBASE DOCUMENT,jnj-20150927_def.xml,https://www.sec.gov/Archives/edgar/data/200406/000020040615000060/jnj-20150927_def.xml,EX-101.DEF,207034
10,XBRL TAXONOMY EXTENSION LABEL LINKBASE DOCUMENT,jnj-20150927_lab.xml,https://www.sec.gov/Archives/edgar/data/200406/000020040615000060/jnj-20150927_lab.xml,EX-101.LAB,651200
11,XBRL TAXONOMY EXTENSION PRESENTATION LINKBASE DOCUMENT,jnj-20150927_pre.xml,https://www.sec.gov/Archives/edgar/data/200406/000020040615000060/jnj-20150927_pre.xml,EX-101.PRE,356115
