part.name,item.name,sentence_text,section
Part I  -  FINANCIAL INFORMATION,Item 2 - MANAGEMENT'S DISCUSSION AND ANALYSIS OF FINANCIAL CONDITION AND RESULTS OF OPERATIONS,"item 2  -  management's discussion and analysis of financial condition and results of operations results of operations analysis of consolidated sales for the fiscal nine months of 2015, worldwide sales were $52.3 billion, a total decrease of 6.8%, including operational growth of 1.0% as compared to 2014 fiscal nine months sales of $56.1 billion.",discussion
Part I  -  FINANCIAL INFORMATION,Item 2 - MANAGEMENT'S DISCUSSION AND ANALYSIS OF FINANCIAL CONDITION AND RESULTS OF OPERATIONS,currency fluctuations had a negative impact of 7.8% for the fiscal nine months of 2015.,discussion
Part I  -  FINANCIAL INFORMATION,Item 2 - MANAGEMENT'S DISCUSSION AND ANALYSIS OF FINANCIAL CONDITION AND RESULTS OF OPERATIONS,"the introduction of competitive products to the company's hepatitis c products, olysio®/sovriad® (simeprevir) and incivo® (telaprevir), had a negative impact of 3.0% on the fiscal nine months of 2015 worldwide operational sales growth.",discussion
Part I  -  FINANCIAL INFORMATION,Item 2 - MANAGEMENT'S DISCUSSION AND ANALYSIS OF FINANCIAL CONDITION AND RESULTS OF OPERATIONS,the divestiture of the ortho-clinical diagnostics business had a negative impact of 1.6% on the worldwide operational sales growth on the fiscal nine months of 2015.,discussion
Part I  -  FINANCIAL INFORMATION,Item 2 - MANAGEMENT'S DISCUSSION AND ANALYSIS OF FINANCIAL CONDITION AND RESULTS OF OPERATIONS,"sales by u.s. companies were $26.4 billion in the fiscal nine months of 2015, which represented an increase of 0.8% as compared to the prior year.",discussion
Part I  -  FINANCIAL INFORMATION,Item 2 - MANAGEMENT'S DISCUSSION AND ANALYSIS OF FINANCIAL CONDITION AND RESULTS OF OPERATIONS,"sales by international companies were $25.9 billion, a decline of 13.5%, including operational growth of 1.1%, offset by a negative currency impact of 14.6% as compared to the fiscal nine months sales of 2014.",discussion
Part I  -  FINANCIAL INFORMATION,Item 2 - MANAGEMENT'S DISCUSSION AND ANALYSIS OF FINANCIAL CONDITION AND RESULTS OF OPERATIONS,"sales by companies in europe experienced a decline of 16.6%, which included an operational increase of 1.3%, offset by a negative currency impact of 17.9%.",discussion
Part I  -  FINANCIAL INFORMATION,Item 2 - MANAGEMENT'S DISCUSSION AND ANALYSIS OF FINANCIAL CONDITION AND RESULTS OF OPERATIONS,"sales by companies in the western hemisphere, excluding the u.s., experienced a decline of 14.4%, including operational growth of 2.6%, offset by a negative currency impact of 17.0%.",discussion
Part I  -  FINANCIAL INFORMATION,Item 2 - MANAGEMENT'S DISCUSSION AND ANALYSIS OF FINANCIAL CONDITION AND RESULTS OF OPERATIONS,"sales by companies in the asia-pacific, africa region experienced a decline of 8.5%, including operational growth of 0.1%, offset by a negative currency impact of 8.6%.",discussion
Part I  -  FINANCIAL INFORMATION,Item 2 - MANAGEMENT'S DISCUSSION AND ANALYSIS OF FINANCIAL CONDITION AND RESULTS OF OPERATIONS,"for the fiscal third quarter of 2015, worldwide sales were $17.1 billion, a total decrease of 7.4%, including operational growth of 0.8% as compared to 2014 fiscal third quarter sales of $18.5 billion.",discussion
Part I  -  FINANCIAL INFORMATION,Item 2 - MANAGEMENT'S DISCUSSION AND ANALYSIS OF FINANCIAL CONDITION AND RESULTS OF OPERATIONS,currency fluctuations had a negative impact of 8.2% for the fiscal third quarter of 2015.,discussion
Part I  -  FINANCIAL INFORMATION,Item 2 - MANAGEMENT'S DISCUSSION AND ANALYSIS OF FINANCIAL CONDITION AND RESULTS OF OPERATIONS,"the introduction of competitive products to the company's hepatitis c products, olysio®/sovriad® (simeprevir) and incivo® (telaprevir), had a negative impact of 4.3% on the fiscal third quarter of 2015 worldwide operational sales growth.",discussion
Part I  -  FINANCIAL INFORMATION,Item 2 - MANAGEMENT'S DISCUSSION AND ANALYSIS OF FINANCIAL CONDITION AND RESULTS OF OPERATIONS,"sales by u.s. companies were $8.8 billion in the fiscal third quarter of 2015, which represented a decrease of 0.6% as compared to the prior year.",discussion
Part I  -  FINANCIAL INFORMATION,Item 2 - MANAGEMENT'S DISCUSSION AND ANALYSIS OF FINANCIAL CONDITION AND RESULTS OF OPERATIONS,"sales by international companies were $8.3 billion, a decline of 13.7%, including operational growth of 2.1%, offset by a negative currency impact of 15.8% as compared to the fiscal third quarter sales of 2014.",discussion
Part I  -  FINANCIAL INFORMATION,Item 2 - MANAGEMENT'S DISCUSSION AND ANALYSIS OF FINANCIAL CONDITION AND RESULTS OF OPERATIONS,"sales by companies in europe experienced a decline of 14.5%, including operational growth of 2.7%, offset by a negative currency impact of 17.2%.",discussion
Part I  -  FINANCIAL INFORMATION,Item 2 - MANAGEMENT'S DISCUSSION AND ANALYSIS OF FINANCIAL CONDITION AND RESULTS OF OPERATIONS,"sales by companies in the western hemisphere, excluding the u.s., experienced a decline of 19.6%, which included operational growth of 2.7%, and a negative currency impact of 22.3%.",discussion
Part I  -  FINANCIAL INFORMATION,Item 2 - MANAGEMENT'S DISCUSSION AND ANALYSIS OF FINANCIAL CONDITION AND RESULTS OF OPERATIONS,"sales by companies in the asia-pacific, africa region experienced a decline of 9.3%, including operational growth of 1.2% offset by a negative currency impact of 10.5%.",discussion
Part I  -  FINANCIAL INFORMATION,Item 2 - MANAGEMENT'S DISCUSSION AND ANALYSIS OF FINANCIAL CONDITION AND RESULTS OF OPERATIONS,"34 table of contents analysis of sales by business segments consumer consumer segment sales in the fiscal nine months of 2015 were $10.2 billion, a decrease of 6.5% as compared to the same period a year ago, including operational growth of 2.9% offset by a negative currency impact of 9.4%.",discussion
Part I  -  FINANCIAL INFORMATION,Item 2 - MANAGEMENT'S DISCUSSION AND ANALYSIS OF FINANCIAL CONDITION AND RESULTS OF OPERATIONS,u.s.,discussion
Part I  -  FINANCIAL INFORMATION,Item 2 - MANAGEMENT'S DISCUSSION AND ANALYSIS OF FINANCIAL CONDITION AND RESULTS OF OPERATIONS,consumer segment sales increased by 5.0%.,discussion
Part I  -  FINANCIAL INFORMATION,Item 2 - MANAGEMENT'S DISCUSSION AND ANALYSIS OF FINANCIAL CONDITION AND RESULTS OF OPERATIONS,"international consumer segment sales decreased by 12.6%, including operational growth of 1.9% offset by a negative currency impact of 14.5%.",discussion
Part I  -  FINANCIAL INFORMATION,Item 2 - MANAGEMENT'S DISCUSSION AND ANALYSIS OF FINANCIAL CONDITION AND RESULTS OF OPERATIONS,"major consumer franchise sales  -  fiscal nine months ended                      (dollars in millions)   september 27, 2015   september 28, 2014   total change   operations change   currency change otc   $ 2,930     $ 3,033     (3.4 )%   8.1 %   (11.5 )% skin care   2,660     2,802     (5.1 )   2.0     (7.1 ) baby care   1,560     1,715     (9.0 )   0.5     (9.5 ) oral care   1,172     1,233     (4.9 )   4.4     (9.3 ) wound care/other   948     1,113     (14.8 )   (10.3 )   (4.5 ) women's health   917     994     (7.7 )   7.6     (15.3 ) total consumer sales   $ 10,187     $ 10,890     (6.5 )%   2.9 %   (9.4 )% consumer segment sales in the fiscal third quarter of 2015 were $3.3 billion, a decrease of 7.7% as compared to the same period a year ago, including an operational increase of 3.1% offset by a negative currency impact of 10.8%.",discussion
Part I  -  FINANCIAL INFORMATION,Item 2 - MANAGEMENT'S DISCUSSION AND ANALYSIS OF FINANCIAL CONDITION AND RESULTS OF OPERATIONS,u.s.,discussion
Part I  -  FINANCIAL INFORMATION,Item 2 - MANAGEMENT'S DISCUSSION AND ANALYSIS OF FINANCIAL CONDITION AND RESULTS OF OPERATIONS,consumer segment sales increased by 8.9%.,discussion
Part I  -  FINANCIAL INFORMATION,Item 2 - MANAGEMENT'S DISCUSSION AND ANALYSIS OF FINANCIAL CONDITION AND RESULTS OF OPERATIONS,"international consumer segment sales decreased by 15.7%, including operational growth of 0.4% offset by a negative currency impact of 16.1%.",discussion
Part I  -  FINANCIAL INFORMATION,Item 2 - MANAGEMENT'S DISCUSSION AND ANALYSIS OF FINANCIAL CONDITION AND RESULTS OF OPERATIONS,"major consumer franchise sales  -  fiscal third quarters ended(dollars in millions)   september 27, 2015   september 28, 2014   total change   operations change   currency change otc   $ 963     $ 1,019     (5.5 )%   6.3 %   (11.8 )% skin care   863     920     (6.2 )   2.5     (8.7 ) baby care   506     563     (10.1 )   2.0     (12.1 ) oral care   378     409     (7.6 )   3.5     (11.1 ) wound care/other   294     353     (16.7 )   (11.9 )   (4.8 ) women's health   310     325     (4.6 )   13.3     (17.9 ) total consumer sales   $ 3,314     $ 3,589     (7.7 )%   3.1 %   (10.8 )% the otc franchise achieved operational growth of 6.3% as compared to the prior year fiscal third quarter.",discussion
Part I  -  FINANCIAL INFORMATION,Item 2 - MANAGEMENT'S DISCUSSION AND ANALYSIS OF FINANCIAL CONDITION AND RESULTS OF OPERATIONS,the growth was primarily driven by analgesics and zyrtec® in the u.s.,discussion
Part I  -  FINANCIAL INFORMATION,Item 2 - MANAGEMENT'S DISCUSSION AND ANALYSIS OF FINANCIAL CONDITION AND RESULTS OF OPERATIONS,"mcneil-ppc, inc. (now johnson & johnson consumer inc.) continues to operate under a consent decree, signed in 2011 with the u.s.",discussion
Part I  -  FINANCIAL INFORMATION,Item 2 - MANAGEMENT'S DISCUSSION AND ANALYSIS OF FINANCIAL CONDITION AND RESULTS OF OPERATIONS,"food and drug administration (fda), which governs certain mcneil consumer healthcare manufacturing operations and requires mcneil-ppc to remediate the facilities it operates in lancaster, pennsylvania; fort washington, pennsylvania; and las piedras, puerto rico (the consent decree).",discussion
Part I  -  FINANCIAL INFORMATION,Item 2 - MANAGEMENT'S DISCUSSION AND ANALYSIS OF FINANCIAL CONDITION AND RESULTS OF OPERATIONS,"in february 2015, a third-party expert submitted written certification to the fda for all three manufacturing sites.",discussion
Part I  -  FINANCIAL INFORMATION,Item 2 - MANAGEMENT'S DISCUSSION AND ANALYSIS OF FINANCIAL CONDITION AND RESULTS OF OPERATIONS,"following fda inspections, mcneil-ppc received notification that all three manufacturing facilities are in conformity with applicable laws and regulations and, at this point, no independent third-party is needed for day-to-day oversight.",discussion
Part I  -  FINANCIAL INFORMATION,Item 2 - MANAGEMENT'S DISCUSSION AND ANALYSIS OF FINANCIAL CONDITION AND RESULTS OF OPERATIONS,a third-party expert will reassess those sites at various times during the next five years.,discussion
Part I  -  FINANCIAL INFORMATION,Item 2 - MANAGEMENT'S DISCUSSION AND ANALYSIS OF FINANCIAL CONDITION AND RESULTS OF OPERATIONS,"the skin care franchise achieved operational growth of 2.5% as compared to the prior year, primarily due to strong sales growth of neutrogena® and aveeno® products partially offset by soft sales in china.",discussion
Part I  -  FINANCIAL INFORMATION,Item 2 - MANAGEMENT'S DISCUSSION AND ANALYSIS OF FINANCIAL CONDITION AND RESULTS OF OPERATIONS,"35 table of contents the baby care franchise  achieved operational growth of 2.0% as compared to the prior year, primarily due to new product launches partially offset by competition in china.",discussion
Part I  -  FINANCIAL INFORMATION,Item 2 - MANAGEMENT'S DISCUSSION AND ANALYSIS OF FINANCIAL CONDITION AND RESULTS OF OPERATIONS,the oral care franchise achieved operational growth of 3.5% as compared to the prior year.,discussion
Part I  -  FINANCIAL INFORMATION,Item 2 - MANAGEMENT'S DISCUSSION AND ANALYSIS OF FINANCIAL CONDITION AND RESULTS OF OPERATIONS,"the growth was driven by  increased sales of listerine®, as a result of new product launches and successful marketing campaigns.",discussion
Part I  -  FINANCIAL INFORMATION,Item 2 - MANAGEMENT'S DISCUSSION AND ANALYSIS OF FINANCIAL CONDITION AND RESULTS OF OPERATIONS,the wound care/other franchise experienced an operational decline of 11.9% as compared to the prior year primarily due to the benecol®  divestiture outside the u.s.,discussion
Part I  -  FINANCIAL INFORMATION,Item 2 - MANAGEMENT'S DISCUSSION AND ANALYSIS OF FINANCIAL CONDITION AND RESULTS OF OPERATIONS,the women's health franchise achieved operational growth of 13.3% as compared to the prior year primarily due to new product launches outside the u.s.,discussion
Part I  -  FINANCIAL INFORMATION,Item 2 - MANAGEMENT'S DISCUSSION AND ANALYSIS OF FINANCIAL CONDITION AND RESULTS OF OPERATIONS,"pharmaceutical pharmaceutical segment sales in the fiscal nine months of 2015 were $23.4 billion, a total decrease of 3.9% as compared to the same period a year ago, with an operational increase of 3.4% and a negative currency impact of 7.3%.",discussion
Part I  -  FINANCIAL INFORMATION,Item 2 - MANAGEMENT'S DISCUSSION AND ANALYSIS OF FINANCIAL CONDITION AND RESULTS OF OPERATIONS,u.s.,discussion
Part I  -  FINANCIAL INFORMATION,Item 2 - MANAGEMENT'S DISCUSSION AND ANALYSIS OF FINANCIAL CONDITION AND RESULTS OF OPERATIONS,pharmaceutical sales increased by 2.7% as compared to the same period a year ago.,discussion
Part I  -  FINANCIAL INFORMATION,Item 2 - MANAGEMENT'S DISCUSSION AND ANALYSIS OF FINANCIAL CONDITION AND RESULTS OF OPERATIONS,"international pharmaceutical sales decreased by 11.5%, including operational growth of 4.3% offset by a negative currency impact of 15.8%.",discussion
Part I  -  FINANCIAL INFORMATION,Item 2 - MANAGEMENT'S DISCUSSION AND ANALYSIS OF FINANCIAL CONDITION AND RESULTS OF OPERATIONS,"in the fiscal nine months of 2015, the pharmaceutical segment operational growth was negatively impacted by 7.3% due to the introduction of competitive products to the company's hepatitis c products, olysio®/sovriad® (simeprevir) and incivo® (telaprevir), and positively impacted by 1.6%  due to an adjustment to previous reserve estimates, including managed medicaid rebates primarily in the cardiovascular/metabolism/other therapeutic area.",discussion
Part I  -  FINANCIAL INFORMATION,Item 2 - MANAGEMENT'S DISCUSSION AND ANALYSIS OF FINANCIAL CONDITION AND RESULTS OF OPERATIONS,"36 table of contents major pharmaceutical therapeutic area sales  -  fiscal nine months ended*                        (dollars in millions)   september 27, 2015   september 28, 2014   total change   operations change   currency change total immunology   $ 7,631     $ 7,615     0.2  %   5.2 %   (5.0 )%      remicade®   4,881     5,196     (6.1 )   (2.7 )   (3.4 )      simponi®/ simponi aria®   988     841     17.5     28.4     (10.9 )      stelara®   1,732     1,527     13.4     20.5     (7.1 )      other immunology   30     51     (41.2 )   (31.4 )   (9.8 ) total infectious diseases   2,855     4,523     (36.9 )   (29.4 )   (7.5 )      edurant®   303     275     10.2     31.3     (21.1 )      olysio®/sovriad®   577     1,981     (70.9 )   (66.6 )   (4.3 )      prezista®/ prezcobix®/rezolsta®   1,343     1,383     (2.9 )   5.5     (8.4 )      other infectious diseases   632     884     (28.5 )   (19.4 )   (9.1 ) total neuroscience   4,658     4,836     (3.7 )   5.3     (9.0 )      concerta®/methylphenidate   608     430     41.4     51.9     (10.5 )      invega®/paliperidone   460     479     (4.0 )   2.6     (6.6 )      invega® sustenna®/xeplion®/invega trinza™   1,306     1,170     11.6     20.4     (8.8 )      risperdal® consta®   736     896     (17.9 )   (8.4 )   (9.5 )      other neuroscience   1,548     1,861     (16.8 )   (7.5 )   (9.3 ) total oncology   3,422     3,245     5.5     18.9     (13.4 )      imbruvica®   454     108     **     **     ***        velcade®   1,012     1,200     (15.7 )   (1.0 )   (14.7 )      zytiga®   1,650     1,642     0.5     11.0     (10.5 )      other oncology   306     295     3.7     19.5     (15.8 ) cardiovascular / metabolism / other   4,800     4,095     17.2     21.7     (4.5 )      xarelto®   1,374     1,094     25.6     25.6      -         invokana®/ invokamet®   936     385     **     **     ***        procrit®/eprex®   808     936     (13.7 )   (8.2 )   (5.5 )      other   1,682     1,680     0.1     7.6     (7.5 ) total pharmaceutical sales   $ 23,366     $ 24,314     (3.9 )%   3.4 %   (7.3 )% *prior year amounts have been reclassified to conform to current year product disclosure.",discussion
Part I  -  FINANCIAL INFORMATION,Item 2 - MANAGEMENT'S DISCUSSION AND ANALYSIS OF FINANCIAL CONDITION AND RESULTS OF OPERATIONS,"** percentage greater than 100% ***not meaningful 37 table of contents pharmaceutical segment sales in the fiscal third quarter of 2015 were $7.7 billion, a total decrease of 7.4% as compared to the same period a year ago, with an operational decrease of 0.3% and a negative currency impact of 7.1%.",discussion
Part I  -  FINANCIAL INFORMATION,Item 2 - MANAGEMENT'S DISCUSSION AND ANALYSIS OF FINANCIAL CONDITION AND RESULTS OF OPERATIONS,u.s.,discussion
Part I  -  FINANCIAL INFORMATION,Item 2 - MANAGEMENT'S DISCUSSION AND ANALYSIS OF FINANCIAL CONDITION AND RESULTS OF OPERATIONS,pharmaceutical sales decreased by 4.5% as compared to the same period a year ago.,discussion
Part I  -  FINANCIAL INFORMATION,Item 2 - MANAGEMENT'S DISCUSSION AND ANALYSIS OF FINANCIAL CONDITION AND RESULTS OF OPERATIONS,"international pharmaceutical sales decreased by 11.1%, including operational growth of 5.5% offset by a negative currency impact of 16.6%.",discussion
Part I  -  FINANCIAL INFORMATION,Item 2 - MANAGEMENT'S DISCUSSION AND ANALYSIS OF FINANCIAL CONDITION AND RESULTS OF OPERATIONS,"the introduction of competitive products to the company's hepatitis c products, olysio®/sovriad® (simeprevir) and incivo® (telaprevir), had a negative impact of 10.0% on the operational growth of the pharmaceutical segment in the fiscal third quarter of 2015.",discussion
Part I  -  FINANCIAL INFORMATION,Item 2 - MANAGEMENT'S DISCUSSION AND ANALYSIS OF FINANCIAL CONDITION AND RESULTS OF OPERATIONS,"major pharmaceutical therapeutic area sales  -  fiscal third quarters ended* (dollars in millions)   september 27, 2015   september 28, 2014   total change   operations change   currency change total immunology   $ 2,614     $ 2,641     (1.0 )%   4.4  %   (5.4 )%      remicade®   1,613     1,782     (9.5 )   (5.9 )   (3.6 )      simponi®/ simponi aria®   380     300     26.7     39.6     (12.9 )      stelara®   613     543     12.9     19.7     (6.8 )      other immunology   8     16     (50.0 )   (37.2 )   (12.8 ) total infectious diseases   848     1,561     (45.7 )   (39.9 )   (5.8 )      edurant®   111     102     8.8     27.6     (18.8 )      olysio®/ sovriad®   79     796     (90.1 )   (88.8 )   (1.3 )      prezista®/ prezcobix®/rezolsta®   468     446     4.9     13.4     (8.5 )      other infectious diseases   190     217     (12.4 )   (1.6 )   (10.8 ) total neuroscience   1,476     1,571     (6.0 )   3.4     (9.4 )      concerta®/methylphenidate   178     135     31.9     43.7     (11.8 )      invega®/paliperidone   139     156     (10.9 )   (4.7 )   (6.2 )      invega® sustenna®/xeplion®/invega trinza™   459     403     13.9     22.4     (8.5 )      risperdal® consta®   235     284     (17.3 )   (8.1 )   (9.2 )      other neuroscience   465     593     (21.6 )   (11.2 )   (10.4 ) total oncology   1,170     1,112     5.2     18.4     (13.2 )      imbruvica®   184     56     **     **     ***        velcade®   329     389     (15.4 )   0.1     (15.5 )      zytiga®   548     568     (3.5 )   6.1     (9.6 )      other oncology   109     99     10.1     26.2     (16.1 ) cardiovascular / metabolism / other   1,586     1,422     11.5     16.1     (4.6 )      xarelto®   461     414     11.4     11.4      -         invokana®/ invokamet®   340     174     95.4     97.3     (1.9 )      procrit®/eprex®   263     307     (14.3 )   (9.1 )   (5.2 )      other   522     527     (0.9 )   7.9     (8.8 ) total pharmaceutical sales   $ 7,694     $ 8,307     (7.4 )%   (0.3 )%   (7.1 )% *prior year amounts have been reclassified to conform to current year product disclosure.",discussion
Part I  -  FINANCIAL INFORMATION,Item 2 - MANAGEMENT'S DISCUSSION AND ANALYSIS OF FINANCIAL CONDITION AND RESULTS OF OPERATIONS,** percentage greater than 100% ***not meaningful immunology products achieved operational sales growth of 4.4% as compared to the same period a year ago.,discussion
Part I  -  FINANCIAL INFORMATION,Item 2 - MANAGEMENT'S DISCUSSION AND ANALYSIS OF FINANCIAL CONDITION AND RESULTS OF OPERATIONS,growth of stelara® (ustekinumab) and simponi®/simponi aria® (golimumab) were due to market growth and increased penetration of simponi aria®.,discussion
Part I  -  FINANCIAL INFORMATION,Item 2 - MANAGEMENT'S DISCUSSION AND ANALYSIS OF FINANCIAL CONDITION AND RESULTS OF OPERATIONS,growth was partially offset by lower remicade® (infliximab) sales to the company's distributor in japan primarily due to an inventory drawdown in preparation for label expansion.,discussion
Part I  -  FINANCIAL INFORMATION,Item 2 - MANAGEMENT'S DISCUSSION AND ANALYSIS OF FINANCIAL CONDITION AND RESULTS OF OPERATIONS,"additionally, the weakening of the euro and loss of exclusivity in europe negatively impacted sales.",discussion
Part I  -  FINANCIAL INFORMATION,Item 2 - MANAGEMENT'S DISCUSSION AND ANALYSIS OF FINANCIAL CONDITION AND RESULTS OF OPERATIONS,the patents for remicade®  in certain countries in europe expired in february 2015.,discussion
Part I  -  FINANCIAL INFORMATION,Item 2 - MANAGEMENT'S DISCUSSION AND ANALYSIS OF FINANCIAL CONDITION AND RESULTS OF OPERATIONS,"biosimilar versions of remicade® have been introduced in certain markets outside the united states, resulting in a reduction in sales of remicade® in those markets.",discussion
Part I  -  FINANCIAL INFORMATION,Item 2 - MANAGEMENT'S DISCUSSION AND ANALYSIS OF FINANCIAL CONDITION AND RESULTS OF OPERATIONS,loss of exclusivity will likely result in a further reduction in sales as additional biosimilar versions of remicade® are introduced to the market.,discussion
Part I  -  FINANCIAL INFORMATION,Item 2 - MANAGEMENT'S DISCUSSION AND ANALYSIS OF FINANCIAL CONDITION AND RESULTS OF OPERATIONS,see note 11 to the consolidated financial statements for legal matters regarding the remicade® patents.,discussion
Part I  -  FINANCIAL INFORMATION,Item 2 - MANAGEMENT'S DISCUSSION AND ANALYSIS OF FINANCIAL CONDITION AND RESULTS OF OPERATIONS,"38 table of contents infectious disease products experienced an operational decline of 39.9% as compared to the same period a year ago primarily due to lower sales of the company's hepatitis c products, olysio®/sovriad® (simeprevir) and incivo® (telaprevir).",discussion
Part I  -  FINANCIAL INFORMATION,Item 2 - MANAGEMENT'S DISCUSSION AND ANALYSIS OF FINANCIAL CONDITION AND RESULTS OF OPERATIONS,"competitive products to the company's hepatitis c products, olysio®/sovriad® (simeprevir) and incivo® (telaprevir), had a significant negative impact on u.s. sales and will continue to have a negative impact on future sales.",discussion
Part I  -  FINANCIAL INFORMATION,Item 2 - MANAGEMENT'S DISCUSSION AND ANALYSIS OF FINANCIAL CONDITION AND RESULTS OF OPERATIONS,"the decline in sales was partially offset by sales growth of prezcobix® (darunavir/cobicistat), which was launched earlier this year.",discussion
Part I  -  FINANCIAL INFORMATION,Item 2 - MANAGEMENT'S DISCUSSION AND ANALYSIS OF FINANCIAL CONDITION AND RESULTS OF OPERATIONS,neuroscience products achieved operational sales growth of 3.4% as compared to the same period a year ago.,discussion
Part I  -  FINANCIAL INFORMATION,Item 2 - MANAGEMENT'S DISCUSSION AND ANALYSIS OF FINANCIAL CONDITION AND RESULTS OF OPERATIONS,u.s. sales growth of  concerta®/methylphenidate was primarily due to a therapeutic equivalence reclassification of generic competitors by the fda in november 2014.,discussion
Part I  -  FINANCIAL INFORMATION,Item 2 - MANAGEMENT'S DISCUSSION AND ANALYSIS OF FINANCIAL CONDITION AND RESULTS OF OPERATIONS,strong sales of invega® sustenna®/xeplion®/invega trinza™ (paliperidone palmitate) were primarily due to increased market share.,discussion
Part I  -  FINANCIAL INFORMATION,Item 2 - MANAGEMENT'S DISCUSSION AND ANALYSIS OF FINANCIAL CONDITION AND RESULTS OF OPERATIONS,the growth was negatively impacted by the u.s. divestiture of nucynta® (tapentadol).,discussion
Part I  -  FINANCIAL INFORMATION,Item 2 - MANAGEMENT'S DISCUSSION AND ANALYSIS OF FINANCIAL CONDITION AND RESULTS OF OPERATIONS,oncology products achieved strong operational sales growth of 18.4% as compared to the same period a year ago.,discussion
Part I  -  FINANCIAL INFORMATION,Item 2 - MANAGEMENT'S DISCUSSION AND ANALYSIS OF FINANCIAL CONDITION AND RESULTS OF OPERATIONS,major contributors to the growth were strong sales of imbruvica® (ibrutinib) due to the approval of new indications and strong patient uptake.,discussion
Part I  -  FINANCIAL INFORMATION,Item 2 - MANAGEMENT'S DISCUSSION AND ANALYSIS OF FINANCIAL CONDITION AND RESULTS OF OPERATIONS,"additionally, sales of zytiga®(abiraterone acetate) grew in the u.s. due to market growth partially offset by share decline and strong growth in asia and latin america were partially offset by lower sales in europe due to competition.",discussion
Part I  -  FINANCIAL INFORMATION,Item 2 - MANAGEMENT'S DISCUSSION AND ANALYSIS OF FINANCIAL CONDITION AND RESULTS OF OPERATIONS,cardiovascular / metabolism / other products achieved operational sales growth of 16.1% as compared to the same period a year ago due to strong sales of xarelto®(rivaroxaban) and invokana®/invokamet® (canagliflozin).,discussion
Part I  -  FINANCIAL INFORMATION,Item 2 - MANAGEMENT'S DISCUSSION AND ANALYSIS OF FINANCIAL CONDITION AND RESULTS OF OPERATIONS,"medical devices the medical devices segment sales in the fiscal nine months of 2015 were $18.7 billion, a decrease of 10.4% as compared to the same period a year ago, with an operational decrease of 2.9% and a negative currency impact of 7.5%.",discussion
Part I  -  FINANCIAL INFORMATION,Item 2 - MANAGEMENT'S DISCUSSION AND ANALYSIS OF FINANCIAL CONDITION AND RESULTS OF OPERATIONS,u.s.,discussion
Part I  -  FINANCIAL INFORMATION,Item 2 - MANAGEMENT'S DISCUSSION AND ANALYSIS OF FINANCIAL CONDITION AND RESULTS OF OPERATIONS,medical devices sales decreased 3.4%.,discussion
Part I  -  FINANCIAL INFORMATION,Item 2 - MANAGEMENT'S DISCUSSION AND ANALYSIS OF FINANCIAL CONDITION AND RESULTS OF OPERATIONS,"international medical devices sales decreased by 15.9%, including an operational decrease of 2.4% and a negative currency impact of 13.5%.",discussion
Part I  -  FINANCIAL INFORMATION,Item 2 - MANAGEMENT'S DISCUSSION AND ANALYSIS OF FINANCIAL CONDITION AND RESULTS OF OPERATIONS,"in the fiscal nine months of 2015, the divestiture of the ortho-clinical diagnostics business had a negative impact of 4.2% on the operational growth of the medical devices segment.",discussion
Part I  -  FINANCIAL INFORMATION,Item 2 - MANAGEMENT'S DISCUSSION AND ANALYSIS OF FINANCIAL CONDITION AND RESULTS OF OPERATIONS,"major medical devices franchise sales  -  fiscal nine months ended (dollars in millions)   september 27, 2015   september 28, 2014   total change   operations change   currency change orthopaedics   $ 6,839     $ 7,234     (5.5 )%   0.8  %   (6.3 )% surgical care   4,271     4,604     (7.2 )   1.3     (8.5 ) specialty surgery/other   2,533     2,637     (3.9 )   3.3     (7.2 ) vision care   1,960     2,172     (9.8 )   (0.2 )   (9.6 ) cardiovascular care   1,597     1,650     (3.2 )   5.4     (8.6 ) diabetes care   1,448     1,628     (11.1 )   (1.6 )   (9.5 ) diagnostics   62     948     (93.5 )   (91.0 )   (2.5 ) total medical devices sales   $ 18,710     $ 20,873     (10.4 )%   (2.9 )%   (7.5 )% the medical devices segment sales in the fiscal third quarter of 2015 were $6.1 billion, a decrease of 7.3% as compared to the same period a year ago, with operational growth of 0.9% and a negative currency impact of 8.2%.",discussion
Part I  -  FINANCIAL INFORMATION,Item 2 - MANAGEMENT'S DISCUSSION AND ANALYSIS OF FINANCIAL CONDITION AND RESULTS OF OPERATIONS,u.s.,discussion
Part I  -  FINANCIAL INFORMATION,Item 2 - MANAGEMENT'S DISCUSSION AND ANALYSIS OF FINANCIAL CONDITION AND RESULTS OF OPERATIONS,medical devices  sales increased 2.0%.,discussion
Part I  -  FINANCIAL INFORMATION,Item 2 - MANAGEMENT'S DISCUSSION AND ANALYSIS OF FINANCIAL CONDITION AND RESULTS OF OPERATIONS,"international medical devices sales decreased by 14.8%, including an operational increase of 0.1% and a negative currency impact of 14.9%.",discussion
Part I  -  FINANCIAL INFORMATION,Item 2 - MANAGEMENT'S DISCUSSION AND ANALYSIS OF FINANCIAL CONDITION AND RESULTS OF OPERATIONS,"in the fiscal third quarter of 2015, the divestiture of the ortho-clinical diagnostics business had a negative impact of 0.3% on the operational growth of the medical devices segment.",discussion
Part I  -  FINANCIAL INFORMATION,Item 2 - MANAGEMENT'S DISCUSSION AND ANALYSIS OF FINANCIAL CONDITION AND RESULTS OF OPERATIONS,"39 table of contents major medical devices franchise sales  -  fiscal third quarters ended (dollars in millions)   september 27, 2015   september 28, 2014   total change   operations change   currency change orthopaedics   $ 2,181     $ 2,344     (7.0 )%   (0.7 )%   (6.3 )% surgical care   1,399     1,521     (8.0 )   0.9     (8.9 ) specialty surgery/other   821     858     (4.3 )   3.5     (7.8 ) vision care   683     704     (3.0 )   8.1     (11.1 ) cardiovascular care   524     542     (3.3 )   5.2     (8.5 ) diabetes care   470     558     (15.8 )   (6.4 )   (9.4 ) diagnostics   16     44     (63.6 )   (39.8 )   (23.8 ) total medical devices sales   $ 6,094     $ 6,571     (7.3 )%   0.9  %   (8.2 )% the orthopaedics franchise experienced an operational decline of 0.7% as compared to the prior year fiscal third quarter.",discussion
Part I  -  FINANCIAL INFORMATION,Item 2 - MANAGEMENT'S DISCUSSION AND ANALYSIS OF FINANCIAL CONDITION AND RESULTS OF OPERATIONS,growth outside the u.s. was negatively impacted by softer demand and a reduction in customer inventory levels primarily in china and continued pricing pressures.,discussion
Part I  -  FINANCIAL INFORMATION,Item 2 - MANAGEMENT'S DISCUSSION AND ANALYSIS OF FINANCIAL CONDITION AND RESULTS OF OPERATIONS,this was partially offset by solid growth in the u.s. driven by sales of trauma and sports medicine products.,discussion
Part I  -  FINANCIAL INFORMATION,Item 2 - MANAGEMENT'S DISCUSSION AND ANALYSIS OF FINANCIAL CONDITION AND RESULTS OF OPERATIONS,the surgical care franchise achieved operational sales growth of 0.9% as compared to the prior year fiscal third quarter primarily due to the success of the echelon flex™ products partially offset by pricing pressures.,discussion
Part I  -  FINANCIAL INFORMATION,Item 2 - MANAGEMENT'S DISCUSSION AND ANALYSIS OF FINANCIAL CONDITION AND RESULTS OF OPERATIONS,the specialty surgery/other franchise achieved operational sales growth of 3.5% as compared to the prior year fiscal third quarter.,discussion
Part I  -  FINANCIAL INFORMATION,Item 2 - MANAGEMENT'S DISCUSSION AND ANALYSIS OF FINANCIAL CONDITION AND RESULTS OF OPERATIONS,"growth was primarily driven by sales of biosurgical, energy and mentor products attributable to market growth,  increased penetration in certain markets and new product launches.",discussion
Part I  -  FINANCIAL INFORMATION,Item 2 - MANAGEMENT'S DISCUSSION AND ANALYSIS OF FINANCIAL CONDITION AND RESULTS OF OPERATIONS,the vision care franchise achieved operational sales growth of 8.1% as compared to the prior year fiscal third quarter.,discussion
Part I  -  FINANCIAL INFORMATION,Item 2 - MANAGEMENT'S DISCUSSION AND ANALYSIS OF FINANCIAL CONDITION AND RESULTS OF OPERATIONS,growth in all the major regions was primarily driven by new product launches.,discussion
Part I  -  FINANCIAL INFORMATION,Item 2 - MANAGEMENT'S DISCUSSION AND ANALYSIS OF FINANCIAL CONDITION AND RESULTS OF OPERATIONS,"the cardiovascular care franchise, composed of the cordis and biosense webster businesses, achieved operational sales growth of 5.2% as compared to the prior year fiscal third quarter driven by a 9% operational increase in the electrophysiology business.",discussion
Part I  -  FINANCIAL INFORMATION,Item 2 - MANAGEMENT'S DISCUSSION AND ANALYSIS OF FINANCIAL CONDITION AND RESULTS OF OPERATIONS,"subsequent to the quarter on october 4, 2015, the company completed the divestiture of the cordis business to cardinal health.",discussion
Part I  -  FINANCIAL INFORMATION,Item 2 - MANAGEMENT'S DISCUSSION AND ANALYSIS OF FINANCIAL CONDITION AND RESULTS OF OPERATIONS,the cordis business generated annual net revenues of approximately $780 million in 2014.,discussion
Part I  -  FINANCIAL INFORMATION,Item 2 - MANAGEMENT'S DISCUSSION AND ANALYSIS OF FINANCIAL CONDITION AND RESULTS OF OPERATIONS,for additional details see note 10 to the consolidated financial statements.,discussion
Part I  -  FINANCIAL INFORMATION,Item 2 - MANAGEMENT'S DISCUSSION AND ANALYSIS OF FINANCIAL CONDITION AND RESULTS OF OPERATIONS,the diabetes care franchise experienced an operational sales decline of 6.4% as compared to the prior year fiscal third quarter primarily due to lower price partially offset by the success of the animas® vibe™ products.,discussion
Part I  -  FINANCIAL INFORMATION,Item 2 - MANAGEMENT'S DISCUSSION AND ANALYSIS OF FINANCIAL CONDITION AND RESULTS OF OPERATIONS,"on june 30, 2014, the company divested the ortho-clinical diagnostics business (the diagnostics franchise) to the carlyle group.",discussion
Part I  -  FINANCIAL INFORMATION,Item 2 - MANAGEMENT'S DISCUSSION AND ANALYSIS OF FINANCIAL CONDITION AND RESULTS OF OPERATIONS,for additional details see note 10 to the consolidated financial statements.,discussion
Part I  -  FINANCIAL INFORMATION,Item 2 - MANAGEMENT'S DISCUSSION AND ANALYSIS OF FINANCIAL CONDITION AND RESULTS OF OPERATIONS,"analysis of consolidated earnings before provision for taxes on income consolidated earnings before provision for taxes on income for the fiscal nine months of 2015 decreased to $15.4 billion as compared to $17.9 billion in the fiscal nine months of 2014, a decrease of 13.6%.",discussion
Part I  -  FINANCIAL INFORMATION,Item 2 - MANAGEMENT'S DISCUSSION AND ANALYSIS OF FINANCIAL CONDITION AND RESULTS OF OPERATIONS,"the decrease was primarily due to lower gains of $1.1 billion on the sale of assets/businesses, the loss of olysio®(simeprevir) sales and currency impacts.",discussion
Part I  -  FINANCIAL INFORMATION,Item 2 - MANAGEMENT'S DISCUSSION AND ANALYSIS OF FINANCIAL CONDITION AND RESULTS OF OPERATIONS,"the fiscal nine months of 2015 included a gain of $1.2 billion from the divestitures of the splenda® brand and the u.s. divestiture of nucynta® versus the fiscal nine months of 2014, which included a gain of $2.3 billion from the divestitures of the ortho-clinical diagnostics business and the divestiture of the k-y® brand.",discussion
Part I  -  FINANCIAL INFORMATION,Item 2 - MANAGEMENT'S DISCUSSION AND ANALYSIS OF FINANCIAL CONDITION AND RESULTS OF OPERATIONS,"the decrease was partially offset by lower net litigation expense of $0.4 billion, which included a litigation settlement agreement of $0.6 billion with guidant corporation (guidant), a positive adjustment of $0.4 billion to previous reserve estimates including managed medicaid rebates, and lower synthes integration costs of $0.3 billion as compared to the fiscal nine months of 2014.",discussion
Part I  -  FINANCIAL INFORMATION,Item 2 - MANAGEMENT'S DISCUSSION AND ANALYSIS OF FINANCIAL CONDITION AND RESULTS OF OPERATIONS,"additionally, the fiscal nine months of 2014 included an additional year of the branded prescription drug fee of $0.2 billion.",discussion
Part I  -  FINANCIAL INFORMATION,Item 2 - MANAGEMENT'S DISCUSSION AND ANALYSIS OF FINANCIAL CONDITION AND RESULTS OF OPERATIONS,"consolidated earnings before provision for taxes on income for the fiscal third quarter of 2015 decreased to $4.1 billion as compared to $6.8 billion in the fiscal third quarter of 2014, a decrease of 39.5%.",discussion
Part I  -  FINANCIAL INFORMATION,Item 2 - MANAGEMENT'S DISCUSSION AND ANALYSIS OF FINANCIAL CONDITION AND RESULTS OF OPERATIONS,"the decrease was attributable to lower gains 40 table of contents of $1.7 billion on the sale of assets/businesses, loss of olysio®(simeprevir) sales, a higher intangible asset write-down of $0.3 billion related to acclarent and higher litigation expense of $0.1 billion versus the fiscal third quarter of 2014.",discussion
Part I  -  FINANCIAL INFORMATION,Item 2 - MANAGEMENT'S DISCUSSION AND ANALYSIS OF FINANCIAL CONDITION AND RESULTS OF OPERATIONS,"the fiscal third quarter of 2014 included a net gain of $1.9 billion on the divestiture of the ortho-clinical diagnostics business versus the fiscal third quarter of 2015, which included the gain of $0.2 billion from the divestiture of the splenda® brand.",discussion
Part I  -  FINANCIAL INFORMATION,Item 2 - MANAGEMENT'S DISCUSSION AND ANALYSIS OF FINANCIAL CONDITION AND RESULTS OF OPERATIONS,the decrease was partially offset by lower costs of $0.3 billion related to synthes integration costs and costs associated with the depuy asrtm hip program as compared to the fiscal third quarter of 2014.,discussion
Part I  -  FINANCIAL INFORMATION,Item 2 - MANAGEMENT'S DISCUSSION AND ANALYSIS OF FINANCIAL CONDITION AND RESULTS OF OPERATIONS,"additionally, the fiscal third quarter of 2014 included an additional year of the branded prescription drug fee of $0.2 billion.",discussion
Part I  -  FINANCIAL INFORMATION,Item 2 - MANAGEMENT'S DISCUSSION AND ANALYSIS OF FINANCIAL CONDITION AND RESULTS OF OPERATIONS,cost of products sold consolidated costs of products sold for the fiscal nine months of 2015 increased to 30.4% from 30.1% of sales as compared to the same period a year ago.,discussion
Part I  -  FINANCIAL INFORMATION,Item 2 - MANAGEMENT'S DISCUSSION AND ANALYSIS OF FINANCIAL CONDITION AND RESULTS OF OPERATIONS,consolidated costs of products sold for the fiscal third quarter of 2015 increased to 30.5% from 29.2% of sales as compared to the same period a year ago.,discussion
Part I  -  FINANCIAL INFORMATION,Item 2 - MANAGEMENT'S DISCUSSION AND ANALYSIS OF FINANCIAL CONDITION AND RESULTS OF OPERATIONS,"the increase in both periods was primarily due to lower net sale prices, product mix and lower sales of olysio®(simeprevir) in 2015.",discussion
Part I  -  FINANCIAL INFORMATION,Item 2 - MANAGEMENT'S DISCUSSION AND ANALYSIS OF FINANCIAL CONDITION AND RESULTS OF OPERATIONS,"the intangible asset amortization expense for the fiscal nine months of  2015 and 2014 was $912 million and $1,033 million, respectively.",discussion
Part I  -  FINANCIAL INFORMATION,Item 2 - MANAGEMENT'S DISCUSSION AND ANALYSIS OF FINANCIAL CONDITION AND RESULTS OF OPERATIONS,"selling, marketing and administrative expenses consolidated selling, marketing and administrative expenses for the fiscal nine months of 2015 increased to 29.3% from 28.8% of sales as compared to the same period a year ago.",discussion
Part I  -  FINANCIAL INFORMATION,Item 2 - MANAGEMENT'S DISCUSSION AND ANALYSIS OF FINANCIAL CONDITION AND RESULTS OF OPERATIONS,"consolidated selling, marketing and administrative expenses for the fiscal third quarter of 2015 increased to 29.7% from 29.6% of sales as compared to the same period a year ago.",discussion
Part I  -  FINANCIAL INFORMATION,Item 2 - MANAGEMENT'S DISCUSSION AND ANALYSIS OF FINANCIAL CONDITION AND RESULTS OF OPERATIONS,the increase in both periods was primarily due to incremental investment spending mainly in the pharmaceutical and medical devices segments and the impact from lower sales of olysio®(simeprevir).,discussion
Part I  -  FINANCIAL INFORMATION,Item 2 - MANAGEMENT'S DISCUSSION AND ANALYSIS OF FINANCIAL CONDITION AND RESULTS OF OPERATIONS,this was partially offset by the inclusion of an additional year of the branded prescription drug fee of $220 million in the fiscal third quarter of 2014.,discussion
Part I  -  FINANCIAL INFORMATION,Item 2 - MANAGEMENT'S DISCUSSION AND ANALYSIS OF FINANCIAL CONDITION AND RESULTS OF OPERATIONS,research and development expense worldwide costs of research and development activities for the fiscal nine months of 2015  increased to 11.8% from 10.5% of sales as compared to the same period a year ago.,discussion
Part I  -  FINANCIAL INFORMATION,Item 2 - MANAGEMENT'S DISCUSSION AND ANALYSIS OF FINANCIAL CONDITION AND RESULTS OF OPERATIONS,worldwide costs of research and development activities for the fiscal third quarter of 2015  increased to 12.6% from 11.0% of sales as compared to the same period a year ago.,discussion
Part I  -  FINANCIAL INFORMATION,Item 2 - MANAGEMENT'S DISCUSSION AND ANALYSIS OF FINANCIAL CONDITION AND RESULTS OF OPERATIONS,the increase in both periods was primarily due to increased investment spending in the pharmaceutical segment.,discussion
Part I  -  FINANCIAL INFORMATION,Item 2 - MANAGEMENT'S DISCUSSION AND ANALYSIS OF FINANCIAL CONDITION AND RESULTS OF OPERATIONS,"interest (income) expense interest income in the fiscal nine months of 2015 and the fiscal third quarter of 2015 was higher than the same periods a year ago due to a higher average balance of cash, cash equivalents and marketable securities and higher interest rates.",discussion
Part I  -  FINANCIAL INFORMATION,Item 2 - MANAGEMENT'S DISCUSSION AND ANALYSIS OF FINANCIAL CONDITION AND RESULTS OF OPERATIONS,"the ending balance of cash, cash equivalents and marketable securities was $37.3 billion at the end of the fiscal third quarter of 2015, which is an increase of $4.3 billion as compared to the same period a year ago.",discussion
Part I  -  FINANCIAL INFORMATION,Item 2 - MANAGEMENT'S DISCUSSION AND ANALYSIS OF FINANCIAL CONDITION AND RESULTS OF OPERATIONS,"the increase in the balance of cash, cash equivalents and marketable securities was due primarily to cash generated from operating activities.",discussion
Part I  -  FINANCIAL INFORMATION,Item 2 - MANAGEMENT'S DISCUSSION AND ANALYSIS OF FINANCIAL CONDITION AND RESULTS OF OPERATIONS,interest expense in fiscal nine months of 2015 and the fiscal third quarter of 2015 was slightly lower as compared to the same periods a year ago due to lower effective interest rate partially offset by a higher average debt balance.,discussion
Part I  -  FINANCIAL INFORMATION,Item 2 - MANAGEMENT'S DISCUSSION AND ANALYSIS OF FINANCIAL CONDITION AND RESULTS OF OPERATIONS,"at the end of the fiscal third quarter of 2015, the company's debt position was $19.8 billion as compared to $15.3 billion the same period a year ago.",discussion
Part I  -  FINANCIAL INFORMATION,Item 2 - MANAGEMENT'S DISCUSSION AND ANALYSIS OF FINANCIAL CONDITION AND RESULTS OF OPERATIONS,"other (income) expense, net other (income) expense, net is the account where the company records gains and losses related to the sale and write-down of certain investments in equity securities held by johnson & johnson innovation - jjdc, inc. (formerly johnson & johnson development corporation), gains and losses on divestitures, transactional currency gains and losses, acquisition-related costs, litigation accruals and settlements, as well as royalty income.",discussion
Part I  -  FINANCIAL INFORMATION,Item 2 - MANAGEMENT'S DISCUSSION AND ANALYSIS OF FINANCIAL CONDITION AND RESULTS OF OPERATIONS,"the change in other (income) expense, net for the fiscal nine months of 2015 was unfavorable by $0.2 billion, primarily due to lower gains of $1.1 billion on the sale of assets/businesses as compared to the prior year.",discussion
Part I  -  FINANCIAL INFORMATION,Item 2 - MANAGEMENT'S DISCUSSION AND ANALYSIS OF FINANCIAL CONDITION AND RESULTS OF OPERATIONS,"the fiscal nine months of 2015 included a gain of $1.2 billion from the divestiture of the splenda® brand and the u.s. divestiture of nucynta® versus the fiscal nine months of 2014, which included a gain of $2.3 billion from the divestiture of the ortho-clinical diagnostics business and the divestiture of the k-y® brand.",discussion
Part I  -  FINANCIAL INFORMATION,Item 2 - MANAGEMENT'S DISCUSSION AND ANALYSIS OF FINANCIAL CONDITION AND RESULTS OF OPERATIONS,"the decrease was partially offset by lower net litigation expense of $0.4 billion, lower synthes integration costs of $0.3 billion and higher jjdc portfolio gains of $0.2 billion as compared to the fiscal nine months of 2014.",discussion
Part I  -  FINANCIAL INFORMATION,Item 2 - MANAGEMENT'S DISCUSSION AND ANALYSIS OF FINANCIAL CONDITION AND RESULTS OF OPERATIONS,"the change in other (income) expense, net for the fiscal third quarter of 2015 was unfavorable by $1.8 billion as compared to the same period a year ago primarily due to higher gains of $1.7 billion on the sale of assets/businesses recorded in the fiscal 41 table of contents third quarter of 2014.",discussion
Part I  -  FINANCIAL INFORMATION,Item 2 - MANAGEMENT'S DISCUSSION AND ANALYSIS OF FINANCIAL CONDITION AND RESULTS OF OPERATIONS,"the fiscal third quarter of 2014 included a net gain of $1.9 billion on the divestiture of the ortho-clinical diagnostics business versus the fiscal third quarter of 2015, which included the gain of $0.2 billion from the divestiture of the splenda® brand.",discussion
Part I  -  FINANCIAL INFORMATION,Item 2 - MANAGEMENT'S DISCUSSION AND ANALYSIS OF FINANCIAL CONDITION AND RESULTS OF OPERATIONS,"additionally, the fiscal third quarter of 2015 included higher intangible asset write-downs of $0.3 billion related to acclarent and higher litigation expense of $0.1 billion.",discussion
Part I  -  FINANCIAL INFORMATION,Item 2 - MANAGEMENT'S DISCUSSION AND ANALYSIS OF FINANCIAL CONDITION AND RESULTS OF OPERATIONS,the decrease was partially offset by lower costs of $0.3 billion related to synthes integration costs and costs associated with the depuy asrtm hip program as compared to the fiscal third quarter of 2014.,discussion
Part I  -  FINANCIAL INFORMATION,Item 2 - MANAGEMENT'S DISCUSSION AND ANALYSIS OF FINANCIAL CONDITION AND RESULTS OF OPERATIONS,segment pre-tax profit consumer segment pre-tax profit for the consumer segment as a percent to sales in the fiscal nine months of 2015 was 17.4% versus 14.6% for the same period a year ago.,discussion
Part I  -  FINANCIAL INFORMATION,Item 2 - MANAGEMENT'S DISCUSSION AND ANALYSIS OF FINANCIAL CONDITION AND RESULTS OF OPERATIONS,pre-tax profit for the consumer segment as a percent to sales in the fiscal third quarter of 2015 was 24.5% versus 11.3% for the same period a year ago.,discussion
Part I  -  FINANCIAL INFORMATION,Item 2 - MANAGEMENT'S DISCUSSION AND ANALYSIS OF FINANCIAL CONDITION AND RESULTS OF OPERATIONS,the favorable pre-tax profit in both periods was primarily due to  product mix.,discussion
Part I  -  FINANCIAL INFORMATION,Item 2 - MANAGEMENT'S DISCUSSION AND ANALYSIS OF FINANCIAL CONDITION AND RESULTS OF OPERATIONS,the fiscal third quarter and fiscal nine months of 2015 included a gain of $0.2 billion on the divestiture of the splenda® brand.,discussion
Part I  -  FINANCIAL INFORMATION,Item 2 - MANAGEMENT'S DISCUSSION AND ANALYSIS OF FINANCIAL CONDITION AND RESULTS OF OPERATIONS,the fiscal nine months of 2014 included a gain of $0.4 billion on the divestiture of the k-y® brand.,discussion
Part I  -  FINANCIAL INFORMATION,Item 2 - MANAGEMENT'S DISCUSSION AND ANALYSIS OF FINANCIAL CONDITION AND RESULTS OF OPERATIONS,pharmaceutical segment pre-tax profit for the pharmaceutical segment as a percent to sales in the fiscal nine months of 2015 was 42.0% versus 40.8% for the same period a year ago.,discussion
Part I  -  FINANCIAL INFORMATION,Item 2 - MANAGEMENT'S DISCUSSION AND ANALYSIS OF FINANCIAL CONDITION AND RESULTS OF OPERATIONS,the favorable pre-tax profit in the fiscal nine months of 2015 was primarily due to higher gains recognized in the fiscal nine months of 2015 partially offset by a sales decline of olysio®(simeprevir).,discussion
Part I  -  FINANCIAL INFORMATION,Item 2 - MANAGEMENT'S DISCUSSION AND ANALYSIS OF FINANCIAL CONDITION AND RESULTS OF OPERATIONS,"the fiscal nine months of 2015 included $1.5 billion from a gain on the u.s. divestiture of nucynta®, receipt of a contingent payment and a positive adjustment to previous reserve estimates, including managed medicaid rebates.",discussion
Part I  -  FINANCIAL INFORMATION,Item 2 - MANAGEMENT'S DISCUSSION AND ANALYSIS OF FINANCIAL CONDITION AND RESULTS OF OPERATIONS,"additionally, the pre-tax profit in the fiscal nine months of 2014 was negatively impacted by $0.2 billion for an additional year of the branded prescription drug fee and a $0.1 billion intangible asset write-down related to incivo® (telaprevir).",discussion
Part I  -  FINANCIAL INFORMATION,Item 2 - MANAGEMENT'S DISCUSSION AND ANALYSIS OF FINANCIAL CONDITION AND RESULTS OF OPERATIONS,pre-tax profit for the pharmaceutical segment as a percent to sales in the fiscal third quarter of 2015 was 35.5% versus 39.1% for the same period a year ago.,discussion
Part I  -  FINANCIAL INFORMATION,Item 2 - MANAGEMENT'S DISCUSSION AND ANALYSIS OF FINANCIAL CONDITION AND RESULTS OF OPERATIONS,"the fiscal third quarter of 2014 was favorably impacted by strong sales volume growth, particularly sales of olysio®/sovriad® (simeprevir), positive sales mix of higher margin products and cost containment initiatives realized in selling, marketing and administrative expenses partially offset by $0.2 billion for an additional year of the branded prescription drug fee.",discussion
Part I  -  FINANCIAL INFORMATION,Item 2 - MANAGEMENT'S DISCUSSION AND ANALYSIS OF FINANCIAL CONDITION AND RESULTS OF OPERATIONS,medical devices segment pre-tax profit for the medical devices segment as a percent to sales in the fiscal nine months of 2015 was 24.8% versus 33.9% for the same period a year ago.,discussion
Part I  -  FINANCIAL INFORMATION,Item 2 - MANAGEMENT'S DISCUSSION AND ANALYSIS OF FINANCIAL CONDITION AND RESULTS OF OPERATIONS,the unfavorable pre-tax profit in the fiscal nine months of 2015 was primarily attributable to a net gain of $1.9 billion on the divestiture of the ortho-clinical diagnostics business recorded in the fiscal third quarter of 2014 partially offset by higher expenses of $0.8 billion related to net litigation and synthes integration costs as compared to the fiscal nine months of 2015.,discussion
Part I  -  FINANCIAL INFORMATION,Item 2 - MANAGEMENT'S DISCUSSION AND ANALYSIS OF FINANCIAL CONDITION AND RESULTS OF OPERATIONS,"additionally, the fiscal nine months of 2015 included a $0.3 billion intangible asset write-down related to acclarent.",discussion
Part I  -  FINANCIAL INFORMATION,Item 2 - MANAGEMENT'S DISCUSSION AND ANALYSIS OF FINANCIAL CONDITION AND RESULTS OF OPERATIONS,pre-tax profit for the medical devices segment as a percent to sales in the fiscal third quarter of 2015 was 13.7% versus 51.7% for the same period a year ago.,discussion
Part I  -  FINANCIAL INFORMATION,Item 2 - MANAGEMENT'S DISCUSSION AND ANALYSIS OF FINANCIAL CONDITION AND RESULTS OF OPERATIONS,the unfavorable pre-tax profit in the fiscal third quarter of 2015 was primarily attributable to a net gain of $1.9 billion on the divestiture of the ortho-clinical diagnostics business recorded in the fiscal third quarter of 2014 partially offset by higher expenses of $0.3 billion related to synthes integration costs and costs associated with the depuy asrtm hip program as compared to the fiscal third quarter of 2015.,discussion
Part I  -  FINANCIAL INFORMATION,Item 2 - MANAGEMENT'S DISCUSSION AND ANALYSIS OF FINANCIAL CONDITION AND RESULTS OF OPERATIONS,"additionally, the fiscal third quarter of 2015 included a $0.3 billion intangible asset write-down related to acclarent and higher litigation expense of $0.2 billion as compared to the fiscal third quarter of 2014.",discussion
Part I  -  FINANCIAL INFORMATION,Item 2 - MANAGEMENT'S DISCUSSION AND ANALYSIS OF FINANCIAL CONDITION AND RESULTS OF OPERATIONS,"provision for taxes on income the worldwide effective income tax rates for the fiscal nine months of 2015 and 2014 were 21.0% and 22.7%, respectively.",discussion
Part I  -  FINANCIAL INFORMATION,Item 2 - MANAGEMENT'S DISCUSSION AND ANALYSIS OF FINANCIAL CONDITION AND RESULTS OF OPERATIONS,"the lower effective tax rate in 2015 as compared to 2014 was primarily due the 2014 divestiture of the ortho-clinical diagnostics business at an approximate 41% effective tax rate and the accrual of an additional year of the branded prescription drug fee, which is not tax deductible.",discussion
Part I  -  FINANCIAL INFORMATION,Item 2 - MANAGEMENT'S DISCUSSION AND ANALYSIS OF FINANCIAL CONDITION AND RESULTS OF OPERATIONS,"this additional 2014 tax expense was partially offset by a benefit from the conor medsystems divestiture, a settlement of substantially all issues related to the company's u.s.",discussion
Part I  -  FINANCIAL INFORMATION,Item 2 - MANAGEMENT'S DISCUSSION AND ANALYSIS OF FINANCIAL CONDITION AND RESULTS OF OPERATIONS,"internal revenue 42 table of contents service audit of tax years 2006 - 2009 and the federal appeals court's decision in omj pharmaceuticals, inc.'s litigation regarding credits under former section 936 of the internal revenue code.",discussion
Part I  -  FINANCIAL INFORMATION,Item 2 - MANAGEMENT'S DISCUSSION AND ANALYSIS OF FINANCIAL CONDITION AND RESULTS OF OPERATIONS,"additionally, the effective tax rate is lower in 2015 as compared to 2014 as a result of the mix in foreign earnings to lower tax jurisdictions.",discussion
Part I  -  FINANCIAL INFORMATION,Item 2 - MANAGEMENT'S DISCUSSION AND ANALYSIS OF FINANCIAL CONDITION AND RESULTS OF OPERATIONS,"as of september 27, 2015, the company had approximately $2.6 billion of liabilities from unrecognized tax benefits.",discussion
Part I  -  FINANCIAL INFORMATION,Item 2 - MANAGEMENT'S DISCUSSION AND ANALYSIS OF FINANCIAL CONDITION AND RESULTS OF OPERATIONS,the company believes it is possible that audits may be completed by tax authorities in some jurisdictions over the next twelve months.,discussion
Part I  -  FINANCIAL INFORMATION,Item 2 - MANAGEMENT'S DISCUSSION AND ANALYSIS OF FINANCIAL CONDITION AND RESULTS OF OPERATIONS,the company is not able to provide a reasonably reliable estimate of the timing of any other future tax payments relating to uncertain tax positions.,discussion
Part I  -  FINANCIAL INFORMATION,Item 2 - MANAGEMENT'S DISCUSSION AND ANALYSIS OF FINANCIAL CONDITION AND RESULTS OF OPERATIONS,"see note 8 to the consolidated financial statements in the annual report on form 10-k for the fiscal year ended december 28, 2014 for more detailed information regarding unrecognized tax benefits.",discussion
Part I  -  FINANCIAL INFORMATION,Item 2 - MANAGEMENT'S DISCUSSION AND ANALYSIS OF FINANCIAL CONDITION AND RESULTS OF OPERATIONS,liquidity and capital resources cash flows cash and cash equivalents were $13.6 billion at the end of the fiscal third quarter of 2015 as compared with $14.5 billion at the fiscal year end of 2014.,discussion
Part I  -  FINANCIAL INFORMATION,Item 2 - MANAGEMENT'S DISCUSSION AND ANALYSIS OF FINANCIAL CONDITION AND RESULTS OF OPERATIONS,the primary sources of cash were approximately $14.2 billion net cash generated from operating activities offset by $6.3 billion used by investing activities and $7.6 billion used by financing activities and $1.2 billion due to the effect on exchange rate changes on cash and cash equivalents.,discussion
Part I  -  FINANCIAL INFORMATION,Item 2 - MANAGEMENT'S DISCUSSION AND ANALYSIS OF FINANCIAL CONDITION AND RESULTS OF OPERATIONS,"in addition, the company had $23.7 billion in marketable securities at the end of the fiscal third quarter of 2015 and $18.6 billion at the end of 2014.",discussion
Part I  -  FINANCIAL INFORMATION,Item 2 - MANAGEMENT'S DISCUSSION AND ANALYSIS OF FINANCIAL CONDITION AND RESULTS OF OPERATIONS,"cash flow from operations of $14.2 billion was the result of $12.2 billion of net earnings and $3.8 billion of non-cash charges and other adjustments for depreciation and amortization, stock-based compensation and assets write-downs, primarily related to acclarent, $1.3 billion from net gains on sale of assets/businesses and $2.7 billion related to deferred taxes, other current and non-current assets and other current and non-current liabilities.",discussion
Part I  -  FINANCIAL INFORMATION,Item 2 - MANAGEMENT'S DISCUSSION AND ANALYSIS OF FINANCIAL CONDITION AND RESULTS OF OPERATIONS,cash flow from operations was reduced by $1.6 billion related to accounts payable and accrued liabilities and $1.6 billion related to account receivables and inventories.,discussion
Part I  -  FINANCIAL INFORMATION,Item 2 - MANAGEMENT'S DISCUSSION AND ANALYSIS OF FINANCIAL CONDITION AND RESULTS OF OPERATIONS,"investing activities use of $6.3 billion of cash was primarily for net purchases of investments in marketable securities of $5.6 billion, additions to property, plant and equipment of $2.1 billion and acquisitions of $0.2 billion partially offset by proceeds from the disposal of assets/businesses of $1.6 billion.",discussion
Part I  -  FINANCIAL INFORMATION,Item 2 - MANAGEMENT'S DISCUSSION AND ANALYSIS OF FINANCIAL CONDITION AND RESULTS OF OPERATIONS,financing activities use of $7.6 billion of cash was primarily for dividends to shareholders of $6.1 billion and $3.4 billion for the repurchase of common stock.,discussion
Part I  -  FINANCIAL INFORMATION,Item 2 - MANAGEMENT'S DISCUSSION AND ANALYSIS OF FINANCIAL CONDITION AND RESULTS OF OPERATIONS,financing activities also included a source of $0.8 billion of net proceeds from stock options exercised and associated tax benefits and net proceeds of short and long-term debt of $1.2 billion.,discussion
Part I  -  FINANCIAL INFORMATION,Item 2 - MANAGEMENT'S DISCUSSION AND ANALYSIS OF FINANCIAL CONDITION AND RESULTS OF OPERATIONS,the company has access to substantial sources of funds at numerous banks worldwide.,discussion
Part I  -  FINANCIAL INFORMATION,Item 2 - MANAGEMENT'S DISCUSSION AND ANALYSIS OF FINANCIAL CONDITION AND RESULTS OF OPERATIONS,"in september 2015, the company secured a new 364-day credit facility.",discussion
Part I  -  FINANCIAL INFORMATION,Item 2 - MANAGEMENT'S DISCUSSION AND ANALYSIS OF FINANCIAL CONDITION AND RESULTS OF OPERATIONS,"total credit available to the company under the facility, which expires september 15, 2016, approximates $10.0 billion.",discussion
Part I  -  FINANCIAL INFORMATION,Item 2 - MANAGEMENT'S DISCUSSION AND ANALYSIS OF FINANCIAL CONDITION AND RESULTS OF OPERATIONS,"interest charged on borrowings under the credit line agreement is based on either bids provided by banks, the prime rate or london interbank offered rates (libor), plus applicable margins.",discussion
Part I  -  FINANCIAL INFORMATION,Item 2 - MANAGEMENT'S DISCUSSION AND ANALYSIS OF FINANCIAL CONDITION AND RESULTS OF OPERATIONS,commitment fees under the agreement are not material.,discussion
Part I  -  FINANCIAL INFORMATION,Item 2 - MANAGEMENT'S DISCUSSION AND ANALYSIS OF FINANCIAL CONDITION AND RESULTS OF OPERATIONS,"in the fiscal third quarter of 2015, the company continued to have access to liquidity through the commercial paper market.",discussion
Part I  -  FINANCIAL INFORMATION,Item 2 - MANAGEMENT'S DISCUSSION AND ANALYSIS OF FINANCIAL CONDITION AND RESULTS OF OPERATIONS,"the company anticipates that operating cash flows, existing credit facilities and access to the commercial paper markets will continue to provide sufficient resources to fund operating needs.",discussion
Part I  -  FINANCIAL INFORMATION,Item 2 - MANAGEMENT'S DISCUSSION AND ANALYSIS OF FINANCIAL CONDITION AND RESULTS OF OPERATIONS,"however, the company monitors the global capital markets on an ongoing basis and from time to time may raise capital when market conditions are favorable.",discussion
Part I  -  FINANCIAL INFORMATION,Item 2 - MANAGEMENT'S DISCUSSION AND ANALYSIS OF FINANCIAL CONDITION AND RESULTS OF OPERATIONS,"subsequent to the quarter, on october 13, 2015, the company announced that its board of directors approved a share repurchase program, authorizing the company to purchase up to $10.0 billion of the company's shares of common stock.",discussion
Part I  -  FINANCIAL INFORMATION,Item 2 - MANAGEMENT'S DISCUSSION AND ANALYSIS OF FINANCIAL CONDITION AND RESULTS OF OPERATIONS,the repurchase program has no time limit and may be suspended for periods or discontinued at any time.,discussion
Part I  -  FINANCIAL INFORMATION,Item 2 - MANAGEMENT'S DISCUSSION AND ANALYSIS OF FINANCIAL CONDITION AND RESULTS OF OPERATIONS,any shares acquired will be available for general corporate purposes.,discussion
Part I  -  FINANCIAL INFORMATION,Item 2 - MANAGEMENT'S DISCUSSION AND ANALYSIS OF FINANCIAL CONDITION AND RESULTS OF OPERATIONS,"dividends on july 20, 2015, the board of directors declared a regular cash dividend of $0.75 per share, payable on september 8, 2015 to shareholders of record as of august 25, 2015.",discussion
Part I  -  FINANCIAL INFORMATION,Item 2 - MANAGEMENT'S DISCUSSION AND ANALYSIS OF FINANCIAL CONDITION AND RESULTS OF OPERATIONS,"43 table of contents on october 22, 2015, the board of directors declared a regular cash dividend of $0.75 per share, payable on december 8, 2015 to shareholders of record as of november 24, 2015.",discussion
Part I  -  FINANCIAL INFORMATION,Item 2 - MANAGEMENT'S DISCUSSION AND ANALYSIS OF FINANCIAL CONDITION AND RESULTS OF OPERATIONS,the company expects to continue the practice of paying regular quarterly cash dividends.,discussion
Part I  -  FINANCIAL INFORMATION,Item 2 - MANAGEMENT'S DISCUSSION AND ANALYSIS OF FINANCIAL CONDITION AND RESULTS OF OPERATIONS,concentration of credit risk global concentration of credit risk with respect to trade accounts receivables continues to be limited due to the large number of customers globally and adherence to internal credit policies and credit limits.,discussion
Part I  -  FINANCIAL INFORMATION,Item 2 - MANAGEMENT'S DISCUSSION AND ANALYSIS OF FINANCIAL CONDITION AND RESULTS OF OPERATIONS,"economic challenges in italy, spain, greece and portugal (the southern european region) have impacted certain payment patterns, which have historically been longer than those experienced in the u.s. and other international markets.",discussion
Part I  -  FINANCIAL INFORMATION,Item 2 - MANAGEMENT'S DISCUSSION AND ANALYSIS OF FINANCIAL CONDITION AND RESULTS OF OPERATIONS,"the total net trade accounts receivable balance in the southern european region was approximately $1.7 billion as of september 27, 2015 and $1.8 billion as of december 28, 2014.",discussion
Part I  -  FINANCIAL INFORMATION,Item 2 - MANAGEMENT'S DISCUSSION AND ANALYSIS OF FINANCIAL CONDITION AND RESULTS OF OPERATIONS,"approximately $1.1 billion as of september 27, 2015 and december 28, 2014 of the southern european region net trade accounts receivable balance related to the company's consumer, vision care and diabetes care businesses as well as certain pharmaceutical and medical devices customers, which are in line with historical collection patterns.",discussion
Part I  -  FINANCIAL INFORMATION,Item 2 - MANAGEMENT'S DISCUSSION AND ANALYSIS OF FINANCIAL CONDITION AND RESULTS OF OPERATIONS,the remaining balance of net trade accounts receivable in the southern european region has been negatively impacted by the timing of payments from certain government owned or supported health care customers as well as certain distributors of the pharmaceutical and medical devices local affiliates.,discussion
Part I  -  FINANCIAL INFORMATION,Item 2 - MANAGEMENT'S DISCUSSION AND ANALYSIS OF FINANCIAL CONDITION AND RESULTS OF OPERATIONS,"the total net trade accounts receivable balance for these customers was approximately $0.6 billion at september 27, 2015 and $0.7 billion as of december 28, 2014.",discussion
Part I  -  FINANCIAL INFORMATION,Item 2 - MANAGEMENT'S DISCUSSION AND ANALYSIS OF FINANCIAL CONDITION AND RESULTS OF OPERATIONS,the company continues to receive payments from these customers and in some cases late payment premiums.,discussion
Part I  -  FINANCIAL INFORMATION,Item 2 - MANAGEMENT'S DISCUSSION AND ANALYSIS OF FINANCIAL CONDITION AND RESULTS OF OPERATIONS,"for customers where payment is expected over periods of time longer than one year, revenue and trade receivables have been discounted over the estimated period of time for collection.",discussion
Part I  -  FINANCIAL INFORMATION,Item 2 - MANAGEMENT'S DISCUSSION AND ANALYSIS OF FINANCIAL CONDITION AND RESULTS OF OPERATIONS,"allowances for doubtful accounts have been increased for these customers, but have been immaterial to date.",discussion
Part I  -  FINANCIAL INFORMATION,Item 2 - MANAGEMENT'S DISCUSSION AND ANALYSIS OF FINANCIAL CONDITION AND RESULTS OF OPERATIONS,"the company will continue to work closely with these customers on payment plans, monitor the economic situation and take appropriate actions, as necessary.",discussion
Part I  -  FINANCIAL INFORMATION,Item 2 - MANAGEMENT'S DISCUSSION AND ANALYSIS OF FINANCIAL CONDITION AND RESULTS OF OPERATIONS,other information new accounting pronouncements refer to note 1 to the consolidated financial statements for new accounting pronouncements.,discussion
Part I  -  FINANCIAL INFORMATION,Item 2 - MANAGEMENT'S DISCUSSION AND ANALYSIS OF FINANCIAL CONDITION AND RESULTS OF OPERATIONS,economic and market factors the company operates in certain countries where the economic conditions continue to present significant challenges.,discussion
Part I  -  FINANCIAL INFORMATION,Item 2 - MANAGEMENT'S DISCUSSION AND ANALYSIS OF FINANCIAL CONDITION AND RESULTS OF OPERATIONS,the company continues to monitor these situations and take appropriate actions.,discussion
Part I  -  FINANCIAL INFORMATION,Item 2 - MANAGEMENT'S DISCUSSION AND ANALYSIS OF FINANCIAL CONDITION AND RESULTS OF OPERATIONS,"inflation rates and currency exchange rates continue to have an effect on worldwide economies and, consequently, on the way the company operates.",discussion
Part I  -  FINANCIAL INFORMATION,Item 2 - MANAGEMENT'S DISCUSSION AND ANALYSIS OF FINANCIAL CONDITION AND RESULTS OF OPERATIONS,"in the face of increasing costs, the company strives to maintain its profit margins through cost reduction programs, productivity improvements and periodic price increases.",discussion
Part I  -  FINANCIAL INFORMATION,Item 2 - MANAGEMENT'S DISCUSSION AND ANALYSIS OF FINANCIAL CONDITION AND RESULTS OF OPERATIONS,the venezuelan government has established alternative systems and offerings of various foreign currency exchanges.,discussion
Part I  -  FINANCIAL INFORMATION,Item 2 - MANAGEMENT'S DISCUSSION AND ANALYSIS OF FINANCIAL CONDITION AND RESULTS OF OPERATIONS,"in 2015, the company continues to have access to an official government rate of 6.3 bolivares fuertes to one u.s. dollar to settle imports of various products into venezuela.",discussion
Part I  -  FINANCIAL INFORMATION,Item 2 - MANAGEMENT'S DISCUSSION AND ANALYSIS OF FINANCIAL CONDITION AND RESULTS OF OPERATIONS,"during 2014, the company applied to settle an outstanding dividend payable at one of the alternative foreign exchange rates.",discussion
Part I  -  FINANCIAL INFORMATION,Item 2 - MANAGEMENT'S DISCUSSION AND ANALYSIS OF FINANCIAL CONDITION AND RESULTS OF OPERATIONS,"as a result, the company has applied this alternative exchange rate to translate certain transactions, as appropriate.",discussion
Part I  -  FINANCIAL INFORMATION,Item 2 - MANAGEMENT'S DISCUSSION AND ANALYSIS OF FINANCIAL CONDITION AND RESULTS OF OPERATIONS,"through the third quarter of 2015, the company has primarily utilized the official government rate of 6.3 bolivares fuertes to one u.s. dollar in preparing its consolidated financial statements.",discussion
Part I  -  FINANCIAL INFORMATION,Item 2 - MANAGEMENT'S DISCUSSION AND ANALYSIS OF FINANCIAL CONDITION AND RESULTS OF OPERATIONS,"beginning in the third quarter of 2015, the number of the company's transactions conducted at the official rate has declined from prior quarters.",discussion
Part I  -  FINANCIAL INFORMATION,Item 2 - MANAGEMENT'S DISCUSSION AND ANALYSIS OF FINANCIAL CONDITION AND RESULTS OF OPERATIONS,"if the company's ability to have consistent access to the official government rate continues to decline, the company would consider the use of one of the alternative rates in preparing its consolidated financial statements.",discussion
Part I  -  FINANCIAL INFORMATION,Item 2 - MANAGEMENT'S DISCUSSION AND ANALYSIS OF FINANCIAL CONDITION AND RESULTS OF OPERATIONS,"as of september 27, 2015, the company's venezuelan subsidiaries represented less than 0.4% of the company's consolidated assets, liabilities, revenues, profits and net equity; therefore, the effect of any possible action related to the company's venezuelan businesses is not expected to have a material adverse effect on the company's 2015 full-year results.",discussion
Part I  -  FINANCIAL INFORMATION,Item 2 - MANAGEMENT'S DISCUSSION AND ANALYSIS OF FINANCIAL CONDITION AND RESULTS OF OPERATIONS,"as described above, while the company continues to do business in greece, the company closely monitors the economic situation.",discussion
Part I  -  FINANCIAL INFORMATION,Item 2 - MANAGEMENT'S DISCUSSION AND ANALYSIS OF FINANCIAL CONDITION AND RESULTS OF OPERATIONS,"as of september 27, 2015, the company's greek subsidiaries represented 0.3% and 0.4% of the company's consolidated assets and revenues, respectively.",discussion
Part I  -  FINANCIAL INFORMATION,Item 2 - MANAGEMENT'S DISCUSSION AND ANALYSIS OF FINANCIAL CONDITION AND RESULTS OF OPERATIONS,"the company faces various worldwide health care changes that may continue to result in pricing pressures that include health care cost containment and government legislation relating to sales, promotions and reimbursement of health care products.",discussion
Part I  -  FINANCIAL INFORMATION,Item 2 - MANAGEMENT'S DISCUSSION AND ANALYSIS OF FINANCIAL CONDITION AND RESULTS OF OPERATIONS,"44 table of contents changes in the behavior and spending patterns of purchasers of health care products and services, including delaying medical procedures, rationing prescription medications, reducing the frequency of physician visits and foregoing health care insurance coverage, as a result of the current global economic downturn, may continue to impact the company's businesses.",discussion
Part I  -  FINANCIAL INFORMATION,Item 2 - MANAGEMENT'S DISCUSSION AND ANALYSIS OF FINANCIAL CONDITION AND RESULTS OF OPERATIONS,the company also operates in an environment increasingly hostile to intellectual property rights.,discussion
Part I  -  FINANCIAL INFORMATION,Item 2 - MANAGEMENT'S DISCUSSION AND ANALYSIS OF FINANCIAL CONDITION AND RESULTS OF OPERATIONS,"firms have filed abbreviated new drug applications or biosimilar biological product applications with the fda or otherwise challenged the coverage and/or validity of the company's patents, seeking to market generic or biosimilar forms of many of the company's key pharmaceutical products prior to expiration of the applicable patents covering those products.",discussion
Part I  -  FINANCIAL INFORMATION,Item 2 - MANAGEMENT'S DISCUSSION AND ANALYSIS OF FINANCIAL CONDITION AND RESULTS OF OPERATIONS,"in the event the company is not successful in defending the patent claims challenged in the resulting lawsuits, generic or biosimilar versions of the products at issue will be introduced to the market, resulting in the potential for substantial market share and revenue losses for those products, and which may result in a non-cash impairment charge in any associated intangible asset.",discussion
Part I  -  FINANCIAL INFORMATION,Item 2 - MANAGEMENT'S DISCUSSION AND ANALYSIS OF FINANCIAL CONDITION AND RESULTS OF OPERATIONS,"for further information, see the discussion on ""remicade® related cases"" and ""litigation against filers of abbreviated new drug applications"" in note 11 to the consolidated financial statements.",discussion
Part I  -  FINANCIAL INFORMATION,Item 2 - MANAGEMENT'S DISCUSSION AND ANALYSIS OF FINANCIAL CONDITION AND RESULTS OF OPERATIONS,cautionary factors that may affect future results this form 10-q contains forward-looking statements.,discussion
Part I  -  FINANCIAL INFORMATION,Item 2 - MANAGEMENT'S DISCUSSION AND ANALYSIS OF FINANCIAL CONDITION AND RESULTS OF OPERATIONS,forward-looking statements do not relate strictly to historical or current facts and anticipate results based on management's plans that are subject to uncertainty.,discussion
Part I  -  FINANCIAL INFORMATION,Item 2 - MANAGEMENT'S DISCUSSION AND ANALYSIS OF FINANCIAL CONDITION AND RESULTS OF OPERATIONS,"forward-looking statements may be identified by the use of words like ""plans,"" ""expects,"" ""will,"" ""anticipates,"" ""estimates"" and other words of similar meaning in conjunction with, among other things, discussions of future operations, financial performance, the company's strategy for growth, product development, regulatory approval, market position and expenditures.",discussion
Part I  -  FINANCIAL INFORMATION,Item 2 - MANAGEMENT'S DISCUSSION AND ANALYSIS OF FINANCIAL CONDITION AND RESULTS OF OPERATIONS,forward-looking statements are based on current expectations of future events.,discussion
Part I  -  FINANCIAL INFORMATION,Item 2 - MANAGEMENT'S DISCUSSION AND ANALYSIS OF FINANCIAL CONDITION AND RESULTS OF OPERATIONS,"the company cannot guarantee that any forward-looking statement will be accurate, although the company believes that it has been reasonable in its expectations and assumptions.",discussion
Part I  -  FINANCIAL INFORMATION,Item 2 - MANAGEMENT'S DISCUSSION AND ANALYSIS OF FINANCIAL CONDITION AND RESULTS OF OPERATIONS,"investors should realize that if underlying assumptions prove inaccurate or that known or unknown risks or uncertainties materialize, actual results could vary materially from the company's expectations and projections.",discussion
Part I  -  FINANCIAL INFORMATION,Item 2 - MANAGEMENT'S DISCUSSION AND ANALYSIS OF FINANCIAL CONDITION AND RESULTS OF OPERATIONS,investors are therefore cautioned not to place undue reliance on any forward-looking statements.,discussion
Part I  -  FINANCIAL INFORMATION,Item 2 - MANAGEMENT'S DISCUSSION AND ANALYSIS OF FINANCIAL CONDITION AND RESULTS OF OPERATIONS,the company does not undertake to update any forward-looking statements as a result of new information or future events or developments.,discussion
Part I  -  FINANCIAL INFORMATION,Item 2 - MANAGEMENT'S DISCUSSION AND ANALYSIS OF FINANCIAL CONDITION AND RESULTS OF OPERATIONS,"risks and uncertainties include, but are not limited to: economic factors, such as interest rate and currency exchange rate fluctuations; competition, including technological advances, new products and patents attained by competitors; challenges inherent in new product development, including obtaining regulatory approvals; challenges to patents; the impact of patent expirations; uncertainty of commercial success of new and existing products; significant adverse litigation or government action, including related to product liability claims; impact of business combinations and divestitures; significant changes in customer relationships or changes in behavior and spending patterns or financial distress of purchasers of health care products and services; changes to laws and regulations and global health care reforms; trends toward health care cost containment; increased scrutiny of the health care industry by government agencies; financial instability of international economies and sovereign risk; manufacturing difficulties or delays; complex global supply chains with increasing regulatory requirements; product efficacy or safety concerns resulting in product recalls or regulatory action; disruptions due to natural disasters; and the potential failure to meet obligations in compliance agreements with government bodies.",discussion
Part I  -  FINANCIAL INFORMATION,Item 2 - MANAGEMENT'S DISCUSSION AND ANALYSIS OF FINANCIAL CONDITION AND RESULTS OF OPERATIONS,"the company's annual report on form 10-k for the fiscal year ended december 28, 2014, including exhibit 99 thereto, contains a discussion of additional factors that could cause actual results to differ from expectations.",discussion
Part I  -  FINANCIAL INFORMATION,Item 2 - MANAGEMENT'S DISCUSSION AND ANALYSIS OF FINANCIAL CONDITION AND RESULTS OF OPERATIONS,the company notes these factors as permitted by the private securities litigation reform act of 1995.,discussion
