seq,description,document,href,type,size
1,FY1819 Q2 OND 10-Q,fy1819q2ond10-qreport.htm,https://www.sec.gov/Archives/edgar/data/80424/000008042419000014/fy1819q2ond10-qreport.htm,10-Q,1980513
2,THE PROCTER & GAMBLE PERFORMANCE STOCK PROGRAM SUMMARY,fy1819q2ond10-qexhibit101.htm,https://www.sec.gov/Archives/edgar/data/80424/000008042419000014/fy1819q2ond10-qexhibit101.htm,EX-10.1,33611
3,SUMMARY OF THE COMPANY'S LONG-TERM INCENTIVE PROGRAM,fy1819q2ond10-qexhibit102.htm,https://www.sec.gov/Archives/edgar/data/80424/000008042419000014/fy1819q2ond10-qexhibit102.htm,EX-10.2,21599
4,COMPANY'S FORM OF SEPARATION AGREEMENT & RELEASE,fy1819q2ond10-qexhibit103.htm,https://www.sec.gov/Archives/edgar/data/80424/000008042419000014/fy1819q2ond10-qexhibit103.htm,EX-10.3,135045
5,EXHIBIT 31.1 RULE 13A-14(A)/15D-14(A) CERTIFICATION CHIEF EXECUTIVE OFFICER,fy1819q2ond10-qexhibit311.htm,https://www.sec.gov/Archives/edgar/data/80424/000008042419000014/fy1819q2ond10-qexhibit311.htm,EX-31.1,12745
6,EXHIBIT 31.1 RULE 13A-14(A)/15D-14(A) CERTIFICATION CHIEF FINANCIAL OFFICER,fy1819q2ond10-qexhibit312.htm,https://www.sec.gov/Archives/edgar/data/80424/000008042419000014/fy1819q2ond10-qexhibit312.htm,EX-31.2,12819
7,SECTION 1350 CERTIFICATION CHIEF EXECUTIVE OFFICER,fy1819q2ond10-qexhibit321.htm,https://www.sec.gov/Archives/edgar/data/80424/000008042419000014/fy1819q2ond10-qexhibit321.htm,EX-32.1,5964
8,SECTION 1350 CERTIFICATION-CHIEF FINANCIAL OFFICER,fy1819q2ond10-qexhibit322.htm,https://www.sec.gov/Archives/edgar/data/80424/000008042419000014/fy1819q2ond10-qexhibit322.htm,EX-32.2,5908
14,PGLOGO,pglogoa15.jpg,https://www.sec.gov/Archives/edgar/data/80424/000008042419000014/pglogoa15.jpg,GRAPHIC,6542
NA,Complete submission text file,0000080424-19-000014.txt,https://www.sec.gov/Archives/edgar/data/80424/000008042419000014/0000080424-19-000014.txt, ,8217558
9,XBRL TAXONOMY EXTENSION SCHEMA DOCUMENT,pg-20181231.xsd,https://www.sec.gov/Archives/edgar/data/80424/000008042419000014/pg-20181231.xsd,EX-101.SCH,45829
10,XBRL TAXONOMY EXTENSION CALCULATION LINKBASE DOCUMENT,pg-20181231_cal.xml,https://www.sec.gov/Archives/edgar/data/80424/000008042419000014/pg-20181231_cal.xml,EX-101.CAL,69198
11,XBRL TAXONOMY EXTENSION DEFINITION LINKBASE DOCUMENT,pg-20181231_def.xml,https://www.sec.gov/Archives/edgar/data/80424/000008042419000014/pg-20181231_def.xml,EX-101.DEF,367024
12,XBRL TAXONOMY EXTENSION LABEL LINKBASE DOCUMENT,pg-20181231_lab.xml,https://www.sec.gov/Archives/edgar/data/80424/000008042419000014/pg-20181231_lab.xml,EX-101.LAB,550239
13,XBRL TAXONOMY EXTENSION PRESENTATION LINKBASE DOCUMENT,pg-20181231_pre.xml,https://www.sec.gov/Archives/edgar/data/80424/000008042419000014/pg-20181231_pre.xml,EX-101.PRE,445605
15,EXTRACTED XBRL INSTANCE DOCUMENT,fy1819q2ond10-qreport_htm.xml,https://www.sec.gov/Archives/edgar/data/80424/000008042419000014/fy1819q2ond10-qreport_htm.xml,XML,1423798
