seq,description,document,href,type,size
1,10-Q,fb-06302019x10q.htm,https://www.sec.gov/Archives/edgar/data/1326801/000132680119000055/fb-06302019x10q.htm,10-Q,2010585
2,EXHIBIT 10.3,exhibit103-formofexeco.htm,https://www.sec.gov/Archives/edgar/data/1326801/000132680119000055/exhibit103-formofexeco.htm,EX-10.3,31198
3,EXHIBIT 10.4,exhibit104executiveinc.htm,https://www.sec.gov/Archives/edgar/data/1326801/000132680119000055/exhibit104executiveinc.htm,EX-10.4,15958
4,EXHIBIT 31.1,fb-06302019xex311.htm,https://www.sec.gov/Archives/edgar/data/1326801/000132680119000055/fb-06302019xex311.htm,EX-31.1,10664
5,EXHIBIT 31.2,fb-06302019xex312.htm,https://www.sec.gov/Archives/edgar/data/1326801/000132680119000055/fb-06302019xex312.htm,EX-31.2,10651
6,EXHIBIT 32.1,fb-06302019xex321.htm,https://www.sec.gov/Archives/edgar/data/1326801/000132680119000055/fb-06302019xex321.htm,EX-32.1,7819
7,EXHIBIT 32.2,fb-06302019xex322.htm,https://www.sec.gov/Archives/edgar/data/1326801/000132680119000055/fb-06302019xex322.htm,EX-32.2,7826
13,,daugraphsq219v2.jpg,https://www.sec.gov/Archives/edgar/data/1326801/000132680119000055/daugraphsq219v2.jpg,GRAPHIC,199684
14,,maugraphsq219.jpg,https://www.sec.gov/Archives/edgar/data/1326801/000132680119000055/maugraphsq219.jpg,GRAPHIC,175455
15,,revandarpu06302017a02.jpg,https://www.sec.gov/Archives/edgar/data/1326801/000132680119000055/revandarpu06302017a02.jpg,GRAPHIC,13431
16,,revenuegraphsq219.jpg,https://www.sec.gov/Archives/edgar/data/1326801/000132680119000055/revenuegraphsq219.jpg,GRAPHIC,191229
NA,Complete submission text file,0001326801-19-000055.txt,https://www.sec.gov/Archives/edgar/data/1326801/000132680119000055/0001326801-19-000055.txt, ,9223061
8,XBRL TAXONOMY EXTENSION SCHEMA DOCUMENT,fb-20190630.xsd,https://www.sec.gov/Archives/edgar/data/1326801/000132680119000055/fb-20190630.xsd,EX-101.SCH,39369
9,XBRL TAXONOMY EXTENSION CALCULATION LINKBASE DOCUMENT,fb-20190630_cal.xml,https://www.sec.gov/Archives/edgar/data/1326801/000132680119000055/fb-20190630_cal.xml,EX-101.CAL,90366
10,XBRL TAXONOMY EXTENSION DEFINITION LINKBASE DOCUMENT,fb-20190630_def.xml,https://www.sec.gov/Archives/edgar/data/1326801/000132680119000055/fb-20190630_def.xml,EX-101.DEF,222192
11,XBRL TAXONOMY EXTENSION LABEL LINKBASE DOCUMENT,fb-20190630_lab.xml,https://www.sec.gov/Archives/edgar/data/1326801/000132680119000055/fb-20190630_lab.xml,EX-101.LAB,608143
12,XBRL TAXONOMY EXTENSION PRESENTATION LINKBASE DOCUMENT,fb-20190630_pre.xml,https://www.sec.gov/Archives/edgar/data/1326801/000132680119000055/fb-20190630_pre.xml,EX-101.PRE,339853
17,EXTRACTED XBRL INSTANCE DOCUMENT,fb-06302019x10q_htm.xml,https://www.sec.gov/Archives/edgar/data/1326801/000132680119000055/fb-06302019x10q_htm.xml,XML,1456790
