seq,description,document,href,type,size
1,10-Q,amzn-20200331x10q.htm,https://www.sec.gov/Archives/edgar/data/1018724/000101872420000010/amzn-20200331x10q.htm,10-Q,1358170
2,EXHIBIT 31.1,amzn-20200331xex311.htm,https://www.sec.gov/Archives/edgar/data/1018724/000101872420000010/amzn-20200331xex311.htm,EX-31.1,8978
3,EXHIBIT 31.2,amzn-20200331xex312.htm,https://www.sec.gov/Archives/edgar/data/1018724/000101872420000010/amzn-20200331xex312.htm,EX-31.2,9120
4,EXHIBIT 32.1,amzn-20200331xex321.htm,https://www.sec.gov/Archives/edgar/data/1018724/000101872420000010/amzn-20200331xex321.htm,EX-32.1,5531
5,EXHIBIT 32.2,amzn-20200331xex322.htm,https://www.sec.gov/Archives/edgar/data/1018724/000101872420000010/amzn-20200331xex322.htm,EX-32.2,5681
NA,Complete submission text file,0001018724-20-000010.txt,https://www.sec.gov/Archives/edgar/data/1018724/000101872420000010/0001018724-20-000010.txt, ,6835649
6,XBRL TAXONOMY EXTENSION SCHEMA DOCUMENT,amzn-20200331.xsd,https://www.sec.gov/Archives/edgar/data/1018724/000101872420000010/amzn-20200331.xsd,EX-101.SCH,50685
7,XBRL TAXONOMY EXTENSION CALCULATION LINKBASE DOCUMENT,amzn-20200331_cal.xml,https://www.sec.gov/Archives/edgar/data/1018724/000101872420000010/amzn-20200331_cal.xml,EX-101.CAL,140561
8,XBRL TAXONOMY EXTENSION DEFINITION LINKBASE DOCUMENT,amzn-20200331_def.xml,https://www.sec.gov/Archives/edgar/data/1018724/000101872420000010/amzn-20200331_def.xml,EX-101.DEF,167758
9,XBRL TAXONOMY EXTENSION LABEL LINKBASE DOCUMENT,amzn-20200331_lab.xml,https://www.sec.gov/Archives/edgar/data/1018724/000101872420000010/amzn-20200331_lab.xml,EX-101.LAB,700929
10,XBRL TAXONOMY EXTENSION PRESENTATION LINKBASE DOCUMENT,amzn-20200331_pre.xml,https://www.sec.gov/Archives/edgar/data/1018724/000101872420000010/amzn-20200331_pre.xml,EX-101.PRE,369201
32,EXTRACTED XBRL INSTANCE DOCUMENT,amzn-20200331x10q_htm.xml,https://www.sec.gov/Archives/edgar/data/1018724/000101872420000010/amzn-20200331x10q_htm.xml,XML,1148487
