seq,description,document,href,type,size
1,10-Q,a10-qq22017412017.htm,https://www.sec.gov/Archives/edgar/data/320193/000162828017004790/a10-qq22017412017.htm,10-Q,1790400
2,EXHIBIT 31.1,a10-qexhibit311412017.htm,https://www.sec.gov/Archives/edgar/data/320193/000162828017004790/a10-qexhibit311412017.htm,EX-31.1,16408
3,EXHIBIT 31.2,a10-qexhibit312412017.htm,https://www.sec.gov/Archives/edgar/data/320193/000162828017004790/a10-qexhibit312412017.htm,EX-31.2,17536
4,EXHIBIT 32.1,a10-qexhibit321412017.htm,https://www.sec.gov/Archives/edgar/data/320193/000162828017004790/a10-qexhibit321412017.htm,EX-32.1,18367
11,,g66145g66i04.jpg,https://www.sec.gov/Archives/edgar/data/320193/000162828017004790/g66145g66i04.jpg,GRAPHIC,10963
NA,Complete submission text file,0001628280-17-004790.txt,https://www.sec.gov/Archives/edgar/data/320193/000162828017004790/0001628280-17-004790.txt, ,9684229
5,XBRL INSTANCE DOCUMENT,aapl-20170401.xml,https://www.sec.gov/Archives/edgar/data/320193/000162828017004790/aapl-20170401.xml,EX-101.INS,2816052
6,XBRL TAXONOMY EXTENSION SCHEMA DOCUMENT,aapl-20170401.xsd,https://www.sec.gov/Archives/edgar/data/320193/000162828017004790/aapl-20170401.xsd,EX-101.SCH,49499
7,XBRL TAXONOMY EXTENSION CALCULATION LINKBASE DOCUMENT,aapl-20170401_cal.xml,https://www.sec.gov/Archives/edgar/data/320193/000162828017004790/aapl-20170401_cal.xml,EX-101.CAL,88953
8,XBRL TAXONOMY EXTENSION DEFINITION LINKBASE DOCUMENT,aapl-20170401_def.xml,https://www.sec.gov/Archives/edgar/data/320193/000162828017004790/aapl-20170401_def.xml,EX-101.DEF,222089
9,XBRL TAXONOMY EXTENSION LABEL LINKBASE DOCUMENT,aapl-20170401_lab.xml,https://www.sec.gov/Archives/edgar/data/320193/000162828017004790/aapl-20170401_lab.xml,EX-101.LAB,652780
10,XBRL TAXONOMY EXTENSION PRESENTATION LINKBASE DOCUMENT,aapl-20170401_pre.xml,https://www.sec.gov/Archives/edgar/data/320193/000162828017004790/aapl-20170401_pre.xml,EX-101.PRE,382792
