part.name,item.name,sentence_text,section
PART I   -   FINANCIAL INFORMATION,Item 2. Management's Discussion and Analysis of Financial Condition and Results of Operations,item 2.,discussion
PART I   -   FINANCIAL INFORMATION,Item 2. Management's Discussion and Analysis of Financial Condition and Results of Operations,"management's discussion and analysis of financial condition and results of operations this section and other parts of this quarterly report on form 10 - q contain forward-looking statements, within the meaning of the private securities litigation reform act of 1995, that involve risks and uncertainties.",discussion
PART I   -   FINANCIAL INFORMATION,Item 2. Management's Discussion and Analysis of Financial Condition and Results of Operations,forward-looking statements provide current expectations of future events based on certain assumptions and include any statement that does not directly relate to any historical or current fact.,discussion
PART I   -   FINANCIAL INFORMATION,Item 2. Management's Discussion and Analysis of Financial Condition and Results of Operations,"forward-looking statements can also be identified by words such as ""future,"" ""anticipates,"" ""believes,"" ""estimates,"" ""expects,"" ""intends,"" ""plans,"" ""predicts,"" ""will,"" ""would,"" ""could,"" ""can,"" ""may,"" and similar terms.",discussion
PART I   -   FINANCIAL INFORMATION,Item 2. Management's Discussion and Analysis of Financial Condition and Results of Operations,forward-looking statements are not guarantees of future performance and the company's actual results may differ significantly from the results discussed in the forward-looking statements.,discussion
PART I   -   FINANCIAL INFORMATION,Item 2. Management's Discussion and Analysis of Financial Condition and Results of Operations,"factors that might cause such differences include, but are not limited to, those discussed in part ii, item 1a of this form 10-q under the heading ""risk factors,"" which are incorporated herein by reference.",discussion
PART I   -   FINANCIAL INFORMATION,Item 2. Management's Discussion and Analysis of Financial Condition and Results of Operations,"the following discussion should be read in conjunction with the company's annual report on form 10-k for the year ended september 24, 2016 (the ""2016 form 10-k"") filed with the u.s.",discussion
PART I   -   FINANCIAL INFORMATION,Item 2. Management's Discussion and Analysis of Financial Condition and Results of Operations,"securities and exchange commission (the ""sec"") and the condensed consolidated financial statements and notes thereto included elsewhere in this form 10-q.",discussion
PART I   -   FINANCIAL INFORMATION,Item 2. Management's Discussion and Analysis of Financial Condition and Results of Operations,all information presented herein is based on the company's fiscal calendar.,discussion
PART I   -   FINANCIAL INFORMATION,Item 2. Management's Discussion and Analysis of Financial Condition and Results of Operations,"unless otherwise stated, references to particular years, quarters, months or periods refer to the company's fiscal years ended in september and the associated quarters, months and periods of those fiscal years.",discussion
PART I   -   FINANCIAL INFORMATION,Item 2. Management's Discussion and Analysis of Financial Condition and Results of Operations,"each of the terms the ""company"" and ""apple"" as used herein refers collectively to apple inc. and its wholly-owned subsidiaries, unless otherwise stated.",discussion
PART I   -   FINANCIAL INFORMATION,Item 2. Management's Discussion and Analysis of Financial Condition and Results of Operations,"the company assumes no obligation to revise or update any forward-looking statements for any reason, except as required by law.",discussion
PART I   -   FINANCIAL INFORMATION,Item 2. Management's Discussion and Analysis of Financial Condition and Results of Operations,"available information the company's annual report on form 10-k, quarterly reports on form 10-q, current reports on form 8-k, and amendments to reports filed pursuant to sections 13(a) and 15(d) of the securities exchange act of 1934, as amended (the ""exchange act""), are filed with the sec.",discussion
PART I   -   FINANCIAL INFORMATION,Item 2. Management's Discussion and Analysis of Financial Condition and Results of Operations,"the company is subject to the informational requirements of the exchange act and files or furnishes reports, proxy statements, and other information with the sec.",discussion
PART I   -   FINANCIAL INFORMATION,Item 2. Management's Discussion and Analysis of Financial Condition and Results of Operations,such reports and other information filed by the company with the sec are available free of charge on the company's website at investor.apple.com/sec.cfm when such reports are available on the sec's website.,discussion
PART I   -   FINANCIAL INFORMATION,Item 2. Management's Discussion and Analysis of Financial Condition and Results of Operations,"the public may read and copy any materials filed by the company with the sec at the sec's public reference room at 100 f street, ne, room 1580, washington, dc 20549.",discussion
PART I   -   FINANCIAL INFORMATION,Item 2. Management's Discussion and Analysis of Financial Condition and Results of Operations,the public may obtain information on the operation of the public reference room by calling the sec at 1-800-sec-0330.,discussion
PART I   -   FINANCIAL INFORMATION,Item 2. Management's Discussion and Analysis of Financial Condition and Results of Operations,"the sec maintains an internet site that contains reports, proxy and information statements and other information regarding issuers that file electronically with the sec at www.sec.gov.",discussion
PART I   -   FINANCIAL INFORMATION,Item 2. Management's Discussion and Analysis of Financial Condition and Results of Operations,the contents of websites are not incorporated into this filing.,discussion
PART I   -   FINANCIAL INFORMATION,Item 2. Management's Discussion and Analysis of Financial Condition and Results of Operations,"further, the company's references to website urls are intended to be inactive textual references only.",discussion
PART I   -   FINANCIAL INFORMATION,Item 2. Management's Discussion and Analysis of Financial Condition and Results of Operations,"overview and highlights the company designs, manufactures and markets mobile communication and media devices and personal computers, and sells a variety of related software, services, accessories, networking solutions and third-party digital content and applications.",discussion
PART I   -   FINANCIAL INFORMATION,Item 2. Management's Discussion and Analysis of Financial Condition and Results of Operations,"the company's products and services include iphone®, ipad®, mac®, apple watch®, apple tv®, a portfolio of consumer and professional software applications, ios, macos®, watchos® and tvos™ operating systems, icloud®, apple pay® and a variety of accessory, service and support offerings.",discussion
PART I   -   FINANCIAL INFORMATION,Item 2. Management's Discussion and Analysis of Financial Condition and Results of Operations,"the company sells and delivers digital content and applications through the itunes store®, app store®, mac app store, tv app store, ibooks store™ and apple music® (collectively ""digital content and services"").",discussion
PART I   -   FINANCIAL INFORMATION,Item 2. Management's Discussion and Analysis of Financial Condition and Results of Operations,"the company sells its products worldwide through its retail stores, online stores and direct sales force, as well as through third-party cellular network carriers, wholesalers, retailers and value-added resellers.",discussion
PART I   -   FINANCIAL INFORMATION,Item 2. Management's Discussion and Analysis of Financial Condition and Results of Operations,"in addition, the company sells a variety of third-party apple-compatible products, including application software and various accessories through its retail and online stores.",discussion
PART I   -   FINANCIAL INFORMATION,Item 2. Management's Discussion and Analysis of Financial Condition and Results of Operations,"the company sells to consumers, small and mid-sized businesses and education, enterprise and government customers.",discussion
PART I   -   FINANCIAL INFORMATION,Item 2. Management's Discussion and Analysis of Financial Condition and Results of Operations,"business strategy the company is committed to bringing the best user experience to its customers through its innovative hardware, software and services.",discussion
PART I   -   FINANCIAL INFORMATION,Item 2. Management's Discussion and Analysis of Financial Condition and Results of Operations,"the company's business strategy leverages its unique ability to design and develop its own operating systems, hardware, application software and services to provide its customers products and solutions with innovative design, superior ease-of-use and seamless integration.",discussion
PART I   -   FINANCIAL INFORMATION,Item 2. Management's Discussion and Analysis of Financial Condition and Results of Operations,"as part of its strategy, the company continues to expand its platform for the discovery and delivery of digital content and applications through its digital content and services, which allows customers to discover and download digital content, ios, mac, apple watch and apple tv applications, and books through either a mac or windows personal computer or through iphone, ipad and ipod touch® devices (""ios devices""), apple tv and apple watch.",discussion
PART I   -   FINANCIAL INFORMATION,Item 2. Management's Discussion and Analysis of Financial Condition and Results of Operations,the company also supports a community for the development of third-party software and hardware products and digital content that complement the company's offerings.,discussion
PART I   -   FINANCIAL INFORMATION,Item 2. Management's Discussion and Analysis of Financial Condition and Results of Operations,the company believes a high-quality buying experience with knowledgeable salespersons who can convey the value of the company's products and services greatly enhances its ability to attract and retain customers.,discussion
PART I   -   FINANCIAL INFORMATION,Item 2. Management's Discussion and Analysis of Financial Condition and Results of Operations,"therefore, the company's strategy also includes building and expanding its own retail and online stores and its third-party distribution network to effectively reach more customers and provide them with a high-quality sales and post-sales support experience.",discussion
PART I   -   FINANCIAL INFORMATION,Item 2. Management's Discussion and Analysis of Financial Condition and Results of Operations,"the company believes ongoing investment in research and development (""r&d""), marketing and advertising is critical to the development and sale of innovative products and technologies.",discussion
PART I   -   FINANCIAL INFORMATION,Item 2. Management's Discussion and Analysis of Financial Condition and Results of Operations,23 business seasonality and product introductions the company has historically experienced higher net sales in its first quarter compared to other quarters in its fiscal year due in part to seasonal holiday demand.,discussion
PART I   -   FINANCIAL INFORMATION,Item 2. Management's Discussion and Analysis of Financial Condition and Results of Operations,"additionally, new product introductions can significantly impact net sales, product costs and operating expenses.",discussion
PART I   -   FINANCIAL INFORMATION,Item 2. Management's Discussion and Analysis of Financial Condition and Results of Operations,"product introductions can also impact the company's net sales to its indirect distribution channels as these channels are filled with new product inventory following a product introduction, and often, channel inventory of a particular product declines as the next related major product launch approaches.",discussion
PART I   -   FINANCIAL INFORMATION,Item 2. Management's Discussion and Analysis of Financial Condition and Results of Operations,net sales can also be affected when consumers and distributors anticipate a product introduction.,discussion
PART I   -   FINANCIAL INFORMATION,Item 2. Management's Discussion and Analysis of Financial Condition and Results of Operations,"however, neither historical seasonal patterns nor historical patterns of product introductions should be considered reliable indicators of the company's future pattern of product introductions, future net sales or financial performance.",discussion
PART I   -   FINANCIAL INFORMATION,Item 2. Management's Discussion and Analysis of Financial Condition and Results of Operations,fiscal period the company's fiscal year is the 52 or 53-week period that ends on the last saturday of september.,discussion
PART I   -   FINANCIAL INFORMATION,Item 2. Management's Discussion and Analysis of Financial Condition and Results of Operations,"the company's fiscal year 2017 will include 53 weeks and will end on september 30, 2017.",discussion
PART I   -   FINANCIAL INFORMATION,Item 2. Management's Discussion and Analysis of Financial Condition and Results of Operations,"a 14th week was included in the first quarter of 2017, as is done every five or six years, to realign the company's fiscal quarters with calendar quarters.",discussion
PART I   -   FINANCIAL INFORMATION,Item 2. Management's Discussion and Analysis of Financial Condition and Results of Operations,"second quarter fiscal 2017 highlights net sales increased 5% or $2.3 billion during the second quarter of 2017 compared to the same quarter in 2016, primarily driven by strong growth in services, mac and other products, partially offset by the effect of weakness in foreign currencies relative to the u.s. dollar.",discussion
PART I   -   FINANCIAL INFORMATION,Item 2. Management's Discussion and Analysis of Financial Condition and Results of Operations,"net sales reflected year-over-year growth in each of the geographic operating segments, with the exception of greater china.",discussion
PART I   -   FINANCIAL INFORMATION,Item 2. Management's Discussion and Analysis of Financial Condition and Results of Operations,"during the second quarter of 2017, the company introduced a new 9.7-inch ipad, which became available at the end of the quarter.",discussion
PART I   -   FINANCIAL INFORMATION,Item 2. Management's Discussion and Analysis of Financial Condition and Results of Operations,the company utilized $7.0 billion to repurchase shares of its common stock and paid dividends and dividend equivalents of $3.0 billion during the second quarter of 2017.,discussion
PART I   -   FINANCIAL INFORMATION,Item 2. Management's Discussion and Analysis of Financial Condition and Results of Operations,"additionally, the company issued $11.0 billion of u.s. dollar-denominated long-term debt.",discussion
PART I   -   FINANCIAL INFORMATION,Item 2. Management's Discussion and Analysis of Financial Condition and Results of Operations,"sales data the following table shows net sales by operating segment and net sales and unit sales by product for the three- and six-month periods ended april 1, 2017 and march 26, 2016 (dollars in millions and units in thousands):  three months ended   six months ended   april 1,  2017   march 26,  2016   change   april 1,  2017   march 26,  2016   change net sales by operating segment:                       americas $ 21,157     $ 19,096     11  %   $ 53,125     $ 48,421     10  % europe 12,733     11,535     10  %   31,254     29,467     6  % greater china 10,726     12,486     (14 )%   26,959     30,859     (13 )% japan 4,485     4,281     5  %   10,251     9,075     13  % rest of asia pacific 3,795     3,159     20  %   9,658     8,607     12  % total net sales $ 52,896     $ 50,557     5  %   $ 131,247     $ 126,429     4  %                         net sales by product:                       iphone (1) $ 33,249     $ 32,857     1  %   $ 87,627     $ 84,492     4  % ipad (1) 3,889     4,413     (12 )%   9,422     11,497     (18 )% mac (1) 5,844     5,107     14  %   13,088     11,853     10  % services (2) 7,041     5,991     18  %   14,213     12,047     18  % other products (1)(3) 2,873     2,189     31  %   6,897     6,540     5  % total net sales $ 52,896     $ 50,557     5  %   $ 131,247     $ 126,429     4  %                         unit sales by product:                       iphone 50,763     51,193     (1 )%   129,053     125,972     2  % ipad 8,922     10,251     (13 )%   22,003     26,373     (17 )% mac 4,199     4,034     4  %   9,573     9,346     2  % (1)includes deferrals and amortization of related software upgrade rights and non-software services.",discussion
PART I   -   FINANCIAL INFORMATION,Item 2. Management's Discussion and Analysis of Financial Condition and Results of Operations,"(2)includes revenue from digital content and services, applecare®, apple pay, licensing and other services.",discussion
PART I   -   FINANCIAL INFORMATION,Item 2. Management's Discussion and Analysis of Financial Condition and Results of Operations,"(3)includes sales of apple tv, apple watch, beats® products, ipod and apple-branded and third-party accessories.",discussion
PART I   -   FINANCIAL INFORMATION,Item 2. Management's Discussion and Analysis of Financial Condition and Results of Operations,"24 product performance iphone the following table presents iphone net sales and unit sales information for the three- and six-month periods ended april 1, 2017 and march 26, 2016 (dollars in millions and units in thousands): three months ended   six months ended   april 1,  2017   march 26,  2016   change   april 1,  2017   march 26,  2016   change net sales $ 33,249     $ 32,857     1  %   $ 87,627     $ 84,492     4 % percentage of total net sales 63 %   65 %       67 %   67 %     unit sales 50,763     51,193     (1 )%   129,053     125,972     2 % iphone net sales increased during the second quarter of 2017 compared to the same period in 2016 due to higher iphone average selling prices (""asps""), largely offset by the effect of weakness in foreign currencies relative to the u.s. dollar.",discussion
PART I   -   FINANCIAL INFORMATION,Item 2. Management's Discussion and Analysis of Financial Condition and Results of Operations,"the year-over-year increase in iphone net sales during the first six months of 2017 was due primarily to higher iphone unit sales and to a lesser extent higher iphone asps, partially offset by the effect of weakness in foreign currencies relative to the u.s. dollar. ipad the following table presents ipad net sales and unit sales information for the three- and six-month periods ended april 1, 2017 and march 26, 2016 (dollars in millions and units in thousands): three months ended   six months ended   april 1,  2017   march 26,  2016   change   april 1,  2017   march 26,  2016   change net sales $ 3,889     $ 4,413     (12 )%   $ 9,422     $ 11,497     (18 )% percentage of total net sales 7 %   9 %       7 %   9 %     unit sales 8,922     10,251     (13 )%   22,003     26,373     (17 )% ipad net sales decreased in the second quarter and first six months of 2017 compared to the same periods in 2016 due primarily to lower ipad unit sales in each of the geographic operating segments and to a lesser extent the effect of weakness in foreign currencies relative to the u.s. dollar.",discussion
PART I   -   FINANCIAL INFORMATION,Item 2. Management's Discussion and Analysis of Financial Condition and Results of Operations,"mac the following table presents mac net sales and unit sales information for the three- and six-month periods ended april 1, 2017 and march 26, 2016 (dollars in millions and units in thousands): three months ended   six months ended   april 1,  2017   march 26,  2016   change   april 1,  2017   march 26,  2016   change net sales $ 5,844     $ 5,107     14 %   $ 13,088     $ 11,853     10 % percentage of total net sales 11 %   10 %       10 %   9 %     unit sales 4,199     4,034     4 %   9,573     9,346     2 % mac net sales increased during the second quarter and first six months of 2017 compared to the same periods in 2016 due primarily to a different mix of macs, including the new macbook pro introduced in the first quarter of 2017, and to a lesser extent higher mac unit sales.",discussion
PART I   -   FINANCIAL INFORMATION,Item 2. Management's Discussion and Analysis of Financial Condition and Results of Operations,the year-over-year increase in mac net sales was partially offset by the effect of weakness in foreign currencies relative to the u.s. dollar.,discussion
PART I   -   FINANCIAL INFORMATION,Item 2. Management's Discussion and Analysis of Financial Condition and Results of Operations,"25 services the following table presents services net sales information for the three- and six-month periods ended april 1, 2017 and march 26, 2016 (dollars in millions): three months ended   six months ended   april 1,  2017   march 26,  2016   change   april 1,  2017   march 26,  2016   change net sales $ 7,041     $ 5,991     18 %   $ 14,213     $ 12,047     18 % percentage of total net sales 13 %   12 %       11 %   10 % the year-over-year increase in services net sales in the second quarter and first six months of 2017 compared to the same periods in 2016 was due primarily to growth from the app store and licensing sales.",discussion
PART I   -   FINANCIAL INFORMATION,Item 2. Management's Discussion and Analysis of Financial Condition and Results of Operations,"the year-over-year increase in services net sales during the first six months of 2017 was partially offset by the non-recurrence of the $548 million received from samsung electronics co., ltd. in the first quarter of 2016 related to patent infringement matters.",discussion
PART I   -   FINANCIAL INFORMATION,Item 2. Management's Discussion and Analysis of Financial Condition and Results of Operations,segment operating performance the company manages its business primarily on a geographic basis.,discussion
PART I   -   FINANCIAL INFORMATION,Item 2. Management's Discussion and Analysis of Financial Condition and Results of Operations,"the company's reportable operating segments consist of the americas, europe, greater china, japan and rest of asia pacific.",discussion
PART I   -   FINANCIAL INFORMATION,Item 2. Management's Discussion and Analysis of Financial Condition and Results of Operations,the americas segment includes both north and south america.,discussion
PART I   -   FINANCIAL INFORMATION,Item 2. Management's Discussion and Analysis of Financial Condition and Results of Operations,"the europe segment includes european countries, as well as india, the middle east and africa.",discussion
PART I   -   FINANCIAL INFORMATION,Item 2. Management's Discussion and Analysis of Financial Condition and Results of Operations,"the greater china segment includes china, hong kong and taiwan.",discussion
PART I   -   FINANCIAL INFORMATION,Item 2. Management's Discussion and Analysis of Financial Condition and Results of Operations,the rest of asia pacific segment includes australia and those asian countries not included in the company's other reportable operating segments.,discussion
PART I   -   FINANCIAL INFORMATION,Item 2. Management's Discussion and Analysis of Financial Condition and Results of Operations,"although the reportable operating segments provide similar hardware and software products and similar services, each one is managed separately to better align with the location of the company's customers and distribution partners and the unique market dynamics of each geographic region.",discussion
PART I   -   FINANCIAL INFORMATION,Item 2. Management's Discussion and Analysis of Financial Condition and Results of Operations,"further information regarding the company's reportable operating segments can be found in part i, item 1 of this form 10-q in the notes to condensed consolidated financial statements, in note 11, ""segment information and geographic data.""",discussion
PART I   -   FINANCIAL INFORMATION,Item 2. Management's Discussion and Analysis of Financial Condition and Results of Operations,"americas the following table presents americas net sales information for the three- and six-month periods ended april 1, 2017 and march 26, 2016 (dollars in millions): three months ended   six months ended   april 1,  2017   march 26,  2016   change   april 1,  2017   march 26,  2016   change net sales $ 21,157     $ 19,096     11 %   $ 53,125     $ 48,421     10 % percentage of total net sales 40 %   38 %       40 %   38 % americas net sales increased during the second quarter of 2017 compared to the same period in 2016 due primarily to higher net sales of iphone and other products.",discussion
PART I   -   FINANCIAL INFORMATION,Item 2. Management's Discussion and Analysis of Financial Condition and Results of Operations,"the year-over-year increase in americas net sales during the first six months of 2017 was due primarily to higher net sales of iphone and mac, partially offset by lower net sales of ipad.",discussion
PART I   -   FINANCIAL INFORMATION,Item 2. Management's Discussion and Analysis of Financial Condition and Results of Operations,"europe the following table presents europe net sales information for the three- and six-month periods ended april 1, 2017 and march 26, 2016 (dollars in millions): three months ended   six months ended   april 1,  2017   march 26,  2016   change   april 1,  2017   march 26,  2016   change net sales $ 12,733     $ 11,535     10 %   $ 31,254     $ 29,467     6 % percentage of total net sales 24 %   23 %       24 %   23 % europe net sales increased during the second quarter of 2017 compared to the same period in 2016 due primarily to higher net sales of iphone and mac, partially offset by the effect of weakness in foreign currencies relative to the u.s. dollar.",discussion
PART I   -   FINANCIAL INFORMATION,Item 2. Management's Discussion and Analysis of Financial Condition and Results of Operations,"the year-over-year increase in europe net sales during the first six months of 2017 was due primarily to higher net sales of iphone and services, partially offset by the effect of weakness in foreign currencies relative to the u.s. dollar and to a lesser extent lower net sales of ipad.",discussion
PART I   -   FINANCIAL INFORMATION,Item 2. Management's Discussion and Analysis of Financial Condition and Results of Operations,"26 greater china the following table presents greater china net sales information for the three- and six-month periods ended april 1, 2017 and march 26, 2016 (dollars in millions): three months ended   six months ended   april 1,  2017   march 26,  2016   change     april 1,  2017   march 26,  2016   change   net sales $ 10,726     $ 12,486     (14 )%   $ 26,959     $ 30,859     (13 )% percentage of total net sales 20 %   25 %       21 %   24 % greater china net sales decreased during the second quarter and first six months of 2017 compared to the same periods in 2016 due primarily to lower net sales of iphone and the effect of weakness in foreign currencies relative to the u.s. dollar, partially offset by growth in net sales of services.",discussion
PART I   -   FINANCIAL INFORMATION,Item 2. Management's Discussion and Analysis of Financial Condition and Results of Operations,"japan the following table presents japan net sales information for the three- and six-month periods ended april 1, 2017 and march 26, 2016 (dollars in millions): three months ended   six months ended   april 1,  2017   march 26,  2016   change     april 1,  2017   march 26,  2016   change   net sales $ 4,485     $ 4,281     5 %   $ 10,251     $ 9,075     13 % percentage of total net sales 8 %   8 %       8 %   7 % japan net sales increased during the second quarter of 2017 compared to the same period in 2016 due primarily to higher net sales of services and the effect of strength in the japanese yen relative to the u.s. dollar.",discussion
PART I   -   FINANCIAL INFORMATION,Item 2. Management's Discussion and Analysis of Financial Condition and Results of Operations,the year-over-year increase in japan net sales during the first six months of 2017 was due primarily to the effect of strength in the japanese yen relative to the u.s. dollar and growth in net sales of iphone.,discussion
PART I   -   FINANCIAL INFORMATION,Item 2. Management's Discussion and Analysis of Financial Condition and Results of Operations,"rest of asia pacific the following table presents rest of asia pacific net sales information for the three- and six-month periods ended april 1, 2017 and march 26, 2016 (dollars in millions): three months ended   six months ended   april 1,  2017   march 26,  2016   change     april 1,  2017   march 26,  2016   change   net sales $ 3,795     $ 3,159     20 %   $ 9,658     $ 8,607     12 % percentage of total net sales 7 %   6 %       7 %   7 % rest of asia pacific net sales increased during the second quarter of 2017 compared to the same period in 2016 due primarily to higher net sales of iphone and mac.",discussion
PART I   -   FINANCIAL INFORMATION,Item 2. Management's Discussion and Analysis of Financial Condition and Results of Operations,the year-over-year increase in rest of asia pacific net sales during the first six months of 2017 was due primarily to higher net sales of iphone and the effect of strength in foreign currencies relative to the u.s. dollar.,discussion
PART I   -   FINANCIAL INFORMATION,Item 2. Management's Discussion and Analysis of Financial Condition and Results of Operations,"gross margin gross margin for the three- and six-month periods ended april 1, 2017 and march 26, 2016 was as follows (dollars in millions): three months ended   six months ended   april 1,  2017   march 26,  2016   april 1,  2017   march 26,  2016 net sales $ 52,896     $ 50,557     $ 131,247     $ 126,429   cost of sales 32,305     30,636     80,480     76,085   gross margin $ 20,591     $ 19,921     $ 50,767     $ 50,344   gross margin percentage 38.9 %   39.4 %   38.7 %   39.8 % gross margin decreased during the second quarter and first six months of 2017 compared to the same periods in 2016 due primarily to higher product cost structures and the effect of weakness in foreign currencies relative to the u.s. dollar, partially offset by a favorable mix of products and services.",discussion
PART I   -   FINANCIAL INFORMATION,Item 2. Management's Discussion and Analysis of Financial Condition and Results of Operations,27 the company anticipates gross margin during the third quarter of 2017 to be between 37.5% and 38.5%.,discussion
PART I   -   FINANCIAL INFORMATION,Item 2. Management's Discussion and Analysis of Financial Condition and Results of Operations,the foregoing statement regarding the company's expected gross margin percentage in the third quarter of 2017 is forward-looking and could differ from actual results.,discussion
PART I   -   FINANCIAL INFORMATION,Item 2. Management's Discussion and Analysis of Financial Condition and Results of Operations,"the company's future gross margins can be impacted by multiple factors including, but not limited to, those set forth in part ii, item 1a of this form 10-q under the heading ""risk factors"" and those described in this paragraph.",discussion
PART I   -   FINANCIAL INFORMATION,Item 2. Management's Discussion and Analysis of Financial Condition and Results of Operations,"in general, the company believes gross margins will remain under downward pressure due to a variety of factors, including continued industry-wide global product pricing pressures, increased competition, compressed product life cycles, product transitions, potential increases in the cost of components, and potential strengthening of the u.s. dollar, as well as potential increases in the costs of outside manufacturing services and a potential shift in the company's sales mix towards products with lower gross margins.",discussion
PART I   -   FINANCIAL INFORMATION,Item 2. Management's Discussion and Analysis of Financial Condition and Results of Operations,"in response to competitive pressures, the company expects it will continue to take product pricing actions, which would adversely affect gross margins.",discussion
PART I   -   FINANCIAL INFORMATION,Item 2. Management's Discussion and Analysis of Financial Condition and Results of Operations,gross margins could also be affected by the company's ability to manage product quality and warranty costs effectively and to stimulate demand for certain of its products.,discussion
PART I   -   FINANCIAL INFORMATION,Item 2. Management's Discussion and Analysis of Financial Condition and Results of Operations,"due to the company's significant international operations, its financial condition and operating results, including gross margins, could be significantly affected by fluctuations in exchange rates.",discussion
PART I   -   FINANCIAL INFORMATION,Item 2. Management's Discussion and Analysis of Financial Condition and Results of Operations,"operating expenses operating expenses for the three- and six-month periods ended april 1, 2017 and march 26, 2016 were as follows (dollars in millions): three months ended   six months ended   april 1,  2017   march 26,  2016   april 1,  2017   march 26,  2016 research and development $ 2,776     $ 2,511     $ 5,647     $ 4,915   percentage of total net sales 5 %   5 %   4 %   4 % selling, general and administrative $ 3,718     $ 3,423     $ 7,664     $ 7,271   percentage of total net sales 7 %   7 %   6 %   6 % total operating expenses $ 6,494     $ 5,934     $ 13,311     $ 12,186   percentage of total net sales 12 %   12 %   10 %   10 % research and development the growth in r&d expense during the second quarter and first six months of 2017 compared to the same periods in 2016 was driven primarily by an increase in headcount and related expenses to support expanded r&d activities.",discussion
PART I   -   FINANCIAL INFORMATION,Item 2. Management's Discussion and Analysis of Financial Condition and Results of Operations,"the company continues to believe that focused investments in r&d are critical to its future growth and competitive position in the marketplace, and to the development of new and updated products that are central to the company's core business strategy.",discussion
PART I   -   FINANCIAL INFORMATION,Item 2. Management's Discussion and Analysis of Financial Condition and Results of Operations,"selling, general and administrative the growth in selling, general and administrative expense during the second quarter of 2017 compared to the same quarter in 2016 was driven primarily by an increase in headcount and related expenses and higher spending on marketing and advertising.",discussion
PART I   -   FINANCIAL INFORMATION,Item 2. Management's Discussion and Analysis of Financial Condition and Results of Operations,"the year-over-year growth in selling, general and administrative expense during the first six months of 2017 was driven primarily by an increase in headcount and related expenses and higher variable selling costs.",discussion
PART I   -   FINANCIAL INFORMATION,Item 2. Management's Discussion and Analysis of Financial Condition and Results of Operations,"other income/(expense), net other income/(expense), net for the three- and six-month periods ended april 1, 2017 and march 26, 2016 was as follows (dollars in millions): three months ended   six months ended   april 1,  2017   march 26,  2016   change   april 1,  2017   march 26,  2016   change interest and dividend income $ 1,282     $ 986         $ 2,506     $ 1,927       interest expense (530 )   (321 )       (1,055 )   (597 )     other expense, net (165 )   (510 )       (43 )   (773 )     total other income/(expense), net $ 587     $ 155     279 %   $ 1,408     $ 557     153 % the increase in other income/(expense), net during the second quarter and first six months of 2017 compared to the same periods in 2016 was due primarily to higher interest income and the favorable impact of foreign exchange-related items, partially offset by higher interest expense on debt.",discussion
PART I   -   FINANCIAL INFORMATION,Item 2. Management's Discussion and Analysis of Financial Condition and Results of Operations,"the weighted-average interest rate earned by the company on its cash, cash equivalents and marketable securities was 1.99% and 1.74% in the second quarter of 2017 and 2016, respectively, and 1.93% and 1.70% in the first six months of 2017 and 2016, respectively.",discussion
PART I   -   FINANCIAL INFORMATION,Item 2. Management's Discussion and Analysis of Financial Condition and Results of Operations,"provision for income taxes provision for income taxes and effective tax rates for the three- and six-month periods ended april 1, 2017 and march 26, 2016 were as follows (dollars in millions): three months ended   six months ended   april 1,  2017   march 26,  2016   april 1,  2017   march 26,  2016 provision for income taxes $ 3,655     $ 3,626     $ 9,944     $ 9,838   effective tax rate 24.9 %   25.6 %   25.6 %   25.4 % the company's effective tax rates during the second quarter of 2017 and 2016 differ from the statutory federal income tax rate of 35% due primarily to certain undistributed foreign earnings, a substantial portion of which was generated by subsidiaries organized in ireland, for which no u.s. taxes are provided when such earnings are intended to be indefinitely reinvested outside the u.s.",discussion
PART I   -   FINANCIAL INFORMATION,Item 2. Management's Discussion and Analysis of Financial Condition and Results of Operations,the lower effective tax rate during the second quarter of 2017 compared to the same quarter in 2016 was due primarily to a different geographic mix of earnings.,discussion
PART I   -   FINANCIAL INFORMATION,Item 2. Management's Discussion and Analysis of Financial Condition and Results of Operations,the slightly higher effective tax rate in the first six months of 2017 compared to the same period in 2016 was due primarily to the retroactive reinstatement of the u.s. federal r&d tax credit during the first quarter of 2016.,discussion
PART I   -   FINANCIAL INFORMATION,Item 2. Management's Discussion and Analysis of Financial Condition and Results of Operations,"the company is subject to audits by federal, state, local and foreign tax authorities.",discussion
PART I   -   FINANCIAL INFORMATION,Item 2. Management's Discussion and Analysis of Financial Condition and Results of Operations,management believes that adequate provisions have been made for any adjustments that may result from tax examinations.,discussion
PART I   -   FINANCIAL INFORMATION,Item 2. Management's Discussion and Analysis of Financial Condition and Results of Operations,"however, the outcome of tax audits cannot be predicted with certainty.",discussion
PART I   -   FINANCIAL INFORMATION,Item 2. Management's Discussion and Analysis of Financial Condition and Results of Operations,"if any issues addressed in the company's tax audits are resolved in a manner not consistent with management's expectations, the company could be required to adjust its provision for income taxes in the period such resolution occurs.",discussion
PART I   -   FINANCIAL INFORMATION,Item 2. Management's Discussion and Analysis of Financial Condition and Results of Operations,"on august 30, 2016, the european commission announced its decision that ireland granted state aid to the company by providing tax opinions in 1991 and 2007 concerning the tax allocation of profits of the irish branches of two subsidiaries of the company (the ""state aid decision"").",discussion
PART I   -   FINANCIAL INFORMATION,Item 2. Management's Discussion and Analysis of Financial Condition and Results of Operations,the state aid decision orders ireland to calculate and recover additional taxes from the company for the period june 2003 through december 2014.,discussion
PART I   -   FINANCIAL INFORMATION,Item 2. Management's Discussion and Analysis of Financial Condition and Results of Operations,"irish legislative changes, effective as of january 2015, eliminated the application of the tax opinions from that date forward.",discussion
PART I   -   FINANCIAL INFORMATION,Item 2. Management's Discussion and Analysis of Financial Condition and Results of Operations,the company believes the state aid decision to be without merit and appealed to the general court of the court of justice of the european union.,discussion
PART I   -   FINANCIAL INFORMATION,Item 2. Management's Discussion and Analysis of Financial Condition and Results of Operations,ireland has also appealed the state aid decision.,discussion
PART I   -   FINANCIAL INFORMATION,Item 2. Management's Discussion and Analysis of Financial Condition and Results of Operations,"while the european commission announced a recovery amount of up to €13 billion, plus interest, the actual amount of additional taxes subject to recovery is to be calculated by ireland in accordance with the european commission's guidance.",discussion
PART I   -   FINANCIAL INFORMATION,Item 2. Management's Discussion and Analysis of Financial Condition and Results of Operations,"once the recovery amount is computed by ireland, the company anticipates funding it, including interest, out of foreign cash into escrow, where it will remain pending conclusion of all appeals.",discussion
PART I   -   FINANCIAL INFORMATION,Item 2. Management's Discussion and Analysis of Financial Condition and Results of Operations,the company believes that any incremental irish corporate income taxes potentially due related to the state aid decision would be creditable against u.s. taxes.,discussion
PART I   -   FINANCIAL INFORMATION,Item 2. Management's Discussion and Analysis of Financial Condition and Results of Operations,"recent accounting pronouncements restricted cash in november 2016, the financial accounting standards board (""fasb"") issued accounting standards update (""asu"") no.",discussion
PART I   -   FINANCIAL INFORMATION,Item 2. Management's Discussion and Analysis of Financial Condition and Results of Operations,"2016-18, statement of cash flows (topic 230): restricted cash (""asu 2016-18""), which enhances and clarifies the guidance on the classification and presentation of restricted cash in the statement of cash flows.",discussion
PART I   -   FINANCIAL INFORMATION,Item 2. Management's Discussion and Analysis of Financial Condition and Results of Operations,the company will adopt asu 2016-18 in its first quarter of 2019 utilizing the retrospective adoption method.,discussion
PART I   -   FINANCIAL INFORMATION,Item 2. Management's Discussion and Analysis of Financial Condition and Results of Operations,"currently, the company's restricted cash balance is not significant.",discussion
PART I   -   FINANCIAL INFORMATION,Item 2. Management's Discussion and Analysis of Financial Condition and Results of Operations,"income taxes in october 2016, the fasb issued asu no.",discussion
PART I   -   FINANCIAL INFORMATION,Item 2. Management's Discussion and Analysis of Financial Condition and Results of Operations,"2016-16, income taxes (topic 740): intra-entity transfers of assets other than inventory (""asu 2016-16""), which requires the recognition of the income tax consequences of an intra-entity transfer of an asset, other than inventory, when the transfer occurs.",discussion
PART I   -   FINANCIAL INFORMATION,Item 2. Management's Discussion and Analysis of Financial Condition and Results of Operations,the company will adopt asu 2016-16 in its first quarter of 2019 utilizing the modified retrospective adoption method.,discussion
PART I   -   FINANCIAL INFORMATION,Item 2. Management's Discussion and Analysis of Financial Condition and Results of Operations,"currently, the company anticipates recording up to $9 billion of net deferred tax assets on its consolidated balance sheets.",discussion
PART I   -   FINANCIAL INFORMATION,Item 2. Management's Discussion and Analysis of Financial Condition and Results of Operations,"however, the ultimate impact of adopting asu 2016-16 will depend on the balance of intellectual property transferred between its subsidiaries as of the adoption date.",discussion
PART I   -   FINANCIAL INFORMATION,Item 2. Management's Discussion and Analysis of Financial Condition and Results of Operations,the company will recognize incremental deferred income tax expense thereafter as these deferred tax assets are utilized.,discussion
PART I   -   FINANCIAL INFORMATION,Item 2. Management's Discussion and Analysis of Financial Condition and Results of Operations,"stock compensation in march 2016, the fasb issued asu no.",discussion
PART I   -   FINANCIAL INFORMATION,Item 2. Management's Discussion and Analysis of Financial Condition and Results of Operations,"2016-09, compensation  -  stock compensation (topic 718): improvements to employee share-based payment accounting (""asu 2016-09""), which modifies certain aspects of the accounting for share-based payment transactions, including income taxes, classification of awards, and classification in the statement of cash flows.",discussion
PART I   -   FINANCIAL INFORMATION,Item 2. Management's Discussion and Analysis of Financial Condition and Results of Operations,the company will adopt asu 2016-09 in its first quarter of 2018.,discussion
PART I   -   FINANCIAL INFORMATION,Item 2. Management's Discussion and Analysis of Financial Condition and Results of Operations,"currently, excess tax benefits or deficiencies from the company's equity awards are recorded as additional paid-in capital in its consolidated balance sheets.",discussion
PART I   -   FINANCIAL INFORMATION,Item 2. Management's Discussion and Analysis of Financial Condition and Results of Operations,"upon adoption, the company will record any excess tax benefits or deficiencies from its equity awards in its consolidated statements of operations in the reporting periods in which vesting occurs.",discussion
PART I   -   FINANCIAL INFORMATION,Item 2. Management's Discussion and Analysis of Financial Condition and Results of Operations,"as a result, subsequent to adoption the company's income tax expense and associated effective tax rate will be impacted by fluctuations in stock price between the grant dates and vesting dates of equity awards.",discussion
PART I   -   FINANCIAL INFORMATION,Item 2. Management's Discussion and Analysis of Financial Condition and Results of Operations,"28 leases in february 2016, the fasb issued asu no.",discussion
PART I   -   FINANCIAL INFORMATION,Item 2. Management's Discussion and Analysis of Financial Condition and Results of Operations,"2016-02, leases (topic 842) (""asu 2016-02""), which modifies lease accounting for lessees to increase transparency and comparability by recording lease assets and liabilities for operating leases and disclosing key information about leasing arrangements.",discussion
PART I   -   FINANCIAL INFORMATION,Item 2. Management's Discussion and Analysis of Financial Condition and Results of Operations,"asu 2016-02 will be effective for the company beginning in its first quarter of 2020, and early adoption is permitted.",discussion
PART I   -   FINANCIAL INFORMATION,Item 2. Management's Discussion and Analysis of Financial Condition and Results of Operations,the company will use a modified retrospective adoption approach.,discussion
PART I   -   FINANCIAL INFORMATION,Item 2. Management's Discussion and Analysis of Financial Condition and Results of Operations,"while the company is currently evaluating the timing and impact of adopting asu 2016-02, currently the company anticipates recording lease assets and liabilities in excess of $8.2 billion on its consolidated balance sheets, with no material impact to its consolidated statements of operations.",discussion
PART I   -   FINANCIAL INFORMATION,Item 2. Management's Discussion and Analysis of Financial Condition and Results of Operations,"however, the ultimate impact of adopting asu 2016-02 will depend on the company's lease portfolio as of the adoption date.",discussion
PART I   -   FINANCIAL INFORMATION,Item 2. Management's Discussion and Analysis of Financial Condition and Results of Operations,"financial instruments in january 2016, the fasb issued asu no.",discussion
PART I   -   FINANCIAL INFORMATION,Item 2. Management's Discussion and Analysis of Financial Condition and Results of Operations,"2016-01, financial instruments  -  overall (subtopic 825-10): recognition and measurement of financial assets and financial liabilities (""asu 2016-01""), which updates certain aspects of recognition, measurement, presentation and disclosure of financial instruments.",discussion
PART I   -   FINANCIAL INFORMATION,Item 2. Management's Discussion and Analysis of Financial Condition and Results of Operations,the company will adopt asu 2016-01 in its first quarter of 2019 utilizing the modified retrospective adoption method.,discussion
PART I   -   FINANCIAL INFORMATION,Item 2. Management's Discussion and Analysis of Financial Condition and Results of Operations,"based on the composition of the company's investment portfolio, the adoption of asu 2016-01 is not expected to have a material impact on its consolidated financial statements.",discussion
PART I   -   FINANCIAL INFORMATION,Item 2. Management's Discussion and Analysis of Financial Condition and Results of Operations,"in june 2016, the fasb issued asu no.",discussion
PART I   -   FINANCIAL INFORMATION,Item 2. Management's Discussion and Analysis of Financial Condition and Results of Operations,"2016-13, financial instruments  -  credit losses (topic 326): measurement of credit losses on financial instruments (""asu 2016-13""), which modifies the measurement of expected credit losses of certain financial instruments.",discussion
PART I   -   FINANCIAL INFORMATION,Item 2. Management's Discussion and Analysis of Financial Condition and Results of Operations,the company will adopt asu 2016-13 in its first quarter of 2021 utilizing the modified retrospective adoption method.,discussion
PART I   -   FINANCIAL INFORMATION,Item 2. Management's Discussion and Analysis of Financial Condition and Results of Operations,"based on the composition of the company's investment portfolio, current market conditions, and historical credit loss activity, the adoption of asu 2016-13 is not expected to have a material impact on its consolidated financial statements.",discussion
PART I   -   FINANCIAL INFORMATION,Item 2. Management's Discussion and Analysis of Financial Condition and Results of Operations,"revenue recognition in may 2014, the fasb issued asu no.",discussion
PART I   -   FINANCIAL INFORMATION,Item 2. Management's Discussion and Analysis of Financial Condition and Results of Operations,"2014-09, revenue from contracts with customers (topic 606) (""asu 2014-09""), which amends the existing accounting standards for revenue recognition.",discussion
PART I   -   FINANCIAL INFORMATION,Item 2. Management's Discussion and Analysis of Financial Condition and Results of Operations,asu 2014-09 is based on principles that govern the recognition of revenue at an amount an entity expects to be entitled when products are transferred to customers.,discussion
PART I   -   FINANCIAL INFORMATION,Item 2. Management's Discussion and Analysis of Financial Condition and Results of Operations,"subsequently, the fasb has issued the following standards related to asu 2014-09: asu no.",discussion
PART I   -   FINANCIAL INFORMATION,Item 2. Management's Discussion and Analysis of Financial Condition and Results of Operations,"2016-08, revenue from contracts with customers (topic 606): principal versus agent considerations (""asu 2016-08""); asu no.",discussion
PART I   -   FINANCIAL INFORMATION,Item 2. Management's Discussion and Analysis of Financial Condition and Results of Operations,"2016-10, revenue from contracts with customers (topic 606): identifying performance obligations and licensing (""asu 2016-10""); asu no.",discussion
PART I   -   FINANCIAL INFORMATION,Item 2. Management's Discussion and Analysis of Financial Condition and Results of Operations,"2016-12, revenue from contracts with customers (topic 606): narrow-scope improvements and practical expedients (""asu 2016-12""); and asu no.",discussion
PART I   -   FINANCIAL INFORMATION,Item 2. Management's Discussion and Analysis of Financial Condition and Results of Operations,"2016-20, technical corrections and improvements to topic 606, revenue from contracts with customers (""asu 2016-20"").",discussion
PART I   -   FINANCIAL INFORMATION,Item 2. Management's Discussion and Analysis of Financial Condition and Results of Operations,"the company must adopt asu 2016-08, asu 2016-10, asu 2016-12 and asu 2016-20 with asu 2014-09 (collectively, the ""new revenue standards"").",discussion
PART I   -   FINANCIAL INFORMATION,Item 2. Management's Discussion and Analysis of Financial Condition and Results of Operations,the new revenue standards may be applied retrospectively to each prior period presented or retrospectively with the cumulative effect recognized as of the date of adoption.,discussion
PART I   -   FINANCIAL INFORMATION,Item 2. Management's Discussion and Analysis of Financial Condition and Results of Operations,the company plans to adopt the new revenue standards in its first quarter of 2019 utilizing the full retrospective adoption method.,discussion
PART I   -   FINANCIAL INFORMATION,Item 2. Management's Discussion and Analysis of Financial Condition and Results of Operations,the new revenue standards are not expected to have a material impact on the amount and timing of revenue recognized in the company's consolidated financial statements.,discussion
PART I   -   FINANCIAL INFORMATION,Item 2. Management's Discussion and Analysis of Financial Condition and Results of Operations,"liquidity and capital resources the following tables present selected financial information and statistics as of april 1, 2017 and september 24, 2016 and for the first six months of 2017 and 2016 (in millions): april 1,  2017   september 24,  2016 cash, cash equivalents and marketable securities $ 256,841     $ 237,585   property, plant and equipment, net $ 27,163     $ 27,010   commercial paper $ 9,992     $ 8,105   total term debt $ 88,530     $ 78,927   working capital $ 28,648     $ 27,863 six months ended   april 1,  2017   march 26,  2016 cash generated by operating activities $ 39,579     $ 39,064   cash used in investing activities $ (33,324 )   $ (34,110 ) cash used in financing activities $ (11,582 )   $ (4,560 ) 29 the company believes its existing balances of cash, cash equivalents and marketable securities will be sufficient to satisfy its working capital needs, capital asset purchases, outstanding commitments and other liquidity requirements associated with its existing operations over the next 12 months.",discussion
PART I   -   FINANCIAL INFORMATION,Item 2. Management's Discussion and Analysis of Financial Condition and Results of Operations,"the company currently anticipates the cash used for future dividends, the share repurchase program and debt repayments will come from its current domestic cash, cash generated from ongoing u.s. operating activities and from borrowings.",discussion
PART I   -   FINANCIAL INFORMATION,Item 2. Management's Discussion and Analysis of Financial Condition and Results of Operations,"as of april 1, 2017 and september 24, 2016, the company's cash, cash equivalents and marketable securities held by foreign subsidiaries were $239.6 billion and $216.0 billion, respectively, and are generally based in u.s. dollar-denominated holdings.",discussion
PART I   -   FINANCIAL INFORMATION,Item 2. Management's Discussion and Analysis of Financial Condition and Results of Operations,amounts held by foreign subsidiaries are generally subject to u.s. income taxation on repatriation to the u.s.,discussion
PART I   -   FINANCIAL INFORMATION,Item 2. Management's Discussion and Analysis of Financial Condition and Results of Operations,"in connection with the state aid decision, the european commission announced a recovery amount of up to €13 billion, plus interest.",discussion
PART I   -   FINANCIAL INFORMATION,Item 2. Management's Discussion and Analysis of Financial Condition and Results of Operations,the actual amount of additional taxes subject to recovery is to be calculated by ireland in accordance with the european commission's guidance.,discussion
PART I   -   FINANCIAL INFORMATION,Item 2. Management's Discussion and Analysis of Financial Condition and Results of Operations,"once the recovery amount is computed by ireland, the company anticipates funding it, including interest, out of foreign cash into escrow, where it will remain pending conclusion of all appeals.",discussion
PART I   -   FINANCIAL INFORMATION,Item 2. Management's Discussion and Analysis of Financial Condition and Results of Operations,"the company's marketable securities investment portfolio is primarily invested in highly-rated securities, and its investment policy generally limits the amount of credit exposure to any one issuer.",discussion
PART I   -   FINANCIAL INFORMATION,Item 2. Management's Discussion and Analysis of Financial Condition and Results of Operations,"the policy generally requires investments to be investment grade, with the primary objective of minimizing the potential risk of principal loss.",discussion
PART I   -   FINANCIAL INFORMATION,Item 2. Management's Discussion and Analysis of Financial Condition and Results of Operations,"during the six months ended april 1, 2017, cash generated by operating activities of $39.6 billion was a result of $28.9 billion of net income, non-cash adjustments to net income of $10.4 billion and an increase in the net change in operating assets and liabilities of $0.3 billion.",discussion
PART I   -   FINANCIAL INFORMATION,Item 2. Management's Discussion and Analysis of Financial Condition and Results of Operations,"cash used in investing activities of $33.3 billion during the six months ended april 1, 2017 consisted primarily of cash used for purchases of marketable securities, net of sales and maturities, of $26.9 billion and cash used to acquire property, plant and equipment of $6.3 billion.",discussion
PART I   -   FINANCIAL INFORMATION,Item 2. Management's Discussion and Analysis of Financial Condition and Results of Operations,"cash used in financing activities of $11.6 billion during the six months ended april 1, 2017 consisted primarily of cash used to repurchase common stock of $18.0 billion and cash used to pay dividends and dividend equivalents of $6.1 billion, partially offset by proceeds from the issuance of term debt, net of $11.0 billion and a net increase in commercial paper of $1.9 billion.",discussion
PART I   -   FINANCIAL INFORMATION,Item 2. Management's Discussion and Analysis of Financial Condition and Results of Operations,"during the six months ended march 26, 2016, cash generated by operating activities of $39.1 billion was a result of $28.9 billion of net income, non-cash adjustments to net income of $11.0 billion and a decrease in the net change in operating assets and liabilities of $0.8 billion.",discussion
PART I   -   FINANCIAL INFORMATION,Item 2. Management's Discussion and Analysis of Financial Condition and Results of Operations,"cash used in investing activities of $34.1 billion during the six months ended march 26, 2016 consisted primarily of cash used for purchases of marketable securities, net of sales and maturities, of $27.0 billion and cash used to acquire property, plant and equipment of $5.9 billion.",discussion
PART I   -   FINANCIAL INFORMATION,Item 2. Management's Discussion and Analysis of Financial Condition and Results of Operations,"cash used in financing activities of $4.6 billion during the six months ended march 26, 2016 consisted primarily of cash used to repurchase common stock of $13.5 billion and cash used to pay dividends and dividend equivalents of $5.9 billion, partially offset by proceeds from the issuance of term debt, net of $15.6 billion.",discussion
PART I   -   FINANCIAL INFORMATION,Item 2. Management's Discussion and Analysis of Financial Condition and Results of Operations,capital assets the company's capital expenditures were $4.5 billion during the first six months of 2017.,discussion
PART I   -   FINANCIAL INFORMATION,Item 2. Management's Discussion and Analysis of Financial Condition and Results of Operations,"the company anticipates utilizing approximately $16.0 billion for capital expenditures during 2017, which includes product tooling and manufacturing process equipment; data centers; corporate facilities and infrastructure, including information systems hardware, software and enhancements; and retail store facilities.",discussion
PART I   -   FINANCIAL INFORMATION,Item 2. Management's Discussion and Analysis of Financial Condition and Results of Operations,"debt the company issues unsecured short-term promissory notes (""commercial paper"") pursuant to a commercial paper program.",discussion
PART I   -   FINANCIAL INFORMATION,Item 2. Management's Discussion and Analysis of Financial Condition and Results of Operations,"the company uses the net proceeds from the commercial paper program for general corporate purposes, including dividends and share repurchases.",discussion
PART I   -   FINANCIAL INFORMATION,Item 2. Management's Discussion and Analysis of Financial Condition and Results of Operations,"as of april 1, 2017, the company had $10.0 billion of commercial paper outstanding, with a weighted-average interest rate of 0.80% and maturities generally less than nine months.",discussion
PART I   -   FINANCIAL INFORMATION,Item 2. Management's Discussion and Analysis of Financial Condition and Results of Operations,"as of april 1, 2017, the company had outstanding floating- and fixed-rate notes with varying maturities for an aggregate principal amount of $88.9 billion (collectively the ""notes"").",discussion
PART I   -   FINANCIAL INFORMATION,Item 2. Management's Discussion and Analysis of Financial Condition and Results of Operations,"the company has entered, and in the future may enter, into interest rate swaps to manage interest rate risk on the notes.",discussion
PART I   -   FINANCIAL INFORMATION,Item 2. Management's Discussion and Analysis of Financial Condition and Results of Operations,"in addition, the company has entered, and in the future may enter, into currency swaps to manage foreign currency risk on the notes.",discussion
PART I   -   FINANCIAL INFORMATION,Item 2. Management's Discussion and Analysis of Financial Condition and Results of Operations,"further information regarding the company's debt issuances and related hedging activity can be found in part i, item 1 of this form 10-q in the notes to condensed consolidated financial statements, in note 2, ""financial instruments"" and note 6, ""debt.""",discussion
PART I   -   FINANCIAL INFORMATION,Item 2. Management's Discussion and Analysis of Financial Condition and Results of Operations,"capital return program as of april 1, 2017, the company had an authorized capital return program of $250 billion, which included a share repurchase program of $175 billion of the company's common stock.",discussion
PART I   -   FINANCIAL INFORMATION,Item 2. Management's Discussion and Analysis of Financial Condition and Results of Operations,"as of april 1, 2017, $151 billion of the share repurchase program had been utilized.",discussion
PART I   -   FINANCIAL INFORMATION,Item 2. Management's Discussion and Analysis of Financial Condition and Results of Operations,the company's share repurchase program does not obligate it to acquire any specific number of shares.,discussion
PART I   -   FINANCIAL INFORMATION,Item 2. Management's Discussion and Analysis of Financial Condition and Results of Operations,"under the program, shares may be repurchased in privately negotiated or open market transactions, including under plans complying with rule 10b5-1 under the exchange act.",discussion
PART I   -   FINANCIAL INFORMATION,Item 2. Management's Discussion and Analysis of Financial Condition and Results of Operations,"30 the following table presents the company's dividends, dividend equivalents, share repurchases and net share settlement activity from the start of the capital return program in august 2012 through april 1, 2017 (in millions): dividends and dividend equivalents paid   accelerated share repurchases   open market share repurchases   taxes related to settlement  of equity awards   total q2 2017 $ 3,004     $ 3,000     $ 4,001     $ 159     $ 10,164   q1 2017 3,130     6,000     5,000     629     14,759   2016 12,150     12,000     17,000     1,570     42,720   2015 11,561     6,000     30,026     1,499     49,086   2014 11,126     21,000     24,000     1,158     57,284   2013 10,564     13,950     9,000     1,082     34,596   2012 2,488      -       -      56     2,544   total $ 54,023     $ 61,950     $ 89,027     $ 6,153     $ 211,153 on may 2, 2017, the company announced that the board of directors increased the total capital return program from $250 billion to $300 billion, which includes an increase in the share repurchase authorization from $175 billion to $210 billion.",discussion
PART I   -   FINANCIAL INFORMATION,Item 2. Management's Discussion and Analysis of Financial Condition and Results of Operations,"additionally, the company announced that the board of directors raised the company's quarterly cash dividend by 10.5% from $0.57 to $0.63 per share, beginning with the dividend to be paid during the third quarter of 2017.",discussion
PART I   -   FINANCIAL INFORMATION,Item 2. Management's Discussion and Analysis of Financial Condition and Results of Operations,the company intends to increase its dividend on an annual basis subject to declaration by the board of directors.,discussion
PART I   -   FINANCIAL INFORMATION,Item 2. Management's Discussion and Analysis of Financial Condition and Results of Operations,"the company expects to execute its capital return program by the end of march 2019 by paying dividends and dividend equivalents, repurchasing shares and remitting withheld taxes related to net share settlement of restricted stock units.",discussion
PART I   -   FINANCIAL INFORMATION,Item 2. Management's Discussion and Analysis of Financial Condition and Results of Operations,the company plans to continue to access the domestic and international debt markets to assist in funding its capital return program.,discussion
PART I   -   FINANCIAL INFORMATION,Item 2. Management's Discussion and Analysis of Financial Condition and Results of Operations,"off-balance sheet arrangements and contractual obligations the company has not entered into any transactions with unconsolidated entities whereby the company has financial guarantees, subordinated retained interests, derivative instruments, or other contingent arrangements that expose the company to material continuing risks, contingent liabilities, or any other obligation under a variable interest in an unconsolidated entity that provides financing, liquidity, market risk, or credit risk support to the company, or engages in leasing, hedging, or r&d services with the company.",discussion
PART I   -   FINANCIAL INFORMATION,Item 2. Management's Discussion and Analysis of Financial Condition and Results of Operations,"operating leases as of april 1, 2017, the company's total future minimum lease payments under noncancelable operating leases were $8.2 billion.",discussion
PART I   -   FINANCIAL INFORMATION,Item 2. Management's Discussion and Analysis of Financial Condition and Results of Operations,the company's retail store and other facility leases are typically for terms not exceeding 10 years and generally contain multi-year renewal options.,discussion
PART I   -   FINANCIAL INFORMATION,Item 2. Management's Discussion and Analysis of Financial Condition and Results of Operations,manufacturing purchase obligations the company utilizes several outsourcing partners to manufacture sub-assemblies for the company's products and to perform final assembly and testing of finished products.,discussion
PART I   -   FINANCIAL INFORMATION,Item 2. Management's Discussion and Analysis of Financial Condition and Results of Operations,"these outsourcing partners acquire components and build product based on demand information supplied by the company, which typically covers periods up to 150 days.",discussion
PART I   -   FINANCIAL INFORMATION,Item 2. Management's Discussion and Analysis of Financial Condition and Results of Operations,the company also obtains individual components for its products from a wide variety of individual suppliers.,discussion
PART I   -   FINANCIAL INFORMATION,Item 2. Management's Discussion and Analysis of Financial Condition and Results of Operations,"consistent with industry practice, the company acquires components through a combination of purchase orders, supplier contracts, and open orders based on projected demand information.",discussion
PART I   -   FINANCIAL INFORMATION,Item 2. Management's Discussion and Analysis of Financial Condition and Results of Operations,"as of april 1, 2017, the company had manufacturing purchase obligations of $21.7 billion.",discussion
PART I   -   FINANCIAL INFORMATION,Item 2. Management's Discussion and Analysis of Financial Condition and Results of Operations,"other purchase obligations the company's other purchase obligations were comprised of commitments to acquire capital assets, including product tooling and manufacturing process equipment, and commitments related to advertising, licensing, r&d, internet and telecommunications services and other obligations.",discussion
PART I   -   FINANCIAL INFORMATION,Item 2. Management's Discussion and Analysis of Financial Condition and Results of Operations,"as of april 1, 2017, the company had other purchase obligations of $5.9 billion.",discussion
PART I   -   FINANCIAL INFORMATION,Item 2. Management's Discussion and Analysis of Financial Condition and Results of Operations,"the company's other non-current liabilities in the condensed consolidated balance sheets consist primarily of deferred tax liabilities, gross unrecognized tax benefits and the related gross interest and penalties.",discussion
PART I   -   FINANCIAL INFORMATION,Item 2. Management's Discussion and Analysis of Financial Condition and Results of Operations,"as of april 1, 2017, the company had non-current deferred tax liabilities of $28.2 billion, gross unrecognized tax benefits of $8.8 billion and an additional $1.3 billion for gross interest and penalties.",discussion
PART I   -   FINANCIAL INFORMATION,Item 2. Management's Discussion and Analysis of Financial Condition and Results of Operations,31 indemnification the company generally does not indemnify end-users of its operating system and application software against legal claims that the software infringes third-party intellectual property rights.,discussion
PART I   -   FINANCIAL INFORMATION,Item 2. Management's Discussion and Analysis of Financial Condition and Results of Operations,other agreements entered into by the company sometimes include indemnification provisions under which the company could be subject to costs and/or damages in the event of an infringement claim against the company or an indemnified third party.,discussion
PART I   -   FINANCIAL INFORMATION,Item 2. Management's Discussion and Analysis of Financial Condition and Results of Operations,"in the opinion of management, there was not at least a reasonable possibility the company may have incurred a material loss with respect to indemnification of end-users of its operating system or application software for infringement of third-party intellectual property rights.",discussion
PART I   -   FINANCIAL INFORMATION,Item 2. Management's Discussion and Analysis of Financial Condition and Results of Operations,"the company offers an iphone upgrade program, which is available to customers who purchase a qualifying iphone in the u.s., the u.k. and mainland china.",discussion
PART I   -   FINANCIAL INFORMATION,Item 2. Management's Discussion and Analysis of Financial Condition and Results of Operations,"the iphone upgrade program provides customers the right to trade in that iphone for a specified amount when purchasing a new iphone, provided certain conditions are met.",discussion
PART I   -   FINANCIAL INFORMATION,Item 2. Management's Discussion and Analysis of Financial Condition and Results of Operations,the company accounts for the trade-in right as a guarantee liability and recognizes arrangement revenue net of the fair value of such right with subsequent changes to the guarantee liability recognized within revenue.,discussion
PART I   -   FINANCIAL INFORMATION,Item 2. Management's Discussion and Analysis of Financial Condition and Results of Operations,the company has entered into indemnification agreements with its directors and executive officers.,discussion
PART I   -   FINANCIAL INFORMATION,Item 2. Management's Discussion and Analysis of Financial Condition and Results of Operations,"under these agreements, the company has agreed to indemnify such individuals to the fullest extent permitted by law against liabilities that arise by reason of their status as directors or officers and to advance expenses incurred by such individuals in connection with related legal proceedings.",discussion
PART I   -   FINANCIAL INFORMATION,Item 2. Management's Discussion and Analysis of Financial Condition and Results of Operations,it is not possible to determine the maximum potential amount of payments the company could be required to make under these agreements due to the limited history of prior indemnification claims and the unique facts and circumstances involved in each claim.,discussion
PART I   -   FINANCIAL INFORMATION,Item 2. Management's Discussion and Analysis of Financial Condition and Results of Operations,"however, the company maintains directors and officers liability insurance coverage to reduce its exposure to such obligations.",discussion
PART I   -   FINANCIAL INFORMATION,Item 2. Management's Discussion and Analysis of Financial Condition and Results of Operations,"critical accounting policies and estimates the preparation of financial statements and related disclosures in conformity with u.s. generally accepted accounting principles and the company's discussion and analysis of its financial condition and operating results require the company's management to make judgments, assumptions and estimates that affect the amounts reported in its condensed consolidated financial statements and accompanying notes.",discussion
PART I   -   FINANCIAL INFORMATION,Item 2. Management's Discussion and Analysis of Financial Condition and Results of Operations,"management bases its estimates on historical experience and on various other assumptions it believes to be reasonable under the circumstances, the results of which form the basis for making judgments about the carrying values of assets and liabilities.",discussion
PART I   -   FINANCIAL INFORMATION,Item 2. Management's Discussion and Analysis of Financial Condition and Results of Operations,"actual results may differ from these estimates, and such differences may be material.",discussion
PART I   -   FINANCIAL INFORMATION,Item 2. Management's Discussion and Analysis of Financial Condition and Results of Operations,"note 1, ""summary of significant accounting policies"" in part i, item 1 of this form 10-q and in the notes to consolidated financial statements in part ii, item 8 of the 2016 form 10-k, and ""critical accounting policies and estimates"" in part ii, item 7 of the 2016 form 10-k describe the significant accounting policies and methods used in the preparation of the company's condensed consolidated financial statements.",discussion
PART I   -   FINANCIAL INFORMATION,Item 2. Management's Discussion and Analysis of Financial Condition and Results of Operations,there have been no material changes to the company's critical accounting policies and estimates since the 2016 form 10-k.,discussion
