seq,description,document,href,type,size
1,10-Q,nee10q1q2017.htm,https://www.sec.gov/Archives/edgar/data/37634/000075330817000081/nee10q1q2017.htm,10-Q,2713249
2,EXHIBIT 12.A,nee-1q2017xex12a.htm,https://www.sec.gov/Archives/edgar/data/37634/000075330817000081/nee-1q2017xex12a.htm,EX-12.A,17296
3,EXHIBIT 12.B,nee-1q2017xex12b.htm,https://www.sec.gov/Archives/edgar/data/37634/000075330817000081/nee-1q2017xex12b.htm,EX-12.B,13924
4,EXHIBIT 31.A,nee-1q2017xex31a.htm,https://www.sec.gov/Archives/edgar/data/37634/000075330817000081/nee-1q2017xex31a.htm,EX-31.A,14187
5,EXHIBIT 31.B,nee-1q2017xex31b.htm,https://www.sec.gov/Archives/edgar/data/37634/000075330817000081/nee-1q2017xex31b.htm,EX-31.B,13832
6,EXHIBIT 31.C,nee-1q2017xex31c.htm,https://www.sec.gov/Archives/edgar/data/37634/000075330817000081/nee-1q2017xex31c.htm,EX-31.C,14190
7,EXHIBIT 31.D,nee-1q2017xex31d.htm,https://www.sec.gov/Archives/edgar/data/37634/000075330817000081/nee-1q2017xex31d.htm,EX-31.D,14475
8,EXHIBIT 32.A,nee-1q2017xex32a.htm,https://www.sec.gov/Archives/edgar/data/37634/000075330817000081/nee-1q2017xex32a.htm,EX-32.A,11355
9,EXHIBIT 32.B,nee-1q2017xex32b.htm,https://www.sec.gov/Archives/edgar/data/37634/000075330817000081/nee-1q2017xex32b.htm,EX-32.B,11373
16,,fpl.jpg,https://www.sec.gov/Archives/edgar/data/37634/000075330817000081/fpl.jpg,GRAPHIC,458302
17,,nexteraenergy.jpg,https://www.sec.gov/Archives/edgar/data/37634/000075330817000081/nexteraenergy.jpg,GRAPHIC,297471
NA,Complete submission text file,0000753308-17-000081.txt,https://www.sec.gov/Archives/edgar/data/37634/000075330817000081/0000753308-17-000081.txt, ,16178878
10,XBRL INSTANCE DOCUMENT,nee-20170331.xml,https://www.sec.gov/Archives/edgar/data/37634/000075330817000081/nee-20170331.xml,EX-101.INS,4375765
11,XBRL TAXONOMY EXTENSION SCHEMA DOCUMENT,nee-20170331.xsd,https://www.sec.gov/Archives/edgar/data/37634/000075330817000081/nee-20170331.xsd,EX-101.SCH,81601
12,XBRL TAXONOMY EXTENSION CALCULATION LINKBASE DOCUMENT,nee-20170331_cal.xml,https://www.sec.gov/Archives/edgar/data/37634/000075330817000081/nee-20170331_cal.xml,EX-101.CAL,110977
13,XBRL TAXONOMY EXTENSION DEFINITION LINKBASE DOCUMENT,nee-20170331_def.xml,https://www.sec.gov/Archives/edgar/data/37634/000075330817000081/nee-20170331_def.xml,EX-101.DEF,530198
14,XBRL TAXONOMY EXTENSION LABEL LINKBASE DOCUMENT,nee-20170331_lab.xml,https://www.sec.gov/Archives/edgar/data/37634/000075330817000081/nee-20170331_lab.xml,EX-101.LAB,989207
15,XBRL TAXONOMY EXTENSION PRESENTATION LINKBASE DOCUMENT,nee-20170331_pre.xml,https://www.sec.gov/Archives/edgar/data/37634/000075330817000081/nee-20170331_pre.xml,EX-101.PRE,594578
