seq,description,document,href,type,size
1,10-Q,amt10qq32018.htm,https://www.sec.gov/Archives/edgar/data/1053507/000105350718000049/amt10qq32018.htm,10-Q,2384841
2,EXHIBIT 12,exhibit12q32018.htm,https://www.sec.gov/Archives/edgar/data/1053507/000105350718000049/exhibit12q32018.htm,EX-12,91869
3,EXHIBIT 31.1,exhibit311q32018.htm,https://www.sec.gov/Archives/edgar/data/1053507/000105350718000049/exhibit311q32018.htm,EX-31.1,15600
4,EXHIBIT 31.2,exhibit312q32018.htm,https://www.sec.gov/Archives/edgar/data/1053507/000105350718000049/exhibit312q32018.htm,EX-31.2,16256
5,EXHIBIT 32,exhibit32q32018.htm,https://www.sec.gov/Archives/edgar/data/1053507/000105350718000049/exhibit32q32018.htm,EX-32,16909
NA,Complete submission text file,0001053507-18-000049.txt,https://www.sec.gov/Archives/edgar/data/1053507/000105350718000049/0001053507-18-000049.txt, ,12921806
6,XBRL INSTANCE DOCUMENT,amt-20180930.xml,https://www.sec.gov/Archives/edgar/data/1053507/000105350718000049/amt-20180930.xml,EX-101.INS,3173178
7,XBRL TAXONOMY EXTENSION SCHEMA DOCUMENT,amt-20180930.xsd,https://www.sec.gov/Archives/edgar/data/1053507/000105350718000049/amt-20180930.xsd,EX-101.SCH,74126
8,XBRL TAXONOMY EXTENSION CALCULATION LINKBASE DOCUMENT,amt-20180930_cal.xml,https://www.sec.gov/Archives/edgar/data/1053507/000105350718000049/amt-20180930_cal.xml,EX-101.CAL,129386
9,XBRL TAXONOMY EXTENSION DEFINITION LINKBASE DOCUMENT,amt-20180930_def.xml,https://www.sec.gov/Archives/edgar/data/1053507/000105350718000049/amt-20180930_def.xml,EX-101.DEF,506738
10,XBRL TAXONOMY EXTENSION LABEL LINKBASE DOCUMENT,amt-20180930_lab.xml,https://www.sec.gov/Archives/edgar/data/1053507/000105350718000049/amt-20180930_lab.xml,EX-101.LAB,1000852
11,XBRL TAXONOMY EXTENSION PRESENTATION LINKBASE DOCUMENT,amt-20180930_pre.xml,https://www.sec.gov/Archives/edgar/data/1053507/000105350718000049/amt-20180930_pre.xml,EX-101.PRE,657204
