part.name,item.name,sentence_text,section
PART I. FINANCIAL INFORMATION,Item 2. Management's Discussion and Analysis of Financial Condition and Results of Operations,item 2.,discussion
PART I. FINANCIAL INFORMATION,Item 2. Management's Discussion and Analysis of Financial Condition and Results of Operations,"management's discussion and analysis of financial condition and results of operations union pacific corporation and subsidiary companies results of operations three and six months ended june 30, 2020, compared to three and six months ended june 30, 2019 for purposes of this report, unless the context otherwise requires, all references herein to ""upc"", ""corporation"", ""company"", ""we"", ""us"", and ""our"" shall mean union pacific corporation and its subsidiaries, including union pacific railroad company, which we separately refer to as ""uprr"" or the ""railroad"".",discussion
PART I. FINANCIAL INFORMATION,Item 2. Management's Discussion and Analysis of Financial Condition and Results of Operations,"the following discussion should be read in conjunction with the condensed consolidated financial statements and applicable notes to the condensed consolidated financial statements, item 1, and other information included in this report.",discussion
PART I. FINANCIAL INFORMATION,Item 2. Management's Discussion and Analysis of Financial Condition and Results of Operations,"our condensed consolidated financial statements are unaudited and reflect all adjustments (consisting only of normal and recurring adjustments) that are, in the opinion of management, necessary for their fair presentation in conformity with accounting principles generally accepted in the united states of america (gaap).",discussion
PART I. FINANCIAL INFORMATION,Item 2. Management's Discussion and Analysis of Financial Condition and Results of Operations,"the railroad, along with its subsidiaries and rail affiliates, is our one reportable business segment.",discussion
PART I. FINANCIAL INFORMATION,Item 2. Management's Discussion and Analysis of Financial Condition and Results of Operations,"although we provide and analyze revenue by commodity group, we treat the financial results of the railroad as one segment due to the integrated nature of our rail network.",discussion
PART I. FINANCIAL INFORMATION,Item 2. Management's Discussion and Analysis of Financial Condition and Results of Operations,"cautionary information statements in this form 10-q/filing, including forward-looking statements, speak only as of and are based on information we have learned as of july 23, 2020.",discussion
PART I. FINANCIAL INFORMATION,Item 2. Management's Discussion and Analysis of Financial Condition and Results of Operations,"we assume no obligation to update any such information to reflect subsequent developments, changes in assumptions or changes in other factors affecting forward-looking information.",discussion
PART I. FINANCIAL INFORMATION,Item 2. Management's Discussion and Analysis of Financial Condition and Results of Operations,"if we do update one or more of these statements, no inference should be drawn that we will make additional updates with respect thereto or with respect to other statements.",discussion
PART I. FINANCIAL INFORMATION,Item 2. Management's Discussion and Analysis of Financial Condition and Results of Operations,"certain statements in this report, and statements in other reports or information filed or to be filed with the sec (as well as information included in oral statements or other written statements made or to be made by us), are forward-looking statements within the meaning of section 27a securities act of 1933 and the section 21e of the exchange act.",discussion
PART I. FINANCIAL INFORMATION,Item 2. Management's Discussion and Analysis of Financial Condition and Results of Operations,"these forward-looking statements and information include, without limitation, the statements and information set forth under the caption ""effects from covid-19"" in item 2 regarding the impact of the coronavirus (covid-19) pandemic on our business and operations, ""liquidity and capital resources"" in item 2 regarding our capital plan, statements under the caption ""share repurchase programs"", statements under the caption ""off-balance sheet arrangements, contractual obligations, and commercial commitments"", and statements under the caption ""other matters.""",discussion
PART I. FINANCIAL INFORMATION,Item 2. Management's Discussion and Analysis of Financial Condition and Results of Operations,"forward-looking statements and information also include any other statements or information in this report regarding: potential impacts of the covid-19 pandemic on our business operations, financial results, liquidity and financial position and on the world economy (including our customers and supply chains), including as a result of decreased volume and carloadings; closing of customer manufacturing, distribution or production facilities; expectations as to operational or service improvements; expectations regarding the effectiveness of steps taken or to be taken to improve operations, service, infrastructure improvements, and transportation plan modifications; expectations as to cost savings, revenue growth, and earnings; the time by which goals, targets, or objectives will be achieved; projections, predictions, expectations, estimates, or forecasts as to our business, financial and operational results, future economic performance, and general economic conditions; proposed new products and services; estimates of costs relating to environmental remediation and restoration; estimates and expectations regarding tax matters, expectations that claims, litigation, environmental costs, commitments, contingent liabilities, labor negotiations or agreements, or other matters will not have a material adverse effect on our consolidated results of operations, financial condition, or liquidity and any other similar expressions concerning matters that are not historical facts.",discussion
PART I. FINANCIAL INFORMATION,Item 2. Management's Discussion and Analysis of Financial Condition and Results of Operations,"forward-looking statements and information reflect the good faith consideration by management of currently available information, and may be based on underlying assumptions believed to be reasonable under the circumstances.",discussion
PART I. FINANCIAL INFORMATION,Item 2. Management's Discussion and Analysis of Financial Condition and Results of Operations,"however, such information and assumptions (and, therefore, such forward-looking statements and information) are or may be subject to risks and uncertainties over which management has little or no influence or control, and many of these risks and uncertainties are currently 23 table of contents amplified by and may continue to be amplified by, or in the future may be amplified by, the covid-19 pandemic.",discussion
PART I. FINANCIAL INFORMATION,Item 2. Management's Discussion and Analysis of Financial Condition and Results of Operations,"the risk factors in item 1a of our 2019 annual report on form 10-k, filed february 7, 2020 and in part ii, item 1a of this report, could affect our future results and could cause those results or other outcomes to differ materially from those expressed or implied in the forward-looking statements, and this report, including this item 2, should be read in conjunction with these risk factors.",discussion
PART I. FINANCIAL INFORMATION,Item 2. Management's Discussion and Analysis of Financial Condition and Results of Operations,"to the extent circumstances require or we deem it otherwise necessary, we will update or amend these risk factors in a form 10-q or form 8-k.",discussion
PART I. FINANCIAL INFORMATION,Item 2. Management's Discussion and Analysis of Financial Condition and Results of Operations,"forward-looking statements should not be read as a guarantee of future performance or results, and will not necessarily be accurate indications of the times that, or by which, such performance or results will be achieved.",discussion
PART I. FINANCIAL INFORMATION,Item 2. Management's Discussion and Analysis of Financial Condition and Results of Operations,forward-looking information is subject to risks and uncertainties that could cause actual performance or results to differ materially from those expressed in the statements.,discussion
PART I. FINANCIAL INFORMATION,Item 2. Management's Discussion and Analysis of Financial Condition and Results of Operations,critical accounting policies and estimates we base our discussion and analysis of our financial condition and results of operations upon our condensed consolidated financial statements.,discussion
PART I. FINANCIAL INFORMATION,Item 2. Management's Discussion and Analysis of Financial Condition and Results of Operations,"the preparation of these financial statements requires estimation and judgment that affect the reported amounts of revenues, expenses, assets, and liabilities.",discussion
PART I. FINANCIAL INFORMATION,Item 2. Management's Discussion and Analysis of Financial Condition and Results of Operations,"we base our estimates on historical experience and on various other assumptions that are believed to be reasonable under the circumstances, the results of which form the basis for making judgments about the carrying values of assets and liabilities that are not readily apparent from other sources.",discussion
PART I. FINANCIAL INFORMATION,Item 2. Management's Discussion and Analysis of Financial Condition and Results of Operations,"if these estimates differ materially from actual results, the impact on the condensed consolidated financial statements may be material.",discussion
PART I. FINANCIAL INFORMATION,Item 2. Management's Discussion and Analysis of Financial Condition and Results of Operations,our critical accounting policies are available in item 7 of our 2019 annual report on form 10-k.,discussion
PART I. FINANCIAL INFORMATION,Item 2. Management's Discussion and Analysis of Financial Condition and Results of Operations,there have not been any significant changes with respect to these policies during the first six months of 2020.,discussion
PART I. FINANCIAL INFORMATION,Item 2. Management's Discussion and Analysis of Financial Condition and Results of Operations,results of operations quarterly summary the company reported earnings of $1.67 per diluted share on net income of $1.1 billion and an operating ratio of 61.0% in the second quarter of 2020 compared to earnings of $2.22 per diluted share on net income of $1.6 billion and an operating ratio of 59.6% for the second quarter of 2019.,discussion
PART I. FINANCIAL INFORMATION,Item 2. Management's Discussion and Analysis of Financial Condition and Results of Operations,freight revenues decreased 24% in the quarter compared to the same period in 2019 driven by a 20% volume decline.,discussion
PART I. FINANCIAL INFORMATION,Item 2. Management's Discussion and Analysis of Financial Condition and Results of Operations,"average revenue per car (arc) was down 6% due to negative mix of traffic and lower fuel surcharge revenue, partially offset by core pricing gains.",discussion
PART I. FINANCIAL INFORMATION,Item 2. Management's Discussion and Analysis of Financial Condition and Results of Operations,volume declined in almost every market segment due to the deteriorating economic conditions brought on by the covid-19 pandemic.,discussion
PART I. FINANCIAL INFORMATION,Item 2. Management's Discussion and Analysis of Financial Condition and Results of Operations,"cost savings from lower volume, productivity, and lower fuel prices drove operating expenses down 22% from 2019.",discussion
PART I. FINANCIAL INFORMATION,Item 2. Management's Discussion and Analysis of Financial Condition and Results of Operations,these reductions were not enough to offset the revenue declines as operating income decreased 27% in the second quarter compared to the same period in 2019.,discussion
PART I. FINANCIAL INFORMATION,Item 2. Management's Discussion and Analysis of Financial Condition and Results of Operations,"despite the adversity from the covid-19 pandemic throughout the quarter, we continued our operational transformation, largely mitigating the impact of the volume loss, while our employees improved the safety of the railroad and provided our customers an uninterrupted, enhanced service product.",discussion
PART I. FINANCIAL INFORMATION,Item 2. Management's Discussion and Analysis of Financial Condition and Results of Operations,"effects from covid-19 the spread of covid-19 throughout the united states in the second quarter caused a dramatic slowdown of the economy as businesses navigated operations along with protecting the health and safety of their employees, customers and communities.",discussion
PART I. FINANCIAL INFORMATION,Item 2. Management's Discussion and Analysis of Financial Condition and Results of Operations,the varying levels of action across different industries in an attempt to slow the spread had a significant impact on the demand to ship freight.,discussion
PART I. FINANCIAL INFORMATION,Item 2. Management's Discussion and Analysis of Financial Condition and Results of Operations,the most notable impact on our revenue was the temporary suspension of automotive production and the corollary effect it had on products used for auto manufacturing.,discussion
PART I. FINANCIAL INFORMATION,Item 2. Management's Discussion and Analysis of Financial Condition and Results of Operations,"while production resumed in mid-may and our volume sequentially increased through the latter part of the quarter, the sustainability of the auto manufacturing recovery will ultimately be driven by consumer demand and the ability of the auto manufacturing industry to maintain production.",discussion
PART I. FINANCIAL INFORMATION,Item 2. Management's Discussion and Analysis of Financial Condition and Results of Operations,"other reductions in production during the second quarter drove volume declines in industrial chemicals, plastics, food and beverages and lumber.",discussion
PART I. FINANCIAL INFORMATION,Item 2. Management's Discussion and Analysis of Financial Condition and Results of Operations,covid-19 also disrupted supply chains between asia and the united states driving declines in intermodal shipments.,discussion
PART I. FINANCIAL INFORMATION,Item 2. Management's Discussion and Analysis of Financial Condition and Results of Operations,"with the reopening of retail stores and consumer demand increasing, trans-pacific volumes improved sequentially throughout the quarter.",discussion
PART I. FINANCIAL INFORMATION,Item 2. Management's Discussion and Analysis of Financial Condition and Results of Operations,"finally, low crude oil and natural gas prices continue to negatively impact our shipments of coal, petroleum products and sand.",discussion
PART I. FINANCIAL INFORMATION,Item 2. Management's Discussion and Analysis of Financial Condition and Results of Operations,we adjusted demand driven resources to reflect the lower volumes and we continue to focus on productivity initiatives to partially offset some of the lost revenue.,discussion
PART I. FINANCIAL INFORMATION,Item 2. Management's Discussion and Analysis of Financial Condition and Results of Operations,"in addition, we implemented a temporary unpaid leave of absence for management and administrative employees, decreased executive and board of director 24 table of contents salaries by 25% for the same period, and temporarily closed three of our repair facilities.",discussion
PART I. FINANCIAL INFORMATION,Item 2. Management's Discussion and Analysis of Financial Condition and Results of Operations,"although we have incurred and expect to continue to incur additional expenses associated with keeping our employees, customers and communities safe, the associated expense was not material to our overall financial results in the second quarter, and are currently not expected to be material for the remainder of the year.",discussion
PART I. FINANCIAL INFORMATION,Item 2. Management's Discussion and Analysis of Financial Condition and Results of Operations,"while the fluidity of our operations has not been significantly affected by the pandemic, we have and are continuing to adapt to protect the safety of our employees, our customers and the communities we serve.",discussion
PART I. FINANCIAL INFORMATION,Item 2. Management's Discussion and Analysis of Financial Condition and Results of Operations,"we are committed to continuing to implement appropriate investments and operational changes to protect the health and wellbeing of our employees, as they play the most critical role in keeping our operations running.",discussion
PART I. FINANCIAL INFORMATION,Item 2. Management's Discussion and Analysis of Financial Condition and Results of Operations,"enhanced safety procedures have been implemented across the system and adjusted based on the local working environment, along with new procedures and policies as our employees transition back into our office buildings.",discussion
PART I. FINANCIAL INFORMATION,Item 2. Management's Discussion and Analysis of Financial Condition and Results of Operations,our rail network remains fluid and we continue to serve our customers with minimal impact.,discussion
PART I. FINANCIAL INFORMATION,Item 2. Management's Discussion and Analysis of Financial Condition and Results of Operations,"as volume increases, we are returning some locomotives and freight cars to service along with recalling employees from furlough, and we have ample capacity for further growth.",discussion
PART I. FINANCIAL INFORMATION,Item 2. Management's Discussion and Analysis of Financial Condition and Results of Operations,"select locomotives, although not currently in use, are stored and maintained so they can be returned to service immediately.",discussion
PART I. FINANCIAL INFORMATION,Item 2. Management's Discussion and Analysis of Financial Condition and Results of Operations,"we also have devoted resources to maintaining and adapting our processes and procedures including, but not limited to, processes and procedures to address protection of our technology systems and proprietary data while a significant number of our employees are working from home.",discussion
PART I. FINANCIAL INFORMATION,Item 2. Management's Discussion and Analysis of Financial Condition and Results of Operations,we believe the steps we have taken to enhance our capital structure and liquidity have strengthened our ability to operate through current conditions.,discussion
PART I. FINANCIAL INFORMATION,Item 2. Management's Discussion and Analysis of Financial Condition and Results of Operations,"during the second quarter, we generated $2.2 billion of cash from operations.",discussion
PART I. FINANCIAL INFORMATION,Item 2. Management's Discussion and Analysis of Financial Condition and Results of Operations,"on june 30, 2020, we had $2.7 billion of cash and cash equivalents, $2 billion of credit available under our revolving credit facility and up to $400 million undrawn on the receivables facility.",discussion
PART I. FINANCIAL INFORMATION,Item 2. Management's Discussion and Analysis of Financial Condition and Results of Operations,"in addition, we entered into $600 million of additional short-term bilateral revolving credit lines in the second quarter which are currently 50% drawn.",discussion
PART I. FINANCIAL INFORMATION,Item 2. Management's Discussion and Analysis of Financial Condition and Results of Operations,"on april 7, 2020, we issued $750 million of long-term debt.",discussion
PART I. FINANCIAL INFORMATION,Item 2. Management's Discussion and Analysis of Financial Condition and Results of Operations,"we have $470 million of debt maturing, including $250 million in term loans and $200 million of commercial paper, before the end of the year.",discussion
PART I. FINANCIAL INFORMATION,Item 2. Management's Discussion and Analysis of Financial Condition and Results of Operations,"depending upon market conditions, we plan to renew the term loans and continue to maintain the commercial paper program.",discussion
PART I. FINANCIAL INFORMATION,Item 2. Management's Discussion and Analysis of Financial Condition and Results of Operations,"however, based on our current cash position and outlook, we expect to be able to fund our 2020 debt maturities if we choose not to renew those programs.",discussion
PART I. FINANCIAL INFORMATION,Item 2. Management's Discussion and Analysis of Financial Condition and Results of Operations,"we have been, and we expect to continue to be, in compliance with our debt covenants.",discussion
PART I. FINANCIAL INFORMATION,Item 2. Management's Discussion and Analysis of Financial Condition and Results of Operations,"we utilized the provisions of irs notice 2020-23 to shift our federal estimated income tax payment of $584 million from the second quarter to the third quarter and the coronavirus aid, relief, and economic security act (cares act) to defer approximately $150 million of our employment tax deposits to future years.",discussion
PART I. FINANCIAL INFORMATION,Item 2. Management's Discussion and Analysis of Financial Condition and Results of Operations,"our bad debt provision was unadjusted in the second quarter, but it may increase if the creditworthiness of our significant customers deteriorates.",discussion
PART I. FINANCIAL INFORMATION,Item 2. Management's Discussion and Analysis of Financial Condition and Results of Operations,"we paid our quarterly dividend on june 30,2020, and plan to maintain the dividend at current levels.",discussion
PART I. FINANCIAL INFORMATION,Item 2. Management's Discussion and Analysis of Financial Condition and Results of Operations,"however, we have suspended our share repurchase activity with the exception of the final settlement on our $2 billion accelerated share repurchase program entered into on february 18, 2020.",discussion
PART I. FINANCIAL INFORMATION,Item 2. Management's Discussion and Analysis of Financial Condition and Results of Operations,"as we look ahead to the balance of 2020, the economic environment remains uncertain, and, while we are seeing the industrial sector begin to rebound during the third quarter, the resurgence of covid-19 and how governments and consumers react could result in customer disruptions or an elongated recovery period.",discussion
PART I. FINANCIAL INFORMATION,Item 2. Management's Discussion and Analysis of Financial Condition and Results of Operations,"therefore, the impact of the pandemic on our 2020 financial and operating results could continue to be material.",discussion
PART I. FINANCIAL INFORMATION,Item 2. Management's Discussion and Analysis of Financial Condition and Results of Operations,"ultimately, we will continue to focus on what we can control, such as managing costs, increasing productivity, and seeking new business opportunities, as well as, protecting our employees, customers and communities and providing excellent service to our customers.",discussion
PART I. FINANCIAL INFORMATION,Item 2. Management's Discussion and Analysis of Financial Condition and Results of Operations,"operating revenues three months ended   six months ended   june 30,  june 30,  millions2020 2019 change 2020 2019 change freight revenues$ 3,972 $ 5,236  (24)% $ 8,852 $ 10,246  (14)% other subsidiary revenues  150   219  (32)    364   442  (18)  accessorial revenues  103   123  (16)    220   256  (14)  other  19   18  6     37   36  3   total$ 4,244 $ 5,596  (24)% $ 9,473 $ 10,980  (14)% we generate freight revenues by transporting freight or other materials from our three commodity groups.",discussion
PART I. FINANCIAL INFORMATION,Item 2. Management's Discussion and Analysis of Financial Condition and Results of Operations,"prior to 2020, we reported on four commodity groups, thus 2019 commodity, arc, and carloadings have 25 table of contents been realigned to the new reporting format.",discussion
PART I. FINANCIAL INFORMATION,Item 2. Management's Discussion and Analysis of Financial Condition and Results of Operations,freight revenues vary with volume (carloads) and arc.,discussion
PART I. FINANCIAL INFORMATION,Item 2. Management's Discussion and Analysis of Financial Condition and Results of Operations,"changes in price, traffic mix and fuel surcharges drive arc.",discussion
PART I. FINANCIAL INFORMATION,Item 2. Management's Discussion and Analysis of Financial Condition and Results of Operations,"customer incentives, which are primarily provided for shipping to/from specific locations or based on cumulative volumes, are recorded as a reduction to operating revenues.",discussion
PART I. FINANCIAL INFORMATION,Item 2. Management's Discussion and Analysis of Financial Condition and Results of Operations,"customer incentives that include variable consideration based on cumulative volumes are estimated using the expected value method, which is based on available historical, current, and forecasted volumes, and recognized as the related performance obligation is satisfied.",discussion
PART I. FINANCIAL INFORMATION,Item 2. Management's Discussion and Analysis of Financial Condition and Results of Operations,we recognize freight revenues over time as shipments move from origin to destination.,discussion
PART I. FINANCIAL INFORMATION,Item 2. Management's Discussion and Analysis of Financial Condition and Results of Operations,the allocation of revenue between reporting periods is based on the relative transit time in each reporting period with expenses recognized as incurred.,discussion
PART I. FINANCIAL INFORMATION,Item 2. Management's Discussion and Analysis of Financial Condition and Results of Operations,other revenues consist primarily of revenues earned by our other subsidiaries (primarily logistics and commuter rail operations) and accessorial revenues.,discussion
PART I. FINANCIAL INFORMATION,Item 2. Management's Discussion and Analysis of Financial Condition and Results of Operations,other subsidiary revenues are generally recognized over time as shipments move from origin to destination.,discussion
PART I. FINANCIAL INFORMATION,Item 2. Management's Discussion and Analysis of Financial Condition and Results of Operations,the allocation of revenue between reporting periods is based on the relative transit time in each reporting period with expenses recognized as incurred.,discussion
PART I. FINANCIAL INFORMATION,Item 2. Management's Discussion and Analysis of Financial Condition and Results of Operations,accessorial revenues are recognized at a point in time as performance obligations are satisfied.,discussion
PART I. FINANCIAL INFORMATION,Item 2. Management's Discussion and Analysis of Financial Condition and Results of Operations,"freight revenue decreased 24% during the second quarter of 2020 compared to 2019, resulting from a 20% volume decline, negative mix of traffic and lower fuel surcharges, partially offset by core pricing gains.",discussion
PART I. FINANCIAL INFORMATION,Item 2. Management's Discussion and Analysis of Financial Condition and Results of Operations,volume declined in almost every market segment due to the deteriorating economic conditions brought on by the covid-19 pandemic.,discussion
PART I. FINANCIAL INFORMATION,Item 2. Management's Discussion and Analysis of Financial Condition and Results of Operations,each of our commodity groups includes revenue from fuel surcharges.,discussion
PART I. FINANCIAL INFORMATION,Item 2. Management's Discussion and Analysis of Financial Condition and Results of Operations,freight revenues from fuel surcharge programs were $206 million in the second quarter of 2020 compared to $399 million in the same period of 2019.,discussion
PART I. FINANCIAL INFORMATION,Item 2. Management's Discussion and Analysis of Financial Condition and Results of Operations,"the decline was driven by lower fuel prices and reduced volume, partially offset by the lag impact on fuel surcharge recovery (it can generally take up to two months for changing fuel prices to affect fuel surcharge recoveries).",discussion
PART I. FINANCIAL INFORMATION,Item 2. Management's Discussion and Analysis of Financial Condition and Results of Operations,other subsidiary and accessorial revenues decreased in the second quarter compared to 2019 driven primarily by the u.s. automotive plant shut downs and declines in intermodal shipments.,discussion
PART I. FINANCIAL INFORMATION,Item 2. Management's Discussion and Analysis of Financial Condition and Results of Operations,the disruption of the automotive supply chain drove lower intermodal shipments and revenue at our subsidiaries that broker intermodal and transload logistics services.,discussion
PART I. FINANCIAL INFORMATION,Item 2. Management's Discussion and Analysis of Financial Condition and Results of Operations,"in addition, lower intermodal shipments drove lower accessorial revenue for the second quarter and the year-to-date period compared to 2019.",discussion
PART I. FINANCIAL INFORMATION,Item 2. Management's Discussion and Analysis of Financial Condition and Results of Operations,"the following tables summarize the year-over-year changes in freight revenues, revenue carloads, and arc by commodity type: three months ended   six months ended   freight revenuesjune 30,  june 30,  millions2020 2019 change 2020 2019 change      grain & grain products$ 644 $ 711  (9)% $ 1,333 $ 1,376  (3)%      fertilizer  168   172  (2)    342   331  3        food & refrigerated  205   272  (25)    455   514  (11)       coal & renewables  369   523  (29)    790   1,077  (27)     bulk  1,386   1,678  (17)    2,920   3,298  (11)       industrial chemicals & plastics  435   482  (10)    930   934  -       metals & minerals  368   557  (34)    837   1,093  (23)       forest products  266   303  (12)    569   588  (3)       energy & specialized markets  431   595  (28)    1,058   1,161  (9)     industrial  1,500   1,937  (23)    3,394   3,776  (10)       automotive  189   554  (66)    713   1,074  (34)       intermodal  897   1,067  (16)    1,825   2,098  (13)     premium  1,086   1,621  (33)    2,538   3,172  (20)  total$ 3,972 $ 5,236  (24)% $ 8,852 $ 10,246  (14)% ‎ 26 table of contents three months ended   six months ended   revenue carloadsjune 30,  june 30,  thousands,2020 2019 change 2020 2019 change      grain & grain products 167  178  (6)%  342  347  (1)%      fertilizer 53  54  (2)   99  97  2        food & refrigerated 41  52  (21)   89  99  (10)       coal & renewables 186  244  (24)   394  500  (21)     bulk 447  528  (15)   924  1,043  (11)       industrial chemicals & plastics 141  157  (10)   295  305  (3)       metals & minerals 162  199  (19)   336  379  (11)       forest products 50  56  (11)   106  112  (5)       energy & specialized markets 115  156  (26)   277  303  (9)     industrial 468  568  (18)   1,014  1,099  (8)       automotive 79  218  (64)   287  428  (33)       intermodal [a] 724  823  (12)   1,433  1,654  (13)     premium 803  1,041  (23)   1,720  2,082  (17)  total 1,718  2,137  (20)%  3,658  4,224  (13)% three months ended   six months ended   june 30,  june 30,  average revenue per car2020 2019 change 2020 2019 change      grain & grain products$ 3,861 $ 3,993  (3)% $ 3,901 $ 3,959  (1)%      fertilizer  3,181   3,182  -    3,456   3,419  1        food & refrigerated  4,986   5,211  (4)    5,142   5,215  (1)       coal & renewables  1,979   2,147  (8)    2,001   2,155  (7)     bulk  3,099   3,179  (3)    3,161   3,163  -       industrial chemicals & plastics  3,086   3,081  -    3,148   3,064  3        metals & minerals  2,276   2,806  (19)    2,494   2,883  (13)       forest products  5,256   5,324  (1)    5,361   5,236  2        energy & specialized markets  3,739   3,807  (2)    3,813   3,835  (1)     industrial  3,201   3,408  (6)    3,345   3,436  (3)       automotive  2,388   2,546  (6)    2,487   2,510  (1)       intermodal [a]  1,241   1,295  (4)    1,274   1,268  -     premium  1,354   1,557  (13)    1,476   1,523  (3)  average  $ 2,312 $ 2,450  (6)% $ 2,420 $ 2,425  -% [a] for intermodal shipments each container or trailer equals one carload.",discussion
PART I. FINANCIAL INFORMATION,Item 2. Management's Discussion and Analysis of Financial Condition and Results of Operations,"bulk  -  bulk includes shipments of grain and grain products, fertilizer, food and refrigerated goods, and coal and renewables.",discussion
PART I. FINANCIAL INFORMATION,Item 2. Management's Discussion and Analysis of Financial Condition and Results of Operations,"freight revenue from bulk shipments decreased in the second quarter of 2020 compared to 2019 due to a 15% volume decline, lower fuel surcharge revenue, and negative business mix, partially offset by core pricing gains.",discussion
PART I. FINANCIAL INFORMATION,Item 2. Management's Discussion and Analysis of Financial Condition and Results of Operations,"volume declines were driven by a reduction in coal shipments, food and refrigerated products, and ethanol shipments, partially offset by increased shipments of export feed grain and renewables.",discussion
PART I. FINANCIAL INFORMATION,Item 2. Management's Discussion and Analysis of Financial Condition and Results of Operations,continued softness in market conditions due to historically low natural gas prices and weak export demand drove the 25% decline in coal shipments in the second quarter 2020 compared to the same period in 2019.,discussion
PART I. FINANCIAL INFORMATION,Item 2. Management's Discussion and Analysis of Financial Condition and Results of Operations,the covid-19 pandemic impacted production of imported beer and the demand for ethanol and related products driving the year-over-year declines in the second quarter compared to the same period in 2019.,discussion
PART I. FINANCIAL INFORMATION,Item 2. Management's Discussion and Analysis of Financial Condition and Results of Operations,"year-to-date, freight revenue from bulk shipments decreased compared to the same period in 2019, driven by an 11% volume decline and lower fuel surcharge revenue, partially offset by core pricing gains.",discussion
PART I. FINANCIAL INFORMATION,Item 2. Management's Discussion and Analysis of Financial Condition and Results of Operations,"volume declines were driven by a 23% reduction in coal shipments, partially offset by growth in renewables and export grain shipments. ‎",discussion
PART I. FINANCIAL INFORMATION,Item 2. Management's Discussion and Analysis of Financial Condition and Results of Operations,"27 table of contents industrial  -  industrial includes shipments of industrial chemicals and plastics, metals and minerals, forest products, and energy and specialized markets.",discussion
PART I. FINANCIAL INFORMATION,Item 2. Management's Discussion and Analysis of Financial Condition and Results of Operations,"freight revenue from industrial shipments decreased in the second quarter and six-month period compared to the same period in 2019 due to lower volume, negative mix of traffic and lower fuel surcharge revenue, partially offset by core pricing gains.",discussion
PART I. FINANCIAL INFORMATION,Item 2. Management's Discussion and Analysis of Financial Condition and Results of Operations,"in the second quarter of 2020, low oil prices were the primary driver of a 43% decline in petroleum product shipments and a 79% decline in sand shipments compared to the second quarter of 2019.",discussion
PART I. FINANCIAL INFORMATION,Item 2. Management's Discussion and Analysis of Financial Condition and Results of Operations,"during the second quarter, the covid-19 pandemic impacted production across a wide span of industries driving declines in many of our market segments, including industrial chemicals, soda ash, steel and lumber.",discussion
PART I. FINANCIAL INFORMATION,Item 2. Management's Discussion and Analysis of Financial Condition and Results of Operations,"although volume from industrial shipments were up in the first quarter it was not enough to overcome the weak demand in the second quarter, resulting in year-to-date volume down 8% compared to last year driven by declines in sand, petroleum products, soda ash, and industrial chemicals.",discussion
PART I. FINANCIAL INFORMATION,Item 2. Management's Discussion and Analysis of Financial Condition and Results of Operations,"premium  -  premium includes shipments of finished automobiles, automotive parts, and merchandise in intermodal containers, both domestic and international.",discussion
PART I. FINANCIAL INFORMATION,Item 2. Management's Discussion and Analysis of Financial Condition and Results of Operations,"premium freight revenue declined 33% in the second quarter compared to 2019 due to a 23% decrease in volume, negative mix of traffic and lower fuel surcharge revenue, partially offset by core pricing gains.",discussion
PART I. FINANCIAL INFORMATION,Item 2. Management's Discussion and Analysis of Financial Condition and Results of Operations,"the impacts of the covid-19 pandemic continued into the second quarter for international intermodal shipments, while asian manufacturing recovered and freight began to move in april, the virus started to effect the u.s. and retailers began cancelling orders in may, driving shipments down 20% in the second quarter 2020 compared to 2019.",discussion
PART I. FINANCIAL INFORMATION,Item 2. Management's Discussion and Analysis of Financial Condition and Results of Operations,"domestic intermodal declined 4% in the second quarter compared to 2019, as depressed truckload shipments, due to pandemic driven economic slowdown, were partially offset by surging parcel shipments, reflecting the strength of e-commerce.",discussion
PART I. FINANCIAL INFORMATION,Item 2. Management's Discussion and Analysis of Financial Condition and Results of Operations,"automotive shipments declined 64% in the second quarter 2020 compared to 2019, as a result of most of the north american manufacturing plants temporarily suspending production due to the pandemic.",discussion
PART I. FINANCIAL INFORMATION,Item 2. Management's Discussion and Analysis of Financial Condition and Results of Operations,"the weekly shipments declined as much as 90% from mid-april to mid-may and, although production has resumed, it is not at pre-pandemic levels.",discussion
PART I. FINANCIAL INFORMATION,Item 2. Management's Discussion and Analysis of Financial Condition and Results of Operations,"year-to-date, freight revenue declined 20% due to decreased volume, lower fuel surcharge revenue, and negative mix of traffic, partially offset by core pricing gains.",discussion
PART I. FINANCIAL INFORMATION,Item 2. Management's Discussion and Analysis of Financial Condition and Results of Operations,"volume declines in international intermodal due to trade uncertainty and covid-19 impact on the supply chains between asia and the u.s., along with the temporary automotive production halt, drove the 17% decline in premium shipments for the six-month period of 2020 compared to 2019.",discussion
PART I. FINANCIAL INFORMATION,Item 2. Management's Discussion and Analysis of Financial Condition and Results of Operations,mexico business  -  each of our commodity groups includes revenue from shipments to and from mexico.,discussion
PART I. FINANCIAL INFORMATION,Item 2. Management's Discussion and Analysis of Financial Condition and Results of Operations,"revenue from mexico business decreased 35% to $389 million in the second quarter of 2020 compared to 2019 driven by a 39% volume decline and lower fuel surcharge revenue, partially offset by core pricing gains.",discussion
PART I. FINANCIAL INFORMATION,Item 2. Management's Discussion and Analysis of Financial Condition and Results of Operations,"the volume decline was driven by the covid-19 pandemic with declines in automotive shipments, intermodal and beer.",discussion
PART I. FINANCIAL INFORMATION,Item 2. Management's Discussion and Analysis of Financial Condition and Results of Operations,"year-to-date, freight revenue decreased 18% to $972 million as a result of volume declines in automotive, intermodal, coal and beer shipments and lower fuel surcharge revenue, partially offset by core pricing gains.",discussion
PART I. FINANCIAL INFORMATION,Item 2. Management's Discussion and Analysis of Financial Condition and Results of Operations,"operating expenses three months ended   six months ended   june 30,  june 30,  millions2020 2019 change 2020 2019 change compensation and benefits$ 905 $ 1,145  (21)% $ 1,964 $ 2,350  (16)% depreciation  551   551  -    1,098   1,100  -  purchased services and materials  441   573  (23)    962   1,149  (16)  fuel  247   560  (56)    681   1,091  (38)  equipment and other rents  211   260  (19)    438   518  (15)  other  235   247  (5)    533   552  (3)  total$ 2,590 $ 3,336  (22)% $ 5,676 $ 6,760  (16)% operating expenses decreased $746 million and $1.1 billion in the second quarter and year-to-date periods, respectively, compared to 2019 driven by volume declines, productivity initiatives, lower fuel prices, lower year-over-year weather-related costs, an insurance reimbursement for last year's weather-related losses and lower destroyed equipment and freight costs.",discussion
PART I. FINANCIAL INFORMATION,Item 2. Management's Discussion and Analysis of Financial Condition and Results of Operations,partially offsetting these decreases compared to 2019 are an employment tax refund recognized in 2019 and inflation.,discussion
PART I. FINANCIAL INFORMATION,Item 2. Management's Discussion and Analysis of Financial Condition and Results of Operations,"in addition, the year-to-date period comparison was impacted negatively by increased bad debt expense.",discussion
PART I. FINANCIAL INFORMATION,Item 2. Management's Discussion and Analysis of Financial Condition and Results of Operations,"compensation and benefits  -  compensation and benefits include wages, payroll taxes, health and welfare costs, pension costs, other postretirement benefits, and incentive costs.",discussion
PART I. FINANCIAL INFORMATION,Item 2. Management's Discussion and Analysis of Financial Condition and Results of Operations,"for the second quarter and year- 28 table of contents to-date periods, expenses decreased 21% and 16%, respectively, compared to 2019 due to declines in carload volumes; productivity initiatives; and management's actions responding to the sharp decline in volume, including temporary unpaid leave, salary reductions, and shop closures; partially offset by wage inflation.",discussion
PART I. FINANCIAL INFORMATION,Item 2. Management's Discussion and Analysis of Financial Condition and Results of Operations,"comparisons with 2019 periods were favorably impacted by decreased weather-related costs, offset by an employment tax refund recognized in 2019.",discussion
PART I. FINANCIAL INFORMATION,Item 2. Management's Discussion and Analysis of Financial Condition and Results of Operations,the year-to-date period was favorably impacted by lower severance costs.,discussion
PART I. FINANCIAL INFORMATION,Item 2. Management's Discussion and Analysis of Financial Condition and Results of Operations,"depreciation  -  the majority of depreciation relates to road property, including rail, ties, ballast, and other track material.",discussion
PART I. FINANCIAL INFORMATION,Item 2. Management's Discussion and Analysis of Financial Condition and Results of Operations,depreciation expense was essentially flat compared to the second quarter and year-to-date periods of 2020 compared to 2019.,discussion
PART I. FINANCIAL INFORMATION,Item 2. Management's Discussion and Analysis of Financial Condition and Results of Operations,"purchased services and materials  -  expense for purchased services and materials includes the costs of services purchased (including equipment maintenance and contract expenses incurred by our subsidiaries for external transportation services); materials used to maintain the railroad's lines, structures, and equipment; costs of operating facilities jointly used by uprr and other railroads; transportation and lodging for train crew employees; trucking and contracting costs for intermodal containers; leased automobile maintenance expenses; and tools and supplies.",discussion
PART I. FINANCIAL INFORMATION,Item 2. Management's Discussion and Analysis of Financial Condition and Results of Operations,"purchased services and materials decreased 23% and 16% in the second quarter and year-to-date periods, respectively, compared to 2019 primarily due to lower volume-related costs for intermodal and transload services, lower costs for transportation and lodging for the train crews, lower locomotive maintenance expenses due to a smaller active fleet, costs associated with derailments, professional services costs and lower year-over-year weather-related costs.",discussion
PART I. FINANCIAL INFORMATION,Item 2. Management's Discussion and Analysis of Financial Condition and Results of Operations,fuel  -  fuel includes locomotive fuel and fuel for highway and non-highway vehicles and heavy equipment.,discussion
PART I. FINANCIAL INFORMATION,Item 2. Management's Discussion and Analysis of Financial Condition and Results of Operations,"a 43% decline in locomotive diesel fuel prices, which averaged $1.26 per gallon (including taxes and transportation costs) in the second quarter of 2020 compared to $2.21 per gallon in the same period in 2019, a 22% decline in gross ton-miles and a slight improvement in the fuel consumption rate, computed as gallons of fuel consumed divided by gross ton-mile in thousands, drove the decrease in the second quarter compared to the same period in 2019.",discussion
PART I. FINANCIAL INFORMATION,Item 2. Management's Discussion and Analysis of Financial Condition and Results of Operations,"for the six-month period, locomotive diesel fuel prices averaged $1.59 per gallon in 2019 compared to $2.14 in 2019, decreasing expenses by 38%.",discussion
PART I. FINANCIAL INFORMATION,Item 2. Management's Discussion and Analysis of Financial Condition and Results of Operations,"in addition, gross ton-miles decreased 14% and fuel consumption rate improved 3% during the year-to-date period, also driving lower fuel expense compared to 2019.",discussion
PART I. FINANCIAL INFORMATION,Item 2. Management's Discussion and Analysis of Financial Condition and Results of Operations,"equipment and other rents  -  equipment and other rents expense primarily includes rental expense that the railroad pays for freight cars owned by other railroads or private companies; freight car, intermodal, and locomotive leases; and office and other rentals.",discussion
PART I. FINANCIAL INFORMATION,Item 2. Management's Discussion and Analysis of Financial Condition and Results of Operations,"equipment and other rents expense decreased 19% and 15% in the second quarter and year-to-date periods, respectively, compared to 2019 driven by decreased car rent expense due to volume declines, lower locomotive and freight car lease expenses, partially offset by longer auto rack cycle times, and lower equity income from our investment in ttx company.",discussion
PART I. FINANCIAL INFORMATION,Item 2. Management's Discussion and Analysis of Financial Condition and Results of Operations,"other  -  other expenses include state and local taxes; freight, equipment and property damage; utilities, insurance, personal injury, environmental, employee travel, telephone and cellular, computer software, bad debt and other general expenses.",discussion
PART I. FINANCIAL INFORMATION,Item 2. Management's Discussion and Analysis of Financial Condition and Results of Operations,"other costs decreased 5% and 3% in the second quarter and year-to-date period, respectively, compared to 2019 driven primarily by an insurance reimbursement for weather-related expenses incurred last year, lower costs associated with employee travel and lower costs associated with destroyed equipment and freight loss and damage costs.",discussion
PART I. FINANCIAL INFORMATION,Item 2. Management's Discussion and Analysis of Financial Condition and Results of Operations,"conversely, lease impairments, lower equity income from our investment in grupo ferroviaro mexicano and higher state and local taxes offset these decreases versus 2019.",discussion
PART I. FINANCIAL INFORMATION,Item 2. Management's Discussion and Analysis of Financial Condition and Results of Operations,the year-to-date period comparison was impacted negatively by additional bad debt expense associated with the pandemic-induced uncertainty related to certain customer receivables.,discussion
PART I. FINANCIAL INFORMATION,Item 2. Management's Discussion and Analysis of Financial Condition and Results of Operations,"non-operating items three months ended   six months ended   june 30,  june 30,  millions2020 2019 change 2020 2019 change other income$ 131 $ 57 f % $ 184 $ 134  37 % interest expense  (289)  (259) 12     (567)  (506) 12   income taxes  (364)  (488) (25)    (808)  (887) (9) 29 table of contents other income  -  other income increased in the second quarter of 2020 compared to 2019 as a result of larger gains from real estate sales, including a $69 million gain from a land and permanent easement sale to the illinois state toll highway authority.",discussion
PART I. FINANCIAL INFORMATION,Item 2. Management's Discussion and Analysis of Financial Condition and Results of Operations,the year-to-date period was partially offset by $30 million in interest income associated with an employment tax refund in 2019.,discussion
PART I. FINANCIAL INFORMATION,Item 2. Management's Discussion and Analysis of Financial Condition and Results of Operations,"interest expense  -  interest expense increased in the second quarter of 2020 compared to 2019 due to an increase in the weighted-average debt level of $28.4 billion in 2020 compared to $25.1 billion in 2019, partially offset by a lower effective interest rate of 4.1% in 2020 compared to 4.2% in 2019.",discussion
PART I. FINANCIAL INFORMATION,Item 2. Management's Discussion and Analysis of Financial Condition and Results of Operations,"year-to-date, interest expense increased due to an increased weighted-average debt level of $27.8 billion in 2020 from $24.2 billion in 2019, partially offset by a lower effective interest rate of 4.1% in 2020 compared to 4.3% in 2019.",discussion
PART I. FINANCIAL INFORMATION,Item 2. Management's Discussion and Analysis of Financial Condition and Results of Operations,income taxes  -  income taxes decreased in the second quarter and six-month periods of 2020 compared to 2019 due to lower pre-tax income.,discussion
PART I. FINANCIAL INFORMATION,Item 2. Management's Discussion and Analysis of Financial Condition and Results of Operations,"our effective tax rates year-to-date 2020 and 2019 were 23.7% and 23.1%, respectively.",discussion
PART I. FINANCIAL INFORMATION,Item 2. Management's Discussion and Analysis of Financial Condition and Results of Operations,other operating/performance and financial statistics we report a number of key performance measures weekly to the surface transportation board (stb).,discussion
PART I. FINANCIAL INFORMATION,Item 2. Management's Discussion and Analysis of Financial Condition and Results of Operations,we provide this data on our website at www.up.com/investor/aar-stb_reports/index.htm.,discussion
PART I. FINANCIAL INFORMATION,Item 2. Management's Discussion and Analysis of Financial Condition and Results of Operations,"operating/performance statistics in an effort to operate a safe, reliable and efficient railroad, management uses these key operating metrics to evaluate the health of our network.",discussion
PART I. FINANCIAL INFORMATION,Item 2. Management's Discussion and Analysis of Financial Condition and Results of Operations,"the metrics are continuously measured to determine our productivity, asset utilization, and network efficiency in striving to provide a consistent, reliable service product to our customers.",discussion
PART I. FINANCIAL INFORMATION,Item 2. Management's Discussion and Analysis of Financial Condition and Results of Operations,"railroad performance measures are included in the table below: three months ended   six months ended   june 30,  june 30,  2020 2019 change 2020 2019 change gross ton-miles (gtms) (billions) 170.6  220.0  (22)%  371.9  430.3  (14)% revenue ton-miles (billions) 85.9  108.7  (21)   185.6  215.4  (14)  freight car velocity (daily miles per car) [a] 225  202  11    216  198  9   average train speed (miles per hour) [a] [b] 26.9  24.5  10    26.0  24.6  6   average terminal dwell time (hours) [a] [b] 21.6  25.7  (16)   22.8  26.2  (13)  locomotive productivity (gtms per horsepower day) 136  121  12    133  116  15   train length (feet) 8,664  7,652  13    8,517  7,472  14   intermodal car trip plan compliance (%) 82  69  13 pts  83  68  15 pts manifest/automotive car trip plan compliance (%) 76  59  17 pts  69  61  8 pts workforce productivity (car miles per employee) 868  866  -   882  839  5   total employees (average) 30,059  38,657  (22)   31,965  39,355  (19)  operating ratio 61.0  59.6  1.4 pts  59.9  61.6  (1.7)pts [a]    prior years have been recast to conform to the current year presentation which reflects minor refinements. [b]    as reported to the stb.",discussion
PART I. FINANCIAL INFORMATION,Item 2. Management's Discussion and Analysis of Financial Condition and Results of Operations,gross and revenue ton-miles  -  gross ton-miles are calculated by multiplying the weight of loaded and empty freight cars by the number of miles hauled.,discussion
PART I. FINANCIAL INFORMATION,Item 2. Management's Discussion and Analysis of Financial Condition and Results of Operations,revenue ton-miles are calculated by multiplying the weight of freight by the number of tariff miles.,discussion
PART I. FINANCIAL INFORMATION,Item 2. Management's Discussion and Analysis of Financial Condition and Results of Operations,"gross ton-miles and revenue ton-miles decreased 22% and 21%, respectively, during the second quarter of 2020 compared to 2019, driven by a 20% decline in carloadings.",discussion
PART I. FINANCIAL INFORMATION,Item 2. Management's Discussion and Analysis of Financial Condition and Results of Operations,changes in commodity mix drove the variance in year-over-year decreases between gross ton-miles and revenue ton-miles and carloads.,discussion
PART I. FINANCIAL INFORMATION,Item 2. Management's Discussion and Analysis of Financial Condition and Results of Operations,"year-to-date, gross ton-miles and revenue ton-miles both decreased 14% compared to 2019, driven by a 13% decrease in carloadings.",discussion
PART I. FINANCIAL INFORMATION,Item 2. Management's Discussion and Analysis of Financial Condition and Results of Operations,freight car velocity  -  freight car velocity measures the average daily miles per car on our network.,discussion
PART I. FINANCIAL INFORMATION,Item 2. Management's Discussion and Analysis of Financial Condition and Results of Operations,the two key drivers of this metric are the speed of the train between terminals (average train speed) and the time a rail car spends at the terminals (average terminal dwell time).,discussion
PART I. FINANCIAL INFORMATION,Item 2. Management's Discussion and Analysis of Financial Condition and Results of Operations,continued implementation of unified 30 table of contents plan 2020 was the primary driver of the improvement from 2019 as both average terminal dwell and average train speed improved in the second quarter and the six-month period of 2020 compared to the same periods in 2019.,discussion
PART I. FINANCIAL INFORMATION,Item 2. Management's Discussion and Analysis of Financial Condition and Results of Operations,"average terminal dwell time in 2020 decreased compared to 2019 largely due to improved terminal processes, transportation plan changes to eliminate switches, and reduced carload volumes due to covid-19.",discussion
PART I. FINANCIAL INFORMATION,Item 2. Management's Discussion and Analysis of Financial Condition and Results of Operations,average train speed in 2020 improved compared to the second quarter of 2019 as weather-related challenges slowed trains in 2019.,discussion
PART I. FINANCIAL INFORMATION,Item 2. Management's Discussion and Analysis of Financial Condition and Results of Operations,locomotive productivity  -  locomotive productivity is gross ton-miles per average daily locomotive horsepower.,discussion
PART I. FINANCIAL INFORMATION,Item 2. Management's Discussion and Analysis of Financial Condition and Results of Operations,locomotive productivity increased in the second quarter and year-to-date period compared to the same periods in 2019 driven by a reduction in our average active fleet size due to transportation plan changes and lower locomotive dwell times.,discussion
PART I. FINANCIAL INFORMATION,Item 2. Management's Discussion and Analysis of Financial Condition and Results of Operations,train length  -  train length is the average maximum train length on a route measured in feet.,discussion
PART I. FINANCIAL INFORMATION,Item 2. Management's Discussion and Analysis of Financial Condition and Results of Operations,our train length increased in the second quarter and six-month period compared to same periods in 2019 as a result of blending service products and transportation plan changes.,discussion
PART I. FINANCIAL INFORMATION,Item 2. Management's Discussion and Analysis of Financial Condition and Results of Operations,car trip plan compliance  -  car trip plan compliance is the percentage of cars delivered on time in accordance with our original trip plan.,discussion
PART I. FINANCIAL INFORMATION,Item 2. Management's Discussion and Analysis of Financial Condition and Results of Operations,our network trip plan compliance is broken into intermodal containers / trailers and manifest / automotive railcars.,discussion
PART I. FINANCIAL INFORMATION,Item 2. Management's Discussion and Analysis of Financial Condition and Results of Operations,intermodal car trip plan compliance improved in the second quarter and six-month period of 2020 compared to same periods in 2019 as a result of improved train speed and reduced dwell at our origin and destination ramps.,discussion
PART I. FINANCIAL INFORMATION,Item 2. Management's Discussion and Analysis of Financial Condition and Results of Operations,"manifest / automotive car trip plan compliance was better in the second quarter and six-month period compared to 2019 due to improved car dwell in our yards, increased train velocity across the network, and more reliable first mile last mile service.",discussion
PART I. FINANCIAL INFORMATION,Item 2. Management's Discussion and Analysis of Financial Condition and Results of Operations,both metrics were aided as a result of reduced carload volumes due to covid-19 and milder weather relative to the series of significant weather events in the both the second quarter and six-month period of 2019.,discussion
PART I. FINANCIAL INFORMATION,Item 2. Management's Discussion and Analysis of Financial Condition and Results of Operations,workforce productivity  -  workforce productivity is average daily car miles per employee.,discussion
PART I. FINANCIAL INFORMATION,Item 2. Management's Discussion and Analysis of Financial Condition and Results of Operations,workforce productivity was essentially flat in the second quarter as average daily car miles decreased 22% while employees decreased 22% compared to 2019.,discussion
PART I. FINANCIAL INFORMATION,Item 2. Management's Discussion and Analysis of Financial Condition and Results of Operations,lower volume drove the decline in average daily car miles.,discussion
PART I. FINANCIAL INFORMATION,Item 2. Management's Discussion and Analysis of Financial Condition and Results of Operations,"the 22% decline in employee levels was driven by a 20% decline in carload volumes, productivity initiatives and a smaller capital workforce.",discussion
PART I. FINANCIAL INFORMATION,Item 2. Management's Discussion and Analysis of Financial Condition and Results of Operations,"year-to-date, workforce productivity improved 5% as average daily car miles decreased 15% while employees decreased 19% compared to 2019.",discussion
PART I. FINANCIAL INFORMATION,Item 2. Management's Discussion and Analysis of Financial Condition and Results of Operations,"at the end of the second quarter, approximately 5,700 employees across all crafts were furloughed.",discussion
PART I. FINANCIAL INFORMATION,Item 2. Management's Discussion and Analysis of Financial Condition and Results of Operations,operating ratio  -  operating ratio is our operating expenses reflected as a percentage of operating revenue.,discussion
PART I. FINANCIAL INFORMATION,Item 2. Management's Discussion and Analysis of Financial Condition and Results of Operations,our operating ratio of 61.0% deteriorated 1.4 points compared to 2019 mainly driven by a 20% volume decline.,discussion
PART I. FINANCIAL INFORMATION,Item 2. Management's Discussion and Analysis of Financial Condition and Results of Operations,productivity initiatives and lower fuel prices could not overcome a 24% reduction of revenue.,discussion
PART I. FINANCIAL INFORMATION,Item 2. Management's Discussion and Analysis of Financial Condition and Results of Operations,our year-to-date operating ratio of 59.9% improved 1.7 points compared to 2019. ‎,discussion
PART I. FINANCIAL INFORMATION,Item 2. Management's Discussion and Analysis of Financial Condition and Results of Operations,"31 table of contents adjusted debt / adjusted ebitda millions, except ratiosjun.",discussion
PART I. FINANCIAL INFORMATION,Item 2. Management's Discussion and Analysis of Financial Condition and Results of Operations,"30,dec. 31,for the trailing twelve months ended [a]2020 2019   net income$ 5,564 $ 5,919  add:     income tax expense  1,749   1,828  depreciation  2,214   2,216  interest expense  1,111   1,050  ebitda$ 10,638 $ 11,013  adjustments:    other income  (293)  (243) interest on operating lease liabilities [b]  61   68  adjusted ebitda $ 10,406 $ 10,838  debt$ 28,429 $ 25,200  operating lease liabilities  1,639   1,833  unfunded pension and opeb,  net of taxes of $115 and $124  370   400  adjusted debt $ 30,438 $ 27,433  adjusted debt / adjusted ebitda   2.9   2.5 [a]the trailing twelve month income statement information ended june 30, 2020 is recalculated by taking the twelve months ended december 31, 2019, subtracting the six months ended june 30, 2019, and adding the six months ended june 30, 2020. [b]represents the hypothetical interest expense we would incur (using the incremental borrowing rate) if the property under our operating leases were owned or accounted for as finance leases.",discussion
PART I. FINANCIAL INFORMATION,Item 2. Management's Discussion and Analysis of Financial Condition and Results of Operations,"adjusted debt to adjusted ebitda (earnings before interest, taxes, depreciation, amortization, other income and interest on operating lease liabilities) is considered a non-gaap financial measure by sec regulation g and item 10 of sec regulation s-k and may not be defined and calculated by other companies in the same manner.",discussion
PART I. FINANCIAL INFORMATION,Item 2. Management's Discussion and Analysis of Financial Condition and Results of Operations,we believe this measure is important to management and investors in evaluating the company's ability to sustain given debt levels (including leases) with the cash generated from operations.,discussion
PART I. FINANCIAL INFORMATION,Item 2. Management's Discussion and Analysis of Financial Condition and Results of Operations,"in addition, a comparable measure is used by rating agencies when reviewing the company's credit rating.",discussion
PART I. FINANCIAL INFORMATION,Item 2. Management's Discussion and Analysis of Financial Condition and Results of Operations,"adjusted debt to adjusted ebitda should be considered in addition to, rather than as a substitute for, net income.",discussion
PART I. FINANCIAL INFORMATION,Item 2. Management's Discussion and Analysis of Financial Condition and Results of Operations,the table above provides reconciliations from net income to adjusted debt to adjusted ebitda.,discussion
PART I. FINANCIAL INFORMATION,Item 2. Management's Discussion and Analysis of Financial Condition and Results of Operations,"at both june 30, 2020 and december 31, 2019, the incremental borrowing rate on operating lease liabilities was 3.7%.",discussion
PART I. FINANCIAL INFORMATION,Item 2. Management's Discussion and Analysis of Financial Condition and Results of Operations,"liquidity and capital resources financial condition cash flows     millions,     for the six months ended june 30,2020 2019  cash provided by operating activities$ 4,392 $ 3,900  cash used in investing activities  (1,417)  (1,610) cash used in financing activities  (1,107)  (2,547) net change in cash, cash equivalents and restricted cash$ 1,868 $ (257) operating activities cash provided by operating activities increased in the first six months of 2020 compared to the same period of 2019 due primarily to lower income taxes paid under the provisions of irs notice 2020-23, which allowed us to defer $584 million of our federal estimated income tax payments from second quarter to third quarter, and the cares act, which allowed us to defer approximately $150 million of our employment tax deposits to future years. ‎",discussion
PART I. FINANCIAL INFORMATION,Item 2. Management's Discussion and Analysis of Financial Condition and Results of Operations,32 table of contents investing activities cash used in investing activities decreased in the first six months of 2020 compared to the same period of 2019 primarily driven by proceeds from real estate sales.,discussion
PART I. FINANCIAL INFORMATION,Item 2. Management's Discussion and Analysis of Financial Condition and Results of Operations,"the table below details cash capital investments: millions,  for the six months ended june 30,2020 2019  rail and other track material$ 282 $ 281  ties  271   214  ballast  139   122  other [a]  312   274  total road infrastructure replacements  1,004   891  line expansion and other capacity projects  144   180  commercial facilities  68   55  total capacity and commercial facilities  212   235  locomotives and freight cars [b]  164   222  positive train control  35   34  technology and other  184   178  total cash capital investments$ 1,599 $ 1,560 [a]other includes bridges and tunnels, signals, other road assets, and road work equipment. [b]locomotives and freight cars include lease buyouts of $14 million in 2020 and $97 million in 2019.",discussion
PART I. FINANCIAL INFORMATION,Item 2. Management's Discussion and Analysis of Financial Condition and Results of Operations,"capital plan we estimate our 2020 capital expenditures to be approximately $2.9 billion, consistent with our previously announced reduction of $150 to $200 million to our capital plan as a result of economic uncertainties associated with the covid-19 pandemic and the impact to our business.",discussion
PART I. FINANCIAL INFORMATION,Item 2. Management's Discussion and Analysis of Financial Condition and Results of Operations,further revisions may occur if business conditions or the regulatory environment affect our ability to generate sufficient returns on these investments.,discussion
PART I. FINANCIAL INFORMATION,Item 2. Management's Discussion and Analysis of Financial Condition and Results of Operations,"financing activities cash used in financing activities decreased in the first six months of 2020 compared to the same period of 2019, driven by decreased share repurchases and additional debt issued.",discussion
PART I. FINANCIAL INFORMATION,Item 2. Management's Discussion and Analysis of Financial Condition and Results of Operations,see note 14 of the condensed consolidated financial statements for a description of all our outstanding financing arrangements and significant new borrowings and note 18 of the condensed consolidated financial statements for a description of our share repurchase programs.,discussion
PART I. FINANCIAL INFORMATION,Item 2. Management's Discussion and Analysis of Financial Condition and Results of Operations,free cash flow  -  free cash flow is defined as cash provided by operating activities less cash used in investing activities and dividends paid.,discussion
PART I. FINANCIAL INFORMATION,Item 2. Management's Discussion and Analysis of Financial Condition and Results of Operations,cash flow conversion rate is cash from operations less cash used for capital investments as a ratio of net income.,discussion
PART I. FINANCIAL INFORMATION,Item 2. Management's Discussion and Analysis of Financial Condition and Results of Operations,free cash flow and cash flow conversion rate are not considered financial measures under gaap by sec regulation g and item 10 of sec regulation s-k and may not be defined and calculated by other companies in the same manner.,discussion
PART I. FINANCIAL INFORMATION,Item 2. Management's Discussion and Analysis of Financial Condition and Results of Operations,we believe free cash flow and cash flow conversion rate are important to management and investors in evaluating our financial performance and measures our ability to generate cash without additional external financing.,discussion
PART I. FINANCIAL INFORMATION,Item 2. Management's Discussion and Analysis of Financial Condition and Results of Operations,"free cash flow and cash flow conversion rate should be considered in addition to, rather than as a substitute for, cash provided by operating activities.",discussion
PART I. FINANCIAL INFORMATION,Item 2. Management's Discussion and Analysis of Financial Condition and Results of Operations,"33 table of contents the following table reconciles cash provided by operating activities (gaap measure) to free cash flow (non-gaap measure): millions,   for the six months ended june 30,2020 2019   cash provided by operating activities$ 4,392 $ 3,900   cash used in investing activities  (1,417)  (1,610)  dividends paid  (1,319)  (1,248)  free cash flow$ 1,656 $ 1,042 the following table reconciles cash provided by operating activities (gaap measure) to cash flow conversion rate (non-gaap measure): millions,      for the six months ended june 30,2020 2019   cash provided by operating activities$ 4,392 $ 3,900   cash used in capital investments  (1,599)  (1,560)  total (a)  2,793   2,340   net income (b)  2,606   2,961   cash flow conversion rate (a/b)  107 % 79 % current liquidity status we are continually evaluating the impact of covid-19 on our financial condition and liquidity.",discussion
PART I. FINANCIAL INFORMATION,Item 2. Management's Discussion and Analysis of Financial Condition and Results of Operations,"although the situation is fluid and highly uncertain, we have analyzed a wide range of economic scenarios and the impact on our ability to generate cash.",discussion
PART I. FINANCIAL INFORMATION,Item 2. Management's Discussion and Analysis of Financial Condition and Results of Operations,these analyses inform our liquidity plans and activities outlined below and indicate we have sufficient capacity to sustain an extended period of lower volumes.,discussion
PART I. FINANCIAL INFORMATION,Item 2. Management's Discussion and Analysis of Financial Condition and Results of Operations,"year-to-date, we have generated $4.4 billion of cash from operations.",discussion
PART I. FINANCIAL INFORMATION,Item 2. Management's Discussion and Analysis of Financial Condition and Results of Operations,"on june 30, 2020, we had $2.7 billion of cash and cash equivalents and $2 billion of credit available under our revolving credit facility and up to $400 million undrawn on the receivables facility.",discussion
PART I. FINANCIAL INFORMATION,Item 2. Management's Discussion and Analysis of Financial Condition and Results of Operations,"in addition, we entered into $600 million of additional short-term bilateral revolving credit lines in the second quarter which are currently 50% drawn.",discussion
PART I. FINANCIAL INFORMATION,Item 2. Management's Discussion and Analysis of Financial Condition and Results of Operations,"on april 7, 2020, we issued $750 million of long-term debt.",discussion
PART I. FINANCIAL INFORMATION,Item 2. Management's Discussion and Analysis of Financial Condition and Results of Operations,"we have $470 million of debt maturing, including $250 million in term loans and $200 million of commercial paper, before the end of the year.",discussion
PART I. FINANCIAL INFORMATION,Item 2. Management's Discussion and Analysis of Financial Condition and Results of Operations,"depending upon market conditions, we plan to renew the term loans and continue to maintain the commercial paper program.",discussion
PART I. FINANCIAL INFORMATION,Item 2. Management's Discussion and Analysis of Financial Condition and Results of Operations,"however, based on our current cash position and outlook, we expect to be able to fund our 2020 debt maturities if we choose not to renew those programs.",discussion
PART I. FINANCIAL INFORMATION,Item 2. Management's Discussion and Analysis of Financial Condition and Results of Operations,"we have been, and we expect to continue to be, in compliance with our debt covenants.",discussion
PART I. FINANCIAL INFORMATION,Item 2. Management's Discussion and Analysis of Financial Condition and Results of Operations,we utilized the provisions of irs notice 2020-23 to shift our federal estimated income tax payment of $584 million from the second quarter to the third quarter and the cares act to defer approximately $150 million of our employment tax deposits to future years.,discussion
PART I. FINANCIAL INFORMATION,Item 2. Management's Discussion and Analysis of Financial Condition and Results of Operations,our bad debt provision was unadjusted in the second quarter but it may increase in 2020 if the creditworthiness of our significant customers deteriorates.,discussion
PART I. FINANCIAL INFORMATION,Item 2. Management's Discussion and Analysis of Financial Condition and Results of Operations,"we paid out our quarterly dividend on june 30,2020, and plan to maintain going forward but have currently suspended our share repurchase activity with the exception of the final settlement on our $2 billion accelerated share repurchase program entered into on february 18, 2020.",discussion
PART I. FINANCIAL INFORMATION,Item 2. Management's Discussion and Analysis of Financial Condition and Results of Operations,"share repurchase programs effective april 1, 2019, our board of directors authorized the repurchase of up to 150 million shares of our common stock by march 31, 2022.",discussion
PART I. FINANCIAL INFORMATION,Item 2. Management's Discussion and Analysis of Financial Condition and Results of Operations,these repurchases may be made on the open market or through other transactions.,discussion
PART I. FINANCIAL INFORMATION,Item 2. Management's Discussion and Analysis of Financial Condition and Results of Operations,our management has sole discretion with respect to determining the timing and amount of these transactions.,discussion
PART I. FINANCIAL INFORMATION,Item 2. Management's Discussion and Analysis of Financial Condition and Results of Operations,"as of june 30, 2020, we repurchased a total of $39.7 billion of our common stock since commencement of our repurchase programs in 2007. ‎",discussion
PART I. FINANCIAL INFORMATION,Item 2. Management's Discussion and Analysis of Financial Condition and Results of Operations,"34 table of contents the table below represents shares repurchased under repurchase programs in the first and second quarters of 2020 and 2019: number of shares purchased average price paid  2020 20192020 2019 first quarter [a] 14,305,793  18,149,450 $ 178.66 $ 165.79  second quarter - 3,732,974   -  171.24  total 14,305,793  21,882,424 $ 178.66 $ 166.72  remaining number of shares that may be repurchased under current authority  118,849,288 [a]includes 8,786,380 and 11,795,930 shares repurchased in february 2020 and 2019, respectively, under accelerated share repurchase programs.",discussion
PART I. FINANCIAL INFORMATION,Item 2. Management's Discussion and Analysis of Financial Condition and Results of Operations,management's assessments of market conditions and other pertinent factors guide the timing and volume of all repurchases.,discussion
PART I. FINANCIAL INFORMATION,Item 2. Management's Discussion and Analysis of Financial Condition and Results of Operations,"we expect to fund any share repurchases under this program through cash generated from operations, the sale or lease of various operating and non-operating properties, debt issuances, and cash on hand.",discussion
PART I. FINANCIAL INFORMATION,Item 2. Management's Discussion and Analysis of Financial Condition and Results of Operations,"open market repurchases are recorded in treasury stock at cost, which includes any applicable commissions and fees.",discussion
PART I. FINANCIAL INFORMATION,Item 2. Management's Discussion and Analysis of Financial Condition and Results of Operations,accelerated share repurchase programs  -  the company has established accelerated share repurchase programs (asrs) with financial institutions to repurchase shares of our common stock.,discussion
PART I. FINANCIAL INFORMATION,Item 2. Management's Discussion and Analysis of Financial Condition and Results of Operations,"these asrs have been structured so that at the time of commencement, we pay a specified amount to the financial institutions and receive an initial delivery of shares.",discussion
PART I. FINANCIAL INFORMATION,Item 2. Management's Discussion and Analysis of Financial Condition and Results of Operations,additional shares may be received at the time of settlement.,discussion
PART I. FINANCIAL INFORMATION,Item 2. Management's Discussion and Analysis of Financial Condition and Results of Operations,"the final number of shares to be received is based on the volume weighted average price of the company's common stock during the asr term, less a discount and subject to potential adjustments pursuant to the terms of such asr.",discussion
PART I. FINANCIAL INFORMATION,Item 2. Management's Discussion and Analysis of Financial Condition and Results of Operations,"on february 19, 2020, the company received 8,786,380 shares of its common stock repurchased under asrs for an aggregate of $2.0 billion.",discussion
PART I. FINANCIAL INFORMATION,Item 2. Management's Discussion and Analysis of Financial Condition and Results of Operations,"when the shares were received, the exchange was accounted for as an equity transaction with $1.6 billion of the aggregate amount allocated to treasury stock and the remaining $0.4 billion allocated to paid-in-surplus.",discussion
PART I. FINANCIAL INFORMATION,Item 2. Management's Discussion and Analysis of Financial Condition and Results of Operations,this delivery of shares represents the initial and likely minimum number of shares that we may receive under the asrs initiated in 2020.,discussion
PART I. FINANCIAL INFORMATION,Item 2. Management's Discussion and Analysis of Financial Condition and Results of Operations,the final settlement is expected to be completed prior to the end of the third quarter of 2020.,discussion
PART I. FINANCIAL INFORMATION,Item 2. Management's Discussion and Analysis of Financial Condition and Results of Operations,"on february 26, 2019, the company received 11,795,930 shares of its common stock repurchased under asrs for an aggregate of $2.5 billion.",discussion
PART I. FINANCIAL INFORMATION,Item 2. Management's Discussion and Analysis of Financial Condition and Results of Operations,"upon settlement of these asrs in the third quarter of 2019, we received 3,172,900 additional shares.",discussion
PART I. FINANCIAL INFORMATION,Item 2. Management's Discussion and Analysis of Financial Condition and Results of Operations,"asrs are accounted for as equity transactions, and at the time of receipt, shares are included in treasury stock at fair market value as of the corresponding initiation or settlement date.",discussion
PART I. FINANCIAL INFORMATION,Item 2. Management's Discussion and Analysis of Financial Condition and Results of Operations,the company reflects shares received as a repurchase of common stock in the weighted average common shares outstanding calculation for basic and diluted earnings per share.,discussion
PART I. FINANCIAL INFORMATION,Item 2. Management's Discussion and Analysis of Financial Condition and Results of Operations,"off-balance sheet arrangements, contractual obligations, and commercial commitments as described in the notes to the condensed consolidated financial statements and as referenced in the tables below, we have contractual obligations and commercial commitments that may affect our financial condition.",discussion
PART I. FINANCIAL INFORMATION,Item 2. Management's Discussion and Analysis of Financial Condition and Results of Operations,"however, based on our assessment of the underlying provisions and circumstances of our contractual obligations and commercial commitments, including material sources of off-balance sheet and structured finance arrangements, there is no known trend, demand, commitment, event, or uncertainty that is reasonably likely to occur that would have a material adverse effect on our consolidated results of operations, financial condition, or liquidity.",discussion
PART I. FINANCIAL INFORMATION,Item 2. Management's Discussion and Analysis of Financial Condition and Results of Operations,"in addition, our commercial obligations, financings, and commitments are customary transactions that are similar to those of other comparable corporations, particularly within the transportation industry. ‎",discussion
PART I. FINANCIAL INFORMATION,Item 2. Management's Discussion and Analysis of Financial Condition and Results of Operations,"35 table of contents the following tables identify material obligations and commitments as of june 30, 2020: jul.",discussion
PART I. FINANCIAL INFORMATION,Item 2. Management's Discussion and Analysis of Financial Condition and Results of Operations,"1payments due by dec. 31,   through             contractual obligations  dec.",discussion
PART I. FINANCIAL INFORMATION,Item 2. Management's Discussion and Analysis of Financial Condition and Results of Operations,"31,         after   millions total 202020212022 202320242024other debt [a]$ 50,124 $ 982 $ 2,475 $ 2,695 $ 2,260 $ 2,280 $ 39,432 $ - operating leases [b]  1,894   103   302   267   225   216   781   - finance lease obligations [c]  618   62   142   127   88   75   124   - purchase obligations [d]  3,079   796   822   443   202   187   626   3  other postretirement benefits [e] 209   24   24   22   22   20   97   - income tax contingencies [f]  69   1   -  -  -  -  -  68  total contractual obligations$ 55,993 $ 1,968 $ 3,765 $ 3,554 $ 2,797 $ 2,778 $ 41,060 $ 71 [a]excludes finance lease obligations of $532 million, as well as unamortized discount and deferred issuance costs of ($1,247) million.",discussion
PART I. FINANCIAL INFORMATION,Item 2. Management's Discussion and Analysis of Financial Condition and Results of Operations,"includes an interest component of $20,980 million. [b] includes leases for locomotives, freight cars, other equipment, and real estate.",discussion
PART I. FINANCIAL INFORMATION,Item 2. Management's Discussion and Analysis of Financial Condition and Results of Operations,"includes an interest component of $255 million. [c]represents total obligations, including interest component of $86 million. [d]purchase obligations include locomotive maintenance contracts; purchase commitments for fuel purchases, locomotives, ties, ballast, and rail; and agreements to purchase other goods and services.",discussion
PART I. FINANCIAL INFORMATION,Item 2. Management's Discussion and Analysis of Financial Condition and Results of Operations,"for amounts where we cannot reasonably estimate the year of settlement, they are included in the other column. [e]includes estimated other postretirement, medical, and life insurance payments and payments made under the unfunded pension plan for the next ten years. [f]future cash flows for income tax contingencies reflect the recorded liabilities and assets for unrecognized tax benefits, including any interest or penalties, as of june 30, 2020.",discussion
PART I. FINANCIAL INFORMATION,Item 2. Management's Discussion and Analysis of Financial Condition and Results of Operations,"for amounts where the year of settlement is uncertain, they are included in the other column.",discussion
PART I. FINANCIAL INFORMATION,Item 2. Management's Discussion and Analysis of Financial Condition and Results of Operations,jul.,discussion
PART I. FINANCIAL INFORMATION,Item 2. Management's Discussion and Analysis of Financial Condition and Results of Operations,"1amount of commitment expiration by dec. 31,   through           other commercial commitments dec.",discussion
PART I. FINANCIAL INFORMATION,Item 2. Management's Discussion and Analysis of Financial Condition and Results of Operations,"31,         after millions total202020212022202320242024 credit facilities [a]$ 2,000 $ -$ -$ -$ 2,000 $ -$ - receivables securitization facility [b] 800   -  -  800   -  -  - bilateral revolving credit lines [c]  600   -  600   -  -  -  - guarantees [d]  15   5   5   5        standby letters of credit [e]  18   7   11   -  -  -  - total commercial commitments$ 3,433 $ 12 $ 616 $ 805 $ 2,000 $ -$ - [a] none of the credit facility was used as of june 30, 2020. [b] $400 million of the receivables securitization facility was utilized as of june 30, 2020, which is accounted for as debt.",discussion
PART I. FINANCIAL INFORMATION,Item 2. Management's Discussion and Analysis of Financial Condition and Results of Operations,"the full program matures in july 2022. [c]$300 million of the bilateral revolving credit lines were utilized as of june 30, 2020, which is accounted for as debt.",discussion
PART I. FINANCIAL INFORMATION,Item 2. Management's Discussion and Analysis of Financial Condition and Results of Operations,"the programs mature in may 2021. [d]includes guaranteed obligations related to our affiliated operations. [e]none of the letters of credit were drawn upon as of june 30, 2020.",discussion
PART I. FINANCIAL INFORMATION,Item 2. Management's Discussion and Analysis of Financial Condition and Results of Operations,other matters asserted and unasserted claims  -  various claims and lawsuits are pending against us and certain of our subsidiaries.,discussion
PART I. FINANCIAL INFORMATION,Item 2. Management's Discussion and Analysis of Financial Condition and Results of Operations,"we cannot fully determine the effect of all asserted and unasserted claims on our consolidated results of operations, financial condition, or liquidity.",discussion
PART I. FINANCIAL INFORMATION,Item 2. Management's Discussion and Analysis of Financial Condition and Results of Operations,"to the extent possible, we have recorded a liability where asserted and unasserted claims are considered probable and where such claims can be reasonably estimated.",discussion
PART I. FINANCIAL INFORMATION,Item 2. Management's Discussion and Analysis of Financial Condition and Results of Operations,"we do not expect that any known lawsuits, claims, environmental costs, commitments, contingent liabilities, or guarantees will have a material adverse effect on our consolidated results of operations, financial condition, or liquidity after taking into account liabilities and insurance recoveries previously recorded for these matters. ‎",discussion
PART I. FINANCIAL INFORMATION,Item 2. Management's Discussion and Analysis of Financial Condition and Results of Operations,"36 table of contents indemnities  -  we are contingently obligated under a variety of indemnification arrangements, although in some cases the extent of our potential liability is limited, depending on the nature of the transactions and the agreements.",discussion
PART I. FINANCIAL INFORMATION,Item 2. Management's Discussion and Analysis of Financial Condition and Results of Operations,"due to uncertainty as to whether claims will be made or how they will be resolved, we cannot reasonably determine the probability of an adverse claim or reasonably estimate any adverse liability or the total maximum exposure under these indemnification arrangements.",discussion
PART I. FINANCIAL INFORMATION,Item 2. Management's Discussion and Analysis of Financial Condition and Results of Operations,we do not have any reason to believe that we will be required to make any material payments under these indemnity provisions.,discussion
PART I. FINANCIAL INFORMATION,Item 2. Management's Discussion and Analysis of Financial Condition and Results of Operations,accounting pronouncements  -  see note 2 to the condensed consolidated financial statements.,discussion
PART I. FINANCIAL INFORMATION,Item 2. Management's Discussion and Analysis of Financial Condition and Results of Operations,available information our internet website is www.up.com.,discussion
PART I. FINANCIAL INFORMATION,Item 2. Management's Discussion and Analysis of Financial Condition and Results of Operations,"we make available free of charge on our website (under the ""investors"" caption link) our annual reports on form 10-k; our quarterly reports on form 10-q; our current reports on form 8-k; our proxy statements; forms 3, 4, and 5, filed on behalf of directors and executive officers; and amendments to any such reports filed or furnished pursuant to the securities exchange act of 1934, as amended (the exchange act), as soon as reasonably practicable after such material is electronically filed with, or furnished to, the securities and exchange commission (sec).",discussion
PART I. FINANCIAL INFORMATION,Item 2. Management's Discussion and Analysis of Financial Condition and Results of Operations,we also make available on our website previously filed sec reports and exhibits via a link to edgar on the sec's internet site at www.sec.gov.,discussion
PART I. FINANCIAL INFORMATION,Item 2. Management's Discussion and Analysis of Financial Condition and Results of Operations,we provide these previously filed reports as a convenience and their contents reflect only information that was true and correct as of the date of the report.,discussion
PART I. FINANCIAL INFORMATION,Item 2. Management's Discussion and Analysis of Financial Condition and Results of Operations,we assume no obligation to update this historical information.,discussion
PART I. FINANCIAL INFORMATION,Item 2. Management's Discussion and Analysis of Financial Condition and Results of Operations,"additionally, our corporate governance materials, including by-laws, board committee charters, governance guidelines and policies, and codes of conduct and ethics for directors, officers, and employees are available on our website.",discussion
PART I. FINANCIAL INFORMATION,Item 2. Management's Discussion and Analysis of Financial Condition and Results of Operations,"from time to time, the corporate governance materials on our website may be updated as necessary to comply with rules issued by the sec and the new york stock exchange or as desirable to promote the effective and efficient governance of our company.",discussion
PART I. FINANCIAL INFORMATION,Item 2. Management's Discussion and Analysis of Financial Condition and Results of Operations,"any security holder wishing to receive, without charge, a copy of any of our sec filings or corporate governance materials should send a written request to: corporate secretary, union pacific corporation, 1400 douglas street, omaha, ne 68179.",discussion
PART I. FINANCIAL INFORMATION,Item 2. Management's Discussion and Analysis of Financial Condition and Results of Operations,"references to our website address in this report, including references in management's discussion and analysis of financial condition and results of operations, item 2, are provided as a convenience and do not constitute, and should not be deemed, an incorporation by reference of the information contained on, or available through, the website.",discussion
PART I. FINANCIAL INFORMATION,Item 2. Management's Discussion and Analysis of Financial Condition and Results of Operations,"therefore, such information should not be considered part of this report.",discussion
