seq,description,document,href,type,size
1,10-Q,amt10qq12017.htm,https://www.sec.gov/Archives/edgar/data/1053507/000105350717000031/amt10qq12017.htm,10-Q,1672822
2,EXHIBIT 12,exhibit12q12017.htm,https://www.sec.gov/Archives/edgar/data/1053507/000105350717000031/exhibit12q12017.htm,EX-12,86654
3,EXHIBIT 31.1,exhibit311q12017.htm,https://www.sec.gov/Archives/edgar/data/1053507/000105350717000031/exhibit311q12017.htm,EX-31.1,15598
4,EXHIBIT 31.2,exhibit312q12017.htm,https://www.sec.gov/Archives/edgar/data/1053507/000105350717000031/exhibit312q12017.htm,EX-31.2,16254
5,EXHIBIT 32,exhibit32q12017.htm,https://www.sec.gov/Archives/edgar/data/1053507/000105350717000031/exhibit32q12017.htm,EX-32,16901
NA,Complete submission text file,0001053507-17-000031.txt,https://www.sec.gov/Archives/edgar/data/1053507/000105350717000031/0001053507-17-000031.txt, ,9313475
6,XBRL INSTANCE DOCUMENT,amt-20170331.xml,https://www.sec.gov/Archives/edgar/data/1053507/000105350717000031/amt-20170331.xml,EX-101.INS,2049564
7,XBRL TAXONOMY EXTENSION SCHEMA DOCUMENT,amt-20170331.xsd,https://www.sec.gov/Archives/edgar/data/1053507/000105350717000031/amt-20170331.xsd,EX-101.SCH,56962
8,XBRL TAXONOMY EXTENSION CALCULATION LINKBASE DOCUMENT,amt-20170331_cal.xml,https://www.sec.gov/Archives/edgar/data/1053507/000105350717000031/amt-20170331_cal.xml,EX-101.CAL,117089
9,XBRL TAXONOMY EXTENSION DEFINITION LINKBASE DOCUMENT,amt-20170331_def.xml,https://www.sec.gov/Archives/edgar/data/1053507/000105350717000031/amt-20170331_def.xml,EX-101.DEF,403009
10,XBRL TAXONOMY EXTENSION LABEL LINKBASE DOCUMENT,amt-20170331_lab.xml,https://www.sec.gov/Archives/edgar/data/1053507/000105350717000031/amt-20170331_lab.xml,EX-101.LAB,830681
11,XBRL TAXONOMY EXTENSION PRESENTATION LINKBASE DOCUMENT,amt-20170331_pre.xml,https://www.sec.gov/Archives/edgar/data/1053507/000105350717000031/amt-20170331_pre.xml,EX-101.PRE,537625
