seq,description,document,href,type,size
1,FY1819 Q1 JAS 10-Q,fy1819q1jas10-qreport.htm,https://www.sec.gov/Archives/edgar/data/80424/000008042418000100/fy1819q1jas10-qreport.htm,10-Q,1155494
2,THE PROCTER & GAMBLE PERFORMANCE STOCK PROGRAM SUMMARY,fy1819q1jas10-qexhibit10x1.htm,https://www.sec.gov/Archives/edgar/data/80424/000008042418000100/fy1819q1jas10-qexhibit10x1.htm,EX-10.1,32606
3,THE PROCTER & GAMBLE COMPANY EXECUTIVE DEFERRED COMP PLAN,fy1819q1jas10-qexhibit10x2.htm,https://www.sec.gov/Archives/edgar/data/80424/000008042418000100/fy1819q1jas10-qexhibit10x2.htm,EX-10.2,124930
4,SUMMARY OF ADD PERSONAL BEN AVAIL TO CERTAIN OFFICERS AND NON-EMP DIRECTORS,fy1819q1jas10-qexhibit10x3.htm,https://www.sec.gov/Archives/edgar/data/80424/000008042418000100/fy1819q1jas10-qexhibit10x3.htm,EX-10.3,11049
5,COMPUTATION OF RATIO OF EARNINGS TO FIXED CHARGES,fy1819q1jas10-qexhibit12.htm,https://www.sec.gov/Archives/edgar/data/80424/000008042418000100/fy1819q1jas10-qexhibit12.htm,EX-12,60157
6,EXHIBIT 31.1 RULE 13A-14(A)/15D-14(A) CERTIFICATION CHIEF EXECUTIVE OFFICER,fy1819q1jas10-qexhibit311.htm,https://www.sec.gov/Archives/edgar/data/80424/000008042418000100/fy1819q1jas10-qexhibit311.htm,EX-31.1,12745
7,EXHIBIT 31.1 RULE 13A-14(A)/15D-14(A) CERTIFICATION CHIEF FINANCIAL OFFICER,fy1819q1jas10-qexhibit312.htm,https://www.sec.gov/Archives/edgar/data/80424/000008042418000100/fy1819q1jas10-qexhibit312.htm,EX-31.2,12819
8,SECTION 1350 CERTIFICATIONS CHIEF EXECUTIVE OFFICER,fy1819q1jas10-qexhibit321.htm,https://www.sec.gov/Archives/edgar/data/80424/000008042418000100/fy1819q1jas10-qexhibit321.htm,EX-32.1,5966
9,SECTION 1350 CERTIFICATIONS CHIEF FINANCIAL OFFICER,fy1819q1jas10-qexhibit322.htm,https://www.sec.gov/Archives/edgar/data/80424/000008042418000100/fy1819q1jas10-qexhibit322.htm,EX-32.2,5910
15,,pglogoa11.jpg,https://www.sec.gov/Archives/edgar/data/80424/000008042418000100/pglogoa11.jpg,GRAPHIC,6542
NA,Complete submission text file,0000080424-18-000100.txt,https://www.sec.gov/Archives/edgar/data/80424/000008042418000100/0000080424-18-000100.txt, ,5613807
10,XBRL TAXONOMY EXTENSION SCHEMA DOCUMENT,pg-20180930.xsd,https://www.sec.gov/Archives/edgar/data/80424/000008042418000100/pg-20180930.xsd,EX-101.SCH,40017
11,XBRL TAXONOMY EXTENSION CALCULATION LINKBASE DOCUMENT,pg-20180930_cal.xml,https://www.sec.gov/Archives/edgar/data/80424/000008042418000100/pg-20180930_cal.xml,EX-101.CAL,65241
12,XBRL TAXONOMY EXTENSION DEFINITION LINKBASE DOCUMENT,pg-20180930_def.xml,https://www.sec.gov/Archives/edgar/data/80424/000008042418000100/pg-20180930_def.xml,EX-101.DEF,239354
13,XBRL TAXONOMY EXTENSION LABEL LINKBASE DOCUMENT,pg-20180930_lab.xml,https://www.sec.gov/Archives/edgar/data/80424/000008042418000100/pg-20180930_lab.xml,EX-101.LAB,465219
14,XBRL TAXONOMY EXTENSION PRESENTATION LINKBASE DOCUMENT,pg-20180930_pre.xml,https://www.sec.gov/Archives/edgar/data/80424/000008042418000100/pg-20180930_pre.xml,EX-101.PRE,313890
16,EXTRACTED XBRL INSTANCE DOCUMENT,fy1819q1jas10-qreport_htm.xml,https://www.sec.gov/Archives/edgar/data/80424/000008042418000100/fy1819q1jas10-qreport_htm.xml,XML,898765
