seq,description,document,href,type,size
1,10-K 2019,form10-k20191229.htm,https://www.sec.gov/Archives/edgar/data/200406/000020040620000010/form10-k20191229.htm,10-K,6435415
2,EXHIBIT 21,ex21-subsidiariesxform.htm,https://www.sec.gov/Archives/edgar/data/200406/000020040620000010/ex21-subsidiariesxform.htm,EX-21,276510
3,EXHIBIT 23,ex23-pwcconsentxform10.htm,https://www.sec.gov/Archives/edgar/data/200406/000020040620000010/ex23-pwcconsentxform10.htm,EX-23,2475
4,EXHIBIT 31.1 CEO CERTIFICATION,ex311-302certofceoxfor.htm,https://www.sec.gov/Archives/edgar/data/200406/000020040620000010/ex311-302certofceoxfor.htm,EX-31.1,10188
5,EXHIBIT 31.2 CFO CERTIFICATION,ex312-302certofcfoxfor.htm,https://www.sec.gov/Archives/edgar/data/200406/000020040620000010/ex312-302certofcfoxfor.htm,EX-31.2,10192
6,EXHIBIT 32.1 CFO 906 CERTIFICATION,ex321-906certofceoxfor.htm,https://www.sec.gov/Archives/edgar/data/200406/000020040620000010/ex321-906certofceoxfor.htm,EX-32.1,8825
7,EXHIBIT 32.2 CFO CERTIFICATION 906,ex322-906certofcfoxfor.htm,https://www.sec.gov/Archives/edgar/data/200406/000020040620000010/ex322-906certofcfoxfor.htm,EX-32.2,7040
13,,chart-1ac36ca0d1a4503ca1c.jpg,https://www.sec.gov/Archives/edgar/data/200406/000020040620000010/chart-1ac36ca0d1a4503ca1c.jpg,GRAPHIC,25088
14,,chart-9ff0d624aa285774ab6.jpg,https://www.sec.gov/Archives/edgar/data/200406/000020040620000010/chart-9ff0d624aa285774ab6.jpg,GRAPHIC,13189
15,,chart-035f7b06f212532ca24.jpg,https://www.sec.gov/Archives/edgar/data/200406/000020040620000010/chart-035f7b06f212532ca24.jpg,GRAPHIC,28433
16,,chart-98febd78d70a515ead5.jpg,https://www.sec.gov/Archives/edgar/data/200406/000020040620000010/chart-98febd78d70a515ead5.jpg,GRAPHIC,12936
17,,chart-1854133c01565e83bbe.jpg,https://www.sec.gov/Archives/edgar/data/200406/000020040620000010/chart-1854133c01565e83bbe.jpg,GRAPHIC,37780
18,,chart-983466494a9a5b4ba93.jpg,https://www.sec.gov/Archives/edgar/data/200406/000020040620000010/chart-983466494a9a5b4ba93.jpg,GRAPHIC,13786
19,5 YEAR SHAREHOLDER,jnj5yearshareholder2019.jpg,https://www.sec.gov/Archives/edgar/data/200406/000020040620000010/jnj5yearshareholder2019.jpg,GRAPHIC,49956
20,10 YEAR SHAREHOLDER,jnj10yearshareholder2019.jpg,https://www.sec.gov/Archives/edgar/data/200406/000020040620000010/jnj10yearshareholder2019.jpg,GRAPHIC,56839
NA,Complete submission text file,0000200406-20-000010.txt,https://www.sec.gov/Archives/edgar/data/200406/000020040620000010/0000200406-20-000010.txt, ,30955573
8,XBRL TAXONOMY EXTENSION SCHEMA DOCUMENT,jnj-20191229.xsd,https://www.sec.gov/Archives/edgar/data/200406/000020040620000010/jnj-20191229.xsd,EX-101.SCH,128590
9,XBRL TAXONOMY EXTENSION CALCULATION LINKBASE DOCUMENT,jnj-20191229_cal.xml,https://www.sec.gov/Archives/edgar/data/200406/000020040620000010/jnj-20191229_cal.xml,EX-101.CAL,170351
10,XBRL TAXONOMY EXTENSION DEFINITION LINKBASE DOCUMENT,jnj-20191229_def.xml,https://www.sec.gov/Archives/edgar/data/200406/000020040620000010/jnj-20191229_def.xml,EX-101.DEF,822130
11,XBRL TAXONOMY EXTENSION LABEL LINKBASE DOCUMENT,jnj-20191229_lab.xml,https://www.sec.gov/Archives/edgar/data/200406/000020040620000010/jnj-20191229_lab.xml,EX-101.LAB,1729933
12,XBRL TAXONOMY EXTENSION PRESENTATION LINKBASE DOCUMENT,jnj-20191229_pre.xml,https://www.sec.gov/Archives/edgar/data/200406/000020040620000010/jnj-20191229_pre.xml,EX-101.PRE,1125369
137,EXTRACTED XBRL INSTANCE DOCUMENT,form10-k20191229_htm.xml,https://www.sec.gov/Archives/edgar/data/200406/000020040620000010/form10-k20191229_htm.xml,XML,7905625
