seq,description,document,href,type,size
1,10-Q,fb-09302017x10q.htm,https://www.sec.gov/Archives/edgar/data/1326801/000132680117000053/fb-09302017x10q.htm,10-Q,1311557
2,EXHIBIT 31.1,fb-09302017xex311.htm,https://www.sec.gov/Archives/edgar/data/1326801/000132680117000053/fb-09302017xex311.htm,EX-31.1,10536
3,EXHIBIT 31.2,fb-09302017xex312.htm,https://www.sec.gov/Archives/edgar/data/1326801/000132680117000053/fb-09302017xex312.htm,EX-31.2,10654
4,EXHIBIT 32.1,fb-09302017xex321.htm,https://www.sec.gov/Archives/edgar/data/1326801/000132680117000053/fb-09302017xex321.htm,EX-32.1,7827
5,EXHIBIT 32.2,fb-09302017xex322.htm,https://www.sec.gov/Archives/edgar/data/1326801/000132680117000053/fb-09302017xex322.htm,EX-32.2,7834
12,,daugraphworkivaa03.jpg,https://www.sec.gov/Archives/edgar/data/1326801/000132680117000053/daugraphworkivaa03.jpg,GRAPHIC,95014
13,,maugraphsworkiva.jpg,https://www.sec.gov/Archives/edgar/data/1326801/000132680117000053/maugraphsworkiva.jpg,GRAPHIC,84443
14,,revandarpu06302017.jpg,https://www.sec.gov/Archives/edgar/data/1326801/000132680117000053/revandarpu06302017.jpg,GRAPHIC,13431
15,,revenuegraphworkivaa01.jpg,https://www.sec.gov/Archives/edgar/data/1326801/000132680117000053/revenuegraphworkivaa01.jpg,GRAPHIC,87575
NA,Complete submission text file,0001326801-17-000053.txt,https://www.sec.gov/Archives/edgar/data/1326801/000132680117000053/0001326801-17-000053.txt, ,6100589
6,XBRL INSTANCE DOCUMENT,fb-20170930.xml,https://www.sec.gov/Archives/edgar/data/1326801/000132680117000053/fb-20170930.xml,EX-101.INS,1311900
7,XBRL TAXONOMY EXTENSION SCHEMA DOCUMENT,fb-20170930.xsd,https://www.sec.gov/Archives/edgar/data/1326801/000132680117000053/fb-20170930.xsd,EX-101.SCH,32728
8,XBRL TAXONOMY EXTENSION CALCULATION LINKBASE DOCUMENT,fb-20170930_cal.xml,https://www.sec.gov/Archives/edgar/data/1326801/000132680117000053/fb-20170930_cal.xml,EX-101.CAL,69936
9,XBRL TAXONOMY EXTENSION DEFINITION LINKBASE DOCUMENT,fb-20170930_def.xml,https://www.sec.gov/Archives/edgar/data/1326801/000132680117000053/fb-20170930_def.xml,EX-101.DEF,186513
10,XBRL TAXONOMY EXTENSION LABEL LINKBASE DOCUMENT,fb-20170930_lab.xml,https://www.sec.gov/Archives/edgar/data/1326801/000132680117000053/fb-20170930_lab.xml,EX-101.LAB,479349
11,XBRL TAXONOMY EXTENSION PRESENTATION LINKBASE DOCUMENT,fb-20170930_pre.xml,https://www.sec.gov/Archives/edgar/data/1326801/000132680117000053/fb-20170930_pre.xml,EX-101.PRE,283982
