part.name,item.name,sentence_text,section
PART I. FINANCIAL INFORMATION,Item 2. Management's Discussion and Analysis of Financial Condition and Results of Operations,item 2.,discussion
PART I. FINANCIAL INFORMATION,Item 2. Management's Discussion and Analysis of Financial Condition and Results of Operations,"management's discussion and analysis of financial condition and results of operations  union pacific corporation and subsidiary companies results of operations  three months ended march 31, 2019, compared to three months ended march 31, 2018   for purposes of this report, unless the context otherwise requires, all references herein to ""upc"", ""corporation"", ""company"", ""we"", ""us"", and ""our"" shall mean union pacific corporation and its subsidiaries, including union pacific railroad company, which we separately refer to as ""uprr"" or the ""railroad"".",discussion
PART I. FINANCIAL INFORMATION,Item 2. Management's Discussion and Analysis of Financial Condition and Results of Operations,"the following discussion should be read in conjunction with the condensed consolidated financial statements and applicable notes to the condensed consolidated financial statements, item 1, and other information included in this report.",discussion
PART I. FINANCIAL INFORMATION,Item 2. Management's Discussion and Analysis of Financial Condition and Results of Operations,"our condensed consolidated financial statements are unaudited and reflect all adjustments (consisting only of normal and recurring adjustments) that are, in the opinion of management, necessary for their fair presentation in conformity with accounting principles generally accepted in the united states of america (gaap).",discussion
PART I. FINANCIAL INFORMATION,Item 2. Management's Discussion and Analysis of Financial Condition and Results of Operations,"the railroad, along with its subsidiaries and rail affiliates, is our one reportable business segment.",discussion
PART I. FINANCIAL INFORMATION,Item 2. Management's Discussion and Analysis of Financial Condition and Results of Operations,"although we provide and analyze revenue by commodity group, we treat the financial results of the railroad as one segment due to the integrated nature of our rail network.",discussion
PART I. FINANCIAL INFORMATION,Item 2. Management's Discussion and Analysis of Financial Condition and Results of Operations,available information  our internet website is www.up.com.,discussion
PART I. FINANCIAL INFORMATION,Item 2. Management's Discussion and Analysis of Financial Condition and Results of Operations,"we make available free of charge on our website (under the ""investors"" caption link) our annual reports on form 10-k; our quarterly reports on form 10-q; extensible business reporting language (xbrl) documents; our current reports on form 8-k; our proxy statements; forms 3, 4, and 5, filed on behalf of directors and executive officers; and amendments to any such reports filed or furnished pursuant to the securities exchange act of 1934, as amended (the exchange act), as soon as reasonably practicable after such material is electronically filed with, or furnished to, the securities and exchange commission (sec).",discussion
PART I. FINANCIAL INFORMATION,Item 2. Management's Discussion and Analysis of Financial Condition and Results of Operations,we also make available on our website previously filed sec reports and exhibits via a link to edgar on the sec's internet site at www.sec.gov.,discussion
PART I. FINANCIAL INFORMATION,Item 2. Management's Discussion and Analysis of Financial Condition and Results of Operations,we provide these previously filed reports as a convenience and their contents reflect only information that was true and correct as of the date of the report.,discussion
PART I. FINANCIAL INFORMATION,Item 2. Management's Discussion and Analysis of Financial Condition and Results of Operations,we assume no obligation to update this historical information.,discussion
PART I. FINANCIAL INFORMATION,Item 2. Management's Discussion and Analysis of Financial Condition and Results of Operations,"additionally, our corporate governance materials, including by-laws, board committee charters, governance guidelines and policies, and codes of conduct and ethics for directors, officers, and employees are available on our website.",discussion
PART I. FINANCIAL INFORMATION,Item 2. Management's Discussion and Analysis of Financial Condition and Results of Operations,"from time to time, the corporate governance materials on our website may be updated as necessary to comply with rules issued by the sec and the new york stock exchange or as desirable to promote the effective and efficient governance of our company.",discussion
PART I. FINANCIAL INFORMATION,Item 2. Management's Discussion and Analysis of Financial Condition and Results of Operations,"any security holder wishing to receive, without charge, a copy of any of our sec filings or corporate governance materials should send a written request to: corporate secretary, union pacific corporation, 1400 douglas street, omaha, ne 68179.",discussion
PART I. FINANCIAL INFORMATION,Item 2. Management's Discussion and Analysis of Financial Condition and Results of Operations,"references to our website address in this report, including references in management's discussion and analysis of financial condition and results of operations, item 2, are provided as a convenience and do not constitute, and should not be deemed, an incorporation by reference of the information contained on, or available through, the website.",discussion
PART I. FINANCIAL INFORMATION,Item 2. Management's Discussion and Analysis of Financial Condition and Results of Operations,"therefore, such information should not be considered part of this report.",discussion
PART I. FINANCIAL INFORMATION,Item 2. Management's Discussion and Analysis of Financial Condition and Results of Operations,critical accounting policies and estimates  we base our discussion and analysis of our financial condition and results of operations upon our condensed consolidated financial statements.,discussion
PART I. FINANCIAL INFORMATION,Item 2. Management's Discussion and Analysis of Financial Condition and Results of Operations,"the preparation of these financial statements requires estimation and judgment that affect the reported amounts of revenues, expenses, assets, and liabilities.",discussion
PART I. FINANCIAL INFORMATION,Item 2. Management's Discussion and Analysis of Financial Condition and Results of Operations,"we base our estimates on historical experience and on various other assumptions that are believed to be reasonable under the circumstances, the results of which form the basis for making judgments about the carrying values of assets and liabilities that are not readily apparent from other sources.",discussion
PART I. FINANCIAL INFORMATION,Item 2. Management's Discussion and Analysis of Financial Condition and Results of Operations,"if these estimates differ materially from actual results, the impact on the condensed consolidated financial statements may be material.",discussion
PART I. FINANCIAL INFORMATION,Item 2. Management's Discussion and Analysis of Financial Condition and Results of Operations,our critical accounting policies are available in item 7 of our 2018 annual report on form 10-k.,discussion
PART I. FINANCIAL INFORMATION,Item 2. Management's Discussion and Analysis of Financial Condition and Results of Operations,changes to our accounting policies as a result of adopting asu 2016-02 are discussed within note 16 of the condensed consolidated financial statements.,discussion
PART I. FINANCIAL INFORMATION,Item 2. Management's Discussion and Analysis of Financial Condition and Results of Operations,23 table of contents results of operations  quarterly summary  we reported earnings of $1.93 per diluted share on net income of $1.4 billion in the first quarter of 2019 compared to earnings of $1.68 per diluted share on net income of $1.3 billion for the first quarter of 2018.,discussion
PART I. FINANCIAL INFORMATION,Item 2. Management's Discussion and Analysis of Financial Condition and Results of Operations,freight revenues decreased 2% in the first quarter compared to the same period in 2018 driven by a 2% volume decline.,discussion
PART I. FINANCIAL INFORMATION,Item 2. Management's Discussion and Analysis of Financial Condition and Results of Operations,average revenue per car (arc) was essentially flat as core pricing gains and higher fuel surcharge revenue were offset by negative mix of traffic.,discussion
PART I. FINANCIAL INFORMATION,Item 2. Management's Discussion and Analysis of Financial Condition and Results of Operations,"growth in shipments of intermodal, rock, petroleum products, plastics, and steel were more than offset by declines in coal, frac sand,  domestic intermodal,  grain, grain products, and auto parts shipments.",discussion
PART I. FINANCIAL INFORMATION,Item 2. Management's Discussion and Analysis of Financial Condition and Results of Operations,service disruptions were caused by a series of significant weather events throughout the quarter.,discussion
PART I. FINANCIAL INFORMATION,Item 2. Management's Discussion and Analysis of Financial Condition and Results of Operations,heavy snowfall and harsh winter conditions in the midwest and pacific northwest were followed by widespread flooding across the central portion of our network.,discussion
PART I. FINANCIAL INFORMATION,Item 2. Management's Discussion and Analysis of Financial Condition and Results of Operations,"these weather events negatively impacted carload volumes across various lines of business and drove additional operating expenses in the quarter, adversely affecting earnings by approximately $0.15 per diluted share.",discussion
PART I. FINANCIAL INFORMATION,Item 2. Management's Discussion and Analysis of Financial Condition and Results of Operations,"despite the disruptions, we remained focused on productivity initiatives and implementation of unified plan 2020, the company's plan for operating a safe, reliable and efficient railroad by increasing reliability of our service product, reducing variability in network operations, and improving resource utilization costs.",discussion
PART I. FINANCIAL INFORMATION,Item 2. Management's Discussion and Analysis of Financial Condition and Results of Operations,"as part of this implementation, network operations improved significantly throughout the fourth quarter and into 2019.",discussion
PART I. FINANCIAL INFORMATION,Item 2. Management's Discussion and Analysis of Financial Condition and Results of Operations,year-over-year we saw a 6% improvement in locomotive productivity and a 7% improvement in freight car velocity.,discussion
PART I. FINANCIAL INFORMATION,Item 2. Management's Discussion and Analysis of Financial Condition and Results of Operations,"although we incurred additional costs from the weather events, including higher labor, equipment rental, locomotive maintenance, and fuel consumption costs, they were more than offset by lower fuel prices, productivity savings and a $42 million reduction of compensation expense due to refund claims for railroad retirement taxes on certain stock awards and bonus payments (employment tax refund).",discussion
PART I. FINANCIAL INFORMATION,Item 2. Management's Discussion and Analysis of Financial Condition and Results of Operations,"the reduction in expenses more than offset lower top line results, generating operating income growth of 1% and 1.0 point improvement in the operating ratio.",discussion
PART I. FINANCIAL INFORMATION,Item 2. Management's Discussion and Analysis of Financial Condition and Results of Operations,"operating revenues                                                                                                                                                                        ﻿                                                                                                                                                                       millions,                                                                                                                                               %                       for the three months ended march 31,          2019           2018                         change                       freight revenues                       $          5,010                        $          5,122           (2)                       %                       other subsidiary revenues                                  223                                   217           3                                                accessorial revenues                                  133                                   121           10                                                other                                  18                                   15           20                                                total                       $          5,384                        $          5,475           (2)                       % we generate freight revenues by transporting freight or other materials from our four commodity groups.",discussion
PART I. FINANCIAL INFORMATION,Item 2. Management's Discussion and Analysis of Financial Condition and Results of Operations,freight revenues vary with volume (carloads) and arc.,discussion
PART I. FINANCIAL INFORMATION,Item 2. Management's Discussion and Analysis of Financial Condition and Results of Operations,"changes in price, traffic mix and fuel surcharges drive arc.",discussion
PART I. FINANCIAL INFORMATION,Item 2. Management's Discussion and Analysis of Financial Condition and Results of Operations,"we provide some of our customers with contractual incentives for meeting or exceeding specified cumulative volumes or shipping to and from specific locations, which we record as reductions to freight revenues based on the actual or projected future shipments.",discussion
PART I. FINANCIAL INFORMATION,Item 2. Management's Discussion and Analysis of Financial Condition and Results of Operations,we recognize freight revenues over time as shipments move from origin to destination.,discussion
PART I. FINANCIAL INFORMATION,Item 2. Management's Discussion and Analysis of Financial Condition and Results of Operations,the allocation of revenue between reporting periods is based on the relative transit time in each reporting period with expenses recognized as incurred.,discussion
PART I. FINANCIAL INFORMATION,Item 2. Management's Discussion and Analysis of Financial Condition and Results of Operations,other revenues consist primarily of revenues earned by our other subsidiaries (primarily logistics and commuter rail operations) and accessorial revenues.,discussion
PART I. FINANCIAL INFORMATION,Item 2. Management's Discussion and Analysis of Financial Condition and Results of Operations,other subsidiary revenues are generally recognized over time as shipments move from origin to destination.,discussion
PART I. FINANCIAL INFORMATION,Item 2. Management's Discussion and Analysis of Financial Condition and Results of Operations,the allocation of revenue between reporting periods is based on the relative transit time in each reporting period with expenses recognized as incurred.,discussion
PART I. FINANCIAL INFORMATION,Item 2. Management's Discussion and Analysis of Financial Condition and Results of Operations,accessorial revenues are recognized at a point in time as performance obligations are satisfied.,discussion
PART I. FINANCIAL INFORMATION,Item 2. Management's Discussion and Analysis of Financial Condition and Results of Operations,"freight revenues decreased 2% during the first quarter of 2019 compared to 2018, resulting from a  2% volume decline and negative mix of traffic partially offset by core pricing gains and higher fuel surcharge revenue.",discussion
PART I. FINANCIAL INFORMATION,Item 2. Management's Discussion and Analysis of Financial Condition and Results of Operations,"weather-related disruptions negatively impacted coal, domestic intermodal, grain products and lumber volumes year-over-year.",discussion
PART I. FINANCIAL INFORMATION,Item 2. Management's Discussion and Analysis of Financial Condition and Results of Operations,"fewer shipments of frac sand, grain and auto parts partially offset by growth in international intermodal, rock, petroleum products and plastics drove additional volume declines.",discussion
PART I. FINANCIAL INFORMATION,Item 2. Management's Discussion and Analysis of Financial Condition and Results of Operations,24 table of contents each of our commodity groups includes revenue from fuel surcharges.,discussion
PART I. FINANCIAL INFORMATION,Item 2. Management's Discussion and Analysis of Financial Condition and Results of Operations,freight revenues from fuel surcharge programs were $398 million in the first quarter of 2019 compared to $353 million in the same period of 2018.,discussion
PART I. FINANCIAL INFORMATION,Item 2. Management's Discussion and Analysis of Financial Condition and Results of Operations,higher fuel surcharge revenue resulted from lag in fuel surcharge recovery due to the sequential decrease in fuel price from the fourth quarter of 2018 (it can generally take up to two months for changing fuel prices to affect fuel surcharge recoveries) partially offset by volume declines.,discussion
PART I. FINANCIAL INFORMATION,Item 2. Management's Discussion and Analysis of Financial Condition and Results of Operations,other revenues increased in the first quarter compared to 2018 due to higher accessorial charges focused on incentivizing customers' efficient use of company assets.,discussion
PART I. FINANCIAL INFORMATION,Item 2. Management's Discussion and Analysis of Financial Condition and Results of Operations,"higher revenues at our subsidiaries, primarily those that broker intermodal, transload, and refrigerated warehousing logistics services also contributed to the first quarter increase compared to 2018.",discussion
PART I. FINANCIAL INFORMATION,Item 2. Management's Discussion and Analysis of Financial Condition and Results of Operations,"the following tables summarize the year-over-year changes in freight revenues, revenue carloads, and arc by commodity type:                                                                                                                                                                        ﻿                                                                                                                                                                       freight revenues                                                                                                                       millions,                                                                                                                       %                         for the three months ended march 31,          2019           2018                        change                       agricultural products                       $          1,067                        $          1,098           (3)                       %                       energy                                  982                                   1,173           (16)                                               industrial                                  1,410                                   1,340           5                                                premium                                  1,551                                   1,511           3                                                total                       $          5,010                        $          5,122           (2)                       %                                                                                                                         ﻿                                                                                                                       revenue carloads                                                                                               thousands,                                                                        %                         for the three months ended march 31,          2019           2018                        change                       agricultural products          259           279           (7)                       %                       energy          358           419           (15)                                               industrial          429           411           4                                                premium [a]          1,041           1,016           2                                                total          2,087           2,125           (2)                       %                                                                                                                                                                         ﻿                                                                                                                                                                       average revenue per car                                               %                       for the three months ended march 31,          2019           2018                        change                       agricultural products                       $          4,123                        $          3,942           5                        %                       energy                                  2,740                                   2,799           (2)                                               industrial                                  3,292                                   3,262           1                                                premium                                  1,489                                   1,487                          -                                               average                         $          2,401                        $          2,411                          -                       %  [a] for intermodal shipments each container or trailer equals one carload.",discussion
PART I. FINANCIAL INFORMATION,Item 2. Management's Discussion and Analysis of Financial Condition and Results of Operations,agricultural products  -  freight revenue from agricultural products shipments decreased in the first quarter of 2019 compared to 2018 due to 7% decline in volume partially offset by core pricing gains and higher fuel surcharge revenue.,discussion
PART I. FINANCIAL INFORMATION,Item 2. Management's Discussion and Analysis of Financial Condition and Results of Operations,"in the first quarter, volume declines were driven by lower exports of grain to china, and lower shipments of several products due to weather-related challenges compared to 2018.",discussion
PART I. FINANCIAL INFORMATION,Item 2. Management's Discussion and Analysis of Financial Condition and Results of Operations,"energy  -  freight revenue from energy shipments decreased 16% in the first quarter compared to 2018 due to a 15% decline in volume and negative mix of traffic, partially offset by core pricing gains and higher fuel surcharge revenue.",discussion
PART I. FINANCIAL INFORMATION,Item 2. Management's Discussion and Analysis of Financial Condition and Results of Operations,"frac sand shipments, which represents 11% of energy shipments in 2019, declined 45% in the first quarter compared to last year as regional sand supplies in the permian displaced select shipments originating from the upper midwest.",discussion
PART I. FINANCIAL INFORMATION,Item 2. Management's Discussion and Analysis of Financial Condition and Results of Operations,"in addition, coal and coke shipments, which represents 70% of energy shipments in 2019, declined 14% due to weather-related operational challenges, a commercial contract loss, and certain uprr-served facility retirements.",discussion
PART I. FINANCIAL INFORMATION,Item 2. Management's Discussion and Analysis of Financial Condition and Results of Operations,growth in petroleum shipments (both crude and refined) due to strong drilling activity partially offset the sand and coal volume declines.,discussion
PART I. FINANCIAL INFORMATION,Item 2. Management's Discussion and Analysis of Financial Condition and Results of Operations,"25 table of contents industrial  -   freight revenue from industrial shipments increased in the first quarter of 2019 compared to 2018 due to volume growth, core pricing gains, and higher fuel surcharge revenue, partially offset by negative mix of traffic.",discussion
PART I. FINANCIAL INFORMATION,Item 2. Management's Discussion and Analysis of Financial Condition and Results of Operations,"volume grew 4% in the first quarter compared to 2018 driven by strong market demand in construction products,  plastics and metals, while lumber shipments decreased due to weather-related challenges compared to 2018.",discussion
PART I. FINANCIAL INFORMATION,Item 2. Management's Discussion and Analysis of Financial Condition and Results of Operations,"premium  -  freight revenue from premium shipments increased in the first quarter compared to 2018 due to core pricing gains, volume growth, and higher fuel surcharge revenue, partially offset by negative mix of traffic.",discussion
PART I. FINANCIAL INFORMATION,Item 2. Management's Discussion and Analysis of Financial Condition and Results of Operations,volume grew 2% in the first quarter compared to 2018 driven by growth in international intermodal shipments due to surge in shipments and newly secured business.,discussion
PART I. FINANCIAL INFORMATION,Item 2. Management's Discussion and Analysis of Financial Condition and Results of Operations,"these volume increases were partially offset by declines in domestic intermodal shipments, including containerized automotive parts, as shipments moved via truck due to weather-related challenges, in addition to increased truck capacity.",discussion
PART I. FINANCIAL INFORMATION,Item 2. Management's Discussion and Analysis of Financial Condition and Results of Operations,mexico business  -  each of our commodity groups includes revenue from shipments to and from mexico.,discussion
PART I. FINANCIAL INFORMATION,Item 2. Management's Discussion and Analysis of Financial Condition and Results of Operations,"revenue from mexico business decreased 1% to $576 million in the first quarter of 2019 compared to 2018 driven by 7% decline in volume, partially offset by higher fuel surcharge revenue, and core pricing gains.",discussion
PART I. FINANCIAL INFORMATION,Item 2. Management's Discussion and Analysis of Financial Condition and Results of Operations,"the decrease in volume was driven by shipments of automotive parts, international intermodal, finished vehicles, and beverage shipments, partially offset by growth in petroleum products.",discussion
PART I. FINANCIAL INFORMATION,Item 2. Management's Discussion and Analysis of Financial Condition and Results of Operations,"operating expenses                                                                                                                                                                        ﻿                                                                                                                                                                       millions,                                                                       %                       for the three months ended march 31,          2019           2018                        change                       compensation and benefits                       $          1,205                        $          1,273           (5)                       %                       purchased services and materials                                  576                                   599           (4)                                               depreciation                                  549                                   543           1                                                fuel                                  531                                   589           (10)                                               equipment and other rents                                  258                                   266           (3)                                               other                                  305                                   266           15                                                total                       $          3,424                        $          3,536           (3)                       % operating expenses decreased $112 million in the first quarter compared to 2018 driven by productivity savings, lower fuel price, lower compensation expense due to the employment tax refund (see note 17 of the condensed consolidated financial statements), and lower management and administrative wage and benefit costs.",discussion
PART I. FINANCIAL INFORMATION,Item 2. Management's Discussion and Analysis of Financial Condition and Results of Operations,"additional costs due to weather-related challenges, expense associated with a workforce reduction, higher destroyed equipment and freight damage costs, depreciation and inflation partially offset these decreases compared to 2018.",discussion
PART I. FINANCIAL INFORMATION,Item 2. Management's Discussion and Analysis of Financial Condition and Results of Operations,"compensation and benefits  -  compensation and benefits include wages, payroll taxes, health and welfare costs, pension costs, other postretirement benefits, and incentive costs.",discussion
PART I. FINANCIAL INFORMATION,Item 2. Management's Discussion and Analysis of Financial Condition and Results of Operations,"for the first quarter, expenses decreased 5% compared to 2018 due to the employment tax refund and lower management and administrative wage and benefit costs.",discussion
PART I. FINANCIAL INFORMATION,Item 2. Management's Discussion and Analysis of Financial Condition and Results of Operations,"expenses associated with a workforce reduction, increased costs due to weather-related challenges and wage inflation partially offset the decreases.",discussion
PART I. FINANCIAL INFORMATION,Item 2. Management's Discussion and Analysis of Financial Condition and Results of Operations,"purchased services and materials  -  expense for purchased services and materials includes the costs of services purchased from outside contractors and other service providers (including equipment maintenance and contract expenses incurred by our subsidiaries for external transportation services); materials used to maintain the railroad's lines, structures, and equipment; costs of operating facilities jointly used by uprr and other railroads; transportation and lodging for train crew employees; trucking and contracting costs for intermodal containers; leased automobile maintenance expenses; and tools and supplies.",discussion
PART I. FINANCIAL INFORMATION,Item 2. Management's Discussion and Analysis of Financial Condition and Results of Operations,purchased services and materials decreased 4% in the first quarter compared to 2018.,discussion
PART I. FINANCIAL INFORMATION,Item 2. Management's Discussion and Analysis of Financial Condition and Results of Operations,lower locomotive repair expense due to a smaller active fleet in service and lower costs for services purchased from outside contractors primarily drove the decrease in the first quarter.,discussion
PART I. FINANCIAL INFORMATION,Item 2. Management's Discussion and Analysis of Financial Condition and Results of Operations,"conversely, higher costs associated with weather-related challenges, derailments and volume-related intermodal contracting costs partially offset these decreases versus 2018.",discussion
PART I. FINANCIAL INFORMATION,Item 2. Management's Discussion and Analysis of Financial Condition and Results of Operations,"26 table of contents depreciation  -  the majority of depreciation relates to road property, including rail, ties, ballast, and other track material.",discussion
PART I. FINANCIAL INFORMATION,Item 2. Management's Discussion and Analysis of Financial Condition and Results of Operations,"a higher depreciable asset base, reflecting recent years' higher capital spending, increased depreciation expense in the first quarter of 2019 compared to 2018.",discussion
PART I. FINANCIAL INFORMATION,Item 2. Management's Discussion and Analysis of Financial Condition and Results of Operations,fuel  -  fuel includes locomotive fuel and fuel for highway and non-highway vehicles and heavy equipment.,discussion
PART I. FINANCIAL INFORMATION,Item 2. Management's Discussion and Analysis of Financial Condition and Results of Operations,"a 7% decline in gross ton-miles and lower locomotive diesel fuel prices, which averaged $2.07 per gallon (including taxes and transportation costs) in the first quarter of 2019, compared to $2.13 per gallon in the same period in 2018, drove the decrease in the first quarter compared to the same period in 2018.",discussion
PART I. FINANCIAL INFORMATION,Item 2. Management's Discussion and Analysis of Financial Condition and Results of Operations,"while the fuel consumption rate, computed as gallons of fuel consumed divided by gross ton-miles in thousands, increased 1% compared to the first quarter of 2018, driven by weather-related challenges.",discussion
PART I. FINANCIAL INFORMATION,Item 2. Management's Discussion and Analysis of Financial Condition and Results of Operations,"equipment and other rents  -  equipment and other rents expense primarily includes rental expense that the railroad pays for freight cars owned by other railroads or private companies; freight car, intermodal, and locomotive leases; and office and other rentals.",discussion
PART I. FINANCIAL INFORMATION,Item 2. Management's Discussion and Analysis of Financial Condition and Results of Operations,"equipment and other rents expense decreased 3% in the first quarter compared to 2018, driven by lower locomotive and freight car lease expenses, decreased car rent expense due to volume declines, and improved cycle time partially offset by additional cost associated with weather-related challenges.",discussion
PART I. FINANCIAL INFORMATION,Item 2. Management's Discussion and Analysis of Financial Condition and Results of Operations,"other  -  other expenses include state and local taxes; freight, equipment and property damage; utilities, insurance, personal injury, environmental, employee travel, telephone and cellular, computer software, bad debt and other general expenses.",discussion
PART I. FINANCIAL INFORMATION,Item 2. Management's Discussion and Analysis of Financial Condition and Results of Operations,other costs increased 15% in the first quarter compared to 2018 driven primarily by higher destroyed equipment and freight loss and damage costs.,discussion
PART I. FINANCIAL INFORMATION,Item 2. Management's Discussion and Analysis of Financial Condition and Results of Operations,"non-operating items                                                                                                                                                                        ﻿                                                                                                                                                                       millions,                                                                       %                       for the three months ended march 31,          2019           2018                        change                        other income/(expense)                       $          77                        $          (42)                       f                         %                       interest expense                                  (247)                                  (186)          33                                                income taxes                                  (399)                                  (401)                         - other income/(expense)  -  other income/(expense) increased in the first quarter of 2019 as a result of $27 million in interest income associated with the employment tax refund in 2019 and a decrease of $85 million in expense associated with early-extinguishment of outstanding debentures and mortgage bonds recognized in the first quarter of 2018.",discussion
PART I. FINANCIAL INFORMATION,Item 2. Management's Discussion and Analysis of Financial Condition and Results of Operations,"interest expense   -  interest expense increased in the first quarter of 2019 compared to 2018 due to an increase in the weighted-average debt level of $23.6 billion in 2019 compared to $17.1 billion in 2018, partially offset by a lower effective interest rate of 4.3% in 2019 compared 4.4% in 2018.",discussion
PART I. FINANCIAL INFORMATION,Item 2. Management's Discussion and Analysis of Financial Condition and Results of Operations,"income taxes  -  income taxes were lower in the first quarter of 2019 compared to 2018, driven by higher excess tax benefits from the exercise of stock options, partially offset by higher income.",discussion
PART I. FINANCIAL INFORMATION,Item 2. Management's Discussion and Analysis of Financial Condition and Results of Operations,"our effective tax rates for the first quarter of 2019 and 2018 were 22.3% and 23.4%, respectively.",discussion
PART I. FINANCIAL INFORMATION,Item 2. Management's Discussion and Analysis of Financial Condition and Results of Operations,27 table of contents other operating/performance and financial statistics  we report a number of key performance measures weekly to the association of american railroads (aar).,discussion
PART I. FINANCIAL INFORMATION,Item 2. Management's Discussion and Analysis of Financial Condition and Results of Operations,we provide this data on our website at www.up.com/investor/aar-stb_reports/index.htm.,discussion
PART I. FINANCIAL INFORMATION,Item 2. Management's Discussion and Analysis of Financial Condition and Results of Operations,"operating/performance statistics  railroad performance measures are included in the table below:                                                                                                                       ﻿                                                                                                                      ﻿                                                 %                       for the three months ended march 31,          2019           2018                        change                       gross ton-miles (gtms) (billions)          210.3           226.9           (7)                       %                       revenue ton-miles (billions)          106.7           117.4           (9)                                               freight car velocity (daily miles per car)          185           173           7                                                average train speed (miles per hour) [a]          23.3           24.8           (6)                                               average terminal dwell time (hours) [a]          26.6           33.0           (19)                                               locomotive productivity (gtms per horsepower day)          111           105           6                                                workforce productivity (car miles per employee)          812           826           (2)                                               employees (average)          40,053           41,735           (4)                                               operating ratio          63.6           64.6           (1.0)                       pts [a]    as reported to the aar.",discussion
PART I. FINANCIAL INFORMATION,Item 2. Management's Discussion and Analysis of Financial Condition and Results of Operations,gross and revenue ton-miles  -  gross ton-miles are calculated by multiplying the weight of loaded and empty freight cars by the number of miles hauled.,discussion
PART I. FINANCIAL INFORMATION,Item 2. Management's Discussion and Analysis of Financial Condition and Results of Operations,revenue ton-miles are calculated by multiplying the weight of freight by the number of tariff miles.,discussion
PART I. FINANCIAL INFORMATION,Item 2. Management's Discussion and Analysis of Financial Condition and Results of Operations,"gross ton-miles and revenue ton-miles decreased 7% and 9%, respectively, during the first quarter of 2019 compared to 2018, driven by a 2% decline in carloadings.",discussion
PART I. FINANCIAL INFORMATION,Item 2. Management's Discussion and Analysis of Financial Condition and Results of Operations,"changes in commodity mix drove the variance in year-over-year decreases between gross ton-miles, revenue ton-miles and carloads.",discussion
PART I. FINANCIAL INFORMATION,Item 2. Management's Discussion and Analysis of Financial Condition and Results of Operations,freight car velocity  -  freight car velocity is average daily car miles per car.,discussion
PART I. FINANCIAL INFORMATION,Item 2. Management's Discussion and Analysis of Financial Condition and Results of Operations,drivers of this metric are the speed of the train between terminals (average train speed) and the time a rail car spends at the terminals (average terminal dwell time).,discussion
PART I. FINANCIAL INFORMATION,Item 2. Management's Discussion and Analysis of Financial Condition and Results of Operations,implementation of unified plan 2020 drove the 7% improvement.,discussion
PART I. FINANCIAL INFORMATION,Item 2. Management's Discussion and Analysis of Financial Condition and Results of Operations,"average terminal dwell time in the first quarter of 2018 decreased 19%, compared to the same period in 2018 largely due to a decrease in our freight car inventory levels, improved processes in the terminals and transportation plan changes to eliminate switches.",discussion
PART I. FINANCIAL INFORMATION,Item 2. Management's Discussion and Analysis of Financial Condition and Results of Operations,"conversely, weather-related disruptions did impact our average train speed, as it declined 6% year-over-year.",discussion
PART I. FINANCIAL INFORMATION,Item 2. Management's Discussion and Analysis of Financial Condition and Results of Operations,locomotive productivity  -  locomotive productivity is gross ton-miles per average daily locomotive horsepower.,discussion
PART I. FINANCIAL INFORMATION,Item 2. Management's Discussion and Analysis of Financial Condition and Results of Operations,locomotive productivity increased 6% year-over-year and was flat with fourth quarter of 2018 as we reduced our active locomotive fleet by over 15% since the first quarter of 2018.,discussion
PART I. FINANCIAL INFORMATION,Item 2. Management's Discussion and Analysis of Financial Condition and Results of Operations,workforce productivity  -  workforce productivity is average daily car miles per employee.,discussion
PART I. FINANCIAL INFORMATION,Item 2. Management's Discussion and Analysis of Financial Condition and Results of Operations,workforce productivity declined 2% as average daily car miles decreased 6% while employees decreased 4% compared to the first quarter of 2018.,discussion
PART I. FINANCIAL INFORMATION,Item 2. Management's Discussion and Analysis of Financial Condition and Results of Operations,lower carload volumes and the major weather events drove the decline in average daily car miles.,discussion
PART I. FINANCIAL INFORMATION,Item 2. Management's Discussion and Analysis of Financial Condition and Results of Operations,the 4% decline in employee levels was driven by a 2% decline in carload volumes and initiatives to further right-size the workforce.,discussion
PART I. FINANCIAL INFORMATION,Item 2. Management's Discussion and Analysis of Financial Condition and Results of Operations,"at the end of the first quarter, approximately 1,100 employees across all crafts were either furloughed or in alternate work status due primarily to a smaller active locomotive fleet.",discussion
PART I. FINANCIAL INFORMATION,Item 2. Management's Discussion and Analysis of Financial Condition and Results of Operations,"weather-related operational challenges required a temporary increase in train crew resources, partially offsetting some of the year-over-year reductions.",discussion
PART I. FINANCIAL INFORMATION,Item 2. Management's Discussion and Analysis of Financial Condition and Results of Operations,operating ratio  -  operating ratio is our operating expenses reflected as a percentage of operating revenue.,discussion
PART I. FINANCIAL INFORMATION,Item 2. Management's Discussion and Analysis of Financial Condition and Results of Operations,"our first quarter operating ratio of 63.6% improved 1.0 point compared to 2018 mainly driven by core pricing gains, productivity, lower fuel prices, and the employment tax refund which were offset by costs associated with the major weather events, other cost hurdles, and inflation.",discussion
PART I. FINANCIAL INFORMATION,Item 2. Management's Discussion and Analysis of Financial Condition and Results of Operations,"28 table of contents adjusted debt / adjusted ebitda                                                                                                                         ﻿                                                                                                                      millions, except ratios                       mar.",discussion
PART I. FINANCIAL INFORMATION,Item 2. Management's Discussion and Analysis of Financial Condition and Results of Operations,"31,                       dec. 31,                      for the trailing twelve months ended [a]          2019           2018                        net income                       $          6,047                        $          5,966                        less:                                                                                                                       other income                                  213                                   94                        add:                                                                                                                       income tax expense                                  1,773                                   1,775                        depreciation                                  2,197                                   2,191                        interest expense                                  931                                   870                        ebitda                       $          10,735                        $          10,708                        interest on operating lease liabilities [b]                                  77                                   84                        adjusted ebitda (a)                       $          10,812                        $          10,792                        debt                       $          25,112                        $          22,391                        operating lease liabilities [c]                                  2,080                                   2,271                        unfunded pension and opeb,  net of taxes of $128 and $135                                  446                                   456                        adjusted debt (b)                       $          27,638                        $          25,118                        adjusted debt / adjusted ebitda (b/a)                                  2.6                                   2.3  [a]               the trailing twelve month income statement information ended march 31,  2019 is recalculated by taking the twelve months ended december 31, 2018, subtracting the three months ended march 31,  2018, and adding the three months ended march 31,  2019.  [b]               represents the hypothetical interest expense we would incur (using the incremental borrowing rate) if the property under our operating leases were owned or accounted for as finance leases.  [c]               effective january 1, 2019, the company adopted accounting standards update no.",discussion
PART I. FINANCIAL INFORMATION,Item 2. Management's Discussion and Analysis of Financial Condition and Results of Operations,"2016-02 (asu 2016-02), leases.",discussion
PART I. FINANCIAL INFORMATION,Item 2. Management's Discussion and Analysis of Financial Condition and Results of Operations,asu 2016-02 requires companies to recognize lease assets and lease liabilities on the balance sheet.,discussion
PART I. FINANCIAL INFORMATION,Item 2. Management's Discussion and Analysis of Financial Condition and Results of Operations,"prior to adoption, the present value of operating leases was used in this calculation.",discussion
PART I. FINANCIAL INFORMATION,Item 2. Management's Discussion and Analysis of Financial Condition and Results of Operations,"adjusted debt to adjusted ebitda (earnings before interest, taxes, depreciation, amortization and interest on operating lease liabilities) is considered a non-gaap financial measure by sec regulation g and item 10 of sec regulation s-k and may not be defined and calculated by other companies in the same manner.",discussion
PART I. FINANCIAL INFORMATION,Item 2. Management's Discussion and Analysis of Financial Condition and Results of Operations,we believe this measure is important to management and investors in evaluating the company's ability to sustain given debt levels (including leases) with the cash generated from operations.,discussion
PART I. FINANCIAL INFORMATION,Item 2. Management's Discussion and Analysis of Financial Condition and Results of Operations,"in addition, a comparable measure is used by rating agencies when reviewing the company's credit rating.",discussion
PART I. FINANCIAL INFORMATION,Item 2. Management's Discussion and Analysis of Financial Condition and Results of Operations,"adjusted debt to adjusted ebitda should be considered in addition to, rather than as a substitute for, net income.",discussion
PART I. FINANCIAL INFORMATION,Item 2. Management's Discussion and Analysis of Financial Condition and Results of Operations,the table above provides reconciliations from net income to adjusted debt to adjusted ebitda.,discussion
PART I. FINANCIAL INFORMATION,Item 2. Management's Discussion and Analysis of Financial Condition and Results of Operations,"at both march 31, 2019 and december 31, 2018, the incremental borrowing rate on operating lease liabilities was 3.7%.",discussion
PART I. FINANCIAL INFORMATION,Item 2. Management's Discussion and Analysis of Financial Condition and Results of Operations,"liquidity and capital resources  financial condition                                                                                                                        ﻿                                                                                                                       cash flows                                                                                                                       millions,                                                                                                                       for the three months ended march 31,          2019           2018                        cash provided by operating activities                       $          1,959                        $          1,901                        cash used in investing activities                                  (784)                                  (919)                       cash used in financing activities                                  (1,405)                                  (1,209)                       net change in cash, cash equivalents and restricted cash                       $          (230)                       $          (227)  operating activities  cash provided by operating activities increased in the first three months of 2019 compared to the same period of 2018 due to higher net income.",discussion
PART I. FINANCIAL INFORMATION,Item 2. Management's Discussion and Analysis of Financial Condition and Results of Operations,29 table of contents investing activities reduced capital investments on equipment purchases and positive train control drove lower cash used in investing activities in the first three months of 2019 compared to the same period in 2018.,discussion
PART I. FINANCIAL INFORMATION,Item 2. Management's Discussion and Analysis of Financial Condition and Results of Operations,"the table below details cash capital investments:                                                                                                                        ﻿                                                                                                                       millions,                                               for the three months ended march 31,          2019           2018                        rail and other track material                       $          142                        $          128                        ties                                  112                                   114                        ballast                                  48                                   45                        other [a]                                  103                                   86                        total road infrastructure replacements                                  405                                   373                        line expansion and other capacity projects                                  100                                   42                        commercial facilities                                  26                                   36                        total capacity and commercial facilities                                  126                                   78                        locomotives and freight cars [b]                                  94                                   300                        positive train control                                  17                                   41                        technology and other                                  110                                   118                        total cash capital investments                       $          752                        $          910 [a]other includes bridges and tunnels, signals, other road assets, and road work equipment. [b]locomotives and freight cars include lease buyouts of $30 million in 2019 and $210 million in 2018.",discussion
PART I. FINANCIAL INFORMATION,Item 2. Management's Discussion and Analysis of Financial Condition and Results of Operations,capital plan  we expect our 2019 capital expenditures to be approximately $3.2 billion.,discussion
PART I. FINANCIAL INFORMATION,Item 2. Management's Discussion and Analysis of Financial Condition and Results of Operations,"revisions may occur as we continue to evaluate the impact of unified plan 2020, or if business conditions or the regulatory environment affect our ability to generate sufficient returns on these investments.",discussion
PART I. FINANCIAL INFORMATION,Item 2. Management's Discussion and Analysis of Financial Condition and Results of Operations,"financing activities  cash used in financing activities increased $196 million in the first three months of 2019 compared to the same period of 2018, driven by a $2.3 billion increase in our share repurchase programs and a $58 million increase in dividends paid, partially offset by a $2.2 billion net increase in additional debt and commercial paper.",discussion
PART I. FINANCIAL INFORMATION,Item 2. Management's Discussion and Analysis of Financial Condition and Results of Operations,see note 14 of the condensed consolidated financial statements for a description of all our outstanding financing arrangements and significant new borrowings and note 18 of the condensed consolidated financial statements for a description of our share repurchase programs.,discussion
PART I. FINANCIAL INFORMATION,Item 2. Management's Discussion and Analysis of Financial Condition and Results of Operations,free cash flow  -  free cash flow is defined as cash provided by operating activities less cash used in investing activities and dividends paid.,discussion
PART I. FINANCIAL INFORMATION,Item 2. Management's Discussion and Analysis of Financial Condition and Results of Operations,free cash flow is not considered a financial measure under gaap by sec regulation g and item 10 of sec regulation s-k and may not be defined and calculated by other companies in the same manner.,discussion
PART I. FINANCIAL INFORMATION,Item 2. Management's Discussion and Analysis of Financial Condition and Results of Operations,we believe free cash flow is important to management and investors in evaluating our financial performance and measures our ability to generate cash without additional external financing.,discussion
PART I. FINANCIAL INFORMATION,Item 2. Management's Discussion and Analysis of Financial Condition and Results of Operations,"free cash flow should be considered in addition to, rather than as a substitute for, cash provided by operating activities.",discussion
PART I. FINANCIAL INFORMATION,Item 2. Management's Discussion and Analysis of Financial Condition and Results of Operations,"30 table of contents the following table reconciles cash provided by operating activities (gaap measure) to free cash flow (non-gaap measure):                                                                                                                        ﻿                                                                                                                       millions,                                               for the three months ended march 31,          2019           2018                        cash provided by operating activities                       $          1,959                        $          1,901                        cash used in investing activities                                  (784)                                  (919)                       dividends paid                                  (626)                                  (568)                       free cash flow                       $          549                        $          414 share repurchase programs  on february 7, 2019, the board of directors approved a new share repurchase authorization, enabling the company to buy up to 150 million of its common shares by march 31, 2022.",discussion
PART I. FINANCIAL INFORMATION,Item 2. Management's Discussion and Analysis of Financial Condition and Results of Operations,"the new authorization is effective april 1, 2019, and replaces the previous authorization of up to 120 million shares, which expired on march 31, 2019.",discussion
PART I. FINANCIAL INFORMATION,Item 2. Management's Discussion and Analysis of Financial Condition and Results of Operations,"as of march 31, 2019, we repurchased a total of $34.4 billion of our common stock since commencement of our repurchase programs in 2007.",discussion
PART I. FINANCIAL INFORMATION,Item 2. Management's Discussion and Analysis of Financial Condition and Results of Operations,the table below represents shares repurchased in the first quarter of 2019 and 2018.                                                                                                                                                                         ﻿                                                                                                                                                                      ﻿,discussion
PART I. FINANCIAL INFORMATION,Item 2. Management's Discussion and Analysis of Financial Condition and Results of Operations,"number of shares purchased                        average price paid                       ﻿          2019           2018           2019           2018                        first quarter [a]          18,149,450           9,259,004                        $          165.79                        $          132.84                       ﻿  [a]               includes 11,795,930 shares repurchased in february 2019 under accelerated share repurchase programs.",discussion
PART I. FINANCIAL INFORMATION,Item 2. Management's Discussion and Analysis of Financial Condition and Results of Operations,management's assessments of market conditions and other pertinent factors guide the timing and volume of all repurchases.,discussion
PART I. FINANCIAL INFORMATION,Item 2. Management's Discussion and Analysis of Financial Condition and Results of Operations,"we expect to fund any share repurchases under this program through cash generated from operations, the sale or lease of various operating and non-operating properties, debt issuances, and cash on hand.",discussion
PART I. FINANCIAL INFORMATION,Item 2. Management's Discussion and Analysis of Financial Condition and Results of Operations,"open market repurchases are recorded in treasury stock at cost, which includes any applicable commissions and fees.",discussion
PART I. FINANCIAL INFORMATION,Item 2. Management's Discussion and Analysis of Financial Condition and Results of Operations,"accelerated share repurchase programs  -   on february 25, 2019, the company established accelerated share repurchase programs (asrs) with two financial institutions to repurchase shares of our common stock.",discussion
PART I. FINANCIAL INFORMATION,Item 2. Management's Discussion and Analysis of Financial Condition and Results of Operations,"on february 26, 2019, the company received 11,795,930 shares of its common stock repurchased under the asrs for an aggregate of $2.5 billion.",discussion
PART I. FINANCIAL INFORMATION,Item 2. Management's Discussion and Analysis of Financial Condition and Results of Operations,"when the shares were received, the exchange was accounted for as an equity transaction with $2.0 billion of the aggregate amount allocated to treasury stock and the remaining $0.5 billion allocated to paid-in-surplus.",discussion
PART I. FINANCIAL INFORMATION,Item 2. Management's Discussion and Analysis of Financial Condition and Results of Operations,the company reflected the shares received as a repurchase of common stock in the weighted average common shares outstanding calculation for basic and diluted earnings per share.,discussion
PART I. FINANCIAL INFORMATION,Item 2. Management's Discussion and Analysis of Financial Condition and Results of Operations,"under these asrs, we paid a specified amount to the financial institutions and received an initial delivery of shares.",discussion
PART I. FINANCIAL INFORMATION,Item 2. Management's Discussion and Analysis of Financial Condition and Results of Operations,this delivery of shares represents the initial and likely minimum number of shares that we may receive under the asrs.,discussion
PART I. FINANCIAL INFORMATION,Item 2. Management's Discussion and Analysis of Financial Condition and Results of Operations,"the final number of shares to be repurchased under the asrs will be based on the volume weighted average price of the company's common stock during the asr term, less a discount and subject to potential adjustments pursuant to the terms of such asr.",discussion
PART I. FINANCIAL INFORMATION,Item 2. Management's Discussion and Analysis of Financial Condition and Results of Operations,"the final settlement is expected to be completed prior to the end of the third quarter of 2019, but the asrs may be terminated early in certain circumstances.",discussion
PART I. FINANCIAL INFORMATION,Item 2. Management's Discussion and Analysis of Financial Condition and Results of Operations,"off-balance sheet arrangements, contractual obligations, and commercial commitments  as described in the notes to the condensed consolidated financial statements and as referenced in the tables below, we have contractual obligations and commercial commitments that may affect our financial condition.",discussion
PART I. FINANCIAL INFORMATION,Item 2. Management's Discussion and Analysis of Financial Condition and Results of Operations,"however, based on our assessment of the underlying provisions and circumstances of our contractual obligations and commercial commitments, including material sources of off-balance sheet and structured finance arrangements, there is no known trend, demand, commitment, event, or uncertainty that is reasonably likely to occur that would have a material adverse effect on our consolidated results of operations, financial condition, or liquidity.",discussion
PART I. FINANCIAL INFORMATION,Item 2. Management's Discussion and Analysis of Financial Condition and Results of Operations,"in addition, our commercial obligations, financings, and commitments are customary transactions that are similar to those of other comparable corporations, particularly within the transportation industry.",discussion
PART I. FINANCIAL INFORMATION,Item 2. Management's Discussion and Analysis of Financial Condition and Results of Operations,"31 table of contents the following tables identify material obligations and commitments as of march 31, 2019:                                                                                                                                                                                                                                                                                                                                                                                                                        ﻿                                                                                                                                                                                                                                                                                                                                                                                                                      ﻿                                                                       apr.",discussion
PART I. FINANCIAL INFORMATION,Item 2. Management's Discussion and Analysis of Financial Condition and Results of Operations,"1                       payments due by dec. 31,                      ﻿                                                                       through                                                                                                                                                                                                                                                                                                                       contractual obligations                                                                       dec.",discussion
PART I. FINANCIAL INFORMATION,Item 2. Management's Discussion and Analysis of Financial Condition and Results of Operations,"31,                                                                                                                                                                                                                                               after                                                                       millions                        total          2019           2020           2021           2022           2023           2023                        other                       debt [a]                       $          42,538                        $          1,814                        $          1,790                        $          2,036                        $          2,159                        $          2,124                        $          32,615                        $                         -                       operating leases [b]                                  2,436                                   196                                   384                                   308                                   273                                   235                                   1,040                                                  -                       capital lease obligations [c]                                  779                                   72                                   143                                   147                                   130                                   88                                   199                                                  -                       purchase obligations [d]                                  3,270                                   1,754                                   1,058                                   275                                   57                                   38                                   52                                   36                        other postretirement benefits [e]          358                                   37                                   37                                   37                                   36                                   36                                   175                                                  -                       income tax contingencies [f]                                  176                                   99                                                  -                                                 -                                                 -                                                 -                                                 -                                  77                        total contractual obligations                       $          49,557                        $          3,972                        $          3,412                        $          2,803                        $          2,655                        $          2,521                        $          34,081                        $          113 [a]excludes capital lease obligations of $659 million, as well as unamortized discount and deferred issuance costs of $(836) million.",discussion
PART I. FINANCIAL INFORMATION,Item 2. Management's Discussion and Analysis of Financial Condition and Results of Operations,"includes an interest component of $17,249 million. [b] includes leases for locomotives, freight cars, other equipment, and real estate.",discussion
PART I. FINANCIAL INFORMATION,Item 2. Management's Discussion and Analysis of Financial Condition and Results of Operations,"includes an interest component of $356 million. [c]represents total obligations, including interest component of $120 million. [d]purchase obligations include locomotive maintenance contracts; purchase commitments for fuel purchases, locomotives, ties, ballast, and rail; and agreements to purchase other goods and services.",discussion
PART I. FINANCIAL INFORMATION,Item 2. Management's Discussion and Analysis of Financial Condition and Results of Operations,"for amounts where we cannot reasonably estimate the year of settlement, they are included in the other column. [e]includes estimated other postretirement, medical, and life insurance payments and payments made under the unfunded pension plan for the next ten years. [f]future cash flows for income tax contingencies reflect the recorded liabilities and assets for unrecognized tax benefits, including any interest or penalties, as of march 31, 2019.",discussion
PART I. FINANCIAL INFORMATION,Item 2. Management's Discussion and Analysis of Financial Condition and Results of Operations,"for amounts where the year of settlement is uncertain, they are included in the other column.                                                                                                                                                                                                                                                                                                                                                                        ﻿                                                                                                                                                                                                                                                                                                                                                                      ﻿",discussion
PART I. FINANCIAL INFORMATION,Item 2. Management's Discussion and Analysis of Financial Condition and Results of Operations,apr.,discussion
PART I. FINANCIAL INFORMATION,Item 2. Management's Discussion and Analysis of Financial Condition and Results of Operations,"1                       amount of commitment expiration by dec. 31,                      ﻿                                                                       through                                                                                                                                                                                                                                                                       other commercial commitments                                               dec.",discussion
PART I. FINANCIAL INFORMATION,Item 2. Management's Discussion and Analysis of Financial Condition and Results of Operations,"31,                                                                                                                                                                                                                                               after                       millions                        total          2019           2020           2021           2022           2023           2023                        credit facilities [a]                       $          2,000                        $                         -                       $                         -                       $                         -                       $                         -                       $          2,000                        $                         -                       receivables securitization facility [b]          650                                   650                                                  -                                                 -                                                 -                                                 -                                                 -                       guarantees [c]                                  22                                   7                                   5                                   5                                   5                                                  -                                                 -                       standby letters of credit [d]                                  19                                   12                                   7                                                  -                                                 -                                                 -                                                 -                       total commercial commitments                       $          2,691                        $          669                        $          12                        $          5                        $          5                        $          2,000                        $                         - [a] none of the credit facility was used as of march 31, 2019. [b] $400 million of the receivables securitization facility was utilized as of march 31, 2019, which is accounted for as debt.",discussion
PART I. FINANCIAL INFORMATION,Item 2. Management's Discussion and Analysis of Financial Condition and Results of Operations,"the full program matures in july 2019. [c]includes guaranteed obligations related to our affiliated operations. [d]none of the letters of credit were drawn upon as of march 31, 2019.",discussion
PART I. FINANCIAL INFORMATION,Item 2. Management's Discussion and Analysis of Financial Condition and Results of Operations,other matters  asserted and unasserted claims  -  various claims and lawsuits are pending against us and certain of our subsidiaries.,discussion
PART I. FINANCIAL INFORMATION,Item 2. Management's Discussion and Analysis of Financial Condition and Results of Operations,"we cannot fully determine the effect of all asserted and unasserted claims on our consolidated results of operations, financial condition, or liquidity.",discussion
PART I. FINANCIAL INFORMATION,Item 2. Management's Discussion and Analysis of Financial Condition and Results of Operations,"to the extent possible, we have recorded a liability where asserted and unasserted claims are considered probable and where such claims can be reasonably estimated.",discussion
PART I. FINANCIAL INFORMATION,Item 2. Management's Discussion and Analysis of Financial Condition and Results of Operations,"we do not expect that any known lawsuits, claims, environmental costs, commitments, contingent liabilities, or guarantees will have a material adverse effect on our consolidated results of operations, financial condition, or liquidity after taking into account liabilities and insurance recoveries previously recorded for these matters.",discussion
PART I. FINANCIAL INFORMATION,Item 2. Management's Discussion and Analysis of Financial Condition and Results of Operations,"indemnities  -  we are contingently obligated under a variety of indemnification arrangements, although in some cases the extent of our potential liability is limited, depending on the nature of the transactions and the agreements.",discussion
PART I. FINANCIAL INFORMATION,Item 2. Management's Discussion and Analysis of Financial Condition and Results of Operations,"due to uncertainty as to whether claims will be made or how they will be resolved, we cannot reasonably determine the probability of an adverse claim or reasonably estimate any adverse liability 32 table of contents or the total maximum exposure under these indemnification arrangements.",discussion
PART I. FINANCIAL INFORMATION,Item 2. Management's Discussion and Analysis of Financial Condition and Results of Operations,we do not have any reason to believe that we will be required to make any material payments under these indemnity provisions.,discussion
PART I. FINANCIAL INFORMATION,Item 2. Management's Discussion and Analysis of Financial Condition and Results of Operations,accounting pronouncements  -  see note 2 to the condensed consolidated financial statements.,discussion
PART I. FINANCIAL INFORMATION,Item 2. Management's Discussion and Analysis of Financial Condition and Results of Operations,"cautionary information  certain statements in this report, and statements in other reports or information filed or to be filed with the sec (as well as information included in oral statements or other written statements made or to be made by us), are, or will be, forward-looking statements as defined by the securities act of 1933 and the exchange act.",discussion
PART I. FINANCIAL INFORMATION,Item 2. Management's Discussion and Analysis of Financial Condition and Results of Operations,"these forward-looking statements and information include, without limitation, the statements and information set forth under the caption ""liquidity and capital resources"" in item 2 regarding our capital plan, statements under the caption ""share repurchase programs"", statements under the caption ""off-balance sheet arrangements, contractual obligations, and commercial commitments"", and statements under the caption ""other matters.""",discussion
PART I. FINANCIAL INFORMATION,Item 2. Management's Discussion and Analysis of Financial Condition and Results of Operations,"forward-looking statements and information also include any other statements or information in this report regarding: expectations as to operational or service improvements; expectations regarding the effectiveness of steps taken or to be taken to improve operations, service, infrastructure improvements, and transportation plan modifications; expectations as to cost savings, revenue growth, and earnings; the time by which goals, targets, or objectives will be achieved; projections, predictions, expectations, estimates, or forecasts as to our business, financial and operational results, future economic performance, and general economic conditions; proposed new products and services; estimates of costs relating to environmental remediation and restoration; estimates and expectations regarding tax matters, expectations that claims, litigation, environmental costs, commitments, contingent liabilities, labor negotiations or agreements, or other matters will not have a material adverse effect on our consolidated results of operations, financial condition, or liquidity and any other similar expressions concerning matters that are not historical facts.",discussion
PART I. FINANCIAL INFORMATION,Item 2. Management's Discussion and Analysis of Financial Condition and Results of Operations,"forward-looking statements and information reflect the good faith consideration by management of currently available information, and may be based on underlying assumptions believed to be reasonable under the circumstances.",discussion
PART I. FINANCIAL INFORMATION,Item 2. Management's Discussion and Analysis of Financial Condition and Results of Operations,"however, such information and assumptions (and, therefore, such forward-looking statements and information) are or may be subject to variables or unknown or unforeseeable events or circumstances over which management has little or no influence or control.",discussion
PART I. FINANCIAL INFORMATION,Item 2. Management's Discussion and Analysis of Financial Condition and Results of Operations,"the risk factors in item 1a of our 2018 annual report on form 10-k, filed february 8, 2019, could affect our future results and could cause those results or other outcomes to differ materially from those expressed or implied in the forward-looking statements, and this report, including this item 2, should be read in conjunction with these risk factors.",discussion
PART I. FINANCIAL INFORMATION,Item 2. Management's Discussion and Analysis of Financial Condition and Results of Operations,"to the extent circumstances require or we deem it otherwise necessary, we will update or amend these risk factors in a form 10-q or form 8-k.",discussion
PART I. FINANCIAL INFORMATION,Item 2. Management's Discussion and Analysis of Financial Condition and Results of Operations,"information regarding new risk factors or material changes to our risk factors, if any, is set forth in item 1a of part ii of this report.",discussion
PART I. FINANCIAL INFORMATION,Item 2. Management's Discussion and Analysis of Financial Condition and Results of Operations,"forward-looking statements should not be read as a guarantee of future performance or results, and will not necessarily be accurate indications of the times that, or by which, such performance or results will be achieved.",discussion
PART I. FINANCIAL INFORMATION,Item 2. Management's Discussion and Analysis of Financial Condition and Results of Operations,forward-looking information is subject to risks and uncertainties that could cause actual performance or results to differ materially from those expressed in the statements.,discussion
PART I. FINANCIAL INFORMATION,Item 2. Management's Discussion and Analysis of Financial Condition and Results of Operations,forward-looking statements speak only as of the date the statement was made.,discussion
PART I. FINANCIAL INFORMATION,Item 2. Management's Discussion and Analysis of Financial Condition and Results of Operations,"we assume no obligation to update forward-looking information to reflect actual results, changes in assumptions or changes in other factors affecting forward-looking information.",discussion
PART I. FINANCIAL INFORMATION,Item 2. Management's Discussion and Analysis of Financial Condition and Results of Operations,"if we do update one or more forward-looking statements, no inference should be drawn that we will make additional updates with respect thereto or with respect to other forward-looking statements.",discussion
