seq,description,document,href,type,size
1,10-Q,amt10qq12019.htm,https://www.sec.gov/Archives/edgar/data/1053507/000105350719000073/amt10qq12019.htm,10-Q,1878878
2,EXHIBIT 31.1,exhibit311q12019.htm,https://www.sec.gov/Archives/edgar/data/1053507/000105350719000073/exhibit311q12019.htm,EX-31.1,15467
3,EXHIBIT 31.2,exhibit312q12019.htm,https://www.sec.gov/Archives/edgar/data/1053507/000105350719000073/exhibit312q12019.htm,EX-31.2,16252
4,EXHIBIT 32.1,exhibit32q12019.htm,https://www.sec.gov/Archives/edgar/data/1053507/000105350719000073/exhibit32q12019.htm,EX-32.1,16719
NA,Complete submission text file,0001053507-19-000073.txt,https://www.sec.gov/Archives/edgar/data/1053507/000105350719000073/0001053507-19-000073.txt, ,11917691
5,XBRL INSTANCE DOCUMENT,amt-20190331.xml,https://www.sec.gov/Archives/edgar/data/1053507/000105350719000073/amt-20190331.xml,EX-101.INS,2950328
6,XBRL TAXONOMY EXTENSION SCHEMA DOCUMENT,amt-20190331.xsd,https://www.sec.gov/Archives/edgar/data/1053507/000105350719000073/amt-20190331.xsd,EX-101.SCH,78132
7,XBRL TAXONOMY EXTENSION CALCULATION LINKBASE DOCUMENT,amt-20190331_cal.xml,https://www.sec.gov/Archives/edgar/data/1053507/000105350719000073/amt-20190331_cal.xml,EX-101.CAL,154371
8,XBRL TAXONOMY EXTENSION DEFINITION LINKBASE DOCUMENT,amt-20190331_def.xml,https://www.sec.gov/Archives/edgar/data/1053507/000105350719000073/amt-20190331_def.xml,EX-101.DEF,426204
9,XBRL TAXONOMY EXTENSION LABEL LINKBASE DOCUMENT,amt-20190331_lab.xml,https://www.sec.gov/Archives/edgar/data/1053507/000105350719000073/amt-20190331_lab.xml,EX-101.LAB,1052986
10,XBRL TAXONOMY EXTENSION PRESENTATION LINKBASE DOCUMENT,amt-20190331_pre.xml,https://www.sec.gov/Archives/edgar/data/1053507/000105350719000073/amt-20190331_pre.xml,EX-101.PRE,654058
