seq,description,document,href,type,size
1,10-Q,amzn-20150930x10q.htm,https://www.sec.gov/Archives/edgar/data/1018724/000101872415000126/amzn-20150930x10q.htm,10-Q,1434018
2,SECTION 302 CEO CERTIFICATION,amzn-20150930xex311.htm,https://www.sec.gov/Archives/edgar/data/1018724/000101872415000126/amzn-20150930xex311.htm,EX-31.1,8549
3,SECTION 302 CFO CERTIFICATION,amzn-20150930xex312.htm,https://www.sec.gov/Archives/edgar/data/1018724/000101872415000126/amzn-20150930xex312.htm,EX-31.2,8691
4,SECTION 906 CEO CERTIFICATION,amzn-20150930xex321.htm,https://www.sec.gov/Archives/edgar/data/1018724/000101872415000126/amzn-20150930xex321.htm,EX-32.1,5593
5,SECTION 906 CFO CERTIFICATION,amzn-20150930xex322.htm,https://www.sec.gov/Archives/edgar/data/1018724/000101872415000126/amzn-20150930xex322.htm,EX-32.2,5743
NA,Complete submission text file,0001018724-15-000126.txt,https://www.sec.gov/Archives/edgar/data/1018724/000101872415000126/0001018724-15-000126.txt, ,5852558
6,XBRL INSTANCE DOCUMENT,amzn-20150930.xml,https://www.sec.gov/Archives/edgar/data/1018724/000101872415000126/amzn-20150930.xml,EX-101.INS,1113204
7,XBRL TAXONOMY EXTENSION SCHEMA DOCUMENT,amzn-20150930.xsd,https://www.sec.gov/Archives/edgar/data/1018724/000101872415000126/amzn-20150930.xsd,EX-101.SCH,41118
8,XBRL TAXONOMY EXTENSION CALCULATION LINKBASE DOCUMENT,amzn-20150930_cal.xml,https://www.sec.gov/Archives/edgar/data/1018724/000101872415000126/amzn-20150930_cal.xml,EX-101.CAL,94722
9,XBRL TAXONOMY EXTENSION DEFINITION LINKBASE DOCUMENT,amzn-20150930_def.xml,https://www.sec.gov/Archives/edgar/data/1018724/000101872415000126/amzn-20150930_def.xml,EX-101.DEF,236285
10,XBRL TAXONOMY EXTENSION LABEL LINKBASE DOCUMENT,amzn-20150930_lab.xml,https://www.sec.gov/Archives/edgar/data/1018724/000101872415000126/amzn-20150930_lab.xml,EX-101.LAB,566846
11,XBRL TAXONOMY EXTENSION PRESENTATION LINKBASE DOCUMENT,amzn-20150930_pre.xml,https://www.sec.gov/Archives/edgar/data/1018724/000101872415000126/amzn-20150930_pre.xml,EX-101.PRE,312706
