seq,description,document,href,type,size
1,10-Q,fb-03312020x10q.htm,https://www.sec.gov/Archives/edgar/data/1326801/000132680120000048/fb-03312020x10q.htm,10-Q,1710450
2,EXHIBIT 10.1,fb-03312020xex101.htm,https://www.sec.gov/Archives/edgar/data/1326801/000132680120000048/fb-03312020xex101.htm,EX-10.1,323029
3,EXHIBIT 10.2,fb-03312020xex102.htm,https://www.sec.gov/Archives/edgar/data/1326801/000132680120000048/fb-03312020xex102.htm,EX-10.2,283099
4,EXHIBIT 10.3,fb-03312020xex103.htm,https://www.sec.gov/Archives/edgar/data/1326801/000132680120000048/fb-03312020xex103.htm,EX-10.3,27763
5,EXHIBIT 31.1,fb-03312020xex311.htm,https://www.sec.gov/Archives/edgar/data/1326801/000132680120000048/fb-03312020xex311.htm,EX-31.1,10802
6,EXHIBIT 31.2,fb-03312020xex312.htm,https://www.sec.gov/Archives/edgar/data/1326801/000132680120000048/fb-03312020xex312.htm,EX-31.2,10771
7,EXHIBIT 32.1,fb-03312020xex321.htm,https://www.sec.gov/Archives/edgar/data/1326801/000132680120000048/fb-03312020xex321.htm,EX-32.1,7832
8,EXHIBIT 32.2,fb-03312020xex322.htm,https://www.sec.gov/Archives/edgar/data/1326801/000132680120000048/fb-03312020xex322.htm,EX-32.2,7839
14,GRAPHIC,adrevenueandotherrevenuea02.jpg,https://www.sec.gov/Archives/edgar/data/1326801/000132680120000048/adrevenueandotherrevenuea02.jpg,GRAPHIC,2923
15,GRAPHIC,adrevenueandotherrevenuea03.jpg,https://www.sec.gov/Archives/edgar/data/1326801/000132680120000048/adrevenueandotherrevenuea03.jpg,GRAPHIC,2923
16,GRAPHIC,arppa02.jpg,https://www.sec.gov/Archives/edgar/data/1326801/000132680120000048/arppa02.jpg,GRAPHIC,44448
17,GRAPHIC,dapa05.jpg,https://www.sec.gov/Archives/edgar/data/1326801/000132680120000048/dapa05.jpg,GRAPHIC,58650
18,GRAPHIC,daua09.jpg,https://www.sec.gov/Archives/edgar/data/1326801/000132680120000048/daua09.jpg,GRAPHIC,178115
19,GRAPHIC,mapa02.jpg,https://www.sec.gov/Archives/edgar/data/1326801/000132680120000048/mapa02.jpg,GRAPHIC,53059
20,GRAPHIC,maujpeg.jpg,https://www.sec.gov/Archives/edgar/data/1326801/000132680120000048/maujpeg.jpg,GRAPHIC,207261
21,GRAPHIC,revenuea03.jpg,https://www.sec.gov/Archives/edgar/data/1326801/000132680120000048/revenuea03.jpg,GRAPHIC,184610
NA,Complete submission text file,0001326801-20-000048.txt,https://www.sec.gov/Archives/edgar/data/1326801/000132680120000048/0001326801-20-000048.txt, ,9631483
9,XBRL TAXONOMY EXTENSION SCHEMA DOCUMENT,fb-20200331.xsd,https://www.sec.gov/Archives/edgar/data/1326801/000132680120000048/fb-20200331.xsd,EX-101.SCH,39063
10,XBRL TAXONOMY EXTENSION CALCULATION LINKBASE DOCUMENT,fb-20200331_cal.xml,https://www.sec.gov/Archives/edgar/data/1326801/000132680120000048/fb-20200331_cal.xml,EX-101.CAL,91054
11,XBRL TAXONOMY EXTENSION DEFINITION LINKBASE DOCUMENT,fb-20200331_def.xml,https://www.sec.gov/Archives/edgar/data/1326801/000132680120000048/fb-20200331_def.xml,EX-101.DEF,225418
12,XBRL TAXONOMY EXTENSION LABEL LINKBASE DOCUMENT,fb-20200331_lab.xml,https://www.sec.gov/Archives/edgar/data/1326801/000132680120000048/fb-20200331_lab.xml,EX-101.LAB,610845
13,XBRL TAXONOMY EXTENSION PRESENTATION LINKBASE DOCUMENT,fb-20200331_pre.xml,https://www.sec.gov/Archives/edgar/data/1326801/000132680120000048/fb-20200331_pre.xml,EX-101.PRE,346402
54,EXTRACTED XBRL INSTANCE DOCUMENT,fb-03312020x10q_htm.xml,https://www.sec.gov/Archives/edgar/data/1326801/000132680120000048/fb-03312020x10q_htm.xml,XML,1225852
