accession_number,act,file_number,filing_date,accepted_date,href,type,film_number,form_name,description,size,type1,description1,accession_number1,filing_date1,accepted_date1,documents,period_date,changed_date,effective_date,bytes,ticker
0000320193-20-000052,34,001-36743,2020-05-01T04:00:00Z,2020-04-30T04:00:00Z,https://www.sec.gov/Archives/edgar/data/320193/000032019320000052/0000320193-20-000052-index.htm,10-Q,20837377,Quarterly report [Sections 13 or 15(d)],NA,10 MB,10-Q,Quarterly report [Sections 13 or 15(d)]:,0000320193-20-000052,2020-05-01T04:00:00Z,2020-04-30T22:03:10Z,80,2020-03-28T04:00:00Z,NA,NA,10648806,AAPL
0000320193-20-000010,34,001-36743,2020-01-29T05:00:00Z,2020-01-28T05:00:00Z,https://www.sec.gov/Archives/edgar/data/320193/000032019320000010/0000320193-20-000010-index.htm,10-Q,20555794,Quarterly report [Sections 13 or 15(d)],NA,9 MB,10-Q,Quarterly report [Sections 13 or 15(d)]:,0000320193-20-000010,2020-01-29T05:00:00Z,2020-01-28T23:02:44Z,80,2019-12-28T05:00:00Z,NA,NA,9292589,AAPL
0000320193-19-000119,34,001-36743,2019-10-31T04:00:00Z,2019-10-30T04:00:00Z,https://www.sec.gov/Archives/edgar/data/320193/000032019319000119/0000320193-19-000119-index.htm,10-K,191181423,"Annual report [Section 13 and 15(d), not S-K Item 405]",NA,12 MB,10-K,"Annual report [Section 13 and 15(d), not S-K Item 405]:",0000320193-19-000119,2019-10-31T04:00:00Z,2019-10-30T22:12:36Z,96,2019-09-28T04:00:00Z,NA,NA,12861616,AAPL
0000320193-19-000076,34,001-36743,2019-07-31T04:00:00Z,2019-07-31T04:00:00Z,https://www.sec.gov/Archives/edgar/data/320193/000032019319000076/0000320193-19-000076-index.htm,10-Q,19989192,Quarterly report [Sections 13 or 15(d)],NA,10 MB,10-Q,Quarterly report [Sections 13 or 15(d)]:,0000320193-19-000076,2019-07-31T04:00:00Z,2019-07-31T20:31:53Z,75,2019-06-29T04:00:00Z,NA,NA,10526242,AAPL
0000320193-19-000066,34,001-36743,2019-05-01T04:00:00Z,2019-05-01T04:00:00Z,https://www.sec.gov/Archives/edgar/data/320193/000032019319000066/0000320193-19-000066-index.htm,10-Q,19788072,Quarterly report [Sections 13 or 15(d)],NA,10 MB,10-Q,Quarterly report [Sections 13 or 15(d)]:,0000320193-19-000066,2019-05-01T04:00:00Z,2019-05-01T20:32:00Z,75,2019-03-30T04:00:00Z,NA,NA,10459511,AAPL
0000320193-19-000010,34,001-36743,2019-01-30T05:00:00Z,2019-01-30T05:00:00Z,https://www.sec.gov/Archives/edgar/data/320193/000032019319000010/0000320193-19-000010-index.htm,10-Q,19552275,Quarterly report [Sections 13 or 15(d)],NA,8 MB,10-Q,Quarterly report [Sections 13 or 15(d)]:,0000320193-19-000010,2019-01-30T05:00:00Z,2019-01-30T21:31:37Z,73,2018-12-29T05:00:00Z,NA,NA,8176346,AAPL
0000320193-18-000145,34,001-36743,2018-11-05T05:00:00Z,2018-11-05T05:00:00Z,https://www.sec.gov/Archives/edgar/data/320193/000032019318000145/0000320193-18-000145-index.htm,10-K,181158788,"Annual report [Section 13 and 15(d), not S-K Item 405]",NA,12 MB,10-K,"Annual report [Section 13 and 15(d), not S-K Item 405]:",0000320193-18-000145,2018-11-05T05:00:00Z,2018-11-05T13:01:40Z,88,2018-09-29T04:00:00Z,NA,NA,12275572,AAPL
0000320193-18-000100,34,001-36743,2018-08-01T04:00:00Z,2018-08-01T04:00:00Z,https://www.sec.gov/Archives/edgar/data/320193/000032019318000100/0000320193-18-000100-index.htm,10-Q,18985212,Quarterly report [Sections 13 or 15(d)],NA,9 MB,10-Q,Quarterly report [Sections 13 or 15(d)]:,0000320193-18-000100,2018-08-01T04:00:00Z,2018-08-01T20:31:48Z,68,2018-06-30T04:00:00Z,NA,NA,9373238,AAPL
0000320193-18-000070,34,001-36743,2018-05-02T04:00:00Z,2018-05-02T04:00:00Z,https://www.sec.gov/Archives/edgar/data/320193/000032019318000070/0000320193-18-000070-index.htm,10-Q,18800115,Quarterly report [Sections 13 or 15(d)],NA,9 MB,10-Q,Quarterly report [Sections 13 or 15(d)]:,0000320193-18-000070,2018-05-02T04:00:00Z,2018-05-02T20:32:12Z,72,2018-03-31T04:00:00Z,NA,NA,9743668,AAPL
0000320193-18-000007,34,001-36743,2018-02-02T05:00:00Z,2018-02-02T05:00:00Z,https://www.sec.gov/Archives/edgar/data/320193/000032019318000007/0000320193-18-000007-index.htm,10-Q,18568703,Quarterly report [Sections 13 or 15(d)],NA,8 MB,10-Q,Quarterly report [Sections 13 or 15(d)]:,0000320193-18-000007,2018-02-02T05:00:00Z,2018-02-02T13:01:26Z,73,2017-12-30T05:00:00Z,NA,NA,8606471,AAPL
0000320193-17-000070,34,001-36743,2017-11-03T04:00:00Z,2017-11-03T04:00:00Z,https://www.sec.gov/Archives/edgar/data/320193/000032019317000070/0000320193-17-000070-index.htm,10-K,171174673,"Annual report [Section 13 and 15(d), not S-K Item 405]",NA,14 MB,10-K,"Annual report [Section 13 and 15(d), not S-K Item 405]:",0000320193-17-000070,2017-11-03T04:00:00Z,2017-11-03T12:01:37Z,97,2017-09-30T04:00:00Z,NA,NA,14071062,AAPL
0000320193-17-000009,34,001-36743,2017-08-02T04:00:00Z,2017-08-02T04:00:00Z,https://www.sec.gov/Archives/edgar/data/320193/000032019317000009/0000320193-17-000009-index.htm,10-Q,171000359,Quarterly report [Sections 13 or 15(d)],NA,10 MB,10-Q,Quarterly report [Sections 13 or 15(d)]:,0000320193-17-000009,2017-08-02T04:00:00Z,2017-08-02T20:31:28Z,72,2017-07-01T04:00:00Z,NA,NA,10155269,AAPL
0001628280-17-004790,34,001-36743,2017-05-03T04:00:00Z,2017-05-03T04:00:00Z,https://www.sec.gov/Archives/edgar/data/320193/000162828017004790/0001628280-17-004790-index.htm,10-Q,17809653,Quarterly report [Sections 13 or 15(d)],NA,9 MB,10-Q,Quarterly report [Sections 13 or 15(d)]:,0001628280-17-004790,2017-05-03T04:00:00Z,2017-05-03T20:32:23Z,72,2017-04-01T04:00:00Z,NA,NA,9684229,AAPL
0001628280-17-000717,34,001-36743,2017-02-01T05:00:00Z,2017-02-01T05:00:00Z,https://www.sec.gov/Archives/edgar/data/320193/000162828017000717/0001628280-17-000717-index.htm,10-Q,17565317,Quarterly report [Sections 13 or 15(d)],NA,8 MB,10-Q,Quarterly report [Sections 13 or 15(d)]:,0001628280-17-000717,2017-02-01T05:00:00Z,2017-02-01T21:33:29Z,72,2016-12-31T05:00:00Z,NA,NA,8206325,AAPL
0001628280-16-020309,34,001-36743,2016-10-26T04:00:00Z,2016-10-26T04:00:00Z,https://www.sec.gov/Archives/edgar/data/320193/000162828016020309/0001628280-16-020309-index.htm,10-K,161953070,"Annual report [Section 13 and 15(d), not S-K Item 405]",NA,13 MB,10-K,"Annual report [Section 13 and 15(d), not S-K Item 405]:",0001628280-16-020309,2016-10-26T04:00:00Z,2016-10-26T20:42:16Z,96,2016-09-24T04:00:00Z,NA,NA,13277662,AAPL
0001628280-16-017809,34,001-36743,2016-07-27T04:00:00Z,2016-07-27T04:00:00Z,https://www.sec.gov/Archives/edgar/data/320193/000162828016017809/0001628280-16-017809-index.htm,10-Q,161787078,Quarterly report [Sections 13 or 15(d)],NA,9 MB,10-Q,Quarterly report [Sections 13 or 15(d)]:,0001628280-16-017809,2016-07-27T04:00:00Z,2016-07-27T20:32:36Z,72,2016-06-25T04:00:00Z,NA,NA,9797615,AAPL
0001193125-16-559625,34,001-36743,2016-04-27T04:00:00Z,2016-04-27T04:00:00Z,https://www.sec.gov/Archives/edgar/data/320193/000119312516559625/0001193125-16-559625-index.htm,10-Q,161595799,Quarterly report [Sections 13 or 15(d)],NA,6 MB,10-Q,Quarterly report [Sections 13 or 15(d)]:,0001193125-16-559625,2016-04-27T04:00:00Z,2016-04-27T20:32:53Z,75,2016-03-26T04:00:00Z,NA,NA,6290156,AAPL
0001193125-16-439878,34,001-36743,2016-01-27T05:00:00Z,2016-01-27T05:00:00Z,https://www.sec.gov/Archives/edgar/data/320193/000119312516439878/0001193125-16-439878-index.htm,10-Q,161365395,Quarterly report [Sections 13 or 15(d)],NA,5 MB,10-Q,Quarterly report [Sections 13 or 15(d)]:,0001193125-16-439878,2016-01-27T05:00:00Z,2016-01-27T21:32:03Z,74,2015-12-26T05:00:00Z,NA,NA,5367146,AAPL
0001193125-15-356351,34,001-36743,2015-10-28T04:00:00Z,2015-10-28T04:00:00Z,https://www.sec.gov/Archives/edgar/data/320193/000119312515356351/0001193125-15-356351-index.htm,10-K,151180619,"Annual report [Section 13 and 15(d), not S-K Item 405]",NA,9 MB,10-K,"Annual report [Section 13 and 15(d), not S-K Item 405]:",0001193125-15-356351,2015-10-28T04:00:00Z,2015-10-28T20:31:09Z,15,2015-09-26T04:00:00Z,NA,NA,9594425,AAPL
0001193125-15-259935,34,001-36743,2015-07-22T04:00:00Z,2015-07-22T04:00:00Z,https://www.sec.gov/Archives/edgar/data/320193/000119312515259935/0001193125-15-259935-index.htm,10-Q,151000501,Quarterly report [Sections 13 or 15(d)],NA,6 MB,10-Q,Quarterly report [Sections 13 or 15(d)]:,0001193125-15-259935,2015-07-22T04:00:00Z,2015-07-22T21:01:17Z,11,2015-06-27T04:00:00Z,NA,NA,6580324,AAPL
