accession_number,act,file_number,filing_date,accepted_date,href,type,film_number,form_name,description,size,type1,description1,accession_number1,filing_date1,accepted_date1,documents,period_date,changed_date,effective_date,bytes,ticker
0001053507-20-000093,34,001-14195,2020-04-29T04:00:00Z,2020-04-29T04:00:00Z,https://www.sec.gov/Archives/edgar/data/1053507/000105350720000093/0001053507-20-000093-index.htm,10-Q,20830700,Quarterly report [Sections 13 or 15(d)],NA,13 MB,10-Q,Quarterly report [Sections 13 or 15(d)]:,0001053507-20-000093,2020-04-29T04:00:00Z,2020-04-29T20:25:19Z,98,2020-03-31T04:00:00Z,NA,NA,13331584,AMT
0001053507-20-000028,34,001-14195,2020-02-25T05:00:00Z,2020-02-25T05:00:00Z,https://www.sec.gov/Archives/edgar/data/1053507/000105350720000028/0001053507-20-000028-index.htm,10-K,20650707,"Annual report [Section 13 and 15(d), not S-K Item 405]",NA,31 MB,10-K,"Annual report [Section 13 and 15(d), not S-K Item 405]:",0001053507-20-000028,2020-02-25T05:00:00Z,2020-02-25T21:10:15Z,168,2019-12-31T05:00:00Z,NA,NA,31567369,AMT
0001053507-19-000134,34,001-14195,2019-10-31T04:00:00Z,2019-10-31T04:00:00Z,https://www.sec.gov/Archives/edgar/data/1053507/000105350719000134/0001053507-19-000134-index.htm,10-Q,191183786,Quarterly report [Sections 13 or 15(d)],NA,16 MB,10-Q,Quarterly report [Sections 13 or 15(d)]:,0001053507-19-000134,2019-10-31T04:00:00Z,2019-10-31T20:12:37Z,110,2019-09-30T04:00:00Z,NA,NA,16037802,AMT
0001053507-19-000105,34,001-14195,2019-07-31T04:00:00Z,2019-07-31T04:00:00Z,https://www.sec.gov/Archives/edgar/data/1053507/000105350719000105/0001053507-19-000105-index.htm,10-Q,19988818,Quarterly report [Sections 13 or 15(d)],NA,16 MB,10-Q,Quarterly report [Sections 13 or 15(d)]:,0001053507-19-000105,2019-07-31T04:00:00Z,2019-07-31T20:09:27Z,110,2019-06-30T04:00:00Z,NA,NA,16582188,AMT
0001053507-19-000073,34,001-14195,2019-05-03T04:00:00Z,2019-05-03T04:00:00Z,https://www.sec.gov/Archives/edgar/data/1053507/000105350719000073/0001053507-19-000073-index.htm,10-Q,19796399,Quarterly report [Sections 13 or 15(d)],NA,11 MB,10-Q,Quarterly report [Sections 13 or 15(d)]:,0001053507-19-000073,2019-05-03T04:00:00Z,2019-05-03T20:17:37Z,107,2019-03-31T04:00:00Z,NA,NA,11917691,AMT
0001053507-19-000012,34,001-14195,2019-02-27T05:00:00Z,2019-02-27T05:00:00Z,https://www.sec.gov/Archives/edgar/data/1053507/000105350719000012/0001053507-19-000012-index.htm,10-K,19638389,"Annual report [Section 13 and 15(d), not S-K Item 405]",NA,25 MB,10-K,"Annual report [Section 13 and 15(d), not S-K Item 405]:",0001053507-19-000012,2019-02-27T05:00:00Z,2019-02-27T21:46:19Z,159,2018-12-31T05:00:00Z,NA,NA,25035368,AMT
0001053507-18-000049,34,001-14195,2018-10-30T04:00:00Z,2018-10-30T04:00:00Z,https://www.sec.gov/Archives/edgar/data/1053507/000105350718000049/0001053507-18-000049-index.htm,10-Q,181147149,Quarterly report [Sections 13 or 15(d)],NA,12 MB,10-Q,Quarterly report [Sections 13 or 15(d)]:,0001053507-18-000049,2018-10-30T04:00:00Z,2018-10-30T20:17:22Z,95,2018-09-30T04:00:00Z,NA,NA,12921806,AMT
0001053507-18-000038,34,001-14195,2018-07-31T04:00:00Z,2018-07-31T04:00:00Z,https://www.sec.gov/Archives/edgar/data/1053507/000105350718000038/0001053507-18-000038-index.htm,10-Q,18982027,Quarterly report [Sections 13 or 15(d)],NA,12 MB,10-Q,Quarterly report [Sections 13 or 15(d)]:,0001053507-18-000038,2018-07-31T04:00:00Z,2018-07-31T21:15:12Z,92,2018-06-30T04:00:00Z,NA,NA,12417530,AMT
0001053507-18-000026,34,001-14195,2018-05-02T04:00:00Z,2018-05-01T04:00:00Z,https://www.sec.gov/Archives/edgar/data/1053507/000105350718000026/0001053507-18-000026-index.htm,10-Q,18797273,Quarterly report [Sections 13 or 15(d)],NA,11 MB,10-Q,Quarterly report [Sections 13 or 15(d)]:,0001053507-18-000026,2018-05-02T04:00:00Z,2018-05-02T01:08:05Z,99,2018-03-31T04:00:00Z,NA,NA,11775673,AMT
0001053507-18-000006,34,001-14195,2018-02-28T05:00:00Z,2018-02-27T05:00:00Z,https://www.sec.gov/Archives/edgar/data/1053507/000105350718000006/0001053507-18-000006-index.htm,10-K,18646766,"Annual report [Section 13 and 15(d), not S-K Item 405]",NA,22 MB,10-K,"Annual report [Section 13 and 15(d), not S-K Item 405]:",0001053507-18-000006,2018-02-28T05:00:00Z,2018-02-27T22:43:57Z,140,2017-12-31T05:00:00Z,NA,NA,22477611,AMT
0001053507-17-000056,34,001-14195,2017-10-31T04:00:00Z,2017-10-31T04:00:00Z,https://www.sec.gov/Archives/edgar/data/1053507/000105350717000056/0001053507-17-000056-index.htm,10-Q,171166226,Quarterly report [Sections 13 or 15(d)],NA,11 MB,10-Q,Quarterly report [Sections 13 or 15(d)]:,0001053507-17-000056,2017-10-31T04:00:00Z,2017-10-31T20:46:37Z,87,2017-09-30T04:00:00Z,NA,NA,11681851,AMT
0001053507-17-000045,34,001-14195,2017-07-27T04:00:00Z,2017-07-27T04:00:00Z,https://www.sec.gov/Archives/edgar/data/1053507/000105350717000045/0001053507-17-000045-index.htm,10-Q,17986883,Quarterly report [Sections 13 or 15(d)],NA,11 MB,10-Q,Quarterly report [Sections 13 or 15(d)]:,0001053507-17-000045,2017-07-27T04:00:00Z,2017-07-27T20:53:10Z,83,2017-06-30T04:00:00Z,NA,NA,11170633,AMT
0001053507-17-000031,34,001-14195,2017-04-27T04:00:00Z,2017-04-27T04:00:00Z,https://www.sec.gov/Archives/edgar/data/1053507/000105350717000031/0001053507-17-000031-index.htm,10-Q,17789650,Quarterly report [Sections 13 or 15(d)],NA,9 MB,10-Q,Quarterly report [Sections 13 or 15(d)]:,0001053507-17-000031,2017-04-27T04:00:00Z,2017-04-27T20:37:05Z,85,2017-03-31T04:00:00Z,NA,NA,9313475,AMT
0001053507-17-000009,34,001-14195,2017-02-27T05:00:00Z,2017-02-27T05:00:00Z,https://www.sec.gov/Archives/edgar/data/1053507/000105350717000009/0001053507-17-000009-index.htm,10-K,17642873,"Annual report [Section 13 and 15(d), not S-K Item 405]",NA,22 MB,10-K,"Annual report [Section 13 and 15(d), not S-K Item 405]:",0001053507-17-000009,2017-02-27T05:00:00Z,2017-02-27T22:05:07Z,141,2016-12-31T05:00:00Z,NA,NA,22625347,AMT
0001053507-16-000057,34,001-14195,2016-10-27T04:00:00Z,2016-10-27T04:00:00Z,https://www.sec.gov/Archives/edgar/data/1053507/000105350716000057/0001053507-16-000057-index.htm,10-Q,161956172,Quarterly report [Sections 13 or 15(d)],NA,11 MB,10-Q,Quarterly report [Sections 13 or 15(d)]:,0001053507-16-000057,2016-10-27T04:00:00Z,2016-10-27T20:58:39Z,88,2016-09-30T04:00:00Z,NA,NA,11683768,AMT
0001053507-16-000048,34,001-14195,2016-07-28T04:00:00Z,2016-07-28T04:00:00Z,https://www.sec.gov/Archives/edgar/data/1053507/000105350716000048/0001053507-16-000048-index.htm,10-Q,161790940,Quarterly report [Sections 13 or 15(d)],NA,10 MB,10-Q,Quarterly report [Sections 13 or 15(d)]:,0001053507-16-000048,2016-07-28T04:00:00Z,2016-07-28T21:06:57Z,83,2016-06-30T04:00:00Z,NA,NA,10972144,AMT
0001053507-16-000032,34,001-14195,2016-04-29T04:00:00Z,2016-04-29T04:00:00Z,https://www.sec.gov/Archives/edgar/data/1053507/000105350716000032/0001053507-16-000032-index.htm,10-Q,161607489,Quarterly report [Sections 13 or 15(d)],NA,7 MB,10-Q,Quarterly report [Sections 13 or 15(d)]:,0001053507-16-000032,2016-04-29T04:00:00Z,2016-04-29T20:45:21Z,77,2016-03-31T04:00:00Z,NA,NA,7944223,AMT
0001053507-16-000018,34,001-14195,2016-02-26T05:00:00Z,2016-02-26T05:00:00Z,https://www.sec.gov/Archives/edgar/data/1053507/000105350716000018/0001053507-16-000018-index.htm,10-K,161463695,"Annual report [Section 13 and 15(d), not S-K Item 405]",NA,23 MB,10-K,"Annual report [Section 13 and 15(d), not S-K Item 405]:",0001053507-16-000018,2016-02-26T05:00:00Z,2016-02-26T22:35:55Z,138,2015-12-31T05:00:00Z,NA,NA,23808773,AMT
0001628280-15-008027,34,001-14195,2015-10-29T04:00:00Z,2015-10-29T04:00:00Z,https://www.sec.gov/Archives/edgar/data/1053507/000162828015008027/0001628280-15-008027-index.htm,10-Q,151184093,Quarterly report [Sections 13 or 15(d)],NA,12 MB,10-Q,Quarterly report [Sections 13 or 15(d)]:,0001628280-15-008027,2015-10-29T04:00:00Z,2015-10-29T20:28:28Z,11,2015-09-30T04:00:00Z,NA,NA,12926323,AMT
0001193125-15-268479,34,001-14195,2015-07-29T04:00:00Z,2015-07-29T04:00:00Z,https://www.sec.gov/Archives/edgar/data/1053507/000119312515268479/0001193125-15-268479-index.htm,10-Q,151013592,Quarterly report [Sections 13 or 15(d)],NA,12 MB,10-Q,Quarterly report [Sections 13 or 15(d)]:,0001193125-15-268479,2015-07-29T04:00:00Z,2015-07-29T21:14:06Z,14,2015-06-30T04:00:00Z,NA,NA,12657404,AMT
