accession_number,act,file_number,filing_date,accepted_date,href,type,film_number,form_name,description,size,type1,description1,accession_number1,filing_date1,accepted_date1,documents,period_date,changed_date,effective_date,bytes,ticker
0001018724-20-000010,34,000-22513,2020-05-01T04:00:00Z,2020-04-30T04:00:00Z,https://www.sec.gov/Archives/edgar/data/1018724/000101872420000010/0001018724-20-000010-index.htm,10-Q,20837761,Quarterly report [Sections 13 or 15(d)],NA,6 MB,10-Q,Quarterly report [Sections 13 or 15(d)]:,0001018724-20-000010,2020-05-01T04:00:00Z,2020-04-30T23:23:48Z,66,2020-03-31T04:00:00Z,NA,NA,6835649,AMZN
0001018724-20-000004,34,000-22513,2020-01-31T05:00:00Z,2020-01-30T05:00:00Z,https://www.sec.gov/Archives/edgar/data/1018724/000101872420000004/0001018724-20-000004-index.htm,10-K,20562951,"Annual report [Section 13 and 15(d), not S-K Item 405]",NA,13 MB,10-K,"Annual report [Section 13 and 15(d), not S-K Item 405]:",0001018724-20-000004,2020-01-31T05:00:00Z,2020-01-31T01:46:13Z,109,2019-12-31T05:00:00Z,NA,NA,13336980,AMZN
0001018724-19-000089,34,000-22513,2019-10-25T04:00:00Z,2019-10-24T04:00:00Z,https://www.sec.gov/Archives/edgar/data/1018724/000101872419000089/0001018724-19-000089-index.htm,10-Q,191167298,Quarterly report [Sections 13 or 15(d)],NA,7 MB,10-Q,Quarterly report [Sections 13 or 15(d)]:,0001018724-19-000089,2019-10-25T04:00:00Z,2019-10-25T00:49:26Z,66,2019-09-30T04:00:00Z,NA,NA,7877137,AMZN
0001018724-19-000071,34,000-22513,2019-07-26T04:00:00Z,2019-07-25T04:00:00Z,https://www.sec.gov/Archives/edgar/data/1018724/000101872419000071/0001018724-19-000071-index.htm,10-Q,19975687,Quarterly report [Sections 13 or 15(d)],NA,7 MB,10-Q,Quarterly report [Sections 13 or 15(d)]:,0001018724-19-000071,2019-07-26T04:00:00Z,2019-07-25T23:40:28Z,66,2019-06-30T04:00:00Z,NA,NA,7822009,AMZN
0001018724-19-000043,34,000-22513,2019-04-26T04:00:00Z,2019-04-25T04:00:00Z,https://www.sec.gov/Archives/edgar/data/1018724/000101872419000043/0001018724-19-000043-index.htm,10-Q,19768848,Quarterly report [Sections 13 or 15(d)],NA,5 MB,10-Q,Quarterly report [Sections 13 or 15(d)]:,0001018724-19-000043,2019-04-26T04:00:00Z,2019-04-25T23:08:50Z,65,2019-03-31T04:00:00Z,NA,NA,5899104,AMZN
0001018724-19-000004,34,000-22513,2019-02-01T05:00:00Z,2019-01-31T05:00:00Z,https://www.sec.gov/Archives/edgar/data/1018724/000101872419000004/0001018724-19-000004-index.htm,10-K,19557427,"Annual report [Section 13 and 15(d), not S-K Item 405]",NA,11 MB,10-K,"Annual report [Section 13 and 15(d), not S-K Item 405]:",0001018724-19-000004,2019-02-01T05:00:00Z,2019-02-01T01:22:40Z,106,2018-12-31T05:00:00Z,NA,NA,11900762,AMZN
0001018724-18-000159,34,000-22513,2018-10-26T04:00:00Z,2018-10-25T04:00:00Z,https://www.sec.gov/Archives/edgar/data/1018724/000101872418000159/0001018724-18-000159-index.htm,10-Q,181140058,Quarterly report [Sections 13 or 15(d)],NA,6 MB,10-Q,Quarterly report [Sections 13 or 15(d)]:,0001018724-18-000159,2018-10-26T04:00:00Z,2018-10-25T23:42:40Z,65,2018-09-30T04:00:00Z,NA,NA,6913907,AMZN
0001018724-18-000108,34,000-22513,2018-07-27T04:00:00Z,2018-07-26T04:00:00Z,https://www.sec.gov/Archives/edgar/data/1018724/000101872418000108/0001018724-18-000108-index.htm,10-Q,18972854,Quarterly report [Sections 13 or 15(d)],NA,6 MB,10-Q,Quarterly report [Sections 13 or 15(d)]:,0001018724-18-000108,2018-07-27T04:00:00Z,2018-07-26T23:23:13Z,65,2018-06-30T04:00:00Z,NA,NA,6903041,AMZN
0001018724-18-000072,34,000-22513,2018-04-27T04:00:00Z,2018-04-26T04:00:00Z,https://www.sec.gov/Archives/edgar/data/1018724/000101872418000072/0001018724-18-000072-index.htm,10-Q,18780434,Quarterly report [Sections 13 or 15(d)],NA,5 MB,10-Q,Quarterly report [Sections 13 or 15(d)]:,0001018724-18-000072,2018-04-27T04:00:00Z,2018-04-26T23:36:54Z,62,2018-03-31T04:00:00Z,NA,NA,5617318,AMZN
0001018724-18-000005,34,000-22513,2018-02-02T05:00:00Z,2018-02-01T05:00:00Z,https://www.sec.gov/Archives/edgar/data/1018724/000101872418000005/0001018724-18-000005-index.htm,10-K,18568399,"Annual report [Section 13 and 15(d), not S-K Item 405]",NA,12 MB,10-K,"Annual report [Section 13 and 15(d), not S-K Item 405]:",0001018724-18-000005,2018-02-02T05:00:00Z,2018-02-02T01:41:15Z,110,2017-12-31T05:00:00Z,NA,NA,12211807,AMZN
0001018724-17-000135,34,000-22513,2017-10-27T04:00:00Z,2017-10-26T04:00:00Z,https://www.sec.gov/Archives/edgar/data/1018724/000101872417000135/0001018724-17-000135-index.htm,10-Q,171157593,Quarterly report [Sections 13 or 15(d)],NA,6 MB,10-Q,Quarterly report [Sections 13 or 15(d)]:,0001018724-17-000135,2017-10-27T04:00:00Z,2017-10-26T23:41:02Z,60,2017-09-30T04:00:00Z,NA,NA,6518625,AMZN
0001018724-17-000100,34,000-22513,2017-07-28T04:00:00Z,2017-07-27T04:00:00Z,https://www.sec.gov/Archives/edgar/data/1018724/000101872417000100/0001018724-17-000100-index.htm,10-Q,17987510,Quarterly report [Sections 13 or 15(d)],NA,6 MB,10-Q,Quarterly report [Sections 13 or 15(d)]:,0001018724-17-000100,2017-07-28T04:00:00Z,2017-07-27T23:19:31Z,62,2017-06-30T04:00:00Z,NA,NA,6069787,AMZN
0001018724-17-000051,34,000-22513,2017-04-28T04:00:00Z,2017-04-27T04:00:00Z,https://www.sec.gov/Archives/edgar/data/1018724/000101872417000051/0001018724-17-000051-index.htm,10-Q,17790997,Quarterly report [Sections 13 or 15(d)],NA,4 MB,10-Q,Quarterly report [Sections 13 or 15(d)]:,0001018724-17-000051,2017-04-28T04:00:00Z,2017-04-27T23:05:44Z,53,2017-03-31T04:00:00Z,NA,NA,4749500,AMZN
0001018724-17-000011,34,000-22513,2017-02-10T05:00:00Z,2017-02-09T05:00:00Z,https://www.sec.gov/Archives/edgar/data/1018724/000101872417000011/0001018724-17-000011-index.htm,10-K,17588807,"Annual report [Section 13 and 15(d), not S-K Item 405]",NA,11 MB,10-K,"Annual report [Section 13 and 15(d), not S-K Item 405]:",0001018724-17-000011,2017-02-10T05:00:00Z,2017-02-09T22:56:36Z,92,2016-12-31T05:00:00Z,NA,NA,11741549,AMZN
0001018724-16-000324,34,000-22513,2016-10-28T04:00:00Z,2016-10-27T04:00:00Z,https://www.sec.gov/Archives/edgar/data/1018724/000101872416000324/0001018724-16-000324-index.htm,10-Q,161956601,Quarterly report [Sections 13 or 15(d)],NA,5 MB,10-Q,Quarterly report [Sections 13 or 15(d)]:,0001018724-16-000324,2016-10-28T04:00:00Z,2016-10-27T22:38:58Z,52,2016-09-30T04:00:00Z,NA,NA,5490057,AMZN
0001018724-16-000286,34,000-22513,2016-07-29T04:00:00Z,2016-07-28T04:00:00Z,https://www.sec.gov/Archives/edgar/data/1018724/000101872416000286/0001018724-16-000286-index.htm,10-Q,161791558,Quarterly report [Sections 13 or 15(d)],NA,6 MB,10-Q,Quarterly report [Sections 13 or 15(d)]:,0001018724-16-000286,2016-07-29T04:00:00Z,2016-07-28T23:21:05Z,53,2016-06-30T04:00:00Z,NA,NA,6335826,AMZN
0001018724-16-000227,34,000-22513,2016-04-29T04:00:00Z,2016-04-28T04:00:00Z,https://www.sec.gov/Archives/edgar/data/1018724/000101872416000227/0001018724-16-000227-index.htm,10-Q,161601705,Quarterly report [Sections 13 or 15(d)],NA,4 MB,10-Q,Quarterly report [Sections 13 or 15(d)]:,0001018724-16-000227,2016-04-29T04:00:00Z,2016-04-28T22:27:40Z,53,2016-03-31T04:00:00Z,NA,NA,4567354,AMZN
0001018724-16-000172,34,000-22513,2016-01-29T05:00:00Z,2016-01-28T05:00:00Z,https://www.sec.gov/Archives/edgar/data/1018724/000101872416000172/0001018724-16-000172-index.htm,10-K,161370623,"Annual report [Section 13 and 15(d), not S-K Item 405]",NA,11 MB,10-K,"Annual report [Section 13 and 15(d), not S-K Item 405]:",0001018724-16-000172,2016-01-29T05:00:00Z,2016-01-29T00:38:11Z,93,2015-12-31T05:00:00Z,NA,NA,11352950,AMZN
0001018724-15-000126,34,000-22513,2015-10-23T04:00:00Z,2015-10-22T04:00:00Z,https://www.sec.gov/Archives/edgar/data/1018724/000101872415000126/0001018724-15-000126-index.htm,10-Q,151171353,Quarterly report [Sections 13 or 15(d)],NA,5 MB,10-Q,Quarterly report [Sections 13 or 15(d)]:,0001018724-15-000126,2015-10-23T04:00:00Z,2015-10-22T22:50:56Z,11,2015-09-30T04:00:00Z,NA,NA,5852558,AMZN
0001018724-15-000087,34,000-22513,2015-07-24T04:00:00Z,2015-07-23T04:00:00Z,https://www.sec.gov/Archives/edgar/data/1018724/000101872415000087/0001018724-15-000087-index.htm,10-Q,151003156,Quarterly report [Sections 13 or 15(d)],NA,5 MB,10-Q,Quarterly report [Sections 13 or 15(d)]:,0001018724-15-000087,2015-07-24T04:00:00Z,2015-07-23T22:46:09Z,11,2015-06-30T04:00:00Z,NA,NA,5766603,AMZN
