accession_number,act,file_number,filing_date,accepted_date,href,type,film_number,form_name,description,size,type1,description1,accession_number1,filing_date1,accepted_date1,documents,period_date,changed_date,effective_date,bytes,ticker
0001558370-20-005691,34,001-09328,2020-05-07T04:00:00Z,2020-05-07T04:00:00Z,https://www.sec.gov/Archives/edgar/data/31462/000155837020005691/0001558370-20-005691-index.htm,10-Q,20856360,Quarterly report [Sections 13 or 15(d)],NA,16 MB,10-Q,Quarterly report [Sections 13 or 15(d)]:,0001558370-20-005691,2020-05-07T04:00:00Z,2020-05-07T20:07:54Z,82,2020-03-31T04:00:00Z,NA,NA,16463199,ECL
0001558370-20-001788,34,001-09328,2020-02-28T05:00:00Z,2020-02-28T05:00:00Z,https://www.sec.gov/Archives/edgar/data/31462/000155837020001788/0001558370-20-001788-index.htm,10-K,20671048,"Annual report [Section 13 and 15(d), not S-K Item 405]",NA,34 MB,10-K,"Annual report [Section 13 and 15(d), not S-K Item 405]:",0001558370-20-001788,2020-02-28T05:00:00Z,2020-02-28T21:36:22Z,119,2019-12-31T05:00:00Z,NA,NA,34453029,ECL
0001558370-19-009602,34,001-09328,2019-10-31T04:00:00Z,2019-10-31T04:00:00Z,https://www.sec.gov/Archives/edgar/data/31462/000155837019009602/0001558370-19-009602-index.htm,10-Q,191184399,Quarterly report [Sections 13 or 15(d)],NA,21 MB,10-Q,Quarterly report [Sections 13 or 15(d)]:,0001558370-19-009602,2019-10-31T04:00:00Z,2019-10-31T21:03:40Z,84,2019-09-30T04:00:00Z,NA,NA,21359679,ECL
0001558370-19-006736,34,001-09328,2019-08-01T04:00:00Z,2019-08-01T04:00:00Z,https://www.sec.gov/Archives/edgar/data/31462/000155837019006736/0001558370-19-006736-index.htm,10-Q,19990963,Quarterly report [Sections 13 or 15(d)],NA,21 MB,10-Q,Quarterly report [Sections 13 or 15(d)]:,0001558370-19-006736,2019-08-01T04:00:00Z,2019-08-01T11:35:38Z,84,2019-06-30T04:00:00Z,NA,NA,21209013,ECL
0001558370-19-003797,34,001-09328,2019-05-02T04:00:00Z,2019-05-02T04:00:00Z,https://www.sec.gov/Archives/edgar/data/31462/000155837019003797/0001558370-19-003797-index.htm,10-Q,19789785,Quarterly report [Sections 13 or 15(d)],NA,17 MB,10-Q,Quarterly report [Sections 13 or 15(d)]:,0001558370-19-003797,2019-05-02T04:00:00Z,2019-05-02T11:58:50Z,84,2019-03-31T04:00:00Z,NA,NA,17612240,ECL
0001558370-19-001379,34,001-09328,2019-03-01T05:00:00Z,2019-03-01T05:00:00Z,https://www.sec.gov/Archives/edgar/data/31462/000155837019001379/0001558370-19-001379-index.htm,10-K,19646609,"Annual report [Section 13 and 15(d), not S-K Item 405]",NA,41 MB,10-K,"Annual report [Section 13 and 15(d), not S-K Item 405]:",0001558370-19-001379,2019-03-01T05:00:00Z,2019-03-01T11:25:44Z,116,2018-12-31T05:00:00Z,NA,NA,41544051,ECL
0001558370-18-008282,34,001-09328,2018-11-01T04:00:00Z,2018-11-01T04:00:00Z,https://www.sec.gov/Archives/edgar/data/31462/000155837018008282/0001558370-18-008282-index.htm,10-Q,181154867,Quarterly report [Sections 13 or 15(d)],NA,23 MB,10-Q,Quarterly report [Sections 13 or 15(d)]:,0001558370-18-008282,2018-11-01T04:00:00Z,2018-11-01T21:24:29Z,81,2018-09-30T04:00:00Z,NA,NA,23972060,ECL
0001558370-18-006163,34,001-09328,2018-08-02T04:00:00Z,2018-08-02T04:00:00Z,https://www.sec.gov/Archives/edgar/data/31462/000155837018006163/0001558370-18-006163-index.htm,10-Q,18986786,Quarterly report [Sections 13 or 15(d)],NA,23 MB,10-Q,Quarterly report [Sections 13 or 15(d)]:,0001558370-18-006163,2018-08-02T04:00:00Z,2018-08-02T12:31:34Z,80,2018-06-30T04:00:00Z,NA,NA,23403855,ECL
0001558370-18-003829,34,001-09328,2018-05-03T04:00:00Z,2018-05-03T04:00:00Z,https://www.sec.gov/Archives/edgar/data/31462/000155837018003829/0001558370-18-003829-index.htm,10-Q,18801869,Quarterly report [Sections 13 or 15(d)],NA,18 MB,10-Q,Quarterly report [Sections 13 or 15(d)]:,0001558370-18-003829,2018-05-03T04:00:00Z,2018-05-03T12:15:34Z,80,2018-03-31T04:00:00Z,NA,NA,18236007,ECL
0001558370-18-000999,34,001-09328,2018-02-23T05:00:00Z,2018-02-23T05:00:00Z,https://www.sec.gov/Archives/edgar/data/31462/000155837018000999/0001558370-18-000999-index.htm,10-K,18634733,"Annual report [Section 13 and 15(d), not S-K Item 405]",NA,36 MB,10-K,"Annual report [Section 13 and 15(d), not S-K Item 405]:",0001558370-18-000999,2018-02-23T05:00:00Z,2018-02-23T13:46:10Z,110,2017-12-31T05:00:00Z,NA,NA,36323708,ECL
0001558370-17-008023,34,001-09328,2017-11-02T04:00:00Z,2017-11-02T04:00:00Z,https://www.sec.gov/Archives/edgar/data/31462/000155837017008023/0001558370-17-008023-index.htm,10-Q,171173287,Quarterly report [Sections 13 or 15(d)],NA,18 MB,10-Q,Quarterly report [Sections 13 or 15(d)]:,0001558370-17-008023,2017-11-02T04:00:00Z,2017-11-02T20:58:38Z,77,2017-09-30T04:00:00Z,NA,NA,18402803,ECL
0001558370-17-005778,34,001-09328,2017-08-03T04:00:00Z,2017-08-03T04:00:00Z,https://www.sec.gov/Archives/edgar/data/31462/000155837017005778/0001558370-17-005778-index.htm,10-Q,171002990,Quarterly report [Sections 13 or 15(d)],NA,18 MB,10-Q,Quarterly report [Sections 13 or 15(d)]:,0001558370-17-005778,2017-08-03T04:00:00Z,2017-08-03T12:40:53Z,79,2017-06-30T04:00:00Z,NA,NA,18814355,ECL
0001558370-17-003539,34,001-09328,2017-05-04T04:00:00Z,2017-05-04T04:00:00Z,https://www.sec.gov/Archives/edgar/data/31462/000155837017003539/0001558370-17-003539-index.htm,10-Q,17814514,Quarterly report [Sections 13 or 15(d)],NA,13 MB,10-Q,Quarterly report [Sections 13 or 15(d)]:,0001558370-17-003539,2017-05-04T04:00:00Z,2017-05-04T20:36:42Z,72,2017-03-31T04:00:00Z,NA,NA,13638815,ECL
0001558370-17-000944,34,001-09328,2017-02-24T05:00:00Z,2017-02-24T05:00:00Z,https://www.sec.gov/Archives/edgar/data/31462/000155837017000944/0001558370-17-000944-index.htm,10-K,17634827,"Annual report [Section 13 and 15(d), not S-K Item 405]",NA,34 MB,10-K,"Annual report [Section 13 and 15(d), not S-K Item 405]:",0001558370-17-000944,2017-02-24T05:00:00Z,2017-02-24T13:25:17Z,108,2016-12-31T05:00:00Z,NA,NA,34831957,ECL
0001558370-16-009235,34,001-09328,2016-11-03T04:00:00Z,2016-11-03T04:00:00Z,https://www.sec.gov/Archives/edgar/data/31462/000155837016009235/0001558370-16-009235-index.htm,10-Q,161972104,Quarterly report [Sections 13 or 15(d)],NA,19 MB,10-Q,Quarterly report [Sections 13 or 15(d)]:,0001558370-16-009235,2016-11-03T04:00:00Z,2016-11-03T20:32:00Z,72,2016-09-30T04:00:00Z,NA,NA,19542355,ECL
0001558370-16-007312,34,001-09328,2016-08-04T04:00:00Z,2016-08-04T04:00:00Z,https://www.sec.gov/Archives/edgar/data/31462/000155837016007312/0001558370-16-007312-index.htm,10-Q,161805920,Quarterly report [Sections 13 or 15(d)],NA,18 MB,10-Q,Quarterly report [Sections 13 or 15(d)]:,0001558370-16-007312,2016-08-04T04:00:00Z,2016-08-04T12:33:26Z,72,2016-06-30T04:00:00Z,NA,NA,18448487,ECL
0001558370-16-005353,34,001-09328,2016-05-05T04:00:00Z,2016-05-05T04:00:00Z,https://www.sec.gov/Archives/edgar/data/31462/000155837016005353/0001558370-16-005353-index.htm,10-Q,161621731,Quarterly report [Sections 13 or 15(d)],NA,14 MB,10-Q,Quarterly report [Sections 13 or 15(d)]:,0001558370-16-005353,2016-05-05T04:00:00Z,2016-05-05T12:38:47Z,69,2016-03-31T04:00:00Z,NA,NA,14583048,ECL
0001558370-16-003581,34,001-09328,2016-02-26T05:00:00Z,2016-02-26T05:00:00Z,https://www.sec.gov/Archives/edgar/data/31462/000155837016003581/0001558370-16-003581-index.htm,10-K,161458061,"Annual report [Section 13 and 15(d), not S-K Item 405]",NA,35 MB,10-K,"Annual report [Section 13 and 15(d), not S-K Item 405]:",0001558370-16-003581,2016-02-26T05:00:00Z,2016-02-26T13:46:43Z,110,2015-12-31T05:00:00Z,NA,NA,35215054,ECL
0001104659-15-074906,34,001-09328,2015-11-02T05:00:00Z,2015-11-02T05:00:00Z,https://www.sec.gov/Archives/edgar/data/31462/000110465915074906/0001104659-15-074906-index.htm,10-Q,151191037,Quarterly report [Sections 13 or 15(d)],NA,12 MB,10-Q,Quarterly report [Sections 13 or 15(d)]:,0001104659-15-074906,2015-11-02T05:00:00Z,2015-11-02T21:33:02Z,11,2015-09-30T04:00:00Z,NA,NA,12054607,ECL
0001104659-15-056831,34,001-09328,2015-08-06T04:00:00Z,2015-08-06T04:00:00Z,https://www.sec.gov/Archives/edgar/data/31462/000110465915056831/0001104659-15-056831-index.htm,10-Q,151031264,Quarterly report [Sections 13 or 15(d)],NA,11 MB,10-Q,Quarterly report [Sections 13 or 15(d)]:,0001104659-15-056831,2015-08-06T04:00:00Z,2015-08-06T12:43:57Z,12,2015-06-30T04:00:00Z,NA,NA,11507251,ECL
