accession_number,act,file_number,filing_date,accepted_date,href,type,film_number,form_name,description,size,type1,description1,accession_number1,filing_date1,accepted_date1,documents,period_date,changed_date,effective_date,bytes,ticker
0001326801-20-000048,34,001-35551,2020-04-30T04:00:00Z,2020-04-30T04:00:00Z,https://www.sec.gov/Archives/edgar/data/1326801/000132680120000048/0001326801-20-000048-index.htm,10-Q,20832994,Quarterly report [Sections 13 or 15(d)],NA,9 MB,10-Q,Quarterly report [Sections 13 or 15(d)]:,0001326801-20-000048,2020-04-30T04:00:00Z,2020-04-30T10:14:44Z,85,2020-03-31T04:00:00Z,NA,NA,9631483,FB
0001326801-20-000013,34,001-35551,2020-01-30T05:00:00Z,2020-01-29T05:00:00Z,https://www.sec.gov/Archives/edgar/data/1326801/000132680120000013/0001326801-20-000013-index.htm,10-K,20559618,"Annual report [Section 13 and 15(d), not S-K Item 405]",NA,12 MB,10-K,"Annual report [Section 13 and 15(d), not S-K Item 405]:",0001326801-20-000013,2020-01-30T05:00:00Z,2020-01-30T02:12:14Z,99,2019-12-31T05:00:00Z,NA,NA,12866813,FB
0001326801-19-000069,34,001-35551,2019-10-31T04:00:00Z,2019-10-30T04:00:00Z,https://www.sec.gov/Archives/edgar/data/1326801/000132680119000069/0001326801-19-000069-index.htm,10-Q,191181755,Quarterly report [Sections 13 or 15(d)],NA,9 MB,10-Q,Quarterly report [Sections 13 or 15(d)]:,0001326801-19-000069,2019-10-31T04:00:00Z,2019-10-31T01:00:31Z,76,2019-09-30T04:00:00Z,NA,NA,9356749,FB
0001326801-19-000055,34,001-35551,2019-07-25T04:00:00Z,2019-07-24T04:00:00Z,https://www.sec.gov/Archives/edgar/data/1326801/000132680119000055/0001326801-19-000055-index.htm,10-Q,19972256,Quarterly report [Sections 13 or 15(d)],NA,9 MB,10-Q,Quarterly report [Sections 13 or 15(d)]:,0001326801-19-000055,2019-07-25T04:00:00Z,2019-07-25T01:12:30Z,78,2019-06-30T04:00:00Z,NA,NA,9223061,FB
0001326801-19-000037,34,001-35551,2019-04-25T04:00:00Z,2019-04-24T04:00:00Z,https://www.sec.gov/Archives/edgar/data/1326801/000132680119000037/0001326801-19-000037-index.htm,10-Q,19765092,Quarterly report [Sections 13 or 15(d)],NA,7 MB,10-Q,Quarterly report [Sections 13 or 15(d)]:,0001326801-19-000037,2019-04-25T04:00:00Z,2019-04-25T01:06:00Z,78,2019-03-31T04:00:00Z,NA,NA,7109686,FB
0001326801-19-000009,34,001-35551,2019-01-31T05:00:00Z,2019-01-31T05:00:00Z,https://www.sec.gov/Archives/edgar/data/1326801/000132680119000009/0001326801-19-000009-index.htm,10-K,19556520,"Annual report [Section 13 and 15(d), not S-K Item 405]",NA,9 MB,10-K,"Annual report [Section 13 and 15(d), not S-K Item 405]:",0001326801-19-000009,2019-01-31T05:00:00Z,2019-01-31T21:58:29Z,86,2018-12-31T05:00:00Z,NA,NA,9776884,FB
0001326801-18-000067,34,001-35551,2018-10-31T04:00:00Z,2018-10-31T04:00:00Z,https://www.sec.gov/Archives/edgar/data/1326801/000132680118000067/0001326801-18-000067-index.htm,10-Q,181150467,Quarterly report [Sections 13 or 15(d)],NA,7 MB,10-Q,Quarterly report [Sections 13 or 15(d)]:,0001326801-18-000067,2018-10-31T04:00:00Z,2018-10-31T20:13:09Z,71,2018-09-30T04:00:00Z,NA,NA,7484474,FB
0001326801-18-000057,34,001-35551,2018-07-26T04:00:00Z,2018-07-26T04:00:00Z,https://www.sec.gov/Archives/edgar/data/1326801/000132680118000057/0001326801-18-000057-index.htm,10-Q,18972047,Quarterly report [Sections 13 or 15(d)],NA,7 MB,10-Q,Quarterly report [Sections 13 or 15(d)]:,0001326801-18-000057,2018-07-26T04:00:00Z,2018-07-26T20:25:03Z,70,2018-06-30T04:00:00Z,NA,NA,7946570,FB
0001326801-18-000032,34,001-35551,2018-04-26T04:00:00Z,2018-04-26T04:00:00Z,https://www.sec.gov/Archives/edgar/data/1326801/000132680118000032/0001326801-18-000032-index.htm,10-Q,18779563,Quarterly report [Sections 13 or 15(d)],NA,6 MB,10-Q,Quarterly report [Sections 13 or 15(d)]:,0001326801-18-000032,2018-04-26T04:00:00Z,2018-04-26T21:06:41Z,75,2018-03-31T04:00:00Z,NA,NA,6473339,FB
0001326801-18-000009,34,001-35551,2018-02-01T05:00:00Z,2018-02-01T05:00:00Z,https://www.sec.gov/Archives/edgar/data/1326801/000132680118000009/0001326801-18-000009-index.htm,10-K,18567541,"Annual report [Section 13 and 15(d), not S-K Item 405]",NA,9 MB,10-K,"Annual report [Section 13 and 15(d), not S-K Item 405]:",0001326801-18-000009,2018-02-01T05:00:00Z,2018-02-01T21:58:26Z,90,2017-12-31T05:00:00Z,NA,NA,9728655,FB
0001326801-17-000053,34,001-35551,2017-11-02T04:00:00Z,2017-11-02T04:00:00Z,https://www.sec.gov/Archives/edgar/data/1326801/000132680117000053/0001326801-17-000053-index.htm,10-Q,171172991,Quarterly report [Sections 13 or 15(d)],NA,6 MB,10-Q,Quarterly report [Sections 13 or 15(d)]:,0001326801-17-000053,2017-11-02T04:00:00Z,2017-11-02T20:37:43Z,63,2017-09-30T04:00:00Z,NA,NA,6100589,FB
0001326801-17-000038,34,001-35551,2017-07-27T04:00:00Z,2017-07-27T04:00:00Z,https://www.sec.gov/Archives/edgar/data/1326801/000132680117000038/0001326801-17-000038-index.htm,10-Q,17986612,Quarterly report [Sections 13 or 15(d)],NA,6 MB,10-Q,Quarterly report [Sections 13 or 15(d)]:,0001326801-17-000038,2017-07-27T04:00:00Z,2017-07-27T20:25:55Z,65,2017-06-30T04:00:00Z,NA,NA,6365711,FB
0001326801-17-000024,34,001-35551,2017-05-04T04:00:00Z,2017-05-04T04:00:00Z,https://www.sec.gov/Archives/edgar/data/1326801/000132680117000024/0001326801-17-000024-index.htm,10-Q,17814232,Quarterly report [Sections 13 or 15(d)],NA,6 MB,10-Q,Quarterly report [Sections 13 or 15(d)]:,0001326801-17-000024,2017-05-04T04:00:00Z,2017-05-04T20:20:47Z,65,2017-03-31T04:00:00Z,NA,NA,6151094,FB
0001326801-17-000007,34,001-35551,2017-02-03T05:00:00Z,2017-02-02T05:00:00Z,https://www.sec.gov/Archives/edgar/data/1326801/000132680117000007/0001326801-17-000007-index.htm,10-K,17570080,"Annual report [Section 13 and 15(d), not S-K Item 405]",NA,11 MB,10-K,"Annual report [Section 13 and 15(d), not S-K Item 405]:",0001326801-17-000007,2017-02-03T05:00:00Z,2017-02-03T02:13:52Z,94,2016-12-31T05:00:00Z,NA,NA,11897369,FB
0001326801-16-000087,34,001-35551,2016-11-03T04:00:00Z,2016-11-03T04:00:00Z,https://www.sec.gov/Archives/edgar/data/1326801/000132680116000087/0001326801-16-000087-index.htm,10-Q,161971564,Quarterly report [Sections 13 or 15(d)],NA,7 MB,10-Q,Quarterly report [Sections 13 or 15(d)]:,0001326801-16-000087,2016-11-03T04:00:00Z,2016-11-03T20:05:28Z,64,2016-09-30T04:00:00Z,NA,NA,7220392,FB
0001326801-16-000082,34,001-35551,2016-07-28T04:00:00Z,2016-07-28T04:00:00Z,https://www.sec.gov/Archives/edgar/data/1326801/000132680116000082/0001326801-16-000082-index.htm,10-Q,161790397,Quarterly report [Sections 13 or 15(d)],NA,7 MB,10-Q,Quarterly report [Sections 13 or 15(d)]:,0001326801-16-000082,2016-07-28T04:00:00Z,2016-07-28T20:19:58Z,65,2016-06-30T04:00:00Z,NA,NA,7573769,FB
0001326801-16-000067,34,001-35551,2016-04-28T04:00:00Z,2016-04-28T04:00:00Z,https://www.sec.gov/Archives/edgar/data/1326801/000132680116000067/0001326801-16-000067-index.htm,10-Q,161600249,Quarterly report [Sections 13 or 15(d)],NA,6 MB,10-Q,Quarterly report [Sections 13 or 15(d)]:,0001326801-16-000067,2016-04-28T04:00:00Z,2016-04-28T20:15:04Z,67,2016-03-31T04:00:00Z,NA,NA,6094081,FB
0001326801-16-000043,34,001-35551,2016-01-28T05:00:00Z,2016-01-28T05:00:00Z,https://www.sec.gov/Archives/edgar/data/1326801/000132680116000043/0001326801-16-000043-index.htm,10-K,161369121,"Annual report [Section 13 and 15(d), not S-K Item 405]",NA,11 MB,10-K,"Annual report [Section 13 and 15(d), not S-K Item 405]:",0001326801-16-000043,2016-01-28T05:00:00Z,2016-01-28T21:17:07Z,97,2015-12-31T05:00:00Z,NA,NA,11222403,FB
0001326801-15-000032,34,001-35551,2015-11-05T05:00:00Z,2015-11-05T05:00:00Z,https://www.sec.gov/Archives/edgar/data/1326801/000132680115000032/0001326801-15-000032-index.htm,10-Q,151201364,Quarterly report [Sections 13 or 15(d)],NA,6 MB,10-Q,Quarterly report [Sections 13 or 15(d)]:,0001326801-15-000032,2015-11-05T05:00:00Z,2015-11-05T21:47:45Z,17,2015-09-30T04:00:00Z,NA,NA,6912007,FB
