accession_number,act,file_number,filing_date,accepted_date,href,type,film_number,form_name,description,size,type1,description1,accession_number1,filing_date1,accepted_date1,documents,period_date,changed_date,effective_date,bytes,ticker
0000200406-20-000035,34,001-03215,2020-04-29T04:00:00Z,2020-04-29T04:00:00Z,https://www.sec.gov/Archives/edgar/data/200406/000020040620000035/0000200406-20-000035-index.htm,10-Q,20831071,Quarterly report [Sections 13 or 15(d)],NA,14 MB,10-Q,Quarterly report [Sections 13 or 15(d)]:,0000200406-20-000035,2020-04-29T04:00:00Z,2020-04-29T20:46:01Z,82,2020-03-29T04:00:00Z,NA,NA,14535852,JNJ
0000200406-20-000010,34,001-03215,2020-02-18T05:00:00Z,2020-02-18T05:00:00Z,https://www.sec.gov/Archives/edgar/data/200406/000020040620000010/0000200406-20-000010-index.htm,10-K,20625814,"Annual report [Section 13 and 15(d), not S-K Item 405]",NA,30 MB,10-K,"Annual report [Section 13 and 15(d), not S-K Item 405]:",0000200406-20-000010,2020-02-18T05:00:00Z,2020-02-18T21:34:21Z,148,2019-12-29T05:00:00Z,NA,NA,30955573,JNJ
0000200406-19-000066,34,001-03215,2019-10-28T04:00:00Z,2019-10-28T04:00:00Z,https://www.sec.gov/Archives/edgar/data/200406/000020040619000066/0000200406-19-000066-index.htm,10-Q,191173663,Quarterly report [Sections 13 or 15(d)],NA,20 MB,10-Q,Quarterly report [Sections 13 or 15(d)]:,0000200406-19-000066,2019-10-28T04:00:00Z,2019-10-28T20:56:09Z,81,2019-09-29T04:00:00Z,NA,NA,20570024,JNJ
0000200406-19-000053,34,001-03215,2019-07-29T04:00:00Z,2019-07-29T04:00:00Z,https://www.sec.gov/Archives/edgar/data/200406/000020040619000053/0000200406-19-000053-index.htm,10-Q,19981383,Quarterly report [Sections 13 or 15(d)],NA,20 MB,10-Q,Quarterly report [Sections 13 or 15(d)]:,0000200406-19-000053,2019-07-29T04:00:00Z,2019-07-29T20:15:43Z,81,2019-06-30T04:00:00Z,NA,NA,20272762,JNJ
0000200406-19-000033,34,001-03215,2019-05-01T04:00:00Z,2019-05-01T04:00:00Z,https://www.sec.gov/Archives/edgar/data/200406/000020040619000033/0000200406-19-000033-index.htm,10-Q,19788099,Quarterly report [Sections 13 or 15(d)],NA,13 MB,10-Q,Quarterly report [Sections 13 or 15(d)]:,0000200406-19-000033,2019-05-01T04:00:00Z,2019-05-01T20:33:42Z,81,2019-03-31T04:00:00Z,NA,NA,13272634,JNJ
0000200406-19-000009,34,001-03215,2019-02-20T05:00:00Z,2019-02-20T05:00:00Z,https://www.sec.gov/Archives/edgar/data/200406/000020040619000009/0000200406-19-000009-index.htm,10-K,19618842,"Annual report [Section 13 and 15(d), not S-K Item 405]",NA,27 MB,10-K,"Annual report [Section 13 and 15(d), not S-K Item 405]:",0000200406-19-000009,2019-02-20T05:00:00Z,2019-02-20T21:40:34Z,144,2018-12-30T05:00:00Z,NA,NA,27672234,JNJ
0000200406-18-000055,34,001-03215,2018-10-31T04:00:00Z,2018-10-31T04:00:00Z,https://www.sec.gov/Archives/edgar/data/200406/000020040618000055/0000200406-18-000055-index.htm,10-Q,181150444,Quarterly report [Sections 13 or 15(d)],NA,18 MB,10-Q,Quarterly report [Sections 13 or 15(d)]:,0000200406-18-000055,2018-10-31T04:00:00Z,2018-10-31T20:12:26Z,84,2018-09-30T04:00:00Z,NA,NA,18384857,JNJ
0000200406-18-000041,34,001-03215,2018-08-02T04:00:00Z,2018-08-01T04:00:00Z,https://www.sec.gov/Archives/edgar/data/200406/000020040618000041/0000200406-18-000041-index.htm,10-Q,18986275,Quarterly report [Sections 13 or 15(d)],NA,18 MB,10-Q,Quarterly report [Sections 13 or 15(d)]:,0000200406-18-000041,2018-08-02T04:00:00Z,2018-08-02T00:08:32Z,86,2018-07-01T04:00:00Z,NA,NA,18029293,JNJ
0000200406-18-000019,34,001-03215,2018-05-01T04:00:00Z,2018-05-01T04:00:00Z,https://www.sec.gov/Archives/edgar/data/200406/000020040618000019/0000200406-18-000019-index.htm,10-Q,18796040,Quarterly report [Sections 13 or 15(d)],NA,12 MB,10-Q,Quarterly report [Sections 13 or 15(d)]:,0000200406-18-000019,2018-05-01T04:00:00Z,2018-05-01T20:35:56Z,82,2018-04-01T04:00:00Z,NA,NA,12784821,JNJ
0000200406-18-000005,34,001-03215,2018-02-21T05:00:00Z,2018-02-21T05:00:00Z,https://www.sec.gov/Archives/edgar/data/200406/000020040618000005/0000200406-18-000005-index.htm,10-K,18629105,"Annual report [Section 13 and 15(d), not S-K Item 405]",NA,19 MB,10-K,"Annual report [Section 13 and 15(d), not S-K Item 405]:",0000200406-18-000005,2018-02-21T05:00:00Z,2018-02-21T21:49:20Z,136,2017-12-31T05:00:00Z,NA,NA,19776959,JNJ
0000200406-17-000052,34,001-03215,2017-11-02T04:00:00Z,2017-11-02T04:00:00Z,https://www.sec.gov/Archives/edgar/data/200406/000020040617000052/0000200406-17-000052-index.htm,10-Q,171172495,Quarterly report [Sections 13 or 15(d)],NA,9 MB,10-Q,Quarterly report [Sections 13 or 15(d)]:,0000200406-17-000052,2017-11-02T04:00:00Z,2017-11-02T20:13:40Z,72,2017-10-01T04:00:00Z,NA,NA,9829442,JNJ
0000200406-17-000042,34,001-03215,2017-08-03T04:00:00Z,2017-08-03T04:00:00Z,https://www.sec.gov/Archives/edgar/data/200406/000020040617000042/0000200406-17-000042-index.htm,10-Q,171005377,Quarterly report [Sections 13 or 15(d)],NA,9 MB,10-Q,Quarterly report [Sections 13 or 15(d)]:,0000200406-17-000042,2017-08-03T04:00:00Z,2017-08-03T20:30:16Z,71,2017-07-02T04:00:00Z,NA,NA,9617085,JNJ
0000200406-17-000024,34,001-03215,2017-05-08T04:00:00Z,2017-05-08T04:00:00Z,https://www.sec.gov/Archives/edgar/data/200406/000020040617000024/0000200406-17-000024-index.htm,10-Q,17822478,Quarterly report [Sections 13 or 15(d)],NA,7 MB,10-Q,Quarterly report [Sections 13 or 15(d)]:,0000200406-17-000024,2017-05-08T04:00:00Z,2017-05-08T20:19:31Z,67,2017-04-02T04:00:00Z,NA,NA,7539526,JNJ
0000200406-17-000006,34,001-03215,2017-02-27T05:00:00Z,2017-02-27T05:00:00Z,https://www.sec.gov/Archives/edgar/data/200406/000020040617000006/0000200406-17-000006-index.htm,10-K,17642602,"Annual report [Section 13 and 15(d), not S-K Item 405]",NA,19 MB,10-K,"Annual report [Section 13 and 15(d), not S-K Item 405]:",0000200406-17-000006,2017-02-27T05:00:00Z,2017-02-27T21:52:48Z,128,2017-01-01T05:00:00Z,NA,NA,19129328,JNJ
0000200406-16-000112,34,001-03215,2016-11-04T04:00:00Z,2016-11-04T04:00:00Z,https://www.sec.gov/Archives/edgar/data/200406/000020040616000112/0000200406-16-000112-index.htm,10-Q,161975184,Quarterly report [Sections 13 or 15(d)],NA,9 MB,10-Q,Quarterly report [Sections 13 or 15(d)]:,0000200406-16-000112,2016-11-04T04:00:00Z,2016-11-04T20:03:27Z,68,2016-10-02T04:00:00Z,NA,NA,9101944,JNJ
0000200406-16-000105,34,001-03215,2016-08-04T04:00:00Z,2016-08-04T04:00:00Z,https://www.sec.gov/Archives/edgar/data/200406/000020040616000105/0000200406-16-000105-index.htm,10-Q,161807466,Quarterly report [Sections 13 or 15(d)],NA,8 MB,10-Q,Quarterly report [Sections 13 or 15(d)]:,0000200406-16-000105,2016-08-04T04:00:00Z,2016-08-04T20:08:40Z,67,2016-07-03T04:00:00Z,NA,NA,8907801,JNJ
0000200406-16-000084,34,001-03215,2016-05-10T04:00:00Z,2016-05-09T04:00:00Z,https://www.sec.gov/Archives/edgar/data/200406/000020040616000084/0000200406-16-000084-index.htm,10-Q,161633010,Quarterly report [Sections 13 or 15(d)],NA,7 MB,10-Q,Quarterly report [Sections 13 or 15(d)]:,0000200406-16-000084,2016-05-10T04:00:00Z,2016-05-09T21:52:06Z,66,2016-04-03T04:00:00Z,NA,NA,7218706,JNJ
0000200406-16-000071,34,001-03215,2016-02-24T05:00:00Z,2016-02-24T05:00:00Z,https://www.sec.gov/Archives/edgar/data/200406/000020040616000071/0000200406-16-000071-index.htm,10-K,161452734,"Annual report [Section 13 and 15(d), not S-K Item 405]",NA,18 MB,10-K,"Annual report [Section 13 and 15(d), not S-K Item 405]:",0000200406-16-000071,2016-02-24T05:00:00Z,2016-02-24T21:58:53Z,139,2016-01-03T05:00:00Z,NA,NA,18679332,JNJ
0000200406-15-000060,34,001-03215,2015-10-30T04:00:00Z,2015-10-30T04:00:00Z,https://www.sec.gov/Archives/edgar/data/200406/000020040615000060/0000200406-15-000060-index.htm,10-Q,151187474,Quarterly report [Sections 13 or 15(d)],NA,8 MB,10-Q,Quarterly report [Sections 13 or 15(d)]:,0000200406-15-000060,2015-10-30T04:00:00Z,2015-10-30T20:03:39Z,12,2015-09-27T04:00:00Z,NA,NA,8242913,JNJ
0000200406-15-000044,34,001-03215,2015-07-31T04:00:00Z,2015-07-31T04:00:00Z,https://www.sec.gov/Archives/edgar/data/200406/000020040615000044/0000200406-15-000044-index.htm,10-Q,151019693,Quarterly report [Sections 13 or 15(d)],NA,8 MB,10-Q,Quarterly report [Sections 13 or 15(d)]:,0000200406-15-000044,2015-07-31T04:00:00Z,2015-07-31T20:28:56Z,13,2015-06-28T04:00:00Z,NA,NA,8129450,JNJ
