accession_number,act,file_number,filing_date,accepted_date,href,type,film_number,form_name,description,size,type1,description1,accession_number1,filing_date1,accepted_date1,documents,period_date,changed_date,effective_date,bytes,ticker
0000753308-20-000113,34,001-08841,2020-04-23T04:00:00Z,2020-04-23T04:00:00Z,https://www.sec.gov/Archives/edgar/data/753308/000075330820000113/0000753308-20-000113-index.htm,10-Q,20811001,Quarterly report [Sections 13 or 15(d)],NA,17 MB,10-Q,Quarterly report [Sections 13 or 15(d)]:,0000753308-20-000113,2020-04-23T04:00:00Z,2020-04-23T20:01:38Z,85,2020-03-31T04:00:00Z,NA,NA,17090819,NEE
0000753308-20-000021,34,001-08841,2020-02-14T05:00:00Z,2020-02-14T05:00:00Z,https://www.sec.gov/Archives/edgar/data/753308/000075330820000021/0000753308-20-000021-index.htm,10-K,20618677,"Annual report [Section 13 and 15(d), not S-K Item 405]",NA,42 MB,10-K,"Annual report [Section 13 and 15(d), not S-K Item 405]:",0000753308-20-000021,2020-02-14T05:00:00Z,2020-02-14T20:24:19Z,134,2019-12-31T05:00:00Z,NA,NA,42695055,NEE
0000753308-19-000207,34,001-08841,2019-10-23T04:00:00Z,2019-10-23T04:00:00Z,https://www.sec.gov/Archives/edgar/data/753308/000075330819000207/0000753308-19-000207-index.htm,10-Q,191163533,Quarterly report [Sections 13 or 15(d)],NA,24 MB,10-Q,Quarterly report [Sections 13 or 15(d)]:,0000753308-19-000207,2019-10-23T04:00:00Z,2019-10-23T19:02:01Z,87,2019-09-30T04:00:00Z,NA,NA,24357482,NEE
0000753308-19-000165,34,001-08841,2019-07-24T04:00:00Z,2019-07-24T04:00:00Z,https://www.sec.gov/Archives/edgar/data/753308/000075330819000165/0000753308-19-000165-index.htm,10-Q,19971720,Quarterly report [Sections 13 or 15(d)],NA,21 MB,10-Q,Quarterly report [Sections 13 or 15(d)]:,0000753308-19-000165,2019-07-24T04:00:00Z,2019-07-24T21:11:43Z,84,2019-06-30T04:00:00Z,NA,NA,21587994,NEE
0000753308-19-000118,34,001-08841,2019-04-23T04:00:00Z,2019-04-23T04:00:00Z,https://www.sec.gov/Archives/edgar/data/753308/000075330819000118/0000753308-19-000118-index.htm,10-Q,19762187,Quarterly report [Sections 13 or 15(d)],NA,16 MB,10-Q,Quarterly report [Sections 13 or 15(d)]:,0000753308-19-000118,2019-04-23T04:00:00Z,2019-04-23T21:18:57Z,83,2019-03-31T04:00:00Z,NA,NA,16789750,NEE
0000753308-19-000039,34,001-08841,2019-02-15T05:00:00Z,2019-02-15T05:00:00Z,https://www.sec.gov/Archives/edgar/data/753308/000075330819000039/0000753308-19-000039-index.htm,10-K,19612528,"Annual report [Section 13 and 15(d), not S-K Item 405]",NA,35 MB,10-K,"Annual report [Section 13 and 15(d), not S-K Item 405]:",0000753308-19-000039,2019-02-15T05:00:00Z,2019-02-15T22:22:00Z,132,2018-12-31T05:00:00Z,NA,NA,35709280,NEE
0000753308-18-000159,34,001-08841,2018-10-23T04:00:00Z,2018-10-23T04:00:00Z,https://www.sec.gov/Archives/edgar/data/753308/000075330818000159/0000753308-18-000159-index.htm,10-Q,181134402,Quarterly report [Sections 13 or 15(d)],NA,19 MB,10-Q,Quarterly report [Sections 13 or 15(d)]:,0000753308-18-000159,2018-10-23T04:00:00Z,2018-10-23T20:23:56Z,82,2018-09-30T04:00:00Z,NA,NA,19158804,NEE
0000753308-18-000114,34,001-08841,2018-07-25T04:00:00Z,2018-07-25T04:00:00Z,https://www.sec.gov/Archives/edgar/data/753308/000075330818000114/0000753308-18-000114-index.htm,10-Q,18968832,Quarterly report [Sections 13 or 15(d)],NA,18 MB,10-Q,Quarterly report [Sections 13 or 15(d)]:,0000753308-18-000114,2018-07-25T04:00:00Z,2018-07-25T20:10:31Z,80,2018-06-30T04:00:00Z,NA,NA,18789428,NEE
0000753308-18-000081,34,001-08841,2018-04-24T04:00:00Z,2018-04-24T04:00:00Z,https://www.sec.gov/Archives/edgar/data/753308/000075330818000081/0000753308-18-000081-index.htm,10-Q,18771917,Quarterly report [Sections 13 or 15(d)],NA,16 MB,10-Q,Quarterly report [Sections 13 or 15(d)]:,0000753308-18-000081,2018-04-24T04:00:00Z,2018-04-24T20:49:33Z,82,2018-03-31T04:00:00Z,NA,NA,16492012,NEE
0000753308-18-000013,34,001-08841,2018-02-16T05:00:00Z,2018-02-16T05:00:00Z,https://www.sec.gov/Archives/edgar/data/753308/000075330818000013/0000753308-18-000013-index.htm,10-K,18621070,"Annual report [Section 13 and 15(d), not S-K Item 405]",NA,34 MB,10-K,"Annual report [Section 13 and 15(d), not S-K Item 405]:",0000753308-18-000013,2018-02-16T05:00:00Z,2018-02-16T20:44:58Z,133,2017-12-31T05:00:00Z,NA,NA,34007169,NEE
0000753308-17-000142,34,001-08841,2017-10-26T04:00:00Z,2017-10-26T04:00:00Z,https://www.sec.gov/Archives/edgar/data/753308/000075330817000142/0000753308-17-000142-index.htm,10-Q,171156788,Quarterly report [Sections 13 or 15(d)],NA,18 MB,10-Q,Quarterly report [Sections 13 or 15(d)]:,0000753308-17-000142,2017-10-26T04:00:00Z,2017-10-26T20:43:16Z,77,2017-09-30T04:00:00Z,NA,NA,18784509,NEE
0000753308-17-000109,34,001-08841,2017-07-26T04:00:00Z,2017-07-26T04:00:00Z,https://www.sec.gov/Archives/edgar/data/753308/000075330817000109/0000753308-17-000109-index.htm,10-Q,17983785,Quarterly report [Sections 13 or 15(d)],NA,18 MB,10-Q,Quarterly report [Sections 13 or 15(d)]:,0000753308-17-000109,2017-07-26T04:00:00Z,2017-07-26T21:25:32Z,78,2017-06-30T04:00:00Z,NA,NA,18483682,NEE
0000753308-17-000081,34,001-08841,2017-04-21T04:00:00Z,2017-04-21T04:00:00Z,https://www.sec.gov/Archives/edgar/data/753308/000075330817000081/0000753308-17-000081-index.htm,10-Q,17775542,Quarterly report [Sections 13 or 15(d)],NA,16 MB,10-Q,Quarterly report [Sections 13 or 15(d)]:,0000753308-17-000081,2017-04-21T04:00:00Z,2017-04-21T19:53:41Z,76,2017-03-31T04:00:00Z,NA,NA,16178878,NEE
0000753308-17-000060,34,001-08841,2017-02-23T05:00:00Z,2017-02-23T05:00:00Z,https://www.sec.gov/Archives/edgar/data/753308/000075330817000060/0000753308-17-000060-index.htm,10-K,17632370,"Annual report [Section 13 and 15(d), not S-K Item 405]",NA,34 MB,10-K,"Annual report [Section 13 and 15(d), not S-K Item 405]:",0000753308-17-000060,2017-02-23T05:00:00Z,2017-02-23T20:57:53Z,138,2016-12-31T05:00:00Z,NA,NA,34487644,NEE
0000753308-16-000444,34,001-08841,2016-11-01T04:00:00Z,2016-11-01T04:00:00Z,https://www.sec.gov/Archives/edgar/data/753308/000075330816000444/0000753308-16-000444-index.htm,10-Q,161963399,Quarterly report [Sections 13 or 15(d)],NA,19 MB,10-Q,Quarterly report [Sections 13 or 15(d)]:,0000753308-16-000444,2016-11-01T04:00:00Z,2016-11-01T13:06:55Z,79,2016-09-30T04:00:00Z,NA,NA,19866883,NEE
0000753308-16-000402,34,001-08841,2016-07-28T04:00:00Z,2016-07-28T04:00:00Z,https://www.sec.gov/Archives/edgar/data/753308/000075330816000402/0000753308-16-000402-index.htm,10-Q,161790396,Quarterly report [Sections 13 or 15(d)],NA,19 MB,10-Q,Quarterly report [Sections 13 or 15(d)]:,0000753308-16-000402,2016-07-28T04:00:00Z,2016-07-28T20:19:58Z,77,2016-06-30T04:00:00Z,NA,NA,19234946,NEE
0000753308-16-000372,34,001-08841,2016-04-29T04:00:00Z,2016-04-29T04:00:00Z,https://www.sec.gov/Archives/edgar/data/753308/000075330816000372/0000753308-16-000372-index.htm,10-Q,161604629,Quarterly report [Sections 13 or 15(d)],NA,17 MB,10-Q,Quarterly report [Sections 13 or 15(d)]:,0000753308-16-000372,2016-04-29T04:00:00Z,2016-04-29T17:02:47Z,85,2016-03-31T04:00:00Z,NA,NA,17700089,NEE
0000753308-16-000337,34,001-08841,2016-02-22T05:00:00Z,2016-02-19T05:00:00Z,https://www.sec.gov/Archives/edgar/data/753308/000075330816000337/0000753308-16-000337-index.htm,10-K,161442963,"Annual report [Section 13 and 15(d), not S-K Item 405]",NA,31 MB,10-K,"Annual report [Section 13 and 15(d), not S-K Item 405]:",0000753308-16-000337,2016-02-22T05:00:00Z,2016-02-19T22:37:18Z,134,2015-12-31T05:00:00Z,NA,NA,31748605,NEE
0000753308-15-000249,34,001-08841,2015-10-30T04:00:00Z,2015-10-30T04:00:00Z,https://www.sec.gov/Archives/edgar/data/753308/000075330815000249/0000753308-15-000249-index.htm,10-Q,151186537,Quarterly report [Sections 13 or 15(d)],NA,19 MB,10-Q,Quarterly report [Sections 13 or 15(d)]:,0000753308-15-000249,2015-10-30T04:00:00Z,2015-10-30T17:36:48Z,18,2015-09-30T04:00:00Z,NA,NA,19920441,NEE
0000753308-15-000206,34,001-08841,2015-08-03T04:00:00Z,2015-08-03T04:00:00Z,https://www.sec.gov/Archives/edgar/data/753308/000075330815000206/0000753308-15-000206-index.htm,10-Q,151021787,Quarterly report [Sections 13 or 15(d)],NA,18 MB,10-Q,Quarterly report [Sections 13 or 15(d)]:,0000753308-15-000206,2015-08-03T04:00:00Z,2015-08-03T17:48:33Z,17,2015-06-30T04:00:00Z,NA,NA,18881700,NEE
