accession_number,act,file_number,filing_date,accepted_date,href,type,film_number,form_name,description,size,type1,description1,accession_number1,filing_date1,accepted_date1,documents,period_date,changed_date,effective_date,bytes,ticker
0000080424-20-000038,34,001-00434,2020-04-20T04:00:00Z,2020-04-20T04:00:00Z,https://www.sec.gov/Archives/edgar/data/80424/000008042420000038/0000080424-20-000038-index.htm,10-Q,20802738,Quarterly report [Sections 13 or 15(d)],NA,9 MB,10-Q,Quarterly report [Sections 13 or 15(d)]:,0000080424-20-000038,2020-04-20T04:00:00Z,2020-04-20T20:17:10Z,76,2020-03-31T04:00:00Z,NA,NA,9140152,PG
0000080424-20-000017,34,001-00434,2020-01-23T05:00:00Z,2020-01-23T05:00:00Z,https://www.sec.gov/Archives/edgar/data/80424/000008042420000017/0000080424-20-000017-index.htm,10-Q,20542312,Quarterly report [Sections 13 or 15(d)],NA,9 MB,10-Q,Quarterly report [Sections 13 or 15(d)]:,0000080424-20-000017,2020-01-23T05:00:00Z,2020-01-23T21:16:32Z,80,2019-12-31T05:00:00Z,NA,NA,9430679,PG
0000080424-19-000086,34,001-00434,2019-10-22T04:00:00Z,2019-10-22T04:00:00Z,https://www.sec.gov/Archives/edgar/data/80424/000008042419000086/0000080424-19-000086-index.htm,10-Q,191161901,Quarterly report [Sections 13 or 15(d)],NA,6 MB,10-Q,Quarterly report [Sections 13 or 15(d)]:,0000080424-19-000086,2019-10-22T04:00:00Z,2019-10-22T20:18:13Z,76,2019-09-30T04:00:00Z,NA,NA,6756687,PG
0000080424-19-000050,34,001-00434,2019-08-06T04:00:00Z,2019-08-06T04:00:00Z,https://www.sec.gov/Archives/edgar/data/80424/000008042419000050/0000080424-19-000050-index.htm,10-K,191002432,"Annual report [Section 13 and 15(d), not S-K Item 405]",NA,19 MB,10-K,"Annual report [Section 13 and 15(d), not S-K Item 405]:",0000080424-19-000050,2019-08-06T04:00:00Z,2019-08-06T20:26:04Z,148,2019-06-30T04:00:00Z,NA,NA,19640818,PG
0000080424-19-000031,34,001-00434,2019-04-23T04:00:00Z,2019-04-23T04:00:00Z,https://www.sec.gov/Archives/edgar/data/80424/000008042419000031/0000080424-19-000031-index.htm,10-Q,19761748,Quarterly report [Sections 13 or 15(d)],NA,7 MB,10-Q,Quarterly report [Sections 13 or 15(d)]:,0000080424-19-000031,2019-04-23T04:00:00Z,2019-04-23T20:17:21Z,74,2019-03-31T04:00:00Z,NA,NA,7132520,PG
0000080424-19-000014,34,001-00434,2019-01-23T05:00:00Z,2019-01-23T05:00:00Z,https://www.sec.gov/Archives/edgar/data/80424/000008042419000014/0000080424-19-000014-index.htm,10-Q,19537622,Quarterly report [Sections 13 or 15(d)],NA,8 MB,10-Q,Quarterly report [Sections 13 or 15(d)]:,0000080424-19-000014,2019-01-23T05:00:00Z,2019-01-23T21:19:23Z,78,2018-12-31T05:00:00Z,NA,NA,8217558,PG
0000080424-18-000100,34,001-00434,2018-10-19T04:00:00Z,2018-10-19T04:00:00Z,https://www.sec.gov/Archives/edgar/data/80424/000008042418000100/0000080424-18-000100-index.htm,10-Q,181130615,Quarterly report [Sections 13 or 15(d)],NA,5 MB,10-Q,Quarterly report [Sections 13 or 15(d)]:,0000080424-18-000100,2018-10-19T04:00:00Z,2018-10-19T20:17:31Z,68,2018-09-30T04:00:00Z,NA,NA,5613807,PG
0000080424-18-000055,34,001-00434,2018-08-07T04:00:00Z,2018-08-07T04:00:00Z,https://www.sec.gov/Archives/edgar/data/80424/000008042418000055/0000080424-18-000055-index.htm,10-K,18998362,"Annual report [Section 13 and 15(d), not S-K Item 405]",NA,19 MB,10-K,"Annual report [Section 13 and 15(d), not S-K Item 405]:",0000080424-18-000055,2018-08-07T04:00:00Z,2018-08-07T20:19:22Z,136,2018-06-30T04:00:00Z,NA,NA,19616337,PG
0000080424-18-000034,34,001-00434,2018-04-19T04:00:00Z,2018-04-19T04:00:00Z,https://www.sec.gov/Archives/edgar/data/80424/000008042418000034/0000080424-18-000034-index.htm,10-Q,18763918,Quarterly report [Sections 13 or 15(d)],NA,6 MB,10-Q,Quarterly report [Sections 13 or 15(d)]:,0000080424-18-000034,2018-04-19T04:00:00Z,2018-04-19T20:12:04Z,74,2018-03-31T04:00:00Z,NA,NA,6946138,PG
0000080424-18-000013,34,001-00434,2018-01-23T05:00:00Z,2018-01-23T05:00:00Z,https://www.sec.gov/Archives/edgar/data/80424/000008042418000013/0000080424-18-000013-index.htm,10-Q,18542591,Quarterly report [Sections 13 or 15(d)],NA,7 MB,10-Q,Quarterly report [Sections 13 or 15(d)]:,0000080424-18-000013,2018-01-23T05:00:00Z,2018-01-23T21:17:22Z,71,2017-12-31T05:00:00Z,NA,NA,7186890,PG
0000080424-17-000078,34,001-00434,2017-10-20T04:00:00Z,2017-10-20T04:00:00Z,https://www.sec.gov/Archives/edgar/data/80424/000008042417000078/0000080424-17-000078-index.htm,10-Q,171147097,Quarterly report [Sections 13 or 15(d)],NA,5 MB,10-Q,Quarterly report [Sections 13 or 15(d)]:,0000080424-17-000078,2017-10-20T04:00:00Z,2017-10-20T20:05:29Z,71,2017-09-30T04:00:00Z,NA,NA,5619999,PG
0000080424-17-000047,34,001-00434,2017-08-07T04:00:00Z,2017-08-07T04:00:00Z,https://www.sec.gov/Archives/edgar/data/80424/000008042417000047/0000080424-17-000047-index.htm,10-K,171011509,"Annual report [Section 13 and 15(d), not S-K Item 405]",NA,18 MB,10-K,"Annual report [Section 13 and 15(d), not S-K Item 405]:",0000080424-17-000047,2017-08-07T04:00:00Z,2017-08-07T20:05:16Z,137,2017-06-30T04:00:00Z,NA,NA,18289286,PG
0000080424-17-000026,34,001-00434,2017-04-26T04:00:00Z,2017-04-26T04:00:00Z,https://www.sec.gov/Archives/edgar/data/80424/000008042417000026/0000080424-17-000026-index.htm,10-Q,17784343,Quarterly report [Sections 13 or 15(d)],NA,7 MB,10-Q,Quarterly report [Sections 13 or 15(d)]:,0000080424-17-000026,2017-04-26T04:00:00Z,2017-04-26T20:04:28Z,69,2017-03-31T04:00:00Z,NA,NA,7163584,PG
0000080424-17-000011,34,001-00434,2017-01-20T05:00:00Z,2017-01-20T05:00:00Z,https://www.sec.gov/Archives/edgar/data/80424/000008042417000011/0000080424-17-000011-index.htm,10-Q,17538581,Quarterly report [Sections 13 or 15(d)],NA,7 MB,10-Q,Quarterly report [Sections 13 or 15(d)]:,0000080424-17-000011,2017-01-20T05:00:00Z,2017-01-20T21:02:41Z,69,2016-12-31T05:00:00Z,NA,NA,7021322,PG
0000080424-16-000244,34,001-00434,2016-10-25T04:00:00Z,2016-10-25T04:00:00Z,https://www.sec.gov/Archives/edgar/data/80424/000008042416000244/0000080424-16-000244-index.htm,10-Q,161950445,Quarterly report [Sections 13 or 15(d)],NA,5 MB,10-Q,Quarterly report [Sections 13 or 15(d)]:,0000080424-16-000244,2016-10-25T04:00:00Z,2016-10-25T20:04:50Z,72,2016-09-30T04:00:00Z,NA,NA,5812504,PG
0000080424-16-000212,34,001-00434,2016-08-09T04:00:00Z,2016-08-09T04:00:00Z,https://www.sec.gov/Archives/edgar/data/80424/000008042416000212/0000080424-16-000212-index.htm,10-K,161817824,"Annual report [Section 13 and 15(d), not S-K Item 405]",NA,18 MB,10-K,"Annual report [Section 13 and 15(d), not S-K Item 405]:",0000080424-16-000212,2016-08-09T04:00:00Z,2016-08-09T20:03:15Z,132,2016-06-30T04:00:00Z,NA,NA,18347516,PG
0000080424-16-000183,34,001-00434,2016-04-26T04:00:00Z,2016-04-26T04:00:00Z,https://www.sec.gov/Archives/edgar/data/80424/000008042416000183/0000080424-16-000183-index.htm,10-Q,161592029,Quarterly report [Sections 13 or 15(d)],NA,7 MB,10-Q,Quarterly report [Sections 13 or 15(d)]:,0000080424-16-000183,2016-04-26T04:00:00Z,2016-04-26T20:02:35Z,68,2016-03-31T04:00:00Z,NA,NA,7674951,PG
0000080424-16-000166,34,001-00434,2016-01-26T05:00:00Z,2016-01-26T05:00:00Z,https://www.sec.gov/Archives/edgar/data/80424/000008042416000166/0000080424-16-000166-index.htm,10-Q,161362416,Quarterly report [Sections 13 or 15(d)],NA,7 MB,10-Q,Quarterly report [Sections 13 or 15(d)]:,0000080424-16-000166,2016-01-26T05:00:00Z,2016-01-26T22:19:00Z,69,2015-12-31T05:00:00Z,NA,NA,7564335,PG
0000080424-15-000098,34,001-00434,2015-10-23T04:00:00Z,2015-10-23T04:00:00Z,https://www.sec.gov/Archives/edgar/data/80424/000008042415000098/0000080424-15-000098-index.htm,10-Q,151172974,Quarterly report [Sections 13 or 15(d)],NA,7 MB,10-Q,Quarterly report [Sections 13 or 15(d)]:,0000080424-15-000098,2015-10-23T04:00:00Z,2015-10-23T20:03:06Z,27,2015-09-30T04:00:00Z,NA,NA,7134511,PG
0000080424-15-000070,34,001-00434,2015-08-07T04:00:00Z,2015-08-07T04:00:00Z,https://www.sec.gov/Archives/edgar/data/80424/000008042415000070/0000080424-15-000070-index.htm,10-K,151037277,"Annual report [Section 13 and 15(d), not S-K Item 405]",NA,19 MB,10-K,"Annual report [Section 13 and 15(d), not S-K Item 405]:",0000080424-15-000070,2015-08-07T04:00:00Z,2015-08-07T20:02:16Z,19,2015-06-30T04:00:00Z,NA,NA,19145589,PG
