accession_number,act,file_number,filing_date,accepted_date,href,type,film_number,form_name,description,size,type1,description1,accession_number1,filing_date1,accepted_date1,documents,period_date,changed_date,effective_date,bytes,ticker
0000100885-20-000143,34,001-06075,2020-04-23T04:00:00Z,2020-04-23T04:00:00Z,https://www.sec.gov/Archives/edgar/data/100885/000010088520000143/0000100885-20-000143-index.htm,10-Q,20811709,Quarterly report [Sections 13 or 15(d)],NA,11 MB,10-Q,Quarterly report [Sections 13 or 15(d)]:,0000100885-20-000143,2020-04-23T04:00:00Z,2020-04-23T20:58:23Z,84,2020-03-31T04:00:00Z,NA,NA,11510188,UNP
0000100885-20-000065,34,001-06075,2020-02-07T05:00:00Z,2020-02-07T05:00:00Z,https://www.sec.gov/Archives/edgar/data/100885/000010088520000065/0000100885-20-000065-index.htm,10-K,20587144,"Annual report [Section 13 and 15(d), not S-K Item 405]",NA,27 MB,10-K,"Annual report [Section 13 and 15(d), not S-K Item 405]:",0000100885-20-000065,2020-02-07T05:00:00Z,2020-02-07T20:35:18Z,147,2019-12-31T05:00:00Z,NA,NA,27252560,UNP
0000100885-19-000256,34,001-06075,2019-10-17T04:00:00Z,2019-10-17T04:00:00Z,https://www.sec.gov/Archives/edgar/data/100885/000010088519000256/0000100885-19-000256-index.htm,10-Q,191155435,Quarterly report [Sections 13 or 15(d)],NA,14 MB,10-Q,Quarterly report [Sections 13 or 15(d)]:,0000100885-19-000256,2019-10-17T04:00:00Z,2019-10-17T20:28:14Z,86,2019-09-30T04:00:00Z,NA,NA,14214263,UNP
0000100885-19-000196,34,001-06075,2019-07-18T04:00:00Z,2019-07-18T04:00:00Z,https://www.sec.gov/Archives/edgar/data/100885/000010088519000196/0000100885-19-000196-index.htm,10-Q,19961675,Quarterly report [Sections 13 or 15(d)],NA,13 MB,10-Q,Quarterly report [Sections 13 or 15(d)]:,0000100885-19-000196,2019-07-18T04:00:00Z,2019-07-18T20:35:47Z,86,2019-06-30T04:00:00Z,NA,NA,13392910,UNP
0000100885-19-000129,34,001-06075,2019-04-18T04:00:00Z,2019-04-18T04:00:00Z,https://www.sec.gov/Archives/edgar/data/100885/000010088519000129/0000100885-19-000129-index.htm,10-Q,19755768,Quarterly report [Sections 13 or 15(d)],NA,7 MB,10-Q,Quarterly report [Sections 13 or 15(d)]:,0000100885-19-000129,2019-04-18T04:00:00Z,2019-04-18T19:29:37Z,84,2019-03-31T04:00:00Z,NA,NA,7407960,UNP
0000100885-19-000060,34,001-06075,2019-02-08T05:00:00Z,2019-02-08T05:00:00Z,https://www.sec.gov/Archives/edgar/data/100885/000010088519000060/0000100885-19-000060-index.htm,10-K,19579298,"Annual report [Section 13 and 15(d), not S-K Item 405]",NA,16 MB,10-K,"Annual report [Section 13 and 15(d), not S-K Item 405]:",0000100885-19-000060,2019-02-08T05:00:00Z,2019-02-08T19:28:23Z,139,2018-12-31T05:00:00Z,NA,NA,16234949,UNP
0000100885-18-000268,34,001-06075,2018-10-25T04:00:00Z,2018-10-25T04:00:00Z,https://www.sec.gov/Archives/edgar/data/100885/000010088518000268/0000100885-18-000268-index.htm,10-Q,181138937,Quarterly report [Sections 13 or 15(d)],NA,7 MB,10-Q,Quarterly report [Sections 13 or 15(d)]:,0000100885-18-000268,2018-10-25T04:00:00Z,2018-10-25T20:05:24Z,82,2018-09-30T04:00:00Z,NA,NA,7945572,UNP
0000100885-18-000184,34,001-06075,2018-07-19T04:00:00Z,2018-07-19T04:00:00Z,https://www.sec.gov/Archives/edgar/data/100885/000010088518000184/0000100885-18-000184-index.htm,10-Q,18960484,Quarterly report [Sections 13 or 15(d)],NA,7 MB,10-Q,Quarterly report [Sections 13 or 15(d)]:,0000100885-18-000184,2018-07-19T04:00:00Z,2018-07-19T19:47:52Z,82,2018-06-30T04:00:00Z,NA,NA,7794701,UNP
0000100885-18-000125,34,001-06075,2018-04-26T04:00:00Z,2018-04-26T04:00:00Z,https://www.sec.gov/Archives/edgar/data/100885/000010088518000125/0000100885-18-000125-index.htm,10-Q,18779171,Quarterly report [Sections 13 or 15(d)],NA,6 MB,10-Q,Quarterly report [Sections 13 or 15(d)]:,0000100885-18-000125,2018-04-26T04:00:00Z,2018-04-26T20:40:19Z,79,2018-03-31T04:00:00Z,NA,NA,6172647,UNP
0000100885-18-000048,34,001-06075,2018-02-09T05:00:00Z,2018-02-09T05:00:00Z,https://www.sec.gov/Archives/edgar/data/100885/000010088518000048/0000100885-18-000048-index.htm,10-K,18590896,"Annual report [Section 13 and 15(d), not S-K Item 405]",NA,16 MB,10-K,"Annual report [Section 13 and 15(d), not S-K Item 405]:",0000100885-18-000048,2018-02-09T05:00:00Z,2018-02-09T19:32:01Z,141,2017-12-31T05:00:00Z,NA,NA,16419462,UNP
0000100885-17-000245,34,001-06075,2017-10-26T04:00:00Z,2017-10-26T04:00:00Z,https://www.sec.gov/Archives/edgar/data/100885/000010088517000245/0000100885-17-000245-index.htm,10-Q,171156336,Quarterly report [Sections 13 or 15(d)],NA,8 MB,10-Q,Quarterly report [Sections 13 or 15(d)]:,0000100885-17-000245,2017-10-26T04:00:00Z,2017-10-26T20:05:11Z,84,2017-09-30T04:00:00Z,NA,NA,8058231,UNP
0000100885-17-000173,34,001-06075,2017-07-20T04:00:00Z,2017-07-20T04:00:00Z,https://www.sec.gov/Archives/edgar/data/100885/000010088517000173/0000100885-17-000173-index.htm,10-Q,17974329,Quarterly report [Sections 13 or 15(d)],NA,7 MB,10-Q,Quarterly report [Sections 13 or 15(d)]:,0000100885-17-000173,2017-07-20T04:00:00Z,2017-07-20T19:40:53Z,77,2017-06-30T04:00:00Z,NA,NA,7248207,UNP
0000100885-17-000114,34,001-06075,2017-04-27T04:00:00Z,2017-04-27T04:00:00Z,https://www.sec.gov/Archives/edgar/data/100885/000010088517000114/0000100885-17-000114-index.htm,10-Q,17788626,Quarterly report [Sections 13 or 15(d)],NA,6 MB,10-Q,Quarterly report [Sections 13 or 15(d)]:,0000100885-17-000114,2017-04-27T04:00:00Z,2017-04-27T19:21:21Z,76,2017-03-31T04:00:00Z,NA,NA,6117047,UNP
0000100885-17-000056,34,001-06075,2017-02-03T05:00:00Z,2017-02-03T05:00:00Z,https://www.sec.gov/Archives/edgar/data/100885/000010088517000056/0000100885-17-000056-index.htm,10-K,17572242,"Annual report [Section 13 and 15(d), not S-K Item 405]",NA,15 MB,10-K,"Annual report [Section 13 and 15(d), not S-K Item 405]:",0000100885-17-000056,2017-02-03T05:00:00Z,2017-02-03T21:13:15Z,142,2016-12-31T05:00:00Z,NA,NA,15638476,UNP
0000100885-16-000454,34,001-06075,2016-10-20T04:00:00Z,2016-10-20T04:00:00Z,https://www.sec.gov/Archives/edgar/data/100885/000010088516000454/0000100885-16-000454-index.htm,10-Q,161944425,Quarterly report [Sections 13 or 15(d)],NA,7 MB,10-Q,Quarterly report [Sections 13 or 15(d)]:,0000100885-16-000454,2016-10-20T04:00:00Z,2016-10-20T19:49:02Z,79,2016-09-30T04:00:00Z,NA,NA,7692818,UNP
0000100885-16-000400,34,001-06075,2016-07-21T04:00:00Z,2016-07-21T04:00:00Z,https://www.sec.gov/Archives/edgar/data/100885/000010088516000400/0000100885-16-000400-index.htm,10-Q,161777897,Quarterly report [Sections 13 or 15(d)],NA,7 MB,10-Q,Quarterly report [Sections 13 or 15(d)]:,0000100885-16-000400,2016-07-21T04:00:00Z,2016-07-21T21:14:32Z,78,2016-06-30T04:00:00Z,NA,NA,7295901,UNP
0000100885-16-000339,34,001-06075,2016-04-21T04:00:00Z,2016-04-21T04:00:00Z,https://www.sec.gov/Archives/edgar/data/100885/000010088516000339/0000100885-16-000339-index.htm,10-Q,161584018,Quarterly report [Sections 13 or 15(d)],NA,6 MB,10-Q,Quarterly report [Sections 13 or 15(d)]:,0000100885-16-000339,2016-04-21T04:00:00Z,2016-04-21T19:48:49Z,77,2016-03-31T04:00:00Z,NA,NA,6005681,UNP
0000100885-16-000260,34,001-06075,2016-02-05T05:00:00Z,2016-02-05T05:00:00Z,https://www.sec.gov/Archives/edgar/data/100885/000010088516000260/0000100885-16-000260-index.htm,10-K,161391424,"Annual report [Section 13 and 15(d), not S-K Item 405]",NA,15 MB,10-K,"Annual report [Section 13 and 15(d), not S-K Item 405]:",0000100885-16-000260,2016-02-05T05:00:00Z,2016-02-05T18:24:19Z,142,2015-12-31T05:00:00Z,NA,NA,15859601,UNP
0000100885-15-000190,34,001-06075,2015-10-22T04:00:00Z,2015-10-22T04:00:00Z,https://www.sec.gov/Archives/edgar/data/100885/000010088515000190/0000100885-15-000190-index.htm,10-Q,151170138,Quarterly report [Sections 13 or 15(d)],NA,7 MB,10-Q,Quarterly report [Sections 13 or 15(d)]:,0000100885-15-000190,2015-10-22T04:00:00Z,2015-10-22T19:29:04Z,12,2015-09-30T04:00:00Z,NA,NA,7348899,UNP
0000100885-15-000143,34,001-06075,2015-07-24T04:00:00Z,2015-07-24T04:00:00Z,https://www.sec.gov/Archives/edgar/data/100885/000010088515000143/0000100885-15-000143-index.htm,10-Q,151004329,Quarterly report [Sections 13 or 15(d)],NA,7 MB,10-Q,Quarterly report [Sections 13 or 15(d)]:,0000100885-15-000143,2015-07-24T04:00:00Z,2015-07-24T18:26:22Z,12,2015-06-30T04:00:00Z,NA,NA,7236834,UNP
