accession_number,act,file_number,filing_date,accepted_date,href,type,film_number,form_name,description,size,type1,description1,accession_number1,filing_date1,accepted_date1,documents,period_date,changed_date,effective_date,bytes,ticker
0000034088-20-000037,34,001-02256,2020-05-06T04:00:00Z,2020-05-06T04:00:00Z,https://www.sec.gov/Archives/edgar/data/34088/000003408820000037/0000034088-20-000037-index.htm,10-Q,20852162,Quarterly report [Sections 13 or 15(d)],NA,8 MB,10-Q,Quarterly report [Sections 13 or 15(d)]:,0000034088-20-000037,2020-05-06T04:00:00Z,2020-05-06T18:06:03Z,63,2020-03-31T04:00:00Z,NA,NA,8345288,XOM
0000034088-20-000016,34,001-02256,2020-02-26T05:00:00Z,2020-02-26T05:00:00Z,https://www.sec.gov/Archives/edgar/data/34088/000003408820000016/0000034088-20-000016-index.htm,10-K,20655849,"Annual report [Section 13 and 15(d), not S-K Item 405]",NA,31 MB,10-K,"Annual report [Section 13 and 15(d), not S-K Item 405]:",0000034088-20-000016,2020-02-26T05:00:00Z,2020-02-26T21:15:19Z,138,2019-12-31T05:00:00Z,NA,NA,31993281,XOM
0000034088-19-000062,34,001-02256,2019-11-06T05:00:00Z,2019-11-06T05:00:00Z,https://www.sec.gov/Archives/edgar/data/34088/000003408819000062/0000034088-19-000062-index.htm,10-Q,191195813,Quarterly report [Sections 13 or 15(d)],NA,10 MB,10-Q,Quarterly report [Sections 13 or 15(d)]:,0000034088-19-000062,2019-11-06T05:00:00Z,2019-11-06T18:34:22Z,68,2019-09-30T04:00:00Z,NA,NA,10972306,XOM
0000034088-19-000042,34,001-02256,2019-08-07T04:00:00Z,2019-08-07T04:00:00Z,https://www.sec.gov/Archives/edgar/data/34088/000003408819000042/0000034088-19-000042-index.htm,10-Q,191004694,Quarterly report [Sections 13 or 15(d)],NA,10 MB,10-Q,Quarterly report [Sections 13 or 15(d)]:,0000034088-19-000042,2019-08-07T04:00:00Z,2019-08-07T16:55:10Z,64,2019-06-30T04:00:00Z,NA,NA,10771871,XOM
0000034088-19-000017,34,001-02256,2019-05-02T04:00:00Z,2019-05-02T04:00:00Z,https://www.sec.gov/Archives/edgar/data/34088/000003408819000017/0000034088-19-000017-index.htm,10-Q,19791104,Quarterly report [Sections 13 or 15(d)],NA,7 MB,10-Q,Quarterly report [Sections 13 or 15(d)]:,0000034088-19-000017,2019-05-02T04:00:00Z,2019-05-02T17:44:33Z,63,2019-03-31T04:00:00Z,NA,NA,7459102,XOM
0000034088-19-000010,34,001-02256,2019-02-27T05:00:00Z,2019-02-27T05:00:00Z,https://www.sec.gov/Archives/edgar/data/34088/000003408819000010/0000034088-19-000010-index.htm,10-K,19637956,"Annual report [Section 13 and 15(d), not S-K Item 405]",NA,24 MB,10-K,"Annual report [Section 13 and 15(d), not S-K Item 405]:",0000034088-19-000010,2019-02-27T05:00:00Z,2019-02-27T21:19:37Z,133,2018-12-31T05:00:00Z,NA,NA,24066786,XOM
0000034088-18-000048,34,001-02256,2018-11-07T05:00:00Z,2018-11-07T05:00:00Z,https://www.sec.gov/Archives/edgar/data/34088/000003408818000048/0000034088-18-000048-index.htm,10-Q,181165360,Quarterly report [Sections 13 or 15(d)],NA,6 MB,10-Q,Quarterly report [Sections 13 or 15(d)]:,0000034088-18-000048,2018-11-07T05:00:00Z,2018-11-07T17:29:54Z,57,2018-09-30T04:00:00Z,NA,NA,6729656,XOM
0000034088-18-000039,34,001-02256,2018-08-02T04:00:00Z,2018-08-02T04:00:00Z,https://www.sec.gov/Archives/edgar/data/34088/000003408818000039/0000034088-18-000039-index.htm,10-Q,18987304,Quarterly report [Sections 13 or 15(d)],NA,6 MB,10-Q,Quarterly report [Sections 13 or 15(d)]:,0000034088-18-000039,2018-08-02T04:00:00Z,2018-08-02T16:13:22Z,57,2018-06-30T04:00:00Z,NA,NA,6660774,XOM
0000034088-18-000024,34,001-02256,2018-05-03T04:00:00Z,2018-05-03T04:00:00Z,https://www.sec.gov/Archives/edgar/data/34088/000003408818000024/0000034088-18-000024-index.htm,10-Q,18802669,Quarterly report [Sections 13 or 15(d)],NA,5 MB,10-Q,Quarterly report [Sections 13 or 15(d)]:,0000034088-18-000024,2018-05-03T04:00:00Z,2018-05-03T16:16:43Z,54,2018-03-31T04:00:00Z,NA,NA,5274401,XOM
0000034088-18-000015,34,001-02256,2018-02-28T05:00:00Z,2018-02-28T05:00:00Z,https://www.sec.gov/Archives/edgar/data/34088/000003408818000015/0000034088-18-000015-index.htm,10-K,18651779,"Annual report [Section 13 and 15(d), not S-K Item 405]",NA,23 MB,10-K,"Annual report [Section 13 and 15(d), not S-K Item 405]:",0000034088-18-000015,2018-02-28T05:00:00Z,2018-02-28T21:39:51Z,135,2017-12-31T05:00:00Z,NA,NA,23712262,XOM
0000034088-17-000052,34,001-02256,2017-11-01T04:00:00Z,2017-11-01T04:00:00Z,https://www.sec.gov/Archives/edgar/data/34088/000003408817000052/0000034088-17-000052-index.htm,10-Q,171168845,Quarterly report [Sections 13 or 15(d)],NA,5 MB,10-Q,Quarterly report [Sections 13 or 15(d)]:,0000034088-17-000052,2017-11-01T04:00:00Z,2017-11-01T19:51:48Z,54,2017-09-30T04:00:00Z,NA,NA,5762323,XOM
0000034088-17-000041,34,001-02256,2017-08-02T04:00:00Z,2017-08-02T04:00:00Z,https://www.sec.gov/Archives/edgar/data/34088/000003408817000041/0000034088-17-000041-index.htm,10-Q,17999036,Quarterly report [Sections 13 or 15(d)],NA,5 MB,10-Q,Quarterly report [Sections 13 or 15(d)]:,0000034088-17-000041,2017-08-02T04:00:00Z,2017-08-02T16:19:33Z,55,2017-06-30T04:00:00Z,NA,NA,5836790,XOM
0000034088-17-000027,34,001-02256,2017-05-03T04:00:00Z,2017-05-03T04:00:00Z,https://www.sec.gov/Archives/edgar/data/34088/000003408817000027/0000034088-17-000027-index.htm,10-Q,17808630,Quarterly report [Sections 13 or 15(d)],NA,4 MB,10-Q,Quarterly report [Sections 13 or 15(d)]:,0000034088-17-000027,2017-05-03T04:00:00Z,2017-05-03T18:32:17Z,52,2017-03-31T04:00:00Z,NA,NA,4916296,XOM
0000034088-17-000017,34,001-02256,2017-02-22T05:00:00Z,2017-02-22T05:00:00Z,https://www.sec.gov/Archives/edgar/data/34088/000003408817000017/0000034088-17-000017-index.htm,10-K,17629081,"Annual report [Section 13 and 15(d), not S-K Item 405]",NA,23 MB,10-K,"Annual report [Section 13 and 15(d), not S-K Item 405]:",0000034088-17-000017,2017-02-22T05:00:00Z,2017-02-22T21:47:56Z,133,2016-12-31T05:00:00Z,NA,NA,23416048,XOM
0000034088-16-000097,34,001-02256,2016-11-03T04:00:00Z,2016-11-03T04:00:00Z,https://www.sec.gov/Archives/edgar/data/34088/000003408816000097/0000034088-16-000097-index.htm,10-Q,161970627,Quarterly report [Sections 13 or 15(d)],NA,5 MB,10-Q,Quarterly report [Sections 13 or 15(d)]:,0000034088-16-000097,2016-11-03T04:00:00Z,2016-11-03T15:10:42Z,55,2016-09-30T04:00:00Z,NA,NA,5778480,XOM
0000034088-16-000082,34,001-02256,2016-08-03T04:00:00Z,2016-08-03T04:00:00Z,https://www.sec.gov/Archives/edgar/data/34088/000003408816000082/0000034088-16-000082-index.htm,10-Q,161802910,Quarterly report [Sections 13 or 15(d)],NA,4 MB,10-Q,Quarterly report [Sections 13 or 15(d)]:,0000034088-16-000082,2016-08-03T04:00:00Z,2016-08-03T16:10:47Z,51,2016-06-30T04:00:00Z,NA,NA,4791546,XOM
0000034088-16-000071,34,001-02256,2016-05-04T04:00:00Z,2016-05-04T04:00:00Z,https://www.sec.gov/Archives/edgar/data/34088/000003408816000071/0000034088-16-000071-index.htm,10-Q,161618227,Quarterly report [Sections 13 or 15(d)],NA,4 MB,10-Q,Quarterly report [Sections 13 or 15(d)]:,0000034088-16-000071,2016-05-04T04:00:00Z,2016-05-04T16:16:40Z,51,2016-03-31T04:00:00Z,NA,NA,4182090,XOM
0000034088-16-000065,34,001-02256,2016-02-24T05:00:00Z,2016-02-24T05:00:00Z,https://www.sec.gov/Archives/edgar/data/34088/000003408816000065/0000034088-16-000065-index.htm,10-K,161452039,"Annual report [Section 13 and 15(d), not S-K Item 405]",NA,20 MB,10-K,"Annual report [Section 13 and 15(d), not S-K Item 405]:",0000034088-16-000065,2016-02-24T05:00:00Z,2016-02-24T21:09:22Z,133,2015-12-31T05:00:00Z,NA,NA,20962361,XOM
0000034088-15-000044,34,001-02256,2015-11-04T05:00:00Z,2015-11-04T05:00:00Z,https://www.sec.gov/Archives/edgar/data/34088/000003408815000044/0000034088-15-000044-index.htm,10-Q,151196064,Quarterly report [Sections 13 or 15(d)],NA,4 MB,10-Q,Quarterly report [Sections 13 or 15(d)]:,0000034088-15-000044,2015-11-04T05:00:00Z,2015-11-04T16:56:53Z,13,2015-09-30T04:00:00Z,NA,NA,4882446,XOM
0000034088-15-000035,34,001-02256,2015-08-05T04:00:00Z,2015-08-05T04:00:00Z,https://www.sec.gov/Archives/edgar/data/34088/000003408815000035/0000034088-15-000035-index.htm,10-Q,151028027,Quarterly report [Sections 13 or 15(d)],NA,4 MB,10-Q,Quarterly report [Sections 13 or 15(d)]:,0000034088-15-000035,2015-08-05T04:00:00Z,2015-08-05T15:45:57Z,13,2015-06-30T04:00:00Z,NA,NA,4832084,XOM
