seq,description,document,href,type,size
1,10-Q,neeq310q2017.htm,https://www.sec.gov/Archives/edgar/data/753308/000075330817000142/neeq310q2017.htm,10-Q,3289444
2,EXHIBIT 12.A,nee-q32017xex12a.htm,https://www.sec.gov/Archives/edgar/data/753308/000075330817000142/nee-q32017xex12a.htm,EX-12.A,17313
3,EXHIBIT 12.B,nee-q32017xex12b.htm,https://www.sec.gov/Archives/edgar/data/753308/000075330817000142/nee-q32017xex12b.htm,EX-12.B,13933
4,EXHIBIT 31.A,nee-q32017xex31a.htm,https://www.sec.gov/Archives/edgar/data/753308/000075330817000142/nee-q32017xex31a.htm,EX-31.A,14193
5,EXHIBIT 31.B,nee-q32017xex31b.htm,https://www.sec.gov/Archives/edgar/data/753308/000075330817000142/nee-q32017xex31b.htm,EX-31.B,13838
6,EXHIBIT 31.C,nee-q32017xex31c.htm,https://www.sec.gov/Archives/edgar/data/753308/000075330817000142/nee-q32017xex31c.htm,EX-31.C,14196
7,EXHIBIT 31.D,nee-q32017xex31d.htm,https://www.sec.gov/Archives/edgar/data/753308/000075330817000142/nee-q32017xex31d.htm,EX-31.D,14481
8,EXHIBIT 32.A,nee-q32017xex32a.htm,https://www.sec.gov/Archives/edgar/data/753308/000075330817000142/nee-q32017xex32a.htm,EX-32.A,11361
9,EXHIBIT 32.B,nee-q32017xex32b.htm,https://www.sec.gov/Archives/edgar/data/753308/000075330817000142/nee-q32017xex32b.htm,EX-32.B,11379
16,,fpla25.jpg,https://www.sec.gov/Archives/edgar/data/753308/000075330817000142/fpla25.jpg,GRAPHIC,458302
17,,nexteraenergy.jpg,https://www.sec.gov/Archives/edgar/data/753308/000075330817000142/nexteraenergy.jpg,GRAPHIC,297471
NA,Complete submission text file,0000753308-17-000142.txt,https://www.sec.gov/Archives/edgar/data/753308/000075330817000142/0000753308-17-000142.txt, ,18784509
10,XBRL INSTANCE DOCUMENT,nee-20170930.xml,https://www.sec.gov/Archives/edgar/data/753308/000075330817000142/nee-20170930.xml,EX-101.INS,5371346
11,XBRL TAXONOMY EXTENSION SCHEMA DOCUMENT,nee-20170930.xsd,https://www.sec.gov/Archives/edgar/data/753308/000075330817000142/nee-20170930.xsd,EX-101.SCH,86058
12,XBRL TAXONOMY EXTENSION CALCULATION LINKBASE DOCUMENT,nee-20170930_cal.xml,https://www.sec.gov/Archives/edgar/data/753308/000075330817000142/nee-20170930_cal.xml,EX-101.CAL,103772
13,XBRL TAXONOMY EXTENSION DEFINITION LINKBASE DOCUMENT,nee-20170930_def.xml,https://www.sec.gov/Archives/edgar/data/753308/000075330817000142/nee-20170930_def.xml,EX-101.DEF,572603
14,XBRL TAXONOMY EXTENSION LABEL LINKBASE DOCUMENT,nee-20170930_lab.xml,https://www.sec.gov/Archives/edgar/data/753308/000075330817000142/nee-20170930_lab.xml,EX-101.LAB,1050349
15,XBRL TAXONOMY EXTENSION PRESENTATION LINKBASE DOCUMENT,nee-20170930_pre.xml,https://www.sec.gov/Archives/edgar/data/753308/000075330817000142/nee-20170930_pre.xml,EX-101.PRE,637121
