seq,description,document,href,type,size
1,10-Q,unp-20160930x10q.htm,https://www.sec.gov/Archives/edgar/data/100885/000010088516000454/unp-20160930x10q.htm,10-Q,1967653
2,EX-12. (A),unp-20160930xex12_a.htm,https://www.sec.gov/Archives/edgar/data/100885/000010088516000454/unp-20160930xex12_a.htm,EX-12. (A),28029
3,EX-12. (B),unp-20160930xex12_b.htm,https://www.sec.gov/Archives/edgar/data/100885/000010088516000454/unp-20160930xex12_b.htm,EX-12. (B),28032
4,EX-31. (A),unp-20160930xex31_a.htm,https://www.sec.gov/Archives/edgar/data/100885/000010088516000454/unp-20160930xex31_a.htm,EX-31. (A),18310
5,EX-31. (B),unp-20160930xex31_b.htm,https://www.sec.gov/Archives/edgar/data/100885/000010088516000454/unp-20160930xex31_b.htm,EX-31. (B),18103
6,EX-32,unp-20160930xex32.htm,https://www.sec.gov/Archives/edgar/data/100885/000010088516000454/unp-20160930xex32.htm,EX-32,14692
NA,Complete submission text file,0000100885-16-000454.txt,https://www.sec.gov/Archives/edgar/data/100885/000010088516000454/0000100885-16-000454.txt, ,7692818
7,EX-101.INS,unp-20160930.xml,https://www.sec.gov/Archives/edgar/data/100885/000010088516000454/unp-20160930.xml,EX-101.INS,1813863
8,EX-101.SCH,unp-20160930.xsd,https://www.sec.gov/Archives/edgar/data/100885/000010088516000454/unp-20160930.xsd,EX-101.SCH,50926
9,EX-101.CAL,unp-20160930_cal.xml,https://www.sec.gov/Archives/edgar/data/100885/000010088516000454/unp-20160930_cal.xml,EX-101.CAL,51277
10,EX-101.DEF,unp-20160930_def.xml,https://www.sec.gov/Archives/edgar/data/100885/000010088516000454/unp-20160930_def.xml,EX-101.DEF,158891
11,EX-101.LAB,unp-20160930_lab.xml,https://www.sec.gov/Archives/edgar/data/100885/000010088516000454/unp-20160930_lab.xml,EX-101.LAB,400761
12,EX-101.PRE,unp-20160930_pre.xml,https://www.sec.gov/Archives/edgar/data/100885/000010088516000454/unp-20160930_pre.xml,EX-101.PRE,331861
