part.name,item.name,sentence_text,section
PART II,Item 7. Management's Discussion and Analysis of Financial Condition and Results of Operations,item 7.,discussion
PART II,Item 7. Management's Discussion and Analysis of Financial Condition and Results of Operations,management's discussion and analysis of financial condition and results of operations forward-looking statements this annual report on form 10-k includes forward-looking statements within the meaning of the private securities litigation reform act of 1995.,discussion
PART II,Item 7. Management's Discussion and Analysis of Financial Condition and Results of Operations,"all statements other than statements of historical fact, including statements regarding guidance, industry prospects, or future results of operations or financial position, made in this annual report on form 10-k are forward-looking.",discussion
PART II,Item 7. Management's Discussion and Analysis of Financial Condition and Results of Operations,"we use words such as anticipates, believes, expects, future, intends, and similar expressions to identify forward-looking statements.",discussion
PART II,Item 7. Management's Discussion and Analysis of Financial Condition and Results of Operations,forward-looking statements reflect management's current expectations and are inherently uncertain.,discussion
PART II,Item 7. Management's Discussion and Analysis of Financial Condition and Results of Operations,"actual results could differ materially for a variety of reasons, including, among others, fluctuations in foreign exchange rates, changes in global economic conditions and customer spending, world events, the rate of growth of the internet, online commerce, and cloud services, the amount that amazon.com invests in new business opportunities and the timing of those investments, the mix of products and services sold to customers, the mix of net sales derived from products as compared with services, the extent to which we owe income or other taxes, competition, management of growth, potential fluctuations in operating results, international growth and expansion, the outcomes of claims, litigation, government investigations, and other proceedings, fulfillment, sortation, delivery, and data center optimization, risks of inventory management, seasonality, the degree to which we enter into, maintain, and develop commercial agreements, proposed and completed acquisitions and strategic transactions, payments risks, and risks of fulfillment throughput and productivity.",discussion
PART II,Item 7. Management's Discussion and Analysis of Financial Condition and Results of Operations,"in addition, the global economic climate amplifies many of these risks.",discussion
PART II,Item 7. Management's Discussion and Analysis of Financial Condition and Results of Operations,"these risks and uncertainties, as well as other risks and uncertainties that could cause our actual results to differ significantly from management's expectations, are described in greater detail in item 1a of part i, ""risk factors.""",discussion
PART II,Item 7. Management's Discussion and Analysis of Financial Condition and Results of Operations,overview our primary source of revenue is the sale of a wide range of products and services to customers.,discussion
PART II,Item 7. Management's Discussion and Analysis of Financial Condition and Results of Operations,"the products offered through our stores include merchandise and content we have purchased for resale and products offered by third-party sellers, and we also manufacture and sell electronic devices and produce media content.",discussion
PART II,Item 7. Management's Discussion and Analysis of Financial Condition and Results of Operations,"generally, we recognize gross revenue from items we sell from our inventory as product sales and recognize our net share of revenue of items sold by third-party sellers as service sales.",discussion
PART II,Item 7. Management's Discussion and Analysis of Financial Condition and Results of Operations,"we seek to increase unit sales across our stores, through increased product selection, across numerous product categories.",discussion
PART II,Item 7. Management's Discussion and Analysis of Financial Condition and Results of Operations,"we also offer other services such as compute, storage, and database offerings, fulfillment, advertising, publishing, and digital content subscriptions.",discussion
PART II,Item 7. Management's Discussion and Analysis of Financial Condition and Results of Operations,"our financial focus is on long-term, sustainable growth in free cash flows1.",discussion
PART II,Item 7. Management's Discussion and Analysis of Financial Condition and Results of Operations,"free cash flows are driven primarily by increasing operating income and efficiently managing working capital2 and cash capital expenditures, including our decision to purchase or lease property and equipment.",discussion
PART II,Item 7. Management's Discussion and Analysis of Financial Condition and Results of Operations,"increases in operating income primarily result from increases in sales of products and services and efficiently managing our operating costs, partially offset by investments we make in longer-term strategic initiatives, including capital expenditures focused on improving the customer experience.",discussion
PART II,Item 7. Management's Discussion and Analysis of Financial Condition and Results of Operations,"to increase sales of products and services, we focus on improving all aspects of the customer experience, including lowering prices, improving availability, offering faster delivery and performance times, increasing selection, producing original content, increasing product categories and service offerings, expanding product information, improving ease of use, improving reliability, and earning customer trust.",discussion
PART II,Item 7. Management's Discussion and Analysis of Financial Condition and Results of Operations,we seek to reduce our variable costs per unit and work to leverage our fixed costs.,discussion
PART II,Item 7. Management's Discussion and Analysis of Financial Condition and Results of Operations,"our variable costs include product and content costs, payment processing and related transaction costs, picking, packaging, and preparing orders for shipment, transportation, customer service support, costs necessary to run aws, and a portion of our marketing costs.",discussion
PART II,Item 7. Management's Discussion and Analysis of Financial Condition and Results of Operations,"our fixed costs include the costs necessary to build and run our technology infrastructure; to build, enhance, and add features to our online stores, web services, electronic devices, and digital offerings; and to build and optimize our fulfillment and delivery networks and related facilities.",discussion
PART II,Item 7. Management's Discussion and Analysis of Financial Condition and Results of Operations,"variable costs generally change directly with sales volume, while fixed costs generally are dependent on the timing of capacity needs, geographic expansion, category expansion, and other factors.",discussion
PART II,Item 7. Management's Discussion and Analysis of Financial Condition and Results of Operations,"to decrease our variable costs on a per unit basis and enable us to lower prices for customers, we seek to increase our direct sourcing, increase discounts from suppliers, and reduce defects in our processes.",discussion
PART II,Item 7. Management's Discussion and Analysis of Financial Condition and Results of Operations,"to minimize unnecessary growth in fixed costs, we seek to improve process efficiencies and maintain a lean culture.",discussion
PART II,Item 7. Management's Discussion and Analysis of Financial Condition and Results of Operations,"_______________________ (1) see ""results of operations  -  non-gaap financial measures"" below for additional information on our non-gaap free cash flows financial measures.",discussion
PART II,Item 7. Management's Discussion and Analysis of Financial Condition and Results of Operations,"(2) working capital consists of accounts receivable, inventory, and accounts payable.",discussion
PART II,Item 7. Management's Discussion and Analysis of Financial Condition and Results of Operations,19 table of contents because of our model we are able to turn our inventory quickly and have a cash-generating operating cycle3.,discussion
PART II,Item 7. Management's Discussion and Analysis of Financial Condition and Results of Operations,"on average, our high inventory velocity means we generally collect from consumers before our payments to suppliers come due.",discussion
PART II,Item 7. Management's Discussion and Analysis of Financial Condition and Results of Operations,"we expect variability in inventory turnover over time since it is affected by numerous factors, including our product mix, the mix of sales by us and by third-party sellers, our continuing focus on in-stock inventory availability and selection of product offerings, our investment in new geographies and product lines, and the extent to which we choose to utilize third-party fulfillment providers.",discussion
PART II,Item 7. Management's Discussion and Analysis of Financial Condition and Results of Operations,"we also expect some variability in accounts payable days over time since they are affected by several factors, including the mix of product sales, the mix of sales by third-party sellers, the mix of suppliers, seasonality, and changes in payment terms over time, including the effect of balancing pricing and timing of payment terms with suppliers.",discussion
PART II,Item 7. Management's Discussion and Analysis of Financial Condition and Results of Operations,"we expect spending in technology and content will increase over time as we add computer scientists, designers, software and hardware engineers, and merchandising employees.",discussion
PART II,Item 7. Management's Discussion and Analysis of Financial Condition and Results of Operations,our technology and content investment and capital spending projects often support a variety of product and service offerings due to geographic expansion and the cross-functionality of our systems and operations.,discussion
PART II,Item 7. Management's Discussion and Analysis of Financial Condition and Results of Operations,"we seek to invest efficiently in several areas of technology and content, including aws, and expansion of new and existing product categories and service offerings, as well as in technology infrastructure to enhance the customer experience and improve our process efficiencies.",discussion
PART II,Item 7. Management's Discussion and Analysis of Financial Condition and Results of Operations,"we believe that advances in technology, specifically the speed and reduced cost of processing power, the advances of wireless connectivity, and the practical applications of artificial intelligence and machine learning, will continue to improve the consumer experience on the internet and increase its ubiquity in people's lives.",discussion
PART II,Item 7. Management's Discussion and Analysis of Financial Condition and Results of Operations,"to best take advantage of these continued advances in technology, we are investing in initiatives to build and deploy innovative and efficient software and electronic devices.",discussion
PART II,Item 7. Management's Discussion and Analysis of Financial Condition and Results of Operations,"we are also investing in aws, which offers a broad set of global compute, storage, database, and other service offerings to developers and enterprises of all sizes.",discussion
PART II,Item 7. Management's Discussion and Analysis of Financial Condition and Results of Operations,"we seek to efficiently manage shareholder dilution while maintaining the flexibility to issue shares for strategic purposes, such as financings, acquisitions, and aligning employee compensation with shareholders' interests.",discussion
PART II,Item 7. Management's Discussion and Analysis of Financial Condition and Results of Operations,we utilize restricted stock units as our primary vehicle for equity compensation because we believe this compensation model aligns the long-term interests of our shareholders and employees.,discussion
PART II,Item 7. Management's Discussion and Analysis of Financial Condition and Results of Operations,"in measuring shareholder dilution, we include all vested and unvested stock awards outstanding, without regard to estimated forfeitures.",discussion
PART II,Item 7. Management's Discussion and Analysis of Financial Condition and Results of Operations,"total shares outstanding plus outstanding stock awards were 507 million and 512 million as of december 31, 2018 and 2019.",discussion
PART II,Item 7. Management's Discussion and Analysis of Financial Condition and Results of Operations,our financial reporting currency is the u.s.,discussion
PART II,Item 7. Management's Discussion and Analysis of Financial Condition and Results of Operations,dollar and changes in foreign exchange rates significantly affect our reported results and consolidated trends.,discussion
PART II,Item 7. Management's Discussion and Analysis of Financial Condition and Results of Operations,"for example, if the u.s.",discussion
PART II,Item 7. Management's Discussion and Analysis of Financial Condition and Results of Operations,"dollar weakens year-over-year relative to currencies in our international locations, our consolidated net sales and operating expenses will be higher than if currencies had remained constant.",discussion
PART II,Item 7. Management's Discussion and Analysis of Financial Condition and Results of Operations,"likewise, if the u.s.",discussion
PART II,Item 7. Management's Discussion and Analysis of Financial Condition and Results of Operations,"dollar strengthens year-over-year relative to currencies in our international locations, our consolidated net sales and operating expenses will be lower than if currencies had remained constant.",discussion
PART II,Item 7. Management's Discussion and Analysis of Financial Condition and Results of Operations,we believe that our increasing diversification beyond the u.s. economy through our growing international businesses benefits our shareholders over the long-term.,discussion
PART II,Item 7. Management's Discussion and Analysis of Financial Condition and Results of Operations,we also believe it is useful to evaluate our operating results and growth rates before and after the effect of currency changes.,discussion
PART II,Item 7. Management's Discussion and Analysis of Financial Condition and Results of Operations,"in addition, the remeasurement of our intercompany balances can result in significant gains and losses associated with the effect of movements in foreign currency exchange rates.",discussion
PART II,Item 7. Management's Discussion and Analysis of Financial Condition and Results of Operations,"currency volatilities may continue, which may significantly impact (either positively or negatively) our reported results and consolidated trends and comparisons.",discussion
PART II,Item 7. Management's Discussion and Analysis of Financial Condition and Results of Operations,"for additional information about each line item addressed above, refer to item 8 of part ii, ""financial statements and supplementary data  -  note 1  -  description of business and accounting policies.""",discussion
PART II,Item 7. Management's Discussion and Analysis of Financial Condition and Results of Operations,"our annual report on form 10-k for the year ended december 31, 2018 includes a discussion and analysis of our financial condition and results of operations for the year ended december 31, 2017 in item 7 of part ii, ""management's discussion and analysis of financial condition and results of operations.""",discussion
PART II,Item 7. Management's Discussion and Analysis of Financial Condition and Results of Operations,_______________________ (3) the operating cycle is the number of days of sales in inventory plus the number of days of sales in accounts receivable minus accounts payable days.,discussion
PART II,Item 7. Management's Discussion and Analysis of Financial Condition and Results of Operations,"20 table of contents critical accounting judgments the preparation of financial statements in conformity with generally accepted accounting principles of the united states (""gaap"") requires estimates and assumptions that affect the reported amounts of assets and liabilities, revenues and expenses, and related disclosures of contingent liabilities in the consolidated financial statements and accompanying notes.",discussion
PART II,Item 7. Management's Discussion and Analysis of Financial Condition and Results of Operations,"the sec has defined a company's critical accounting policies as the ones that are most important to the portrayal of the company's financial condition and results of operations, and which require the company to make its most difficult and subjective judgments, often as a result of the need to make estimates of matters that are inherently uncertain.",discussion
PART II,Item 7. Management's Discussion and Analysis of Financial Condition and Results of Operations,"based on this definition, we have identified the critical accounting policies and judgments addressed below.",discussion
PART II,Item 7. Management's Discussion and Analysis of Financial Condition and Results of Operations,"we also have other key accounting policies, which involve the use of estimates, judgments, and assumptions that are significant to understanding our results.",discussion
PART II,Item 7. Management's Discussion and Analysis of Financial Condition and Results of Operations,"for additional information, see item 8 of part ii, ""financial statements and supplementary data  -  note 1  -  description of business and accounting policies.""",discussion
PART II,Item 7. Management's Discussion and Analysis of Financial Condition and Results of Operations,"although we believe that our estimates, assumptions, and judgments are reasonable, they are based upon information presently available.",discussion
PART II,Item 7. Management's Discussion and Analysis of Financial Condition and Results of Operations,"actual results may differ significantly from these estimates under different assumptions, judgments, or conditions.",discussion
PART II,Item 7. Management's Discussion and Analysis of Financial Condition and Results of Operations,"inventories inventories, consisting of products available for sale, are primarily accounted for using the first-in first-out method, and are valued at the lower of cost and net realizable value.",discussion
PART II,Item 7. Management's Discussion and Analysis of Financial Condition and Results of Operations,"this valuation requires us to make judgments, based on currently available information, about the likely method of disposition, such as through sales to individual customers, returns to product vendors, or liquidations, and expected recoverable values of each disposition category.",discussion
PART II,Item 7. Management's Discussion and Analysis of Financial Condition and Results of Operations,these assumptions about future disposition of inventory are inherently uncertain and changes in our estimates and assumptions may cause us to realize material write-downs in the future.,discussion
PART II,Item 7. Management's Discussion and Analysis of Financial Condition and Results of Operations,"as a measure of sensitivity, for every 1% of additional inventory valuation allowance as of december 31, 2019, we would have recorded an additional cost of sales of approximately $230 million.",discussion
PART II,Item 7. Management's Discussion and Analysis of Financial Condition and Results of Operations,"in addition, we enter into supplier commitments for certain electronic device components and certain products.",discussion
PART II,Item 7. Management's Discussion and Analysis of Financial Condition and Results of Operations,these commitments are based on forecasted customer demand.,discussion
PART II,Item 7. Management's Discussion and Analysis of Financial Condition and Results of Operations,"if we reduce these commitments, we may incur additional costs.",discussion
PART II,Item 7. Management's Discussion and Analysis of Financial Condition and Results of Operations,income taxes we are subject to income taxes in the u.s. (federal and state) and numerous foreign jurisdictions.,discussion
PART II,Item 7. Management's Discussion and Analysis of Financial Condition and Results of Operations,"tax laws, regulations, administrative practices, principles, and interpretations in various jurisdictions may be subject to significant change, with or without notice, due to economic, political, and other conditions, and significant judgment is required in evaluating and estimating our provision and accruals for these taxes.",discussion
PART II,Item 7. Management's Discussion and Analysis of Financial Condition and Results of Operations,there are many transactions that occur during the ordinary course of business for which the ultimate tax determination is uncertain.,discussion
PART II,Item 7. Management's Discussion and Analysis of Financial Condition and Results of Operations,"our effective tax rates could be affected by numerous factors, such as changes in our business operations, acquisitions, investments, entry into new businesses and geographies, intercompany transactions, the relative amount of our foreign earnings, including earnings being lower than anticipated in jurisdictions where we have lower statutory rates and higher than anticipated in jurisdictions where we have higher statutory rates, losses incurred in jurisdictions for which we are not able to realize related tax benefits, the applicability of special tax regimes, changes in foreign currency exchange rates, changes in our stock price, changes in our deferred tax assets and liabilities and their valuation, changes in the laws, regulations, administrative practices, principles, and interpretations related to tax, including changes to the global tax framework, competition, and other laws and accounting rules in various jurisdictions.",discussion
PART II,Item 7. Management's Discussion and Analysis of Financial Condition and Results of Operations,"in addition, a number of countries are actively pursuing changes to their tax laws applicable to corporate multinationals, such as the u.s. tax reform legislation commonly known as the u.s.",discussion
PART II,Item 7. Management's Discussion and Analysis of Financial Condition and Results of Operations,"tax cuts and jobs act of 2017 (the ""u.s.",discussion
PART II,Item 7. Management's Discussion and Analysis of Financial Condition and Results of Operations,"tax act"").",discussion
PART II,Item 7. Management's Discussion and Analysis of Financial Condition and Results of Operations,"finally, foreign governments may enact tax laws in response to the u.s.",discussion
PART II,Item 7. Management's Discussion and Analysis of Financial Condition and Results of Operations,tax act that could result in further changes to global taxation and materially affect our financial position and results of operations.,discussion
PART II,Item 7. Management's Discussion and Analysis of Financial Condition and Results of Operations,the u.s.,discussion
PART II,Item 7. Management's Discussion and Analysis of Financial Condition and Results of Operations,tax act significantly changed how the u.s. taxes corporations.,discussion
PART II,Item 7. Management's Discussion and Analysis of Financial Condition and Results of Operations,the u.s.,discussion
PART II,Item 7. Management's Discussion and Analysis of Financial Condition and Results of Operations,"tax act requires complex computations to be performed that were not previously required by u.s. tax law, significant judgments to be made in interpretation of the provisions of the u.s.",discussion
PART II,Item 7. Management's Discussion and Analysis of Financial Condition and Results of Operations,"tax act, significant estimates in calculations, and the preparation and analysis of information not previously relevant or regularly produced.",discussion
PART II,Item 7. Management's Discussion and Analysis of Financial Condition and Results of Operations,the u.s.,discussion
PART II,Item 7. Management's Discussion and Analysis of Financial Condition and Results of Operations,"treasury department, the irs, and other standard-setting bodies will continue to interpret or issue guidance on how provisions of the u.s.",discussion
PART II,Item 7. Management's Discussion and Analysis of Financial Condition and Results of Operations,tax act will be applied or otherwise administered.,discussion
PART II,Item 7. Management's Discussion and Analysis of Financial Condition and Results of Operations,"as future guidance is issued, we may make adjustments to amounts that we have previously recorded that may materially impact our provision for income taxes in the period in which the adjustments are made.",discussion
PART II,Item 7. Management's Discussion and Analysis of Financial Condition and Results of Operations,"we are also currently subject to tax controversies in various jurisdictions, and these jurisdictions may assess additional income tax liabilities against us.",discussion
PART II,Item 7. Management's Discussion and Analysis of Financial Condition and Results of Operations,"developments in an audit, investigation, or other tax controversy could have a material effect on our operating results or cash flows in the period or periods for which that development occurs, as well as for prior and subsequent periods.",discussion
PART II,Item 7. Management's Discussion and Analysis of Financial Condition and Results of Operations,we regularly assess the likelihood of an adverse outcome resulting from these proceedings to determine the adequacy of our tax accruals.,discussion
PART II,Item 7. Management's Discussion and Analysis of Financial Condition and Results of Operations,"although we believe our tax estimates are reasonable, the final outcome of audits, investigations, and any other tax controversies could be materially different from our historical income tax provisions and accruals.",discussion
PART II,Item 7. Management's Discussion and Analysis of Financial Condition and Results of Operations,"21 table of contents recent accounting pronouncements see item 8 of part ii, ""financial statements and supplementary data  -  note 1  -  description of business and accounting policies.""",discussion
PART II,Item 7. Management's Discussion and Analysis of Financial Condition and Results of Operations,"liquidity and capital resources cash flow information, which reflects retrospective adjustments to our consolidated statements of cash flows as described in item 8 of part ii, ""financial statements and supplementary data  -  note 1  -  description of business and accounting policies,"" is as follows (in millions): year ended december 31,   2018   2019 cash provided by (used in):       operating activities $ 30,723     $ 38,514   investing activities (12,369 )   (24,281 ) financing activities (7,686 )   (10,066 ) our principal sources of liquidity are cash flows generated from operations and our cash, cash equivalents, and marketable securities balances, which, at fair value, were $41.3 billion and $55.0 billion as of december 31, 2018 and 2019.",discussion
PART II,Item 7. Management's Discussion and Analysis of Financial Condition and Results of Operations,"amounts held in foreign currencies were $13.8 billion and $15.3 billion as of december 31, 2018 and 2019, and were primarily euros, british pounds, and japanese yen.",discussion
PART II,Item 7. Management's Discussion and Analysis of Financial Condition and Results of Operations,cash provided by (used in) operating activities was $30.7 billion and $38.5 billion in 2018 and 2019.,discussion
PART II,Item 7. Management's Discussion and Analysis of Financial Condition and Results of Operations,"our operating cash flows result primarily from cash received from our consumer, seller, developer, enterprise, and content creator customers, and advertisers, offset by cash payments we make for products and services, employee compensation, payment processing and related transaction costs, operating leases, and interest payments on our long-term obligations.",discussion
PART II,Item 7. Management's Discussion and Analysis of Financial Condition and Results of Operations,cash received from our customers and other activities generally corresponds to our net sales.,discussion
PART II,Item 7. Management's Discussion and Analysis of Financial Condition and Results of Operations,"because consumers primarily use credit cards to buy from us, our receivables from consumers settle quickly.",discussion
PART II,Item 7. Management's Discussion and Analysis of Financial Condition and Results of Operations,"the increase in operating cash flow in 2019, compared to the prior year, is primarily due to the increase in net income, excluding non-cash charges such as depreciation, amortization, and stock-based compensation.",discussion
PART II,Item 7. Management's Discussion and Analysis of Financial Condition and Results of Operations,cash provided by (used in) operating activities is also subject to changes in working capital.,discussion
PART II,Item 7. Management's Discussion and Analysis of Financial Condition and Results of Operations,"working capital at any specific point in time is subject to many variables, including seasonality, inventory management and category expansion, the timing of cash receipts and payments, vendor payment terms, and fluctuations in foreign exchange rates.",discussion
PART II,Item 7. Management's Discussion and Analysis of Financial Condition and Results of Operations,"cash provided by (used in) investing activities corresponds with cash capital expenditures, including leasehold improvements, incentives received from property and equipment vendors, proceeds from asset sales, cash outlays for acquisitions, investments in other companies and intellectual property rights, and purchases, sales, and maturities of marketable securities.",discussion
PART II,Item 7. Management's Discussion and Analysis of Financial Condition and Results of Operations,"cash provided by (used in) investing activities was $(12.4) billion and $(24.3) billion in 2018 and 2019, with the variability caused primarily by our decision to purchase or lease property and equipment and purchases, maturities, and sales of marketable securities.",discussion
PART II,Item 7. Management's Discussion and Analysis of Financial Condition and Results of Operations,"cash capital expenditures were $11.3 billion, and $12.7 billion in 2018 and 2019, which primarily reflect additional capacity to support our fulfillment operations and additional investments in support of continued business growth in technology infrastructure (the majority of which is to support aws).",discussion
PART II,Item 7. Management's Discussion and Analysis of Financial Condition and Results of Operations,"we made cash payments, net of acquired cash, related to acquisition and other investment activity of $2.2 billion and $2.5 billion in 2018 and 2019.",discussion
PART II,Item 7. Management's Discussion and Analysis of Financial Condition and Results of Operations,cash provided by (used in) financing activities was $(7.7) billion and $(10.1) billion in 2018 and 2019.,discussion
PART II,Item 7. Management's Discussion and Analysis of Financial Condition and Results of Operations,"cash outflows from financing activities result from principal repayments of finance leases and financing obligations and repayments of long-term debt and other, and were $8.5 billion and $12.3 billion in 2018 and 2019.",discussion
PART II,Item 7. Management's Discussion and Analysis of Financial Condition and Results of Operations,"property and equipment acquired under finance leases was $10.6 billion and $13.7 billion in 2018 and 2019, with the increase reflecting investments in support of continued business growth primarily due to investments in technology infrastructure for aws, which investments we expect to continue over time.",discussion
PART II,Item 7. Management's Discussion and Analysis of Financial Condition and Results of Operations,"we had no borrowings outstanding under the commercial paper program (the ""commercial paper program"") or unsecured revolving credit facility (the ""credit agreement"") and $740 million of borrowings outstanding under our $740 million secured revolving credit facility (the ""credit facility"") as of december 31, 2019.",discussion
PART II,Item 7. Management's Discussion and Analysis of Financial Condition and Results of Operations,"see item 8 of part ii, ""financial statements and supplementary data  -  note 6  -  debt"" for additional information.",discussion
PART II,Item 7. Management's Discussion and Analysis of Financial Condition and Results of Operations,"in 2018 and 2019, we recorded net tax provisions of $1.2 billion and $2.4 billion.",discussion
PART II,Item 7. Management's Discussion and Analysis of Financial Condition and Results of Operations,certain foreign subsidiary earnings are subject to u.s. taxation under the u.s.,discussion
PART II,Item 7. Management's Discussion and Analysis of Financial Condition and Results of Operations,"tax act, which also repeals u.s. taxation on the subsequent repatriation of those earnings.",discussion
PART II,Item 7. Management's Discussion and Analysis of Financial Condition and Results of Operations,"we intend to invest substantially all of our foreign subsidiary earnings, as well as our capital in our foreign 22 table of contents subsidiaries, indefinitely outside of the u.s. in those jurisdictions in which we would incur significant, additional costs upon repatriation of such amounts.",discussion
PART II,Item 7. Management's Discussion and Analysis of Financial Condition and Results of Operations,"as of december 31, 2019, cash, cash equivalents, and marketable securities held by foreign subsidiaries was $13.4 billion.",discussion
PART II,Item 7. Management's Discussion and Analysis of Financial Condition and Results of Operations,tax benefits relating to excess stock-based compensation deductions and accelerated depreciation deductions are reducing our u.s. taxable income.,discussion
PART II,Item 7. Management's Discussion and Analysis of Financial Condition and Results of Operations,the u.s.,discussion
PART II,Item 7. Management's Discussion and Analysis of Financial Condition and Results of Operations,"tax act enhanced and extended accelerated depreciation deductions by allowing full expensing of qualified property, primarily equipment, through 2022.",discussion
PART II,Item 7. Management's Discussion and Analysis of Financial Condition and Results of Operations,cash taxes paid (net of refunds) were $1.2 billion and $881 million for 2018 and 2019.,discussion
PART II,Item 7. Management's Discussion and Analysis of Financial Condition and Results of Operations,"as of december 31, 2019, we had approximately $1.7 billion of federal tax credits potentially available to offset future tax liabilities.",discussion
PART II,Item 7. Management's Discussion and Analysis of Financial Condition and Results of Operations,our federal tax credits are primarily related to the u.s. federal research and development credit.,discussion
PART II,Item 7. Management's Discussion and Analysis of Financial Condition and Results of Operations,as we utilize our federal tax credits we expect cash paid for taxes to increase.,discussion
PART II,Item 7. Management's Discussion and Analysis of Financial Condition and Results of Operations,"we endeavor to manage our global taxes on a cash basis, rather than on a financial reporting basis.",discussion
PART II,Item 7. Management's Discussion and Analysis of Financial Condition and Results of Operations,"in connection with the european commission's october 2017 decision against us on state aid, luxembourg tax authorities computed an initial recovery amount, consistent with the european commission's decision, of approximately €250 million, that we deposited into escrow in march 2018, subject to adjustment pending conclusion of all appeals.",discussion
PART II,Item 7. Management's Discussion and Analysis of Financial Condition and Results of Operations,"our liquidity is also affected by restricted cash balances that are pledged as collateral for real estate leases, amounts due to third-party sellers in certain jurisdictions, debt, and standby and trade letters of credit.",discussion
PART II,Item 7. Management's Discussion and Analysis of Financial Condition and Results of Operations,"to the extent we process payments for third-party sellers or offer certain types of stored value to our customers, some jurisdictions may restrict our use of those funds.",discussion
PART II,Item 7. Management's Discussion and Analysis of Financial Condition and Results of Operations,"these restrictions would result in the reclassification of a portion of our cash and cash equivalents from ""cash and cash equivalents"" to restricted cash, which is classified within ""accounts receivable, net and other"" and ""other assets"" on our consolidated balance sheets.",discussion
PART II,Item 7. Management's Discussion and Analysis of Financial Condition and Results of Operations,"as of december 31, 2018 and 2019, restricted cash, cash equivalents, and marketable securities were $426 million and $321 million.",discussion
PART II,Item 7. Management's Discussion and Analysis of Financial Condition and Results of Operations,"see item 8 of part ii, ""financial statements and supplementary data  -  note 7  -  commitments and contingencies"" for additional discussion of our principal contractual commitments, as well as our pledged assets.",discussion
PART II,Item 7. Management's Discussion and Analysis of Financial Condition and Results of Operations,"additionally, purchase obligations and open purchase orders, consisting of inventory and significant non-inventory commitments, were $15.7 billion as of december 31, 2019.",discussion
PART II,Item 7. Management's Discussion and Analysis of Financial Condition and Results of Operations,these purchase obligations and open purchase orders are generally cancellable in full or in part through the contractual provisions.,discussion
PART II,Item 7. Management's Discussion and Analysis of Financial Condition and Results of Operations,"we believe that cash flows generated from operations and our cash, cash equivalents, and marketable securities balances, as well as our borrowing arrangements, will be sufficient to meet our anticipated operating cash needs for at least the next twelve months.",discussion
PART II,Item 7. Management's Discussion and Analysis of Financial Condition and Results of Operations,"however, any projections of future cash needs and cash flows are subject to substantial uncertainty.",discussion
PART II,Item 7. Management's Discussion and Analysis of Financial Condition and Results of Operations,"see item 1a of part i, ""risk factors.""",discussion
PART II,Item 7. Management's Discussion and Analysis of Financial Condition and Results of Operations,"we continually evaluate opportunities to sell additional equity or debt securities, obtain credit facilities, obtain finance and operating lease arrangements, enter into financing obligations, repurchase common stock, pay dividends, or repurchase, refinance, or otherwise restructure our debt for strategic reasons or to further strengthen our financial position.",discussion
PART II,Item 7. Management's Discussion and Analysis of Financial Condition and Results of Operations,the sale of additional equity or convertible debt securities would likely be dilutive to our shareholders.,discussion
PART II,Item 7. Management's Discussion and Analysis of Financial Condition and Results of Operations,"in addition, we will, from time to time, consider the acquisition of, or investment in, complementary businesses, products, services, capital infrastructure, and technologies, which might affect our liquidity requirements or cause us to secure additional financing, or issue additional equity or debt securities.",discussion
PART II,Item 7. Management's Discussion and Analysis of Financial Condition and Results of Operations,"there can be no assurance that additional credit lines or financing instruments will be available in amounts or on terms acceptable to us, if at all.",discussion
PART II,Item 7. Management's Discussion and Analysis of Financial Condition and Results of Operations,"23 table of contents results of operations we have organized our operations into three segments: north america, international, and aws.",discussion
PART II,Item 7. Management's Discussion and Analysis of Financial Condition and Results of Operations,these segments reflect the way the company evaluates its business performance and manages its operations.,discussion
PART II,Item 7. Management's Discussion and Analysis of Financial Condition and Results of Operations,"see item 8 of part ii, ""financial statements and supplementary data  -  note 10  -  segment information.""",discussion
PART II,Item 7. Management's Discussion and Analysis of Financial Condition and Results of Operations,net sales net sales include product and service sales.,discussion
PART II,Item 7. Management's Discussion and Analysis of Financial Condition and Results of Operations,product sales represent revenue from the sale of products and related shipping fees and digital media content where we record revenue gross.,discussion
PART II,Item 7. Management's Discussion and Analysis of Financial Condition and Results of Operations,"service sales primarily represent third-party seller fees, which includes commissions and any related fulfillment and shipping fees, aws sales, amazon prime membership fees, advertising services, and certain digital content subscriptions.",discussion
PART II,Item 7. Management's Discussion and Analysis of Financial Condition and Results of Operations,"net sales information is as follows (in millions): year ended december 31,   2018   2019 net sales:       north america $ 141,366     $ 170,773   international 65,866     74,723   aws 25,655     35,026   consolidated $ 232,887     $ 280,522   year-over-year percentage growth:       north america 33 %   21 % international 21     13   aws 47     37   consolidated 31     20   year-over-year percentage growth, excluding the effect of foreign exchange rates:       north america 33 %   21 % international 19     17   aws 47     37   consolidated 30     22   net sales mix:       north america 61 %   61 % international 28     27   aws 11     12   consolidated 100 %   100 % sales increased 20% in 2019, compared to the prior year.",discussion
PART II,Item 7. Management's Discussion and Analysis of Financial Condition and Results of Operations,changes in foreign currency exchange rates impacted net sales by $1.3 billion and $(2.6) billion for 2018 and 2019.,discussion
PART II,Item 7. Management's Discussion and Analysis of Financial Condition and Results of Operations,"for a discussion of the effect on sales growth of foreign exchange rates, see ""effect of foreign exchange rates"" below.",discussion
PART II,Item 7. Management's Discussion and Analysis of Financial Condition and Results of Operations,"north america sales increased 21% in 2019, compared to the prior year.",discussion
PART II,Item 7. Management's Discussion and Analysis of Financial Condition and Results of Operations,"the sales growth primarily reflects increased unit sales, including sales by third-party sellers.",discussion
PART II,Item 7. Management's Discussion and Analysis of Financial Condition and Results of Operations,"increased unit sales were driven largely by our continued efforts to reduce prices for our customers, including from our shipping offers, increased in-stock inventory availability, and increased selection.",discussion
PART II,Item 7. Management's Discussion and Analysis of Financial Condition and Results of Operations,"international sales increased 13% in 2019, compared to the prior year.",discussion
PART II,Item 7. Management's Discussion and Analysis of Financial Condition and Results of Operations,"the sales growth primarily reflects increased unit sales, including sales by third-party sellers.",discussion
PART II,Item 7. Management's Discussion and Analysis of Financial Condition and Results of Operations,"increased unit sales were driven largely by our continued efforts to reduce prices for our customers, including from our shipping offers, increased in-stock inventory availability, and increased selection.",discussion
PART II,Item 7. Management's Discussion and Analysis of Financial Condition and Results of Operations,changes in foreign currency exchange rates impacted international net sales by $1.3 billion and $(2.4) billion in 2018 and 2019.,discussion
PART II,Item 7. Management's Discussion and Analysis of Financial Condition and Results of Operations,"aws sales increased 37% in 2019, compared to the prior year.",discussion
PART II,Item 7. Management's Discussion and Analysis of Financial Condition and Results of Operations,"the sales growth primarily reflects increased customer usage, partially offset by pricing changes.",discussion
PART II,Item 7. Management's Discussion and Analysis of Financial Condition and Results of Operations,pricing changes were driven largely by our continued efforts to reduce prices for our customers.,discussion
PART II,Item 7. Management's Discussion and Analysis of Financial Condition and Results of Operations,"24 table of contents operating income (loss) operating income (loss) by segment is as follows (in millions): year ended december 31,   2018   2019 operating income (loss):       north america $ 7,267     $ 7,033   international (2,142 )   (1,693 ) aws 7,296     9,201   consolidated $ 12,421     $ 14,541 operating income was $12.4 billion and $14.5 billion for 2018 and 2019.",discussion
PART II,Item 7. Management's Discussion and Analysis of Financial Condition and Results of Operations,we believe that operating income (loss) is a more meaningful measure than gross profit and gross margin due to the diversity of our product categories and services.,discussion
PART II,Item 7. Management's Discussion and Analysis of Financial Condition and Results of Operations,"the decrease in north america operating income in absolute dollars in 2019, compared to the prior year, is primarily due to increased shipping costs and marketing expense, partially offset by increased unit sales, including sales by third-party sellers, and advertising sales and slower growth in certain operating expenses.",discussion
PART II,Item 7. Management's Discussion and Analysis of Financial Condition and Results of Operations,changes in foreign exchange rates impacted operating income by $17 million and $23 million for 2018 and 2019.,discussion
PART II,Item 7. Management's Discussion and Analysis of Financial Condition and Results of Operations,"the decrease in international operating loss in absolute dollars in 2019, compared to the prior year, is primarily due to increased unit sales, including sales by third-party sellers, and advertising sales, and slower growth in certain operating expenses, partially offset by increased marketing expense.",discussion
PART II,Item 7. Management's Discussion and Analysis of Financial Condition and Results of Operations,changes in foreign exchange rates impacted operating loss by $258 million and $(116) million for 2018 and 2019.,discussion
PART II,Item 7. Management's Discussion and Analysis of Financial Condition and Results of Operations,"the increase in aws operating income in absolute dollars in 2019, compared to the prior year, is primarily due to increased customer usage and cost structure productivity, partially offset by pricing changes and increased spending on technology infrastructure and payroll and related expenses, which was primarily driven by additional investments to support the business growth.",discussion
PART II,Item 7. Management's Discussion and Analysis of Financial Condition and Results of Operations,changes in foreign exchange rates impacted operating income by $(49) million and $273 million for 2018 and 2019.,discussion
PART II,Item 7. Management's Discussion and Analysis of Financial Condition and Results of Operations,"25 table of contents operating expenses information about operating expenses is as follows (in millions): year ended december 31,    2018   2019 operating expenses:       cost of sales $ 139,156     $ 165,536   fulfillment 34,027     40,232   technology and content 28,837     35,931   marketing 13,814     18,878   general and administrative 4,336     5,203   other operating expense (income), net 296     201   total operating expenses $ 220,466     $ 265,981   year-over-year percentage growth:       cost of sales 24 %   19  % fulfillment 35     18   technology and content 27     25   marketing 37     37   general and administrative 18     20   other operating expense (income), net 38     (32 ) percent of net sales:       cost of sales 59.8 %   59.0  % fulfillment 14.6     14.3   technology and content 12.4     12.8   marketing 5.9     6.7   general and administrative 1.9     1.9   other operating expense (income), net 0.1     0.1 cost of sales cost of sales primarily consists of the purchase price of consumer products, inbound and outbound shipping costs, including costs related to sortation and delivery centers and where we are the transportation service provider, and digital media content costs where we record revenue gross, including video and music.",discussion
PART II,Item 7. Management's Discussion and Analysis of Financial Condition and Results of Operations,"the increase in cost of sales in absolute dollars in 2019, compared to the prior year, is primarily due to increased product and shipping costs resulting from increased sales.",discussion
PART II,Item 7. Management's Discussion and Analysis of Financial Condition and Results of Operations,shipping costs to receive products from our suppliers are included in our inventory and recognized as cost of sales upon sale of products to our customers.,discussion
PART II,Item 7. Management's Discussion and Analysis of Financial Condition and Results of Operations,"shipping costs, which include sortation and delivery centers and transportation costs, were $27.7 billion and $37.9 billion in 2018 and 2019.",discussion
PART II,Item 7. Management's Discussion and Analysis of Financial Condition and Results of Operations,"we expect our cost of shipping to continue to increase to the extent our customers accept and use our shipping offers at an increasing rate, we reduce shipping rates, we use more expensive shipping methods, including faster delivery, and we offer additional services.",discussion
PART II,Item 7. Management's Discussion and Analysis of Financial Condition and Results of Operations,"we seek to mitigate costs of shipping over time in part through achieving higher sales volumes, optimizing our fulfillment network, negotiating better terms with our suppliers, and achieving better operating efficiencies.",discussion
PART II,Item 7. Management's Discussion and Analysis of Financial Condition and Results of Operations,"we believe that offering low prices to our customers is fundamental to our future success, and one way we offer lower prices is through shipping offers.",discussion
PART II,Item 7. Management's Discussion and Analysis of Financial Condition and Results of Operations,"costs to operate our aws segment are primarily classified as ""technology and content"" as we leverage a shared infrastructure that supports both our internal technology requirements and external sales to aws customers.",discussion
PART II,Item 7. Management's Discussion and Analysis of Financial Condition and Results of Operations,"26 table of contents fulfillment fulfillment costs primarily consist of those costs incurred in operating and staffing our north america and international fulfillment centers, physical stores, and customer service centers and payment processing costs.",discussion
PART II,Item 7. Management's Discussion and Analysis of Financial Condition and Results of Operations,"while aws payment processing and related transaction costs are included in fulfillment, aws costs are primarily classified as ""technology and content.""",discussion
PART II,Item 7. Management's Discussion and Analysis of Financial Condition and Results of Operations,"fulfillment costs as a percentage of net sales may vary due to several factors, such as payment processing and related transaction costs, our level of productivity and accuracy, changes in volume, size, and weight of units received and fulfilled, the extent to which third party sellers utilize fulfillment by amazon services, timing of fulfillment network and physical store expansion, the extent we utilize fulfillment services provided by third parties, mix of products and services sold, and our ability to affect customer service contacts per unit by implementing improvements in our operations and enhancements to our customer self-service features.",discussion
PART II,Item 7. Management's Discussion and Analysis of Financial Condition and Results of Operations,"additionally, because payment processing costs associated with seller transactions are based on the gross purchase price of underlying transactions, and payment processing and related transaction costs are higher as a percentage of sales versus our retail sales, sales by our sellers have higher payment processing costs as a percent of net sales.",discussion
PART II,Item 7. Management's Discussion and Analysis of Financial Condition and Results of Operations,"the increase in fulfillment costs in absolute dollars in 2019, compared to the prior year, is primarily due to variable costs corresponding with increased product and service sales volume and inventory levels and costs from expanding our fulfillment network, which includes physical stores.",discussion
PART II,Item 7. Management's Discussion and Analysis of Financial Condition and Results of Operations,we seek to expand our fulfillment network to accommodate a greater selection and in-stock inventory levels and to meet anticipated shipment volumes from sales of our own products as well as sales by third parties for which we provide the fulfillment services.,discussion
PART II,Item 7. Management's Discussion and Analysis of Financial Condition and Results of Operations,we regularly evaluate our facility requirements.,discussion
PART II,Item 7. Management's Discussion and Analysis of Financial Condition and Results of Operations,"technology and content technology and content costs include payroll and related expenses for employees involved in the research and development of new and existing products and services, development, design, and maintenance of our stores, curation and display of products and services made available in our online stores, and infrastructure costs.",discussion
PART II,Item 7. Management's Discussion and Analysis of Financial Condition and Results of Operations,"infrastructure costs include servers, networking equipment, and data center related depreciation and amortization, rent, utilities, and other expenses necessary to support aws and other amazon businesses.",discussion
PART II,Item 7. Management's Discussion and Analysis of Financial Condition and Results of Operations,"collectively, these costs reflect the investments we make in order to offer a wide variety of products and services to our customers.",discussion
PART II,Item 7. Management's Discussion and Analysis of Financial Condition and Results of Operations,"we seek to invest efficiently in numerous areas of technology and content so we may continue to enhance the customer experience and improve our process efficiency through rapid technology developments, while operating at an ever increasing scale.",discussion
PART II,Item 7. Management's Discussion and Analysis of Financial Condition and Results of Operations,our technology and content investment and capital spending projects often support a variety of product and service offerings due to geographic expansion and the cross-functionality of our systems and operations.,discussion
PART II,Item 7. Management's Discussion and Analysis of Financial Condition and Results of Operations,we expect spending in technology and content to increase over time as we continue to add employees and technology infrastructure.,discussion
PART II,Item 7. Management's Discussion and Analysis of Financial Condition and Results of Operations,these costs are allocated to segments based on usage.,discussion
PART II,Item 7. Management's Discussion and Analysis of Financial Condition and Results of Operations,"the increase in technology and content costs in absolute dollars in 2019, compared to the prior year, is primarily due to an increase in spending on technology infrastructure and increased payroll and related costs associated with technical teams responsible for expanding our existing products and services and initiatives to introduce new products and service offerings.",discussion
PART II,Item 7. Management's Discussion and Analysis of Financial Condition and Results of Operations,"we expect technology and content costs to grow at a slower rate in 2020 due to an increase in the estimated useful life of our servers, which will impact each of our segments.",discussion
PART II,Item 7. Management's Discussion and Analysis of Financial Condition and Results of Operations,"see item 8 of part ii, ""financial statements and supplementary data  -  note 1  -  description of business and accounting policies  -  use of estimates"" for additional information on the change in estimated useful life of our servers.",discussion
PART II,Item 7. Management's Discussion and Analysis of Financial Condition and Results of Operations,"marketing marketing costs include advertising and payroll and related expenses for personnel engaged in marketing and selling activities, including sales commissions related to aws.",discussion
PART II,Item 7. Management's Discussion and Analysis of Financial Condition and Results of Operations,"we direct customers to our stores primarily through a number of marketing channels, such as our sponsored search, third party customer referrals, social and online advertising, television advertising, and other initiatives.",discussion
PART II,Item 7. Management's Discussion and Analysis of Financial Condition and Results of Operations,"our marketing costs are largely variable, based on growth in sales and changes in rates.",discussion
PART II,Item 7. Management's Discussion and Analysis of Financial Condition and Results of Operations,"to the extent there is increased or decreased competition for these traffic sources, or to the extent our mix of these channels shifts, we would expect to see a corresponding change in our marketing costs.",discussion
PART II,Item 7. Management's Discussion and Analysis of Financial Condition and Results of Operations,"the increase in marketing costs in absolute dollars in 2019, compared to the prior year, is primarily due to increased spending on marketing channels, as well as payroll and related expenses for personnel engaged in marketing and selling activities.",discussion
PART II,Item 7. Management's Discussion and Analysis of Financial Condition and Results of Operations,"while costs associated with amazon prime memberships and other shipping offers are not included in marketing expense, we view these offers as effective worldwide marketing tools, and intend to continue offering them indefinitely.",discussion
PART II,Item 7. Management's Discussion and Analysis of Financial Condition and Results of Operations,"27 table of contents general and administrative the increase in general and administrative costs in absolute dollars in 2019, compared to the prior year, is primarily due to increases in payroll and related expenses.",discussion
PART II,Item 7. Management's Discussion and Analysis of Financial Condition and Results of Operations,"other operating expense (income), net other operating expense (income), net was $296 million and $201 million during 2018 and 2019, and is primarily related to the amortization of intangible assets.",discussion
PART II,Item 7. Management's Discussion and Analysis of Financial Condition and Results of Operations,interest income and expense our interest income was $440 million and $832 million during 2018 and 2019.,discussion
PART II,Item 7. Management's Discussion and Analysis of Financial Condition and Results of Operations,we generally invest our excess cash in aaa-rated money market funds and investment grade short- to intermediate-term fixed income securities.,discussion
PART II,Item 7. Management's Discussion and Analysis of Financial Condition and Results of Operations,"our interest income corresponds with the average balance of invested funds based on the prevailing rates, which vary depending on the geographies and currencies in which they are invested.",discussion
PART II,Item 7. Management's Discussion and Analysis of Financial Condition and Results of Operations,interest expense was $1.4 billion and $1.6 billion in 2018 and 2019.,discussion
PART II,Item 7. Management's Discussion and Analysis of Financial Condition and Results of Operations,the increase is primarily related to finance leases.,discussion
PART II,Item 7. Management's Discussion and Analysis of Financial Condition and Results of Operations,"our long-term lease liabilities were $9.7 billion and $39.8 billion as of december 31, 2018 and 2019.",discussion
PART II,Item 7. Management's Discussion and Analysis of Financial Condition and Results of Operations,"our long-term debt was $23.5 billion and $23.4 billion as of december 31, 2018 and 2019.",discussion
PART II,Item 7. Management's Discussion and Analysis of Financial Condition and Results of Operations,"see item 8 of part ii, ""financial statements and supplementary data  -  note 4  -  leases and note 6  -  debt"" for additional information.",discussion
PART II,Item 7. Management's Discussion and Analysis of Financial Condition and Results of Operations,"other income (expense), net other income (expense), net was $(183) million and $203 million during 2018 and 2019.",discussion
PART II,Item 7. Management's Discussion and Analysis of Financial Condition and Results of Operations,"the primary components of other income (expense), net are related to equity securities and warrant valuations and foreign currency.",discussion
PART II,Item 7. Management's Discussion and Analysis of Financial Condition and Results of Operations,"income taxes our effective tax rate is subject to significant variation due to several factors, including variability in our pre-tax and taxable income and loss and the mix of jurisdictions to which they relate, intercompany transactions, the applicability of special tax regimes, changes in how we do business, acquisitions, investments, audit-related developments, changes in our stock price, changes in our deferred tax assets and liabilities and their valuation, foreign currency gains (losses), changes in statutes, regulations, case law, and administrative practices, principles, and interpretations related to tax, including changes to the global tax framework, competition, and other laws and accounting rules in various jurisdictions, and relative changes of expenses or losses for which tax benefits are not recognized.",discussion
PART II,Item 7. Management's Discussion and Analysis of Financial Condition and Results of Operations,"additionally, our effective tax rate can be more or less volatile based on the amount of pre-tax income or loss.",discussion
PART II,Item 7. Management's Discussion and Analysis of Financial Condition and Results of Operations,"for example, the impact of discrete items and non-deductible expenses on our effective tax rate is greater when our pre-tax income is lower.",discussion
PART II,Item 7. Management's Discussion and Analysis of Financial Condition and Results of Operations,we recorded a provision for income taxes of $1.2 billion and $2.4 billion in 2018 and 2019.,discussion
PART II,Item 7. Management's Discussion and Analysis of Financial Condition and Results of Operations,"our provision for income taxes in 2019 was higher than in 2018 primarily due to an increase in u.s. pre-tax income, a decline in excess tax benefits from stock-based compensation, and the one-time provisional tax benefit of the u.s.",discussion
PART II,Item 7. Management's Discussion and Analysis of Financial Condition and Results of Operations,tax act recognized in 2018.,discussion
PART II,Item 7. Management's Discussion and Analysis of Financial Condition and Results of Operations,tax benefits relating to excess stock-based compensation deductions and accelerated depreciation deductions are reducing our u.s. taxable income.,discussion
PART II,Item 7. Management's Discussion and Analysis of Financial Condition and Results of Operations,the u.s.,discussion
PART II,Item 7. Management's Discussion and Analysis of Financial Condition and Results of Operations,"tax act enhanced and extended accelerated depreciation deductions by allowing full expensing of qualified property, primarily equipment, through 2022.",discussion
PART II,Item 7. Management's Discussion and Analysis of Financial Condition and Results of Operations,"as of december 31, 2019, we had approximately $1.7 billion of federal tax credits potentially available to offset future tax liabilities.",discussion
PART II,Item 7. Management's Discussion and Analysis of Financial Condition and Results of Operations,our federal tax credits are primarily related to the u.s. federal research and development credit.,discussion
PART II,Item 7. Management's Discussion and Analysis of Financial Condition and Results of Operations,"see item 8 of part ii, ""financial statements and supplementary data  -  note 9  -  income taxes"" for additional information.",discussion
PART II,Item 7. Management's Discussion and Analysis of Financial Condition and Results of Operations,"non-gaap financial measures regulation g, conditions for use of non-gaap financial measures, and other sec regulations define and prescribe the conditions for use of certain non-gaap financial information.",discussion
PART II,Item 7. Management's Discussion and Analysis of Financial Condition and Results of Operations,our measures of free cash flows and the effect of foreign exchange rates on our consolidated statements of operations meet the definition of non-gaap financial measures.,discussion
PART II,Item 7. Management's Discussion and Analysis of Financial Condition and Results of Operations,we provide multiple measures of free cash flows because we believe these measures provide additional perspective on the impact of acquiring property and equipment with cash and through finance leases and financing obligations.,discussion
PART II,Item 7. Management's Discussion and Analysis of Financial Condition and Results of Operations,"we adopted new lease accounting guidance on january 1, 2019 without retrospectively adjusting prior periods.",discussion
PART II,Item 7. Management's Discussion and Analysis of Financial Condition and Results of Operations,"as a result, the line items used in our calculation of measures of free cash flows have changed.",discussion
PART II,Item 7. Management's Discussion and Analysis of Financial Condition and Results of Operations,"see item 8 of part ii, ""financial statements and supplementary data  -  note 1  -  description of business and accounting policies.""",discussion
PART II,Item 7. Management's Discussion and Analysis of Financial Condition and Results of Operations,"28 table of contents free cash flow free cash flow is cash flow from operations reduced by ""purchases of property and equipment, net of proceeds from sales and incentives.""",discussion
PART II,Item 7. Management's Discussion and Analysis of Financial Condition and Results of Operations,"the following is a reconciliation of free cash flow to the most comparable gaap cash flow measure, ""net cash provided by (used in) operating activities,"" for 2018 and 2019 (in millions): year ended december 31,   2018   2019 net cash provided by (used in) operating activities $ 30,723     $ 38,514   purchases of property and equipment, net of proceeds from sales and incentives (11,323 )   (12,689 ) free cash flow $ 19,400     $ 25,825           net cash provided by (used in) investing activities $ (12,369 )   $ (24,281 ) net cash provided by (used in) financing activities $ (7,686 )   $ (10,066 ) free cash flow less principal repayments of finance leases and financing obligations free cash flow less principal repayments of finance leases and financing obligations is free cash flow reduced by ""principal repayments of finance leases"" and ""principal repayments of financing obligations.""",discussion
PART II,Item 7. Management's Discussion and Analysis of Financial Condition and Results of Operations,principal repayments of finance leases and financing obligations approximates the actual payments of cash for our finance leases and financing obligations.,discussion
PART II,Item 7. Management's Discussion and Analysis of Financial Condition and Results of Operations,"the following is a reconciliation of free cash flow less principal repayments of finance leases and financing obligations to the most comparable gaap cash flow measure, ""net cash provided by (used in) operating activities,"" for 2018 and 2019 (in millions): year ended december 31,   2018   2019 net cash provided by (used in) operating activities $ 30,723     $ 38,514   purchases of property and equipment, net of proceeds from sales and incentives (11,323 )   (12,689 ) free cash flow 19,400     25,825   principal repayments of finance leases (1) (7,449 )   (9,628 ) principal repayments of financing obligations (1) (337 )   (27 ) free cash flow less principal repayments of finance leases and financing obligations $ 11,614     $ 16,170           net cash provided by (used in) investing activities $ (12,369 )   $ (24,281 ) net cash provided by (used in) financing activities $ (7,686 )   $ (10,066 ) _______________ (1) amounts for 2018 have not been retrospectively adjusted.",discussion
PART II,Item 7. Management's Discussion and Analysis of Financial Condition and Results of Operations,"29 table of contents free cash flow less equipment finance leases and principal repayments of all other finance leases and financing obligations free cash flow less equipment finance leases and principal repayments of all other finance leases and financing obligations is free cash flow reduced by equipment acquired under finance leases, which is included in ""property and equipment acquired under finance leases,"" principal repayments of all other finance lease liabilities, which is included in ""principal repayments of finance leases,"" and ""principal repayments of financing obligations.""",discussion
PART II,Item 7. Management's Discussion and Analysis of Financial Condition and Results of Operations,all other finance lease liabilities and financing obligations consists of property.,discussion
PART II,Item 7. Management's Discussion and Analysis of Financial Condition and Results of Operations,"in this measure, equipment acquired under finance leases is reflected as if these assets had been purchased with cash, which is not the case as these assets have been leased.",discussion
PART II,Item 7. Management's Discussion and Analysis of Financial Condition and Results of Operations,"the following is a reconciliation of free cash flow less equipment finance leases and principal repayments of all other finance leases and financing obligations to the most comparable gaap cash flow measure, ""net cash provided by (used in) operating activities,"" for 2018 and 2019 (in millions): year ended december 31,   2018   2019 net cash provided by (used in) operating activities $ 30,723     $ 38,514   purchases of property and equipment, net of proceeds from sales and incentives (11,323 )   (12,689 ) free cash flow 19,400     25,825   equipment acquired under finance leases (1) (10,615 )   (12,916 ) principal repayments of all other finance leases (2)  -      (392 ) principal repayments of financing obligations (337 )   (27 ) free cash flow less equipment finance leases and principal repayments of all other finance leases and financing obligations $ 8,448     $ 12,490           net cash provided by (used in) investing activities $ (12,369 )   $ (24,281 ) net cash provided by (used in) financing activities $ (7,686 )   $ (10,066 ) ___________________ (1) for the twelve months ended december 31, 2019, this amount relates to equipment included in ""property and equipment acquired under finance leases"" of $13,723 million.",discussion
PART II,Item 7. Management's Discussion and Analysis of Financial Condition and Results of Operations,amounts for 2018 have not been retrospectively adjusted.,discussion
PART II,Item 7. Management's Discussion and Analysis of Financial Condition and Results of Operations,"(2) for the twelve months ended december 31, 2019, this amount relates to property included in ""principal repayments of finance leases"" of $9,628 million.",discussion
PART II,Item 7. Management's Discussion and Analysis of Financial Condition and Results of Operations,amounts for 2018 have not been retrospectively adjusted.,discussion
PART II,Item 7. Management's Discussion and Analysis of Financial Condition and Results of Operations,all of these free cash flows measures have limitations as they omit certain components of the overall cash flow statement and do not represent the residual cash flow available for discretionary expenditures.,discussion
PART II,Item 7. Management's Discussion and Analysis of Financial Condition and Results of Operations,"for example, these measures of free cash flows do not incorporate the portion of payments representing principal reductions of debt or cash payments for business acquisitions.",discussion
PART II,Item 7. Management's Discussion and Analysis of Financial Condition and Results of Operations,"additionally, our mix of property and equipment acquisitions with cash or other financing options may change over time.",discussion
PART II,Item 7. Management's Discussion and Analysis of Financial Condition and Results of Operations,"therefore, we believe it is important to view free cash flows measures only as a complement to our entire consolidated statements of cash flows.",discussion
PART II,Item 7. Management's Discussion and Analysis of Financial Condition and Results of Operations,"30 table of contents effect of foreign exchange rates information regarding the effect of foreign exchange rates, versus the u.s.",discussion
PART II,Item 7. Management's Discussion and Analysis of Financial Condition and Results of Operations,"dollar, on our net sales, operating expenses, and operating income is provided to show reported period operating results had the foreign exchange rates remained the same as those in effect in the comparable prior year periods.",discussion
PART II,Item 7. Management's Discussion and Analysis of Financial Condition and Results of Operations,"the effect on our net sales, operating expenses, and operating income from changes in our foreign exchange rates versus the u.s.",discussion
PART II,Item 7. Management's Discussion and Analysis of Financial Condition and Results of Operations,"dollar is as follows (in millions): year ended december 31, 2018   year ended december 31, 2019    as reported   exchange rate effect (1)   at prior year rates (2)   as reported   exchange rate effect (1)   at prior year rates (2) net sales $ 232,887     $ (1,253 )   $ 231,634     $ 280,522     $ 2,560     $ 283,082   operating expenses 220,466     (1,027 )   219,439     265,981     2,740     268,721   operating income 12,421     (226 )   12,195     14,541     (180 )   14,361 ___________________ (1) represents the change in reported amounts resulting from changes in foreign exchange rates from those in effect in the comparable prior year period for operating results.",discussion
PART II,Item 7. Management's Discussion and Analysis of Financial Condition and Results of Operations,(2) represents the outcome that would have resulted had foreign exchange rates in the reported period been the same as those in effect in the comparable prior year period for operating results.,discussion
PART II,Item 7. Management's Discussion and Analysis of Financial Condition and Results of Operations,"guidance we provided guidance on january 30, 2020, in our earnings release furnished on form 8-k as set forth below.",discussion
PART II,Item 7. Management's Discussion and Analysis of Financial Condition and Results of Operations,"these forward-looking statements reflect amazon.com's expectations as of january 30, 2020, and are subject to substantial uncertainty.",discussion
PART II,Item 7. Management's Discussion and Analysis of Financial Condition and Results of Operations,"our results are inherently unpredictable and may be materially affected by many factors, such as fluctuations in foreign exchange rates, changes in global economic conditions and customer spending, world events, the rate of growth of the internet, online commerce, and cloud services, as well as those outlined in item 1a of part i, ""risk factors.""",discussion
PART II,Item 7. Management's Discussion and Analysis of Financial Condition and Results of Operations,"first quarter 2020 guidance • net sales are expected to be between $69.0 billion and $73.0 billion, or to grow between 16% and 22% compared with first quarter 2019.",discussion
PART II,Item 7. Management's Discussion and Analysis of Financial Condition and Results of Operations,this guidance anticipates a favorable impact of approximately 5 basis points from foreign exchange rates.,discussion
PART II,Item 7. Management's Discussion and Analysis of Financial Condition and Results of Operations,"• operating income is expected to be between $3.0 billion and $4.2 billion, compared with $4.4 billion in first quarter 2019.",discussion
PART II,Item 7. Management's Discussion and Analysis of Financial Condition and Results of Operations,"this guidance includes approximately $800 million lower depreciation expense due to an increase in the estimated useful life of our servers beginning on january 1, 2020.",discussion
PART II,Item 7. Management's Discussion and Analysis of Financial Condition and Results of Operations,"• this guidance assumes, among other things, that no additional business acquisitions, investments, restructurings, or legal settlements are concluded.",discussion
PART II,Item 7. Management's Discussion and Analysis of Financial Condition and Results of Operations,31 table of contents,discussion
