seq,description,document,href,type,size
1,10-Q,nee10q2q2016.htm,https://www.sec.gov/Archives/edgar/data/37634/000075330816000402/nee10q2q2016.htm,10-Q,3507478
2,EXHIBIT 12(A),nee-2q2016xex12a.htm,https://www.sec.gov/Archives/edgar/data/37634/000075330816000402/nee-2q2016xex12a.htm,EX-12.A,17162
3,EXHIBIT 12(B),nee-2q2016xex12b.htm,https://www.sec.gov/Archives/edgar/data/37634/000075330816000402/nee-2q2016xex12b.htm,EX-12.B,13783
4,EXHIBIT 31(A),nee-2q2016xex31a.htm,https://www.sec.gov/Archives/edgar/data/37634/000075330816000402/nee-2q2016xex31a.htm,EX-31.A,14186
5,EXHIBIT 31(B),nee-2q2016xex31b.htm,https://www.sec.gov/Archives/edgar/data/37634/000075330816000402/nee-2q2016xex31b.htm,EX-31.B,13831
6,EXHIBIT 31(C),nee-2q2016xex31c.htm,https://www.sec.gov/Archives/edgar/data/37634/000075330816000402/nee-2q2016xex31c.htm,EX-31.C,14189
7,EXHIBIT 31(D),nee-2q2016xex31d.htm,https://www.sec.gov/Archives/edgar/data/37634/000075330816000402/nee-2q2016xex31d.htm,EX-31.D,14474
8,EXHIBIT 32(A),nee-2q2016xex32a.htm,https://www.sec.gov/Archives/edgar/data/37634/000075330816000402/nee-2q2016xex32a.htm,EX-32.A,11354
9,EXHIBIT 32(B),nee-2q2016xex32b.htm,https://www.sec.gov/Archives/edgar/data/37634/000075330816000402/nee-2q2016xex32b.htm,EX-32.B,11372
16,GRAPHIC,fpl.jpg,https://www.sec.gov/Archives/edgar/data/37634/000075330816000402/fpl.jpg,GRAPHIC,458302
17,GRAPHIC,nexteraenergy.jpg,https://www.sec.gov/Archives/edgar/data/37634/000075330816000402/nexteraenergy.jpg,GRAPHIC,297471
NA,Complete submission text file,0000753308-16-000402.txt,https://www.sec.gov/Archives/edgar/data/37634/000075330816000402/0000753308-16-000402.txt, ,19234946
10,XBRL INSTANCE DOCUMENT,nee-20160630.xml,https://www.sec.gov/Archives/edgar/data/37634/000075330816000402/nee-20160630.xml,EX-101.INS,5434402
11,XBRL TAXONOMY EXTENSION SCHEMA DOCUMENT,nee-20160630.xsd,https://www.sec.gov/Archives/edgar/data/37634/000075330816000402/nee-20160630.xsd,EX-101.SCH,91607
12,XBRL TAXONOMY EXTENSION CALCULATION LINKBASE DOCUMENT,nee-20160630_cal.xml,https://www.sec.gov/Archives/edgar/data/37634/000075330816000402/nee-20160630_cal.xml,EX-101.CAL,105926
13,XBRL TAXONOMY EXTENSION DEFINITION LINKBASE DOCUMENT,nee-20160630_def.xml,https://www.sec.gov/Archives/edgar/data/37634/000075330816000402/nee-20160630_def.xml,EX-101.DEF,565332
14,XBRL TAXONOMY EXTENSION LABEL LINKBASE DOCUMENT,nee-20160630_lab.xml,https://www.sec.gov/Archives/edgar/data/37634/000075330816000402/nee-20160630_lab.xml,EX-101.LAB,1091753
15,XBRL TAXONOMY EXTENSION PRESENTATION LINKBASE DOCUMENT,nee-20160630_pre.xml,https://www.sec.gov/Archives/edgar/data/37634/000075330816000402/nee-20160630_pre.xml,EX-101.PRE,633752
