seq,description,document,href,type,size
1,10-Q,a10-qq220183312018.htm,https://www.sec.gov/Archives/edgar/data/320193/000032019318000070/a10-qq220183312018.htm,10-Q,1781113
2,EXHIBIT 10.2,a10-qexhibit1023312018.htm,https://www.sec.gov/Archives/edgar/data/320193/000032019318000070/a10-qexhibit1023312018.htm,EX-10.2,39914
3,EXHIBIT 31.1,a10-qexhibit3113312018.htm,https://www.sec.gov/Archives/edgar/data/320193/000032019318000070/a10-qexhibit3113312018.htm,EX-31.1,15695
4,EXHIBIT 31.2,a10-qexhibit3123312018.htm,https://www.sec.gov/Archives/edgar/data/320193/000032019318000070/a10-qexhibit3123312018.htm,EX-31.2,15786
5,EXHIBIT 32.1,a10-qexhibit3213312018.htm,https://www.sec.gov/Archives/edgar/data/320193/000032019318000070/a10-qexhibit3213312018.htm,EX-32.1,15374
12,,g66145g66i14.jpg,https://www.sec.gov/Archives/edgar/data/320193/000032019318000070/g66145g66i14.jpg,GRAPHIC,10963
NA,Complete submission text file,0000320193-18-000070.txt,https://www.sec.gov/Archives/edgar/data/320193/000032019318000070/0000320193-18-000070.txt, ,9743668
6,XBRL INSTANCE DOCUMENT,aapl-20180331.xml,https://www.sec.gov/Archives/edgar/data/320193/000032019318000070/aapl-20180331.xml,EX-101.INS,2754885
7,XBRL TAXONOMY EXTENSION SCHEMA DOCUMENT,aapl-20180331.xsd,https://www.sec.gov/Archives/edgar/data/320193/000032019318000070/aapl-20180331.xsd,EX-101.SCH,51960
8,XBRL TAXONOMY EXTENSION CALCULATION LINKBASE DOCUMENT,aapl-20180331_cal.xml,https://www.sec.gov/Archives/edgar/data/320193/000032019318000070/aapl-20180331_cal.xml,EX-101.CAL,84173
9,XBRL TAXONOMY EXTENSION DEFINITION LINKBASE DOCUMENT,aapl-20180331_def.xml,https://www.sec.gov/Archives/edgar/data/320193/000032019318000070/aapl-20180331_def.xml,EX-101.DEF,246040
10,XBRL TAXONOMY EXTENSION LABEL LINKBASE DOCUMENT,aapl-20180331_lab.xml,https://www.sec.gov/Archives/edgar/data/320193/000032019318000070/aapl-20180331_lab.xml,EX-101.LAB,704876
11,XBRL TAXONOMY EXTENSION PRESENTATION LINKBASE DOCUMENT,aapl-20180331_pre.xml,https://www.sec.gov/Archives/edgar/data/320193/000032019318000070/aapl-20180331_pre.xml,EX-101.PRE,399477
