seq,description,document,href,type,size
1,10-K,ecl-20191231x10k145b24.htm,https://www.sec.gov/Archives/edgar/data/31462/000155837020001788/ecl-20191231x10k145b24.htm,10-K,8256134
2,EX-4.20,ex-4d20.htm,https://www.sec.gov/Archives/edgar/data/31462/000155837020001788/ex-4d20.htm,EX-4.20,340985
3,EX-10.15(IX),ex-10d15ix.htm,https://www.sec.gov/Archives/edgar/data/31462/000155837020001788/ex-10d15ix.htm,EX-10.15(IX),70817
4,EX-10.15(X),ex-10d15x.htm,https://www.sec.gov/Archives/edgar/data/31462/000155837020001788/ex-10d15x.htm,EX-10.15(X),306265
5,EX-21.1,ex-21d1.htm,https://www.sec.gov/Archives/edgar/data/31462/000155837020001788/ex-21d1.htm,EX-21.1,304482
6,EX-23.1,ex-23d1.htm,https://www.sec.gov/Archives/edgar/data/31462/000155837020001788/ex-23d1.htm,EX-23.1,6902
7,EX-24.1,ex-24d1.htm,https://www.sec.gov/Archives/edgar/data/31462/000155837020001788/ex-24d1.htm,EX-24.1,26616
8,EX-31.1,ex-31d1.htm,https://www.sec.gov/Archives/edgar/data/31462/000155837020001788/ex-31d1.htm,EX-31.1,20107
9,EX-31.2,ex-31d2.htm,https://www.sec.gov/Archives/edgar/data/31462/000155837020001788/ex-31d2.htm,EX-31.2,19608
10,EX-32.1,ex-32d1.htm,https://www.sec.gov/Archives/edgar/data/31462/000155837020001788/ex-32d1.htm,EX-32.1,9122
11,GRAPHIC,ecl-20191231x10k145b24001.jpg,https://www.sec.gov/Archives/edgar/data/31462/000155837020001788/ecl-20191231x10k145b24001.jpg,GRAPHIC,3260
12,GRAPHIC,ecl-20191231x10k145b24002.jpg,https://www.sec.gov/Archives/edgar/data/31462/000155837020001788/ecl-20191231x10k145b24002.jpg,GRAPHIC,3409
13,GRAPHIC,ecl-20191231x10k145b24003.jpg,https://www.sec.gov/Archives/edgar/data/31462/000155837020001788/ecl-20191231x10k145b24003.jpg,GRAPHIC,2935
NA,Complete submission text file,0001558370-20-001788.txt,https://www.sec.gov/Archives/edgar/data/31462/000155837020001788/0001558370-20-001788.txt, ,34453029
14,EX-101.SCH,ecl-20191231.xsd,https://www.sec.gov/Archives/edgar/data/31462/000155837020001788/ecl-20191231.xsd,EX-101.SCH,104751
15,EX-101.CAL,ecl-20191231_cal.xml,https://www.sec.gov/Archives/edgar/data/31462/000155837020001788/ecl-20191231_cal.xml,EX-101.CAL,143551
16,EX-101.DEF,ecl-20191231_def.xml,https://www.sec.gov/Archives/edgar/data/31462/000155837020001788/ecl-20191231_def.xml,EX-101.DEF,554309
17,EX-101.LAB,ecl-20191231_lab.xml,https://www.sec.gov/Archives/edgar/data/31462/000155837020001788/ecl-20191231_lab.xml,EX-101.LAB,1196440
18,EX-101.PRE,ecl-20191231_pre.xml,https://www.sec.gov/Archives/edgar/data/31462/000155837020001788/ecl-20191231_pre.xml,EX-101.PRE,881499
32,EXTRACTED XBRL INSTANCE DOCUMENT,ecl-20191231x10k145b24_htm.xml,https://www.sec.gov/Archives/edgar/data/31462/000155837020001788/ecl-20191231x10k145b24_htm.xml,XML,9434393
