part.name,item.name,sentence_text,section
PART I. FINANCIAL INFORMATION,Item 2. Management's Discussion and Analysis of Financial Condition and Results of Operations,item 2.,discussion
PART I. FINANCIAL INFORMATION,Item 2. Management's Discussion and Analysis of Financial Condition and Results of Operations,"management's discussion and analysis of financial condition and results of operations  union pacific corporation and subsidiary companies results of operations  three and six months ended june 30, 2017, compared to three and six months ended june 30, 2016   for purposes of this report, unless the context otherwise requires, all references herein to ""upc"", ""corporation"", ""company"", ""we"", ""us"", and ""our"" shall mean union pacific corporation and its subsidiaries, including union pacific railroad company, which we separately refer to as ""uprr"" or the ""railroad"".",discussion
PART I. FINANCIAL INFORMATION,Item 2. Management's Discussion and Analysis of Financial Condition and Results of Operations,"the following discussion should be read in conjunction with the condensed consolidated financial statements and applicable notes to the condensed consolidated financial statements, item 1, and other information included in this report.",discussion
PART I. FINANCIAL INFORMATION,Item 2. Management's Discussion and Analysis of Financial Condition and Results of Operations,"our condensed consolidated financial statements are unaudited and reflect all adjustments (consisting only of normal and recurring adjustments) that are, in the opinion of management, necessary for their fair presentation in conformity with accounting principles generally accepted in the united states of america (gaap).",discussion
PART I. FINANCIAL INFORMATION,Item 2. Management's Discussion and Analysis of Financial Condition and Results of Operations,"the railroad, along with its subsidiaries and rail affiliates, is our one reportable business segment.",discussion
PART I. FINANCIAL INFORMATION,Item 2. Management's Discussion and Analysis of Financial Condition and Results of Operations,"although we provide and analyze revenue by commodity group, we treat the financial results of the railroad as one segment due to the integrated nature of our rail network.",discussion
PART I. FINANCIAL INFORMATION,Item 2. Management's Discussion and Analysis of Financial Condition and Results of Operations,available information  our internet website is www.up.com.,discussion
PART I. FINANCIAL INFORMATION,Item 2. Management's Discussion and Analysis of Financial Condition and Results of Operations,"we make available free of charge on our website (under the ""investors"" caption link) our annual reports on form 10-k; our quarterly reports on form 10-q; extensible business reporting language (xbrl) documents; our current reports on form 8-k; our proxy statements; forms 3, 4, and 5, filed on behalf of directors and executive officers; and amendments to any such reports filed or furnished pursuant to the securities exchange act of 1934, as amended (the exchange act), as soon as reasonably practicable after such material is electronically filed with, or furnished to, the securities and exchange commission (sec).",discussion
PART I. FINANCIAL INFORMATION,Item 2. Management's Discussion and Analysis of Financial Condition and Results of Operations,we also make available on our website previously filed sec reports and exhibits via a link to edgar on the sec's internet site at www.sec.gov.,discussion
PART I. FINANCIAL INFORMATION,Item 2. Management's Discussion and Analysis of Financial Condition and Results of Operations,we provide these previously filed reports as a convenience and their contents reflect only information that was true and correct as of the date of the report.,discussion
PART I. FINANCIAL INFORMATION,Item 2. Management's Discussion and Analysis of Financial Condition and Results of Operations,we assume no obligation to update this historical information.,discussion
PART I. FINANCIAL INFORMATION,Item 2. Management's Discussion and Analysis of Financial Condition and Results of Operations,"additionally, our corporate governance materials, including by-laws, board committee charters, governance guidelines and policies, and codes of conduct and ethics for directors, officers, and employees are available on our website.",discussion
PART I. FINANCIAL INFORMATION,Item 2. Management's Discussion and Analysis of Financial Condition and Results of Operations,"from time to time, the corporate governance materials on our website may be updated as necessary to comply with rules issued by the sec and the new york stock exchange or as desirable to promote the effective and efficient governance of our company.",discussion
PART I. FINANCIAL INFORMATION,Item 2. Management's Discussion and Analysis of Financial Condition and Results of Operations,"any security holder wishing to receive, without charge, a copy of any of our sec filings or corporate governance materials should send a written request to: corporate secretary, union pacific corporation, 1400 douglas street, omaha, ne 68179.",discussion
PART I. FINANCIAL INFORMATION,Item 2. Management's Discussion and Analysis of Financial Condition and Results of Operations,"references to our website address in this report, including references in management's discussion and analysis of financial condition and results of operations, item 2, are provided as a convenience and do not constitute, and should not be deemed, an incorporation by reference of the information contained on, or available through, the website.",discussion
PART I. FINANCIAL INFORMATION,Item 2. Management's Discussion and Analysis of Financial Condition and Results of Operations,"therefore, such information should not be considered part of this report.",discussion
PART I. FINANCIAL INFORMATION,Item 2. Management's Discussion and Analysis of Financial Condition and Results of Operations,critical accounting policies and estimates  we base our discussion and analysis of our financial condition and results of operations upon our condensed consolidated financial statements.,discussion
PART I. FINANCIAL INFORMATION,Item 2. Management's Discussion and Analysis of Financial Condition and Results of Operations,"the preparation of these financial statements requires estimation and judgment that affect the reported amounts of revenues, expenses, assets, and liabilities.",discussion
PART I. FINANCIAL INFORMATION,Item 2. Management's Discussion and Analysis of Financial Condition and Results of Operations,"we base our estimates on historical experience and on various other assumptions that are believed to be reasonable under the circumstances, the results of which form the basis for making judgments about the carrying values of assets and liabilities that are not readily apparent from other sources.",discussion
PART I. FINANCIAL INFORMATION,Item 2. Management's Discussion and Analysis of Financial Condition and Results of Operations,"if these estimates differ materially from actual results, the impact on the condensed consolidated financial statements may be material.",discussion
PART I. FINANCIAL INFORMATION,Item 2. Management's Discussion and Analysis of Financial Condition and Results of Operations,our critical accounting policies are available in item 7 of our 2016 annual report on form 10- 22 table of contents k.,discussion
PART I. FINANCIAL INFORMATION,Item 2. Management's Discussion and Analysis of Financial Condition and Results of Operations,there have not been any significant changes with respect to these policies during the first six months of 2017.,discussion
PART I. FINANCIAL INFORMATION,Item 2. Management's Discussion and Analysis of Financial Condition and Results of Operations,results of operations  quarterly summary  we reported earnings of $1.45 per diluted share on net income of $1.2 billion in the second quarter of 2017 compared to earnings of $1.17 per diluted share on net income of $1.0 billion for the second quarter of 2016.,discussion
PART I. FINANCIAL INFORMATION,Item 2. Management's Discussion and Analysis of Financial Condition and Results of Operations,"freight revenues increased 11%,  or $476 million, in the second quarter compared to the same period in 2016.",discussion
PART I. FINANCIAL INFORMATION,Item 2. Management's Discussion and Analysis of Financial Condition and Results of Operations,"volume growth of 5% and a  6%  increase in average revenue per car (arc) resulting from higher fuel surcharge revenue, core pricing gains, and mix of traffic drove the freight revenue growth.",discussion
PART I. FINANCIAL INFORMATION,Item 2. Management's Discussion and Analysis of Financial Condition and Results of Operations,"demand for coal and shale drilling-related frac sand shipments increased compared to relatively low volume levels in the second quarter of 2016, while shipments of grain, fertilizer, plastics, automotive parts, and intermodal also contributed to the year-over-year growth.",discussion
PART I. FINANCIAL INFORMATION,Item 2. Management's Discussion and Analysis of Financial Condition and Results of Operations,"conversely, shipments of crude oil and finished vehicles decreased versus 2016.",discussion
PART I. FINANCIAL INFORMATION,Item 2. Management's Discussion and Analysis of Financial Condition and Results of Operations,we continue to align critical resources with current market demands.,discussion
PART I. FINANCIAL INFORMATION,Item 2. Management's Discussion and Analysis of Financial Condition and Results of Operations,"while volumes grew 5%, our work force levels decreased 2%, demonstrating continued progress on our resource productivity initiatives.",discussion
PART I. FINANCIAL INFORMATION,Item 2. Management's Discussion and Analysis of Financial Condition and Results of Operations,"at the end of the second quarter, approximately 1,100 employees across all crafts were either furloughed or in alternate work status, and approximately 1,400 locomotives were in storage.",discussion
PART I. FINANCIAL INFORMATION,Item 2. Management's Discussion and Analysis of Financial Condition and Results of Operations,"in the second quarter, we experienced some disruptions across our network that negatively impacted network fluidity.",discussion
PART I. FINANCIAL INFORMATION,Item 2. Management's Discussion and Analysis of Financial Condition and Results of Operations,"average train speed, as reported to the association of american railroads (aar), decreased 5% to 25.4 miles per hour, and average terminal dwell time increased 4% to 28.3 hours.",discussion
PART I. FINANCIAL INFORMATION,Item 2. Management's Discussion and Analysis of Financial Condition and Results of Operations,"operating revenues                                                                                                                                                                                                                                                                                                                                                ﻿                                                                                                                                                                                                                                                                                                                                              ﻿                       three months ended                                                                                               six months ended                                                                      ﻿                       june 30,                                                                       june 30,                                               millions          2017           2016                        change                                  2017           2016                        change                       freight revenues                       $          4,906                        $          4,430           11                        %                                               $          9,700                        $          8,932           9                        %                       other revenues                                  344                                   340           1                                                                                   682                                   667           2                                                total                       $          5,250                        $          4,770           10                        %                                               $          10,382                        $          9,599           8                        % we generate freight revenues by transporting freight or other materials from our six commodity groups.",discussion
PART I. FINANCIAL INFORMATION,Item 2. Management's Discussion and Analysis of Financial Condition and Results of Operations,freight revenues vary with volume (carloads) and arc.,discussion
PART I. FINANCIAL INFORMATION,Item 2. Management's Discussion and Analysis of Financial Condition and Results of Operations,"changes in price, traffic mix and fuel surcharges drive arc.",discussion
PART I. FINANCIAL INFORMATION,Item 2. Management's Discussion and Analysis of Financial Condition and Results of Operations,"we provide some of our customers with contractual incentives for meeting or exceeding specified cumulative volumes or shipping to and from specific locations, which we record as reductions to freight revenues based on the actual or projected future shipments.",discussion
PART I. FINANCIAL INFORMATION,Item 2. Management's Discussion and Analysis of Financial Condition and Results of Operations,we recognize freight revenues as shipments move from origin to destination.,discussion
PART I. FINANCIAL INFORMATION,Item 2. Management's Discussion and Analysis of Financial Condition and Results of Operations,we allocate freight revenues between reporting periods based on the relative transit time in each reporting period and recognize expenses as we incur them.,discussion
PART I. FINANCIAL INFORMATION,Item 2. Management's Discussion and Analysis of Financial Condition and Results of Operations,"other revenues include revenues earned by our subsidiaries, revenues from commuter rail operations that we manage, accessorial revenues, which we earn when customers retain equipment owned or controlled by us or when we perform additional services such as switching or storage, and miscellaneous contract revenue.",discussion
PART I. FINANCIAL INFORMATION,Item 2. Management's Discussion and Analysis of Financial Condition and Results of Operations,we recognize other revenues as we perform services or meet contractual obligations.,discussion
PART I. FINANCIAL INFORMATION,Item 2. Management's Discussion and Analysis of Financial Condition and Results of Operations,"freight revenues increased 11% during the second quarter and 9% during the six-month period of 2017 compared to 2016 driven by volume growth in coal, industrial products, and agriculture shipments, as well as higher fuel surcharge revenue, core pricing gains and mix of traffic.",discussion
PART I. FINANCIAL INFORMATION,Item 2. Management's Discussion and Analysis of Financial Condition and Results of Operations,each of our commodity groups includes revenue from fuel surcharges.,discussion
PART I. FINANCIAL INFORMATION,Item 2. Management's Discussion and Analysis of Financial Condition and Results of Operations,freight revenues from fuel surcharge programs were $234 million and $446 million in the second quarter and year-to-date periods of 2017 compared to $87 million and $200 million in the same periods of 2016.,discussion
PART I. FINANCIAL INFORMATION,Item 2. Management's Discussion and Analysis of Financial Condition and Results of Operations,"higher fuel surcharge revenue resulted from higher year-over-year fuel prices, volume growth and a lag benefit in fuel surcharge recovery due to a sequential decline in fuel price during the quarter (it can generally take up to two months for changing fuel prices to affect fuel surcharge recoveries).",discussion
PART I. FINANCIAL INFORMATION,Item 2. Management's Discussion and Analysis of Financial Condition and Results of Operations,"23 table of contents other revenues increased in the second quarter and year-to-date periods of 2017 compared to 2016 due to higher subsidiary revenues, primarily those that broker intermodal and automotive services.",discussion
PART I. FINANCIAL INFORMATION,Item 2. Management's Discussion and Analysis of Financial Condition and Results of Operations,"the following tables summarize the year-over-year changes in freight revenues, revenue carloads, and arc by commodity type:                                                                                                                                                                                                                                                                                                                                                ﻿                                                                                                                                                                                                                                                                                                                                              ﻿                       three months ended                                                                                               six months ended                                                                       freight revenues                       june 30,                                                                       june 30,                                               millions          2017           2016                        change                                  2017           2016                        change                       agricultural products                       $          907                        $          845           7                        %                                               $          1,849                        $          1,727           7                        %                       automotive                                  513                                   488           5                                                                                   1,017                                   998           2                                                chemicals                                  898                                   864           4                                                                                   1,783                                   1,742           2                                                coal                                  619                                   494           25                                                                                   1,267                                   1,013           25                                                industrial products                                  1,030                                   830           24                                                                                   1,937                                   1,664           16                                                intermodal                                  939                                   909           3                                                                                   1,847                                   1,788           3                                                total                       $          4,906                        $          4,430           11                        %                                               $          9,700                        $          8,932           9                        %                                                                                                                                                                                                                                                 ﻿                                                                                                                                                                                                                                              ﻿                       three months ended                                                                                               six months ended                                                                       revenue carloads                       june 30,                                                                       june 30,                                               thousands,          2017           2016                        change                                  2017           2016                        change                       agricultural products          237           229           3                        %                                  487           464           5                        %                       automotive          215           217           (1)                                                          427           434           (2)                                               chemicals          269           275           (2)                                                          526           543           (3)                                               coal          285           243           17                                                           589           505           17                                                industrial products          315           275           15                                                           593           549           8                                                intermodal [a]          824           809           2                                                           1,611           1,597           1                                                total          2,145           2,048           5                        %                                  4,233           4,092           3                        %                                                                                                                                                                                                                                                                                                                                                 ﻿                                                                                                                                                                                                                                                                                                                                              ﻿                       three months ended                                                                                               six months ended                                                                      ﻿                       june 30,                                                                       june 30,                                               average revenue per car          2017           2016                        change                                  2017           2016                        change                       agricultural products                       $          3,813                        $          3,692           3                        %                                               $          3,793                        $          3,721           2                        %                       automotive                                  2,393                                   2,247           6                                                                                   2,383                                   2,298           4                                                chemicals                                  3,334                                   3,146           6                                                                                   3,390                                   3,208           6                                                coal                                  2,173                                   2,026           7                                                                                   2,153                                   2,005           7                                                industrial products                                  3,271                                   3,025           8                                                                                   3,266                                   3,033           8                                                intermodal [a]                                  1,140                                   1,124           1                                                                                   1,147                                   1,120           2                                                average                         $          2,287                        $          2,163           6                        %                                               $          2,292                        $          2,183           5                        % [a]each intermodal container or trailer equals one carload.",discussion
PART I. FINANCIAL INFORMATION,Item 2. Management's Discussion and Analysis of Financial Condition and Results of Operations,"agricultural products  -  freight revenue from agricultural products shipments increased in the second quarter and year-to-date periods of 2017 compared to 2016 due to volume growth, core pricing gains, and higher fuel surcharge revenue, partially offset by mix of traffic.",discussion
PART I. FINANCIAL INFORMATION,Item 2. Management's Discussion and Analysis of Financial Condition and Results of Operations,volumes increased 3% in the second quarter and 5% in the year-to-date period of 2017 compared to 2016.,discussion
PART I. FINANCIAL INFORMATION,Item 2. Management's Discussion and Analysis of Financial Condition and Results of Operations,ample u.s. grain supply and competitiveness in the global market drove strong export demand for wheat shipments.,discussion
PART I. FINANCIAL INFORMATION,Item 2. Management's Discussion and Analysis of Financial Condition and Results of Operations,"automotive  -  freight revenue from automotive shipments increased in the second quarter and year-to-date periods of 2017 compared to 2016 due to higher fuel surcharge revenue and core pricing gains, partially offset by lower volume and mix of traffic.",discussion
PART I. FINANCIAL INFORMATION,Item 2. Management's Discussion and Analysis of Financial Condition and Results of Operations,"finished vehicle shipments decreased 4%  and 6% in the second quarter and year-to-date periods respectively, resulting from reduced vehicle production for certain auto manufacturers.",discussion
PART I. FINANCIAL INFORMATION,Item 2. Management's Discussion and Analysis of Financial Condition and Results of Operations,"conversely, automotive parts shipments grew 2% and 3% in the second quarter and year to date periods, respectively, driven by growth in truck-to-rail conversions.",discussion
PART I. FINANCIAL INFORMATION,Item 2. Management's Discussion and Analysis of Financial Condition and Results of Operations,"chemicals  -  freight revenue from chemical shipments increased in the second quarter of 2017 and year-to-date periods of 2017 compared to 2016 primarily due to core pricing gains and higher fuel surcharge 24 table of contents revenue, which were partially offset by volume declines.",discussion
PART I. FINANCIAL INFORMATION,Item 2. Management's Discussion and Analysis of Financial Condition and Results of Operations,"petroleum shipments declined 25% and 30% respectively, resulting from continued declines in crude oil volumes impacted by low crude oil prices and available pipeline capacity.",discussion
PART I. FINANCIAL INFORMATION,Item 2. Management's Discussion and Analysis of Financial Condition and Results of Operations,the decrease was partially offset by growth in fertilizer and plastics in both periods compared to 2016.,discussion
PART I. FINANCIAL INFORMATION,Item 2. Management's Discussion and Analysis of Financial Condition and Results of Operations,"coal  -  volume growth, mix of traffic, and higher fuel surcharge revenue increased freight revenue from coal shipments in the second quarter and year-to-date periods of 2017 compared to 2016.",discussion
PART I. FINANCIAL INFORMATION,Item 2. Management's Discussion and Analysis of Financial Condition and Results of Operations,shipments out of the powder river basin (prb) increased 17% in both periods versus 2016 due to higher year-over-year natural gas prices and declining inventory levels at utilities.,discussion
PART I. FINANCIAL INFORMATION,Item 2. Management's Discussion and Analysis of Financial Condition and Results of Operations,"shipments out of colorado and utah increased 4% and 14% in the second quarter and year-to-date periods respectively, compared to 2016 driven by stronger export demand to asia.",discussion
PART I. FINANCIAL INFORMATION,Item 2. Management's Discussion and Analysis of Financial Condition and Results of Operations,"industrial products  -  freight revenue from industrial products shipments increased compared to the second quarter and year-to-date periods of 2016 as a result of volume growth, mix of traffic, higher fuel surcharge revenue, and core pricing gains.",discussion
PART I. FINANCIAL INFORMATION,Item 2. Management's Discussion and Analysis of Financial Condition and Results of Operations,increased shale drilling activity and proppant intensity per drilling well drove volume growth in frac sand shipments in both periods compared to 2016.,discussion
PART I. FINANCIAL INFORMATION,Item 2. Management's Discussion and Analysis of Financial Condition and Results of Operations,"conversely, rock shipments for the six-month period declined versus 2016 due to the impact of inclement weather in the west and decreased construction activity in south texas during the first quarter of 2017 that negatively impacted volumes compared to 2016.",discussion
PART I. FINANCIAL INFORMATION,Item 2. Management's Discussion and Analysis of Financial Condition and Results of Operations,"intermodal  -  freight revenue from intermodal shipments increased compared to the second quarter and six-month periods of 2016 due to higher fuel surcharge revenue and volume growth,  partially offset by mix of traffic.",discussion
PART I. FINANCIAL INFORMATION,Item 2. Management's Discussion and Analysis of Financial Condition and Results of Operations,second quarter volume levels grew 2% versus 2016 driven by 2% growth in both international and domestic shipments.,discussion
PART I. FINANCIAL INFORMATION,Item 2. Management's Discussion and Analysis of Financial Condition and Results of Operations,"year-to-date, volumes increased 1%, as domestic shipments declined in the first quarter due to available truck capacity.",discussion
PART I. FINANCIAL INFORMATION,Item 2. Management's Discussion and Analysis of Financial Condition and Results of Operations,mexico business  -  each of our commodity groups includes revenue from shipments to and from mexico.,discussion
PART I. FINANCIAL INFORMATION,Item 2. Management's Discussion and Analysis of Financial Condition and Results of Operations,revenue from mexico business increased 5% to $576 million in the second quarter of 2017 compared to 2016 primarily due core pricing gains and higher fuel surcharge revenue.,discussion
PART I. FINANCIAL INFORMATION,Item 2. Management's Discussion and Analysis of Financial Condition and Results of Operations,"overall volumes were flat as growth in shipments of coal, petroleum products, and finished vehicles were offset by declines in automotive parts, intermodal, and grain shipments.",discussion
PART I. FINANCIAL INFORMATION,Item 2. Management's Discussion and Analysis of Financial Condition and Results of Operations,"for the six-month period, freight revenue increased 5% to $1,142 million compared to 2016 driven by fuel surcharge revenue, core pricing gains, and volume growth.",discussion
PART I. FINANCIAL INFORMATION,Item 2. Management's Discussion and Analysis of Financial Condition and Results of Operations,"operating expenses                                                                                                                                                                                                                                                                                                                                                ﻿                                                                                                                                                                                                                                                                                                                                              ﻿                       three months ended                                                                                               six months ended                                                                      ﻿                       june 30,                                                                       june 30,                                               millions          2017           2016                        change                                  2017           2016                        change                       compensation and benefits                       $          1,197                        $          1,160           3                        %                                               $          2,454                        $          2,373           3                        %                       purchased services and materials                                  597                                   570           5                                                                                   1,163                                   1,139           2                                                depreciation                                  525                                   504           4                                                                                   1,045                                   1,006           4                                                fuel                                  434                                   346           25                                                                                   894                                   666           34                                                equipment and other rents                                  273                                   286           (5)                                                                                  549                                   575           (5)                                               other                                  219                                   244           (10)                                                                                  479                                   493           (3)                                               total                       $          3,245                        $          3,110           4                        %                                               $          6,584                        $          6,252           5                        % operating expenses increased  $135 million and $332 million in the second quarter and year-to-date periods, respectively, compared to 2016 due to higher fuel prices, volume-related costs, inflation, and depreciation, which were partially offset by productivity gains,  continued resource alignments, and lower casualty and other costs.",discussion
PART I. FINANCIAL INFORMATION,Item 2. Management's Discussion and Analysis of Financial Condition and Results of Operations,"compensation and benefits   -  compensation and benefits include wages, payroll taxes, health and welfare costs, pension costs, other postretirement benefits, and incentive costs.",discussion
PART I. FINANCIAL INFORMATION,Item 2. Management's Discussion and Analysis of Financial Condition and Results of Operations,"for the second quarter and year-to-date periods,  expenses increased 3% compared to 2016.",discussion
PART I. FINANCIAL INFORMATION,Item 2. Management's Discussion and Analysis of Financial Condition and Results of Operations,"wage and benefit inflation, and volume-related costs drove the increases, partially offset by resource productivity.",discussion
PART I. FINANCIAL INFORMATION,Item 2. Management's Discussion and Analysis of Financial Condition and Results of Operations,"purchased services and materials  -  expense for purchased services and materials includes the costs of services purchased from outside contractors and other service providers (including equipment maintenance and contract expenses incurred by our subsidiaries for external transportation services); materials used to 25 table of contents maintain the railroad's lines, structures, and equipment; costs of operating facilities jointly used by uprr and other railroads; transportation and lodging for train crew employees; trucking and contracting costs for intermodal containers; leased automobile maintenance expenses; and tools and supplies.",discussion
PART I. FINANCIAL INFORMATION,Item 2. Management's Discussion and Analysis of Financial Condition and Results of Operations,purchased services and materials increased 5% in the second quarter and 2% in the year-to-date period of 2017 compared to the same periods of 2016.,discussion
PART I. FINANCIAL INFORMATION,Item 2. Management's Discussion and Analysis of Financial Condition and Results of Operations,"volume-related costs, including higher subsidiary contract services drove the increases, but were partially offset by lower joint facility expenses.",discussion
PART I. FINANCIAL INFORMATION,Item 2. Management's Discussion and Analysis of Financial Condition and Results of Operations,lower locomotive repair expense partially offset the higher expenses for the six-month period compared to 2016.,discussion
PART I. FINANCIAL INFORMATION,Item 2. Management's Discussion and Analysis of Financial Condition and Results of Operations,"depreciation  -  the majority of depreciation relates to road property, including rail, ties, ballast, and other track material.",discussion
PART I. FINANCIAL INFORMATION,Item 2. Management's Discussion and Analysis of Financial Condition and Results of Operations,"a higher depreciable asset base, reflecting recent years' higher capital spending, increased depreciation expense in the second quarter and year-to-date periods of 2017 compared to 2016.",discussion
PART I. FINANCIAL INFORMATION,Item 2. Management's Discussion and Analysis of Financial Condition and Results of Operations,these increases were partially offset by our recent depreciation studies that resulted in lower depreciation rates for some asset classes.,discussion
PART I. FINANCIAL INFORMATION,Item 2. Management's Discussion and Analysis of Financial Condition and Results of Operations,fuel  -  fuel includes locomotive fuel and fuel for highway and non-highway vehicles and heavy equipment.,discussion
PART I. FINANCIAL INFORMATION,Item 2. Management's Discussion and Analysis of Financial Condition and Results of Operations,"locomotive diesel fuel prices, which averaged $1.69 per gallon (including taxes and transportation costs) in the second quarter of 2017, compared to $1.45 per gallon in the same period in 2016,  increased expenses by $59 million.",discussion
PART I. FINANCIAL INFORMATION,Item 2. Management's Discussion and Analysis of Financial Condition and Results of Operations,"in addition, fuel costs were higher as gross ton-miles increased 10% compared to the same period in 2016.",discussion
PART I. FINANCIAL INFORMATION,Item 2. Management's Discussion and Analysis of Financial Condition and Results of Operations,"the fuel consumption rate (c-rate), computed as gallons of fuel consumed divided by gross ton-miles in thousands, improved 3% compared to the second quarter of 2016.",discussion
PART I. FINANCIAL INFORMATION,Item 2. Management's Discussion and Analysis of Financial Condition and Results of Operations,"for the six-month period, higher locomotive diesel fuel prices averaged $1.72 per gallon in 2017 compared to $1.35 in 2016, increasing expenses by $186 million.",discussion
PART I. FINANCIAL INFORMATION,Item 2. Management's Discussion and Analysis of Financial Condition and Results of Operations,"equipment and other rents  -  equipment and other rents expense primarily includes rental expense that the railroad pays for freight cars owned by other railroads or private companies; freight car, intermodal, and locomotive leases; and office and other rentals.",discussion
PART I. FINANCIAL INFORMATION,Item 2. Management's Discussion and Analysis of Financial Condition and Results of Operations,"equipment and other rents expense in the second quarter and year to date periods of 2017 both decreased 5% compared to the same periods in 2016, mainly driven by lower locomotive and freight car lease expense (less equipment under lease) and mix of traffic, which reduced car rent expense compared to 2016.",discussion
PART I. FINANCIAL INFORMATION,Item 2. Management's Discussion and Analysis of Financial Condition and Results of Operations,"other  -  other expenses include state and local taxes; freight, equipment and property damage; utilities, insurance, personal injury, environmental, employee travel, telephone and cellular, computer software, bad debt and other general expenses.",discussion
PART I. FINANCIAL INFORMATION,Item 2. Management's Discussion and Analysis of Financial Condition and Results of Operations,other costs decreased 10% in the second quarter and 3% in the six-month period compared to 2016 due to lower environmental and other expenses.,discussion
PART I. FINANCIAL INFORMATION,Item 2. Management's Discussion and Analysis of Financial Condition and Results of Operations,higher state and local taxes and costs associated with destroyed equipment owned by third parties partially offset these decreases.,discussion
PART I. FINANCIAL INFORMATION,Item 2. Management's Discussion and Analysis of Financial Condition and Results of Operations,"in addition, personal injury expense decreased in the second quarter of 2017 compared to 2016 due to lower than expected costs for prior years' activity.",discussion
PART I. FINANCIAL INFORMATION,Item 2. Management's Discussion and Analysis of Financial Condition and Results of Operations,"non-operating items                                                                                                                                                                                                                                                                                                                                                ﻿                                                                                                                                                                                                                                                                                                                                              ﻿                       three months ended                                                                                               six months ended                                                                      ﻿                       june 30,                                                                       june 30,                                               millions          2017           2016                        change                                  2017           2016                        change                       other income                       $          43                        $          77           (44)                       %                                               $          110                        $          123           (11)                       %                       interest expense                                  (179)                                  (173)          3                                                                                   (351)                                  (340)          3                                                income taxes                                  (701)                                  (585)          20                                                                                   (1,317)                                  (1,172)          12 other income  -  other income decreased in the second quarter and year-to-date periods of 2017 compared to 2016 as a result of a $50 million real estate sale gain in the second quarter of 2016, partially offset by higher other rental income in both periods of 2017 compared to 2016.",discussion
PART I. FINANCIAL INFORMATION,Item 2. Management's Discussion and Analysis of Financial Condition and Results of Operations,interest expense  -  interest expense increased in the second quarter of 2017 compared to 2016 due to an increased weighted-average debt level of $15.6 billion in 2017 compared to $15.2 billion in 2016.,discussion
PART I. FINANCIAL INFORMATION,Item 2. Management's Discussion and Analysis of Financial Condition and Results of Operations,the effective interest rate was 4.6% for both periods.,discussion
PART I. FINANCIAL INFORMATION,Item 2. Management's Discussion and Analysis of Financial Condition and Results of Operations,"year-to-date, interest expense increased due to an increased weighted-average debt level of $15.4 billion in 2017 from $14.7 billion in 2016, partially offset by a lower effective interest rate of 4.6% compared to 4.7%.",discussion
PART I. FINANCIAL INFORMATION,Item 2. Management's Discussion and Analysis of Financial Condition and Results of Operations,"income taxes  -  income taxes were higher in the second quarter and year-to-date periods of 2017 compared to 2016, resulting from higher pre-tax income.",discussion
PART I. FINANCIAL INFORMATION,Item 2. Management's Discussion and Analysis of Financial Condition and Results of Operations,"our effective tax rates for the second quarter of 26 table of contents 2017 and 2016 were 37.5% and 37.4%, respectively.",discussion
PART I. FINANCIAL INFORMATION,Item 2. Management's Discussion and Analysis of Financial Condition and Results of Operations,"for the six month periods of 2017 and 2016, our effective tax rates were 37.0% and 37.4%, respectively.",discussion
PART I. FINANCIAL INFORMATION,Item 2. Management's Discussion and Analysis of Financial Condition and Results of Operations,other operating/performance and financial statistics  we report a number of key performance measures weekly to the aar.,discussion
PART I. FINANCIAL INFORMATION,Item 2. Management's Discussion and Analysis of Financial Condition and Results of Operations,we provide this data on our website at www.up.com/investor/aar-stb_reports/index.htm.,discussion
PART I. FINANCIAL INFORMATION,Item 2. Management's Discussion and Analysis of Financial Condition and Results of Operations,"operating/performance statistics  railroad performance measures are included in the table below:                                                                                                                                                                                                                                               ﻿                                                                                                                                                                                                                                              ﻿                       three months ended                                                                                               six months ended                                                                      ﻿                       june 30,                                                                       june 30,                                              ﻿          2017           2016                        change                                  2017           2016                        change                       average train speed (miles per hour)          25.4           26.6           (5)                       %                                  25.6           27.0           (5)                       %                       average terminal dwell time (hours)          28.3           27.1           4                        %                                  29.4           27.8           6                        %                       gross ton-miles (billions)          222.8           202.9           10                        %                                  441.8           408.4           8                        %                       revenue ton-miles (billions)          114.8           102.9           12                        %                                  228.9           207.5           10                        %                       operating ratio          61.8           65.2           (3.4)                       pts                                  63.4           65.1           (1.7)                       pts                       employees (average)          42,256           43,053           (2)                       %                                  42,162           43,354           (3)                       % average train speed  -  average train speed is calculated by dividing train miles by hours operated on our main lines between terminals.",discussion
PART I. FINANCIAL INFORMATION,Item 2. Management's Discussion and Analysis of Financial Condition and Results of Operations,"average train speed for the second quarter and year-to-date periods of 2017, as reported to the aar, decreased 5% compared to the same periods in 2016 resulting from some disruptions across our network that negatively impacted network fluidity.",discussion
PART I. FINANCIAL INFORMATION,Item 2. Management's Discussion and Analysis of Financial Condition and Results of Operations,average terminal dwell time  -  average terminal dwell time is the average time that a rail car spends at our terminals.,discussion
PART I. FINANCIAL INFORMATION,Item 2. Management's Discussion and Analysis of Financial Condition and Results of Operations,lower average terminal dwell time improves asset utilization and service.,discussion
PART I. FINANCIAL INFORMATION,Item 2. Management's Discussion and Analysis of Financial Condition and Results of Operations,"average terminal dwell time in the second quarter and year-to-date periods of 2017 increased 4% and 6%, respectively, compared to the same periods of 2016 resulting from some disruptions that negatively impacted network fluidity.",discussion
PART I. FINANCIAL INFORMATION,Item 2. Management's Discussion and Analysis of Financial Condition and Results of Operations,gross and revenue ton-miles  -  gross ton-miles are calculated by multiplying the weight of loaded and empty freight cars by the number of miles hauled.,discussion
PART I. FINANCIAL INFORMATION,Item 2. Management's Discussion and Analysis of Financial Condition and Results of Operations,revenue ton-miles are calculated by multiplying the weight of freight by the number of tariff miles.,discussion
PART I. FINANCIAL INFORMATION,Item 2. Management's Discussion and Analysis of Financial Condition and Results of Operations,"gross ton-miles and revenue ton-miles increased 10% and 12%, respectively, during the second quarter of 2017 compared to 2016,  resulting from a 5% increase in carloadings.",discussion
PART I. FINANCIAL INFORMATION,Item 2. Management's Discussion and Analysis of Financial Condition and Results of Operations,"changes in commodity mix drove the variances in year-over-year increases between gross ton-miles, revenue ton-miles and carloads.",discussion
PART I. FINANCIAL INFORMATION,Item 2. Management's Discussion and Analysis of Financial Condition and Results of Operations,operating ratio  -  operating ratio is our operating expenses reflected as a percentage of operating revenue.,discussion
PART I. FINANCIAL INFORMATION,Item 2. Management's Discussion and Analysis of Financial Condition and Results of Operations,"our second quarter operating ratio of 61.8% improved 3.4 points compared to the second quarter of 2016 driven by the positive impact of volume growth, core pricing gains, resource productivity, and a modest benefit from the fuel surcharge recovery lag.",discussion
PART I. FINANCIAL INFORMATION,Item 2. Management's Discussion and Analysis of Financial Condition and Results of Operations,inflation and other cost hurdles partially offset this improvement.,discussion
PART I. FINANCIAL INFORMATION,Item 2. Management's Discussion and Analysis of Financial Condition and Results of Operations,"year-to-date, our operating ratio was 63.4%, improving 1.7 points compared to 2016.",discussion
PART I. FINANCIAL INFORMATION,Item 2. Management's Discussion and Analysis of Financial Condition and Results of Operations,employees  -  employee levels decreased 2% in the second quarter and 3% in the six-month period of 2017 compared to the same periods in 2016.,discussion
PART I. FINANCIAL INFORMATION,Item 2. Management's Discussion and Analysis of Financial Condition and Results of Operations,"productivity gains, a smaller capital workforce, and fewer management and administrative personnel, more than offset the impact of higher volume levels.",discussion
PART I. FINANCIAL INFORMATION,Item 2. Management's Discussion and Analysis of Financial Condition and Results of Operations,debt to capital / adjusted debt to capital                                                                                                                        ﻿                                                                                                                      ﻿                       jun.,discussion
PART I. FINANCIAL INFORMATION,Item 2. Management's Discussion and Analysis of Financial Condition and Results of Operations,"30,                       dec.",discussion
PART I. FINANCIAL INFORMATION,Item 2. Management's Discussion and Analysis of Financial Condition and Results of Operations,"31,                       millions, except percentages          2017           2016                        debt (a)                       $          15,760                        $          15,007                        equity                                  19,615                                   19,932                        capital (b)                       $          35,375                        $          34,939                        debt to capital (a/b)                                  44.6%                                   43.0%  27 table of contents                                                                                                                       ﻿                                                                                                                      ﻿                       jun.",discussion
PART I. FINANCIAL INFORMATION,Item 2. Management's Discussion and Analysis of Financial Condition and Results of Operations,"30,                       dec.",discussion
PART I. FINANCIAL INFORMATION,Item 2. Management's Discussion and Analysis of Financial Condition and Results of Operations,"31,                       millions, except percentages          2017           2016                        debt                       $          15,760                        $          15,007                        net present value of operating leases                                  2,267                                   2,435                        unfunded pension and opeb, net of taxes of $248 and $261                                  413                                   436                        adjusted debt (a)                                  18,440                                   17,878                        equity                                  19,615                                   19,932                        adjusted capital (b)                       $          38,055                        $          37,810                        adjusted debt to capital (a/b)                                  48.5%                                   47.3% adjusted debt to capital is a non-gaap financial measure under sec regulation g and item 10 of sec regulation s-k, and may not be defined and calculated by other companies in the same manner.",discussion
PART I. FINANCIAL INFORMATION,Item 2. Management's Discussion and Analysis of Financial Condition and Results of Operations,"we believe this measure is important to management and investors in evaluating the total amount of leverage in our capital structure, including off-balance sheet lease obligations, which we generally incur in connection with financing the acquisition of locomotives and freight cars and certain facilities.",discussion
PART I. FINANCIAL INFORMATION,Item 2. Management's Discussion and Analysis of Financial Condition and Results of Operations,"operating leases were discounted using 4.6% at june 30, 2017, and 4.7% at december 31, 2016.",discussion
PART I. FINANCIAL INFORMATION,Item 2. Management's Discussion and Analysis of Financial Condition and Results of Operations,the discount rate reflects our effective interest rate.,discussion
PART I. FINANCIAL INFORMATION,Item 2. Management's Discussion and Analysis of Financial Condition and Results of Operations,we monitor the ratio of adjusted debt to capital as we manage our capital structure to balance cost-effective and efficient access to the capital markets with the corporation's overall cost of capital.,discussion
PART I. FINANCIAL INFORMATION,Item 2. Management's Discussion and Analysis of Financial Condition and Results of Operations,"adjusted debt to capital should be considered in addition to, rather than as a substitute for, debt to capital.",discussion
PART I. FINANCIAL INFORMATION,Item 2. Management's Discussion and Analysis of Financial Condition and Results of Operations,the tables above provide reconciliations from debt to capital to adjusted debt to capital.,discussion
PART I. FINANCIAL INFORMATION,Item 2. Management's Discussion and Analysis of Financial Condition and Results of Operations,"liquidity and capital resources  financial condition                                                                                                                        ﻿                                                                                                                       cash flows                                                                                                                       millions,                                                                                                                       for the six months ended june 30,          2017           2016                        cash provided by operating activities                       $          3,459                        $          3,525                        cash used in investing activities                                  (1,564)                                  (1,838)                       cash used in financing activities                                  (1,886)                                  (1,248)                       net change in cash and cash equivalents                       $          9                        $          439  operating activities  in the first six months of 2017, cash provided by operating activities decreased compared to the same period of 2016 due to the timing of tax payments in 2016 related to bonus depreciation on capital spending.",discussion
PART I. FINANCIAL INFORMATION,Item 2. Management's Discussion and Analysis of Financial Condition and Results of Operations,the decrease was mostly offset by higher income in the first six months of 2017 compared to 2016.,discussion
PART I. FINANCIAL INFORMATION,Item 2. Management's Discussion and Analysis of Financial Condition and Results of Operations,28 table of contents investing activities  a reduction in purchased short-term investments mainly drove lower cash used in investing activities in the first six months of 2017 compared to the same period in 2016.,discussion
PART I. FINANCIAL INFORMATION,Item 2. Management's Discussion and Analysis of Financial Condition and Results of Operations,capital investments were essentially flat in 2017 versus 2016.,discussion
PART I. FINANCIAL INFORMATION,Item 2. Management's Discussion and Analysis of Financial Condition and Results of Operations,"the table below details cash capital investments:                                                                                                                        ﻿                                                                                                                       millions,                                               for the six months ended june 30,          2017           2016                        rail and other track material                       $          327                        $          328                        ties                                  248                                   268                        ballast                                  117                                   124                        other [a]                                  224                                   213                        total road infrastructure replacements                                  916                                   933                        line expansion and other capacity projects                                  31                                   70                        commercial facilities                                  68                                   72                        total capacity and commercial facilities                                  99                                   142                        locomotives and freight cars [b]                                  301                                   311                        positive train control                                  177                                   161                        technology and other                                  96                                   43                        total cash capital investments                       $          1,589                        $          1,590 [a]other includes bridges and tunnels, signals, other road assets, and road work equipment. [b]locomotives and freight cars include lease buyouts of $144 million in 2017 and $27 million in 2016.",discussion
PART I. FINANCIAL INFORMATION,Item 2. Management's Discussion and Analysis of Financial Condition and Results of Operations,"capital plan  as previously stated, we expect our 2017 capital plan to be approximately $3.1 billion, which may be revised if business conditions or the regulatory environment affect our ability to generate sufficient returns on these investments.",discussion
PART I. FINANCIAL INFORMATION,Item 2. Management's Discussion and Analysis of Financial Condition and Results of Operations,financing activities  cash used in financing activities increased $638 million in the first six months of 2017 compared to the same period of 2016.,discussion
PART I. FINANCIAL INFORMATION,Item 2. Management's Discussion and Analysis of Financial Condition and Results of Operations,a $359 million increase in shares repurchased combined with a $242 million decrease in debt issued drove the increase.,discussion
PART I. FINANCIAL INFORMATION,Item 2. Management's Discussion and Analysis of Financial Condition and Results of Operations,see note 14 of the condensed consolidated financial statements for a description of all our outstanding financing arrangements and significant new borrowings.,discussion
PART I. FINANCIAL INFORMATION,Item 2. Management's Discussion and Analysis of Financial Condition and Results of Operations,free cash flow  -  free cash flow is defined as cash provided by operating activities less cash used in investing activities and dividends paid.,discussion
PART I. FINANCIAL INFORMATION,Item 2. Management's Discussion and Analysis of Financial Condition and Results of Operations,free cash flow is not considered a financial measure under gaap by sec regulation g and item 10 of sec regulation s-k and may not be defined and calculated by other companies in the same manner.,discussion
PART I. FINANCIAL INFORMATION,Item 2. Management's Discussion and Analysis of Financial Condition and Results of Operations,we believe free cash flow is important to management and investors in evaluating our financial performance and measures our ability to generate cash without additional external financing.,discussion
PART I. FINANCIAL INFORMATION,Item 2. Management's Discussion and Analysis of Financial Condition and Results of Operations,"free cash flow should be considered in addition to, rather than as a substitute for, cash provided by operating activities.",discussion
PART I. FINANCIAL INFORMATION,Item 2. Management's Discussion and Analysis of Financial Condition and Results of Operations,"the following 29 table of contents table reconciles cash provided by operating activities (gaap measure) to free cash flow (non-gaap measure):                                                                                                                        ﻿                                                                                                                       millions,                                               for the six months ended june 30,          2017           2016                        cash provided by operating activities                       $          3,459                        $          3,525                        cash used in investing activities                                  (1,564)                                  (1,838)                       dividends paid                                  (980)                                  (925)                       free cash flow                       $          915                        $          762 share repurchase program  effective january 1, 2017, our board of directors authorized the repurchase of up to 120 million shares of our common stock by december 31, 2020, replacing our previous repurchase program.",discussion
PART I. FINANCIAL INFORMATION,Item 2. Management's Discussion and Analysis of Financial Condition and Results of Operations,"as of june 30, 2017, we repurchased a total of $20.8 billion of our common stock since the commencement of our repurchase programs in 2007.",discussion
PART I. FINANCIAL INFORMATION,Item 2. Management's Discussion and Analysis of Financial Condition and Results of Operations,"the table below represents shares repurchased in the first and second quarter of 2017 under our new repurchase program, and shares repurchased in the first and second quarter of 2016 under our previous repurchase program.                                                                                                                                                                        ﻿                                                                                                                                                                      ﻿",discussion
PART I. FINANCIAL INFORMATION,Item 2. Management's Discussion and Analysis of Financial Condition and Results of Operations,"number of shares purchased                        average price paid                       ﻿          2017           2016           2017           2016                        first quarter          7,531,300           9,315,807                        $          106.55                        $          76.49                        second quarter           7,788,283           7,026,100                                   109.10                                   85.66                        total          15,319,583           16,341,907                        $          107.85                        $          80.43                        remaining number of shares that may be repurchased under current authority                                  104,680,417  management's assessments of market conditions and other pertinent factors guide the timing and volume of all repurchases.",discussion
PART I. FINANCIAL INFORMATION,Item 2. Management's Discussion and Analysis of Financial Condition and Results of Operations,"we expect to fund any share repurchases under this program through cash generated from operations, the sale or lease of various operating and non-operating properties, debt issuances, and cash on hand.",discussion
PART I. FINANCIAL INFORMATION,Item 2. Management's Discussion and Analysis of Financial Condition and Results of Operations,"repurchased shares are recorded in treasury stock at cost, which includes any applicable commissions and fees.",discussion
PART I. FINANCIAL INFORMATION,Item 2. Management's Discussion and Analysis of Financial Condition and Results of Operations,"off-balance sheet arrangements, contractual obligations, and commercial commitments  as described in the notes to the condensed consolidated financial statements and as referenced in the tables below, we have contractual obligations and commercial commitments that may affect our financial condition.",discussion
PART I. FINANCIAL INFORMATION,Item 2. Management's Discussion and Analysis of Financial Condition and Results of Operations,"however, based on our assessment of the underlying provisions and circumstances of our contractual obligations and commercial commitments, including material sources of off-balance sheet and structured finance arrangements, there is no known trend, demand, commitment, event, or uncertainty that is reasonably likely to occur that would have a material adverse effect on our consolidated results of operations, financial condition, or liquidity.",discussion
PART I. FINANCIAL INFORMATION,Item 2. Management's Discussion and Analysis of Financial Condition and Results of Operations,"in addition, our commercial obligations, financings, and commitments are customary transactions that are similar to those of other comparable corporations, particularly within the transportation industry.",discussion
PART I. FINANCIAL INFORMATION,Item 2. Management's Discussion and Analysis of Financial Condition and Results of Operations,"30 table of contents the following tables identify material obligations and commitments as of june 30, 2017:                                                                                                                                                                                                                                                                                                                                                                                                                        ﻿                                                                                                                                                                                                                                                                                                                                                                                                                      ﻿                                                                       jul.",discussion
PART I. FINANCIAL INFORMATION,Item 2. Management's Discussion and Analysis of Financial Condition and Results of Operations,"1                       payments due by dec. 31,                      ﻿                                                                       through                                                                                                                                                                                                                                                                                                                       contractual obligations                                                                       dec.",discussion
PART I. FINANCIAL INFORMATION,Item 2. Management's Discussion and Analysis of Financial Condition and Results of Operations,"31,                                                                                                                                                                                                                                               after                                                                       millions                        total          2017           2018           2019           2020           2021           2021                        other                       debt [a]                       $          26,697                        $          668                        $          1,033                        $          1,275                        $          1,434                        $          1,059                        $          21,228                        $                         -                       operating leases [b]                                  2,806                                   182                                   394                                   356                                   292                                   256                                   1,326                                                  -                       capital lease obligations [c]                                  1,106                                   56                                   170                                   156                                   165                                   142                                   417                                                  -                       purchase obligations [d]                                  3,623                                   1,371                                   1,180                                   378                                   311                                   245                                   106                                   32                        other postretirement benefits [e]          442                                   24                                   47                                   47                                   47                                   47                                   230                                                  -                       income tax contingencies [f]                                  122                                                  -                                                 -                                                 -                                                 -                                                 -                                                 -                                  122                        total contractual obligations                       $          34,796                        $          2,301                        $          2,824                        $          2,212                        $          2,249                        $          1,749                        $          23,307                        $          154 [a]excludes capital lease obligations of $904 million, as well as unamortized discount and deferred issuance costs of ($897) million.",discussion
PART I. FINANCIAL INFORMATION,Item 2. Management's Discussion and Analysis of Financial Condition and Results of Operations,"includes an interest component of $10,944 million. [b] includes leases for locomotives, freight cars, other equipment, and real estate. [c]represents total obligations, including interest component of $202 million. [d]purchase obligations include locomotive maintenance contracts; purchase commitments for fuel purchases, locomotives, ties, ballast, and rail; and agreements to purchase other goods and services.",discussion
PART I. FINANCIAL INFORMATION,Item 2. Management's Discussion and Analysis of Financial Condition and Results of Operations,"for amounts where we cannot reasonably estimate the year of settlement, they are included in the other column. [e]includes estimated other postretirement, medical, and life insurance payments and payments made under the unfunded pension plan for the next ten years. [f]future cash flows for income tax contingencies reflect the recorded liabilities and assets for unrecognized tax benefits, including any interest or penalties, as of june 30, 2017.",discussion
PART I. FINANCIAL INFORMATION,Item 2. Management's Discussion and Analysis of Financial Condition and Results of Operations,"for amounts where the year of settlement is uncertain, they are included in the other column.                                                                                                                                                                                                                                                                                                                                                                        ﻿                                                                                                                                                                                                                                                                                                                                                                      ﻿",discussion
PART I. FINANCIAL INFORMATION,Item 2. Management's Discussion and Analysis of Financial Condition and Results of Operations,jul.,discussion
PART I. FINANCIAL INFORMATION,Item 2. Management's Discussion and Analysis of Financial Condition and Results of Operations,"1                       amount of commitment expiration by dec. 31,                      ﻿                                                                       through                                                                                                                                                                                                                                                                       other commercial commitments                                               dec.",discussion
PART I. FINANCIAL INFORMATION,Item 2. Management's Discussion and Analysis of Financial Condition and Results of Operations,"31,                                                                                                                                                                                                                                               after                       millions                        total          2017           2018           2019           2020           2021           2021                        credit facilities [a]                       $          1,700                        $                         -                       $                         -                       $          1,700                        $                         -                       $                         -                       $                         -                       receivables securitization facility [b]          650                                                  -                                                 -                                  650                                                  -                                                 -                                                 -                       guarantees [c]                                  43                                   10                                   11                                   7                                   5                                   5                                   5                        standby letters of credit [d]                                  20                                   7                                   13                                                  -                                                 -                                                 -                                                 -                       total commercial commitments                       $          2,413                        $          17                        $          24                        $          2,357                        $          5                        $          5                        $          5 [a] none of the credit facility was used as of june 30, 2017. [b] $200 million of the receivables securitization facility was utilized as of june 30, 2017, which is accounted for as debt.",discussion
PART I. FINANCIAL INFORMATION,Item 2. Management's Discussion and Analysis of Financial Condition and Results of Operations,"the full program matures in july 2019. [c]includes guaranteed obligations related to our affiliated operations. [d]none of the letters of credit were drawn upon as of june 30, 2017.",discussion
PART I. FINANCIAL INFORMATION,Item 2. Management's Discussion and Analysis of Financial Condition and Results of Operations,other matters  asserted and unasserted claims  -  various claims and lawsuits are pending against us and certain of our subsidiaries.,discussion
PART I. FINANCIAL INFORMATION,Item 2. Management's Discussion and Analysis of Financial Condition and Results of Operations,"we cannot fully determine the effect of all asserted and unasserted claims on our consolidated results of operations, financial condition, or liquidity.",discussion
PART I. FINANCIAL INFORMATION,Item 2. Management's Discussion and Analysis of Financial Condition and Results of Operations,"to the extent possible, we have recorded a liability where asserted and unasserted claims are considered probable and where such claims can be reasonably estimated.",discussion
PART I. FINANCIAL INFORMATION,Item 2. Management's Discussion and Analysis of Financial Condition and Results of Operations,"we do not expect that any known lawsuits, claims, environmental costs, commitments, contingent liabilities, or guarantees will have a material adverse effect on our consolidated results of operations, financial condition, or liquidity after taking into account liabilities and insurance recoveries previously recorded for these matters.",discussion
PART I. FINANCIAL INFORMATION,Item 2. Management's Discussion and Analysis of Financial Condition and Results of Operations,"indemnities  -  we are contingently obligated under a variety of indemnification arrangements, although in some cases the extent of our potential liability is limited, depending on the nature of the transactions and the agreements.",discussion
PART I. FINANCIAL INFORMATION,Item 2. Management's Discussion and Analysis of Financial Condition and Results of Operations,"due to uncertainty as to whether claims will be made or how they will be resolved, we cannot reasonably determine the probability of an adverse claim or reasonably estimate any adverse liability 31 table of contents or the total maximum exposure under these indemnification arrangements.",discussion
PART I. FINANCIAL INFORMATION,Item 2. Management's Discussion and Analysis of Financial Condition and Results of Operations,we do not have any reason to believe that we will be required to make any material payments under these indemnity provisions.,discussion
PART I. FINANCIAL INFORMATION,Item 2. Management's Discussion and Analysis of Financial Condition and Results of Operations,accounting pronouncements  -  see note 2 to the condensed consolidated financial statements.,discussion
PART I. FINANCIAL INFORMATION,Item 2. Management's Discussion and Analysis of Financial Condition and Results of Operations,"cautionary information  certain statements in this report, and statements in other reports or information filed or to be filed with the sec (as well as information included in oral statements or other written statements made or to be made by us), are, or will be, forward-looking statements as defined by the securities act of 1933 and the exchange act.",discussion
PART I. FINANCIAL INFORMATION,Item 2. Management's Discussion and Analysis of Financial Condition and Results of Operations,"these forward-looking statements and information include, without limitation, the statements and information set forth under the caption ""liquidity and capital resources"" in item 2 regarding our capital plan and statements under the caption ""off-balance sheet arrangements, contractual obligations, and commercial commitments.""",discussion
PART I. FINANCIAL INFORMATION,Item 2. Management's Discussion and Analysis of Financial Condition and Results of Operations,"forward-looking statements and information also include any other statements or information in this report regarding: expectations as to operational or service improvements; expectations regarding the effectiveness of steps taken or to be taken to improve operations, service, infrastructure improvements, and transportation plan modifications; expectations as to cost savings, revenue growth, and earnings; the time by which goals, targets, or objectives will be achieved; projections, predictions, expectations, estimates, or forecasts as to our business, financial and operational results, future economic performance, and general economic conditions; proposed new products and services; estimates of costs relating to environmental remediation and restoration; estimates and expectations regarding tax matters, expectations that claims, litigation, environmental costs, commitments, contingent liabilities, labor negotiations or agreements, or other matters will not have a material adverse effect on our consolidated results of operations, financial condition, or liquidity and any other similar expressions concerning matters that are not historical facts.",discussion
PART I. FINANCIAL INFORMATION,Item 2. Management's Discussion and Analysis of Financial Condition and Results of Operations,"forward-looking statements and information reflect the good faith consideration by management of currently available information, and may be based on underlying assumptions believed to be reasonable under the circumstances.",discussion
PART I. FINANCIAL INFORMATION,Item 2. Management's Discussion and Analysis of Financial Condition and Results of Operations,"however, such information and assumptions (and, therefore, such forward-looking statements and information) are or may be subject to variables or unknown or unforeseeable events or circumstances over which management has little or no influence or control.",discussion
PART I. FINANCIAL INFORMATION,Item 2. Management's Discussion and Analysis of Financial Condition and Results of Operations,"the risk factors in item 1a of our 2016 annual report on form 10-k, filed february 3, 2017, could affect our future results and could cause those results or other outcomes to differ materially from those expressed or implied in the forward-looking statements, and this report, including this item 2, should be read in conjunction with these risk factors.",discussion
PART I. FINANCIAL INFORMATION,Item 2. Management's Discussion and Analysis of Financial Condition and Results of Operations,"to the extent circumstances require or we deem it otherwise necessary, we will update or amend these risk factors in a form 10-q or form 8-k.",discussion
PART I. FINANCIAL INFORMATION,Item 2. Management's Discussion and Analysis of Financial Condition and Results of Operations,"information regarding new risk factors or material changes to our risk factors, if any, is set forth in item 1a of part ii of this report.",discussion
PART I. FINANCIAL INFORMATION,Item 2. Management's Discussion and Analysis of Financial Condition and Results of Operations,"forward-looking statements should not be read as a guarantee of future performance or results, and will not necessarily be accurate indications of the times that, or by which, such performance or results will be achieved.",discussion
PART I. FINANCIAL INFORMATION,Item 2. Management's Discussion and Analysis of Financial Condition and Results of Operations,forward-looking information is subject to risks and uncertainties that could cause actual performance or results to differ materially from those expressed in the statements.,discussion
PART I. FINANCIAL INFORMATION,Item 2. Management's Discussion and Analysis of Financial Condition and Results of Operations,forward-looking statements speak only as of the date the statement was made.,discussion
PART I. FINANCIAL INFORMATION,Item 2. Management's Discussion and Analysis of Financial Condition and Results of Operations,"we assume no obligation to update forward-looking information to reflect actual results, changes in assumptions or changes in other factors affecting forward-looking information.",discussion
PART I. FINANCIAL INFORMATION,Item 2. Management's Discussion and Analysis of Financial Condition and Results of Operations,"if we do update one or more forward-looking statements, no inference should be drawn that we will make additional updates with respect thereto or with respect to other forward-looking statements.",discussion
