seq,description,document,href,type,size
1,10-Q,unp-20160630x10q.htm,https://www.sec.gov/Archives/edgar/data/100885/000010088516000400/unp-20160630x10q.htm,10-Q,1895415
2,EX-12.(A),unp-20160630xex12_a.htm,https://www.sec.gov/Archives/edgar/data/100885/000010088516000400/unp-20160630xex12_a.htm,EX-12.(A),28016
3,EX-12.(B),unp-20160630xex12_b.htm,https://www.sec.gov/Archives/edgar/data/100885/000010088516000400/unp-20160630xex12_b.htm,EX-12.(B),28022
4,EX-31.(A),unp-20160630xex31_a.htm,https://www.sec.gov/Archives/edgar/data/100885/000010088516000400/unp-20160630xex31_a.htm,EX-31.(A),18354
5,EX-31.(B),unp-20160630xex31_b.htm,https://www.sec.gov/Archives/edgar/data/100885/000010088516000400/unp-20160630xex31_b.htm,EX-31.(B),18164
6,EX-32,unp-20160630xex32.htm,https://www.sec.gov/Archives/edgar/data/100885/000010088516000400/unp-20160630xex32.htm,EX-32,14712
NA,Complete submission text file,0000100885-16-000400.txt,https://www.sec.gov/Archives/edgar/data/100885/000010088516000400/0000100885-16-000400.txt, ,7295901
7,EX-101.INS,unp-20160630.xml,https://www.sec.gov/Archives/edgar/data/100885/000010088516000400/unp-20160630.xml,EX-101.INS,1706827
8,EX-101.SCH,unp-20160630.xsd,https://www.sec.gov/Archives/edgar/data/100885/000010088516000400/unp-20160630.xsd,EX-101.SCH,46948
9,EX-101.CAL,unp-20160630_cal.xml,https://www.sec.gov/Archives/edgar/data/100885/000010088516000400/unp-20160630_cal.xml,EX-101.CAL,50642
10,EX-101.DEF,unp-20160630_def.xml,https://www.sec.gov/Archives/edgar/data/100885/000010088516000400/unp-20160630_def.xml,EX-101.DEF,143600
11,EX-101.LAB,unp-20160630_lab.xml,https://www.sec.gov/Archives/edgar/data/100885/000010088516000400/unp-20160630_lab.xml,EX-101.LAB,371990
12,EX-101.PRE,unp-20160630_pre.xml,https://www.sec.gov/Archives/edgar/data/100885/000010088516000400/unp-20160630_pre.xml,EX-101.PRE,311968
