seq,description,document,href,type,size
1,10-K,fb-12312015x10k.htm,https://www.sec.gov/Archives/edgar/data/1326801/000132680116000043/fb-12312015x10k.htm,10-K,2390471
2,EXHIBIT 10.5,fb-12312015x10kexhibit105.htm,https://www.sec.gov/Archives/edgar/data/1326801/000132680116000043/fb-12312015x10kexhibit105.htm,EX-10.5,21328
3,EXHIBIT 21.1,fb-12312015x10kexhibit211.htm,https://www.sec.gov/Archives/edgar/data/1326801/000132680116000043/fb-12312015x10kexhibit211.htm,EX-21.1,2904
4,EXHIBIT 23.1,fb-12312015x10kexhibit231.htm,https://www.sec.gov/Archives/edgar/data/1326801/000132680116000043/fb-12312015x10kexhibit231.htm,EX-23.1,5512
5,EXHIBIT 31.1,fb-12312015x10kexhibit311.htm,https://www.sec.gov/Archives/edgar/data/1326801/000132680116000043/fb-12312015x10kexhibit311.htm,EX-31.1,12730
6,EXHIBIT 31.2,fb-12312015x10kexhibit312.htm,https://www.sec.gov/Archives/edgar/data/1326801/000132680116000043/fb-12312015x10kexhibit312.htm,EX-31.2,12829
7,EXHIBIT 32.1,fb-12312015x10kexhibit321.htm,https://www.sec.gov/Archives/edgar/data/1326801/000132680116000043/fb-12312015x10kexhibit321.htm,EX-32.1,9320
8,EXHIBIT 32.2,fb-12312015x10kexhibit322.htm,https://www.sec.gov/Archives/edgar/data/1326801/000132680116000043/fb-12312015x10kexhibit322.htm,EX-32.2,9252
15,,dailyactiveusers123115.jpg,https://www.sec.gov/Archives/edgar/data/1326801/000132680116000043/dailyactiveusers123115.jpg,GRAPHIC,177301
16,,mobiledailyactiveusers123115.jpg,https://www.sec.gov/Archives/edgar/data/1326801/000132680116000043/mobiledailyactiveusers123115.jpg,GRAPHIC,33159
17,,mobilemonthlyactiveusers1231.jpg,https://www.sec.gov/Archives/edgar/data/1326801/000132680116000043/mobilemonthlyactiveusers1231.jpg,GRAPHIC,31770
18,,monthlyactiveusers123115.jpg,https://www.sec.gov/Archives/edgar/data/1326801/000132680116000043/monthlyactiveusers123115.jpg,GRAPHIC,154494
19,,revenuearpu123115a02.jpg,https://www.sec.gov/Archives/edgar/data/1326801/000132680116000043/revenuearpu123115a02.jpg,GRAPHIC,169880
20,,stockperformancegraph123115.jpg,https://www.sec.gov/Archives/edgar/data/1326801/000132680116000043/stockperformancegraph123115.jpg,GRAPHIC,63066
21,,usermetricsfbimage123115.jpg,https://www.sec.gov/Archives/edgar/data/1326801/000132680116000043/usermetricsfbimage123115.jpg,GRAPHIC,13431
NA,Complete submission text file,0001326801-16-000043.txt,https://www.sec.gov/Archives/edgar/data/1326801/000132680116000043/0001326801-16-000043.txt, ,11222403
9,XBRL INSTANCE DOCUMENT,fb-20151231.xml,https://www.sec.gov/Archives/edgar/data/1326801/000132680116000043/fb-20151231.xml,EX-101.INS,2267461
10,XBRL TAXONOMY EXTENSION SCHEMA DOCUMENT,fb-20151231.xsd,https://www.sec.gov/Archives/edgar/data/1326801/000132680116000043/fb-20151231.xsd,EX-101.SCH,59470
11,XBRL TAXONOMY EXTENSION CALCULATION LINKBASE DOCUMENT,fb-20151231_cal.xml,https://www.sec.gov/Archives/edgar/data/1326801/000132680116000043/fb-20151231_cal.xml,EX-101.CAL,120786
12,XBRL TAXONOMY EXTENSION DEFINITION LINKBASE DOCUMENT,fb-20151231_def.xml,https://www.sec.gov/Archives/edgar/data/1326801/000132680116000043/fb-20151231_def.xml,EX-101.DEF,345663
13,XBRL TAXONOMY EXTENSION LABEL LINKBASE DOCUMENT,fb-20151231_lab.xml,https://www.sec.gov/Archives/edgar/data/1326801/000132680116000043/fb-20151231_lab.xml,EX-101.LAB,885542
14,XBRL TAXONOMY EXTENSION PRESENTATION LINKBASE DOCUMENT,fb-20151231_pre.xml,https://www.sec.gov/Archives/edgar/data/1326801/000132680116000043/fb-20151231_pre.xml,EX-101.PRE,509152
