seq,description,document,href,type,size
1,FY1920 Q1 JAS 10-Q,fy1920q1jas10-qreport.htm,https://www.sec.gov/Archives/edgar/data/80424/000008042419000086/fy1920q1jas10-qreport.htm,10-Q,1404758
2,SUMMARY OF THE COMPANY'S SHORT TERM ACHIEVEMENT REWARD PROGRAM,fy1920q1jas10-qexhibit101.htm,https://www.sec.gov/Archives/edgar/data/80424/000008042419000086/fy1920q1jas10-qexhibit101.htm,EX-10.1,28533
3,EXHIBIT 10.2,fy1920q1jas10-qexhibit102.htm,https://www.sec.gov/Archives/edgar/data/80424/000008042419000086/fy1920q1jas10-qexhibit102.htm,EX-10.2,32922
4,EXHIBIT 31.1,fy1920q1jas10-qexhibit311.htm,https://www.sec.gov/Archives/edgar/data/80424/000008042419000086/fy1920q1jas10-qexhibit311.htm,EX-31.1,12682
5,EXHIBIT 31.2,fy1920q1jas10-qexhibit312.htm,https://www.sec.gov/Archives/edgar/data/80424/000008042419000086/fy1920q1jas10-qexhibit312.htm,EX-31.2,12756
6,EXHIBIT 32.1,fy1920q1jas10-qexhibit321.htm,https://www.sec.gov/Archives/edgar/data/80424/000008042419000086/fy1920q1jas10-qexhibit321.htm,EX-32.1,5927
7,EXHIBIT 32.2,fy1920q1jas10-qexhibit322.htm,https://www.sec.gov/Archives/edgar/data/80424/000008042419000086/fy1920q1jas10-qexhibit322.htm,EX-32.2,5871
13,,pglogoa18.jpg,https://www.sec.gov/Archives/edgar/data/80424/000008042419000086/pglogoa18.jpg,GRAPHIC,6542
NA,Complete submission text file,0000080424-19-000086.txt,https://www.sec.gov/Archives/edgar/data/80424/000008042419000086/0000080424-19-000086.txt, ,6756687
8,XBRL TAXONOMY EXTENSION SCHEMA DOCUMENT,pg-20190930.xsd,https://www.sec.gov/Archives/edgar/data/80424/000008042419000086/pg-20190930.xsd,EX-101.SCH,46512
9,XBRL TAXONOMY EXTENSION CALCULATION LINKBASE DOCUMENT,pg-20190930_cal.xml,https://www.sec.gov/Archives/edgar/data/80424/000008042419000086/pg-20190930_cal.xml,EX-101.CAL,70945
10,XBRL TAXONOMY EXTENSION DEFINITION LINKBASE DOCUMENT,pg-20190930_def.xml,https://www.sec.gov/Archives/edgar/data/80424/000008042419000086/pg-20190930_def.xml,EX-101.DEF,318631
11,XBRL TAXONOMY EXTENSION LABEL LINKBASE DOCUMENT,pg-20190930_lab.xml,https://www.sec.gov/Archives/edgar/data/80424/000008042419000086/pg-20190930_lab.xml,EX-101.LAB,601660
12,XBRL TAXONOMY EXTENSION PRESENTATION LINKBASE DOCUMENT,pg-20190930_pre.xml,https://www.sec.gov/Archives/edgar/data/80424/000008042419000086/pg-20190930_pre.xml,EX-101.PRE,402053
73,EXTRACTED XBRL INSTANCE DOCUMENT,fy1920q1jas10-qreport_htm.xml,https://www.sec.gov/Archives/edgar/data/80424/000008042419000086/fy1920q1jas10-qreport_htm.xml,XML,1091143
