seq,description,document,href,type,size
1,10-Q,a10-qq320196292019.htm,https://www.sec.gov/Archives/edgar/data/320193/000032019319000076/a10-qq320196292019.htm,10-Q,2266054
2,EXHIBIT 31.1,a10-qexhibit3116292019.htm,https://www.sec.gov/Archives/edgar/data/320193/000032019319000076/a10-qexhibit3116292019.htm,EX-31.1,15697
3,EXHIBIT 31.2,a10-qexhibit3126292019.htm,https://www.sec.gov/Archives/edgar/data/320193/000032019319000076/a10-qexhibit3126292019.htm,EX-31.2,15788
4,EXHIBIT 32.1,a10-qexhibit3216292019.htm,https://www.sec.gov/Archives/edgar/data/320193/000032019319000076/a10-qexhibit3216292019.htm,EX-32.1,15250
10,,g66145g66i37.jpg,https://www.sec.gov/Archives/edgar/data/320193/000032019319000076/g66145g66i37.jpg,GRAPHIC,10963
NA,Complete submission text file,0000320193-19-000076.txt,https://www.sec.gov/Archives/edgar/data/320193/000032019319000076/0000320193-19-000076.txt, ,10526242
5,XBRL TAXONOMY EXTENSION SCHEMA DOCUMENT,aapl-20190629.xsd,https://www.sec.gov/Archives/edgar/data/320193/000032019319000076/aapl-20190629.xsd,EX-101.SCH,49225
6,XBRL TAXONOMY EXTENSION CALCULATION LINKBASE DOCUMENT,aapl-20190629_cal.xml,https://www.sec.gov/Archives/edgar/data/320193/000032019319000076/aapl-20190629_cal.xml,EX-101.CAL,88264
7,XBRL TAXONOMY EXTENSION DEFINITION LINKBASE DOCUMENT,aapl-20190629_def.xml,https://www.sec.gov/Archives/edgar/data/320193/000032019319000076/aapl-20190629_def.xml,EX-101.DEF,272353
8,XBRL TAXONOMY EXTENSION LABEL LINKBASE DOCUMENT,aapl-20190629_lab.xml,https://www.sec.gov/Archives/edgar/data/320193/000032019319000076/aapl-20190629_lab.xml,EX-101.LAB,727840
9,XBRL TAXONOMY EXTENSION PRESENTATION LINKBASE DOCUMENT,aapl-20190629_pre.xml,https://www.sec.gov/Archives/edgar/data/320193/000032019319000076/aapl-20190629_pre.xml,EX-101.PRE,419695
11,EXTRACTED XBRL INSTANCE DOCUMENT,a10-qq320196292019_htm.xml,https://www.sec.gov/Archives/edgar/data/320193/000032019319000076/a10-qq320196292019_htm.xml,XML,2536322
