part.name,item.name,sentence_text,section
PART I   -   FINANCIAL INFORMATION,Item 2. Management's Discussion and Analysis of Financial Condition and Results of Operations,item 2.,discussion
PART I   -   FINANCIAL INFORMATION,Item 2. Management's Discussion and Analysis of Financial Condition and Results of Operations,"management's discussion and analysis of financial condition and results of operations this section and other parts of this quarterly report on form 10-q (""form 10-q"") contain forward-looking statements, within the meaning of the private securities litigation reform act of 1995, that involve risks and uncertainties.",discussion
PART I   -   FINANCIAL INFORMATION,Item 2. Management's Discussion and Analysis of Financial Condition and Results of Operations,forward-looking statements provide current expectations of future events based on certain assumptions and include any statement that does not directly relate to any historical or current fact.,discussion
PART I   -   FINANCIAL INFORMATION,Item 2. Management's Discussion and Analysis of Financial Condition and Results of Operations,"forward-looking statements can also be identified by words such as ""future,""  ""anticipates,""  ""believes,""  ""estimates,""  ""expects,""  ""intends,""  ""plans,""  ""predicts,""  ""will,""  ""would,""  ""could,""  ""can,""  ""may,""  and similar terms.",discussion
PART I   -   FINANCIAL INFORMATION,Item 2. Management's Discussion and Analysis of Financial Condition and Results of Operations,forward-looking statements are not guarantees of future performance and the company's actual results may differ significantly from the results discussed in the forward-looking statements.,discussion
PART I   -   FINANCIAL INFORMATION,Item 2. Management's Discussion and Analysis of Financial Condition and Results of Operations,"factors that might cause such differences include, but are not limited to, those discussed in part ii, item 1a of this form 10-q under the heading ""risk factors,""  which are incorporated herein by reference.",discussion
PART I   -   FINANCIAL INFORMATION,Item 2. Management's Discussion and Analysis of Financial Condition and Results of Operations,"the following discussion should be read in conjunction with the company's annual report on form 10-k for the year ended september 29, 2018 (the ""2018 form 10-k"") filed with the u.s.",discussion
PART I   -   FINANCIAL INFORMATION,Item 2. Management's Discussion and Analysis of Financial Condition and Results of Operations,"securities and exchange commission (the ""sec"") and the condensed consolidated financial statements and notes thereto included in part i, item 1 of this form 10-q.",discussion
PART I   -   FINANCIAL INFORMATION,Item 2. Management's Discussion and Analysis of Financial Condition and Results of Operations,all information presented herein is based on the company's fiscal calendar.,discussion
PART I   -   FINANCIAL INFORMATION,Item 2. Management's Discussion and Analysis of Financial Condition and Results of Operations,"unless otherwise stated, references to particular years, quarters, months or periods refer to the company's fiscal years ended in september and the associated quarters, months and periods of those fiscal years.",discussion
PART I   -   FINANCIAL INFORMATION,Item 2. Management's Discussion and Analysis of Financial Condition and Results of Operations,"each of the terms the ""company"" and ""apple"" as used herein refers collectively to apple inc. and its wholly owned subsidiaries, unless otherwise stated.",discussion
PART I   -   FINANCIAL INFORMATION,Item 2. Management's Discussion and Analysis of Financial Condition and Results of Operations,"the company assumes no obligation to revise or update any forward-looking statements for any reason, except as required by law.",discussion
PART I   -   FINANCIAL INFORMATION,Item 2. Management's Discussion and Analysis of Financial Condition and Results of Operations,"available information the company's annual reports on form 10-k, quarterly reports on form 10-q, current reports on form 8-k, and amendments to reports filed pursuant to sections 13(a) and 15(d) of the securities exchange act of 1934, as amended (the ""exchange act""), are filed with the sec.",discussion
PART I   -   FINANCIAL INFORMATION,Item 2. Management's Discussion and Analysis of Financial Condition and Results of Operations,"the company is subject to the informational requirements of the exchange act and files or furnishes reports, proxy statements and other information with the sec.",discussion
PART I   -   FINANCIAL INFORMATION,Item 2. Management's Discussion and Analysis of Financial Condition and Results of Operations,such reports and other information filed by the company with the sec are available free of charge at investor.apple.com/investor-relations/sec-filings/default.aspx when such reports are available on the sec's website.,discussion
PART I   -   FINANCIAL INFORMATION,Item 2. Management's Discussion and Analysis of Financial Condition and Results of Operations,"the sec maintains an internet site that contains reports, proxy and information statements, and other information regarding issuers that file electronically with the sec at www.sec.gov.",discussion
PART I   -   FINANCIAL INFORMATION,Item 2. Management's Discussion and Analysis of Financial Condition and Results of Operations,"the company periodically provides other information for investors on its corporate website, www.apple.com, and its investor relations website, investor.apple.com.",discussion
PART I   -   FINANCIAL INFORMATION,Item 2. Management's Discussion and Analysis of Financial Condition and Results of Operations,"this includes press releases and other information about financial performance, information on corporate governance and details related to the company's annual meeting of shareholders.",discussion
PART I   -   FINANCIAL INFORMATION,Item 2. Management's Discussion and Analysis of Financial Condition and Results of Operations,the information contained on the websites referenced in this form 10-q is not incorporated by reference into this filing.,discussion
PART I   -   FINANCIAL INFORMATION,Item 2. Management's Discussion and Analysis of Financial Condition and Results of Operations,"further, the company's references to website urls are intended to be inactive textual references only.",discussion
PART I   -   FINANCIAL INFORMATION,Item 2. Management's Discussion and Analysis of Financial Condition and Results of Operations,quarterly highlights business seasonality and product introductions the company has historically experienced higher net sales in its first quarter compared to other quarters in its fiscal year due in part to seasonal holiday demand.,discussion
PART I   -   FINANCIAL INFORMATION,Item 2. Management's Discussion and Analysis of Financial Condition and Results of Operations,"additionally, new product and service introductions can significantly impact net sales, cost of sales and operating expenses.",discussion
PART I   -   FINANCIAL INFORMATION,Item 2. Management's Discussion and Analysis of Financial Condition and Results of Operations,"the timing of product introductions can also impact the company's net sales to its indirect distribution channels as these channels are filled with new inventory following a product launch, and channel inventory of an older product often declines as the launch of a newer product approaches.",discussion
PART I   -   FINANCIAL INFORMATION,Item 2. Management's Discussion and Analysis of Financial Condition and Results of Operations,net sales can also be affected when consumers and distributors anticipate a product introduction.,discussion
PART I   -   FINANCIAL INFORMATION,Item 2. Management's Discussion and Analysis of Financial Condition and Results of Operations,"however, neither historical seasonal patterns nor historical patterns of product or service introductions should be considered reliable indicators of the company's future pattern of product or service introductions, future net sales or financial performance.",discussion
PART I   -   FINANCIAL INFORMATION,Item 2. Management's Discussion and Analysis of Financial Condition and Results of Operations,"third quarter fiscal 2019 highlights total net sales increased 1% or $544 million during the third quarter of 2019 compared to the same quarter in 2018, primarily driven by higher wearables, home and accessories and services net sales, partially offset by lower iphone net sales.",discussion
PART I   -   FINANCIAL INFORMATION,Item 2. Management's Discussion and Analysis of Financial Condition and Results of Operations,the weakness in foreign currencies relative to the u.s. dollar had an unfavorable impact on net sales during the third quarter of 2019.,discussion
PART I   -   FINANCIAL INFORMATION,Item 2. Management's Discussion and Analysis of Financial Condition and Results of Operations,"the company announced ios 13, macos® catalina, watchos® 6 and tvos® 13, updates to its existing operating systems, and introduced ipados™, a new operating system designed for ipad, all of which are expected to be available in the fall of 2019.",discussion
PART I   -   FINANCIAL INFORMATION,Item 2. Management's Discussion and Analysis of Financial Condition and Results of Operations,"the company also introduced an updated mac pro® and an all-new pro display xdr, both of which are expected to be available in the fall of 2019.",discussion
PART I   -   FINANCIAL INFORMATION,Item 2. Management's Discussion and Analysis of Financial Condition and Results of Operations,the company repurchased $17.0 billion of its common stock and paid dividends and dividend equivalents of $3.6 billion during the third quarter of 2019.,discussion
PART I   -   FINANCIAL INFORMATION,Item 2. Management's Discussion and Analysis of Financial Condition and Results of Operations,apple inc.,discussion
PART I   -   FINANCIAL INFORMATION,Item 2. Management's Discussion and Analysis of Financial Condition and Results of Operations,"| q3 2019 form 10-q | 25 products and services performance beginning in the first quarter of 2019, the company classified the amortization of the deferred value of maps, siri and free icloud services, which are bundled in the sales price of iphone, mac, ipad and certain other products, in services net sales.",discussion
PART I   -   FINANCIAL INFORMATION,Item 2. Management's Discussion and Analysis of Financial Condition and Results of Operations,"historically, the company classified the amortization of these amounts in products net sales consistent with its management reporting framework.",discussion
PART I   -   FINANCIAL INFORMATION,Item 2. Management's Discussion and Analysis of Financial Condition and Results of Operations,"as a result, products and services net sales information for the third quarter and first nine months of 2018 was reclassified to conform to the 2019 presentation.",discussion
PART I   -   FINANCIAL INFORMATION,Item 2. Management's Discussion and Analysis of Financial Condition and Results of Operations,"the following table shows net sales by category for the three- and nine-month periods ended june 29, 2019 and june 30, 2018 (dollars in millions): three months ended   nine months ended   june 29,  2019   june 30,  2018   change   june 29,  2019   june 30,  2018   change net sales by category:                       iphone (1) $ 25,986     $ 29,470     (12 )%   $ 109,019     $ 128,133     (15 )% mac (1) 5,820     5,258     11  %   18,749     17,858     5  % ipad (1) 5,023     4,634     8  %   16,624     14,397     15  % wearables, home and accessories (1)(2) 5,525     3,733     48  %   17,962     13,158     37  % services (3) 11,455     10,170     13  %   33,780     29,149     16  % total net sales $ 53,809     $ 53,265     1  %   $ 196,134     $ 202,695     (3 )% (1) products net sales include amortization of the deferred value of unspecified software upgrade rights, which are bundled in the sales price of the respective product.",discussion
PART I   -   FINANCIAL INFORMATION,Item 2. Management's Discussion and Analysis of Financial Condition and Results of Operations,"(2) wearables, home and accessories net sales include sales of airpods, apple tv, apple watch, beats products, homepod, ipod touch and apple-branded and third-party accessories.",discussion
PART I   -   FINANCIAL INFORMATION,Item 2. Management's Discussion and Analysis of Financial Condition and Results of Operations,"(3) services net sales include sales from the company's digital content stores and streaming services, applecare, apple pay, licensing and other services.",discussion
PART I   -   FINANCIAL INFORMATION,Item 2. Management's Discussion and Analysis of Financial Condition and Results of Operations,"services net sales also include amortization of the deferred value of maps, siri and free icloud services, which are bundled in the sales price of certain products. iphone iphone net sales decreased during the third quarter and first nine months of 2019 compared to the same periods in 2018 due primarily to lower iphone unit sales.",discussion
PART I   -   FINANCIAL INFORMATION,Item 2. Management's Discussion and Analysis of Financial Condition and Results of Operations,mac mac net sales increased during the third quarter of 2019 compared to the same quarter in 2018 due primarily to higher net sales of macbook air®.,discussion
PART I   -   FINANCIAL INFORMATION,Item 2. Management's Discussion and Analysis of Financial Condition and Results of Operations,"year-over-year mac net sales increased during the first nine months of 2019 due primarily to higher net sales of macbook air, partially offset by lower net sales of macbook®. ipad ipad net sales increased during the third quarter and first nine months of 2019 compared to the same periods in 2018 due primarily to higher net sales of ipad pro®.",discussion
PART I   -   FINANCIAL INFORMATION,Item 2. Management's Discussion and Analysis of Financial Condition and Results of Operations,"wearables, home and accessories wearables, home and accessories net sales increased during the third quarter and first nine months of 2019 compared to the same periods in 2018 due primarily to higher net sales of airpods and apple watch.",discussion
PART I   -   FINANCIAL INFORMATION,Item 2. Management's Discussion and Analysis of Financial Condition and Results of Operations,"services services net sales increased during the third quarter and first nine months of 2019 compared to the same periods in 2018 due primarily to the app store, licensing and applecare.",discussion
PART I   -   FINANCIAL INFORMATION,Item 2. Management's Discussion and Analysis of Financial Condition and Results of Operations,apple inc.,discussion
PART I   -   FINANCIAL INFORMATION,Item 2. Management's Discussion and Analysis of Financial Condition and Results of Operations,| q3 2019 form 10-q | 26 segment operating performance the company manages its business primarily on a geographic basis.,discussion
PART I   -   FINANCIAL INFORMATION,Item 2. Management's Discussion and Analysis of Financial Condition and Results of Operations,"the company's reportable segments consist of the americas, europe, greater china, japan and rest of asia pacific.",discussion
PART I   -   FINANCIAL INFORMATION,Item 2. Management's Discussion and Analysis of Financial Condition and Results of Operations,americas includes both north and south america.,discussion
PART I   -   FINANCIAL INFORMATION,Item 2. Management's Discussion and Analysis of Financial Condition and Results of Operations,"europe includes european countries, as well as india, the middle east and africa.",discussion
PART I   -   FINANCIAL INFORMATION,Item 2. Management's Discussion and Analysis of Financial Condition and Results of Operations,"greater china includes china, hong kong and taiwan.",discussion
PART I   -   FINANCIAL INFORMATION,Item 2. Management's Discussion and Analysis of Financial Condition and Results of Operations,rest of asia pacific includes australia and those asian countries not included in the company's other reportable segments.,discussion
PART I   -   FINANCIAL INFORMATION,Item 2. Management's Discussion and Analysis of Financial Condition and Results of Operations,"although the reportable segments provide similar hardware and software products and similar services, each one is managed separately to better align with the location of the company's customers and distribution partners and the unique market dynamics of each geographic region.",discussion
PART I   -   FINANCIAL INFORMATION,Item 2. Management's Discussion and Analysis of Financial Condition and Results of Operations,"further information regarding the company's reportable segments can be found in part i, item 1 of this form 10-q in the notes to condensed consolidated financial statements in note 11, ""segment information and geographic data.""",discussion
PART I   -   FINANCIAL INFORMATION,Item 2. Management's Discussion and Analysis of Financial Condition and Results of Operations,"the following table shows net sales by reportable segment for the three- and nine-month periods ended june 29, 2019 and june 30, 2018 (dollars in millions): three months ended   nine months ended   june 29,  2019   june 30,  2018   change   june 29,  2019   june 30,  2018   change net sales by reportable segment:                       americas $ 25,056     $ 24,542     2  %   $ 87,592     $ 84,576     4  % europe 11,925     12,138     (2 )%   45,342     47,038     (4 )% greater china 9,157     9,551     (4 )%   32,544     40,531     (20 )% japan 4,082     3,867     6  %   16,524     16,572      -   % rest of asia pacific 3,589     3,167     13  %   14,132     13,978     1  % total net sales $ 53,809     $ 53,265     1  %   $ 196,134     $ 202,695     (3 )% americas americas net sales increased during the third quarter and first nine months of 2019 compared to the same periods in 2018 due primarily to higher wearables, home and accessories and services net sales, partially offset by lower iphone net sales.",discussion
PART I   -   FINANCIAL INFORMATION,Item 2. Management's Discussion and Analysis of Financial Condition and Results of Operations,the weakness in foreign currencies relative to the u.s. dollar had an unfavorable impact on americas net sales during the third quarter and first nine months of 2019.,discussion
PART I   -   FINANCIAL INFORMATION,Item 2. Management's Discussion and Analysis of Financial Condition and Results of Operations,"europe europe net sales decreased during the third quarter and first nine months of 2019 compared to the same periods in 2018 due primarily to lower iphone net sales, partially offset by higher wearables, home and accessories and services net sales.",discussion
PART I   -   FINANCIAL INFORMATION,Item 2. Management's Discussion and Analysis of Financial Condition and Results of Operations,the weakness in foreign currencies relative to the u.s. dollar had an unfavorable impact on europe net sales during the third quarter and first nine months of 2019.,discussion
PART I   -   FINANCIAL INFORMATION,Item 2. Management's Discussion and Analysis of Financial Condition and Results of Operations,"greater china greater china net sales decreased during the third quarter and first nine months of 2019 compared to the same periods in 2018 due primarily to lower iphone net sales, partially offset by higher wearables, home and accessories and services net sales.",discussion
PART I   -   FINANCIAL INFORMATION,Item 2. Management's Discussion and Analysis of Financial Condition and Results of Operations,the weakness in foreign currencies relative to the u.s. dollar had an unfavorable impact on greater china net sales during the third quarter and first nine months of 2019.,discussion
PART I   -   FINANCIAL INFORMATION,Item 2. Management's Discussion and Analysis of Financial Condition and Results of Operations,"japan japan net sales increased during the third quarter of 2019 compared to the same quarter in 2018 due primarily to higher services and wearables, home and accessories net sales, partially offset by lower iphone net sales.",discussion
PART I   -   FINANCIAL INFORMATION,Item 2. Management's Discussion and Analysis of Financial Condition and Results of Operations,"year-over-year japan net sales during the first nine months of 2019 were relatively flat as lower iphone net sales were offset primarily by higher services and wearables, home and accessories net sales.",discussion
PART I   -   FINANCIAL INFORMATION,Item 2. Management's Discussion and Analysis of Financial Condition and Results of Operations,the value of the japanese yen relative to the u.s. dollar had an unfavorable impact on japan net sales during the third quarter and first nine months of 2019.,discussion
PART I   -   FINANCIAL INFORMATION,Item 2. Management's Discussion and Analysis of Financial Condition and Results of Operations,"rest of asia pacific rest of asia pacific net sales increased during the third quarter of 2019 compared to the same quarter in 2018 due primarily to higher wearables, home and accessories, ipad and services net sales.",discussion
PART I   -   FINANCIAL INFORMATION,Item 2. Management's Discussion and Analysis of Financial Condition and Results of Operations,"year-over-year rest of asia pacific net sales during the first nine months of 2019 increased due primarily to higher wearables, home and accessories, ipad and services net sales, partially offset by lower iphone net sales.",discussion
PART I   -   FINANCIAL INFORMATION,Item 2. Management's Discussion and Analysis of Financial Condition and Results of Operations,the weakness in foreign currencies relative to the u.s. dollar had an unfavorable impact on rest of asia pacific net sales during the third quarter and first nine months of 2019.,discussion
PART I   -   FINANCIAL INFORMATION,Item 2. Management's Discussion and Analysis of Financial Condition and Results of Operations,apple inc.,discussion
PART I   -   FINANCIAL INFORMATION,Item 2. Management's Discussion and Analysis of Financial Condition and Results of Operations,"| q3 2019 form 10-q | 27 gross margin products and services gross margin and gross margin percentage for the three- and nine-month periods ended june 29, 2019 and june 30, 2018 were as follows (dollars in millions): three months ended   nine months ended   june 29,  2019   june 30,  2018   june 29,  2019   june 30,  2018 gross margin:               products $ 12,881     $ 14,139     $ 52,596     $ 60,079   services 7,346     6,282     21,483     17,676   total gross margin $ 20,227     $ 20,421     $ 74,079     $ 77,755                   gross margin percentage:               products 30.4 %   32.8 %   32.4 %   34.6 % services 64.1 %   61.8 %   63.6 %   60.6 % total gross margin percentage 37.6 %   38.3 %   37.8 %   38.4 % products gross margin products gross margin decreased during the third quarter of 2019 compared to the same quarter in 2018 due primarily to the weakness in foreign currencies relative to the u.s. dollar.",discussion
PART I   -   FINANCIAL INFORMATION,Item 2. Management's Discussion and Analysis of Financial Condition and Results of Operations,products gross margin decreased during the first nine months of 2019 compared to the same period in 2018 due primarily to lower iphone unit sales and the weakness in foreign currencies relative to the u.s. dollar.,discussion
PART I   -   FINANCIAL INFORMATION,Item 2. Management's Discussion and Analysis of Financial Condition and Results of Operations,year-over-year products gross margin percentage decreased during the third quarter and first nine months of 2019 due primarily to the weakness in foreign currencies relative to the u.s. dollar and the impact of lower iphone unit sales on the company's products fixed cost structure.,discussion
PART I   -   FINANCIAL INFORMATION,Item 2. Management's Discussion and Analysis of Financial Condition and Results of Operations,services gross margin services gross margin increased during the third quarter and first nine months of 2019 compared to the same periods in 2018 due primarily to higher services net sales.,discussion
PART I   -   FINANCIAL INFORMATION,Item 2. Management's Discussion and Analysis of Financial Condition and Results of Operations,year-over-year services gross margin percentage increased during the third quarter and first nine months of 2019 due primarily to leverage of the company's services fixed cost structure from higher services net sales and a different services mix.,discussion
PART I   -   FINANCIAL INFORMATION,Item 2. Management's Discussion and Analysis of Financial Condition and Results of Operations,the company anticipates total gross margin percentage during the fourth quarter of 2019 to be between 37.5% and 38.5%.,discussion
PART I   -   FINANCIAL INFORMATION,Item 2. Management's Discussion and Analysis of Financial Condition and Results of Operations,the foregoing statement regarding the company's expected total gross margin percentage in the fourth quarter of 2019 is forward-looking and could differ from actual results.,discussion
PART I   -   FINANCIAL INFORMATION,Item 2. Management's Discussion and Analysis of Financial Condition and Results of Operations,"the company's future gross margins can be impacted by multiple factors including, but not limited to, those set forth in part ii, item 1a of this form 10-q under the heading ""risk factors"" and those described in this paragraph.",discussion
PART I   -   FINANCIAL INFORMATION,Item 2. Management's Discussion and Analysis of Financial Condition and Results of Operations,"in general, the company believes gross margins will be subject to volatility and remain under downward pressure due to a variety of factors, including: continued industry-wide global product pricing pressures and product pricing actions that the company may take in response to such pressures; increased competition; the company's ability to effectively stimulate demand for certain of its products and services; compressed product life cycles; potential increases in the cost of components, outside manufacturing services, and acquiring and delivering content for the company's services; the company's ability to manage product quality and warranty costs effectively; shifts in the mix of products and services, or in the geographic, currency or channel mix; fluctuations in foreign exchange rates; and costs associated with the company's frequent introductions and transitions of products and services.",discussion
PART I   -   FINANCIAL INFORMATION,Item 2. Management's Discussion and Analysis of Financial Condition and Results of Operations,apple inc.,discussion
PART I   -   FINANCIAL INFORMATION,Item 2. Management's Discussion and Analysis of Financial Condition and Results of Operations,"| q3 2019 form 10-q | 28 operating expenses operating expenses for the three- and nine-month periods ended june 29, 2019 and june 30, 2018 were as follows (dollars in millions): three months ended   nine months ended   june 29,  2019   june 30,  2018   june 29,  2019   june 30,  2018 research and development $ 4,257     $ 3,701     $ 12,107     $ 10,486   percentage of total net sales 8 %   7 %   6 %   5 % selling, general and administrative $ 4,426     $ 4,108     $ 13,667     $ 12,489   percentage of total net sales 8 %   8 %   7 %   6 % total operating expenses $ 8,683     $ 7,809     $ 25,774     $ 22,975   percentage of total net sales 16 %   15 %   13 %   11 % research and development the growth in research and development (""r&d"") expense during the third quarter of 2019 and first nine months of 2019 compared to the same periods in 2018 was driven primarily by increases in headcount-related expenses.",discussion
PART I   -   FINANCIAL INFORMATION,Item 2. Management's Discussion and Analysis of Financial Condition and Results of Operations,"the company continues to believe that focused investments in r&d are critical to its future growth and competitive position in the marketplace, and to the development of new and updated products and services that are central to the company's core business strategy.",discussion
PART I   -   FINANCIAL INFORMATION,Item 2. Management's Discussion and Analysis of Financial Condition and Results of Operations,"selling, general and administrative the growth in selling, general and administrative expense during the third quarter of 2019 compared to the same quarter in 2018 was driven primarily by higher spending on marketing and advertising and an increase in headcount-related expenses.",discussion
PART I   -   FINANCIAL INFORMATION,Item 2. Management's Discussion and Analysis of Financial Condition and Results of Operations,"the year-over-year growth in selling, general and administrative expense during the first nine months of 2019 was driven primarily by an increase in headcount-related expenses and higher spending on marketing and advertising and infrastructure-related costs.",discussion
PART I   -   FINANCIAL INFORMATION,Item 2. Management's Discussion and Analysis of Financial Condition and Results of Operations,"other income/(expense), net other income/(expense), net for the three- and nine-month periods ended june 29, 2019 and june 30, 2018 was as follows (dollars in millions): three months ended   nine months ended   june 29,  2019   june 30,  2018   change   june 29,  2019   june 30,  2018   change interest and dividend income $ 1,190     $ 1,418         $ 3,855     $ 4,375       interest expense (866 )   (846 )       (2,766 )   (2,372 )     other income/(expense), net 43     100         216     (301 )     total other income/(expense), net $ 367     $ 672     (45 )%   $ 1,305     $ 1,702     (23 )% the decrease in other income/(expense), net during the third quarter of 2019 compared to the same quarter in 2018 was due to lower interest income and the impact of foreign exchange - related items.",discussion
PART I   -   FINANCIAL INFORMATION,Item 2. Management's Discussion and Analysis of Financial Condition and Results of Operations,"the year-over-year decrease in other income/(expense), net during the first nine months of 2019 was due primarily to lower interest income and higher interest expense, partially offset by the impact of foreign exchange - related items.",discussion
PART I   -   FINANCIAL INFORMATION,Item 2. Management's Discussion and Analysis of Financial Condition and Results of Operations,"the weighted-average interest rate earned by the company on its cash, cash equivalents and marketable securities was 2.17% and 2.25% in the third quarters of 2019 and 2018, respectively, and 2.21% and 2.16% in the first nine months of 2019 and 2018, respectively.",discussion
PART I   -   FINANCIAL INFORMATION,Item 2. Management's Discussion and Analysis of Financial Condition and Results of Operations,apple inc.,discussion
PART I   -   FINANCIAL INFORMATION,Item 2. Management's Discussion and Analysis of Financial Condition and Results of Operations,"| q3 2019 form 10-q | 29 provision for income taxes provision for income taxes, effective tax rate and statutory federal income tax rate for the three- and nine-month periods ended june 29, 2019 and june 30, 2018 were as follows (dollars in millions): three months ended   nine months ended   june 29,  2019   june 30,  2018   june 29,  2019   june 30,  2018 provision for income taxes $ 1,867     $ 1,765     $ 8,040     $ 11,076   effective tax rate 15.7 %   13.3 %   16.2 %   19.6 % statutory federal income tax rate 21.0 %   24.5 %   21.0 %   24.5 % the company's effective tax rate for the third quarter and first nine months of 2019 was lower than the statutory federal income tax rate due primarily to the lower tax rate on foreign earnings and tax benefits from share-based compensation.",discussion
PART I   -   FINANCIAL INFORMATION,Item 2. Management's Discussion and Analysis of Financial Condition and Results of Operations,"the company's effective tax rate for the third quarter of 2019 was higher compared to the same quarter in 2018 due primarily to higher taxes on foreign earnings, partially offset by a lower statutory federal income tax rate in 2019.",discussion
PART I   -   FINANCIAL INFORMATION,Item 2. Management's Discussion and Analysis of Financial Condition and Results of Operations,the company's effective tax rate for the first nine months of 2019 was lower compared to the same period in 2018 due primarily to a lower statutory federal income tax rate in 2019.,discussion
PART I   -   FINANCIAL INFORMATION,Item 2. Management's Discussion and Analysis of Financial Condition and Results of Operations,"recent accounting pronouncements hedging in august 2017, the financial accounting standards board (the ""fasb"") issued accounting standards update (""asu"") no.",discussion
PART I   -   FINANCIAL INFORMATION,Item 2. Management's Discussion and Analysis of Financial Condition and Results of Operations,"2017-12, derivatives and hedging (topic 815): targeted improvements to accounting for hedging activities (""asu 2017-12"").",discussion
PART I   -   FINANCIAL INFORMATION,Item 2. Management's Discussion and Analysis of Financial Condition and Results of Operations,"asu 2017-12 expands component and fair value hedging, specifies the presentation of the effects of hedging instruments, and eliminates the separate measurement and presentation of hedge ineffectiveness.",discussion
PART I   -   FINANCIAL INFORMATION,Item 2. Management's Discussion and Analysis of Financial Condition and Results of Operations,the company will adopt asu 2017-12 in its first quarter of 2020 utilizing the modified retrospective transition method.,discussion
PART I   -   FINANCIAL INFORMATION,Item 2. Management's Discussion and Analysis of Financial Condition and Results of Operations,"based on the company's derivative portfolio and hedging strategies, the adoption of asu 2017-12 is not expected to have a material impact on its consolidated financial statements.",discussion
PART I   -   FINANCIAL INFORMATION,Item 2. Management's Discussion and Analysis of Financial Condition and Results of Operations,"financial instruments in june 2016, the fasb issued asu no.",discussion
PART I   -   FINANCIAL INFORMATION,Item 2. Management's Discussion and Analysis of Financial Condition and Results of Operations,"2016-13, financial instruments  -  credit losses (topic 326): measurement of credit losses on financial instruments (""asu 2016-13""), which modifies the measurement of expected credit losses on certain financial instruments.",discussion
PART I   -   FINANCIAL INFORMATION,Item 2. Management's Discussion and Analysis of Financial Condition and Results of Operations,the company will adopt asu 2016-13 in its first quarter of 2021 utilizing the modified retrospective transition method.,discussion
PART I   -   FINANCIAL INFORMATION,Item 2. Management's Discussion and Analysis of Financial Condition and Results of Operations,"based on the composition of the company's investment portfolio, current market conditions, and historical credit loss activity, the adoption of asu 2016-13 is not expected to have a material impact on its consolidated financial statements.",discussion
PART I   -   FINANCIAL INFORMATION,Item 2. Management's Discussion and Analysis of Financial Condition and Results of Operations,"leases in february 2016, the fasb issued asu no.",discussion
PART I   -   FINANCIAL INFORMATION,Item 2. Management's Discussion and Analysis of Financial Condition and Results of Operations,"2016-02, leases (topic 842) (""asu 2016-02""), which modifies lease accounting for lessees to increase transparency and comparability by recording lease assets and liabilities for operating leases and disclosing key information about leasing arrangements.",discussion
PART I   -   FINANCIAL INFORMATION,Item 2. Management's Discussion and Analysis of Financial Condition and Results of Operations,the company will adopt asu 2016-02 utilizing the modified retrospective transition method through a cumulative-effect adjustment at the beginning of its first quarter of 2020.,discussion
PART I   -   FINANCIAL INFORMATION,Item 2. Management's Discussion and Analysis of Financial Condition and Results of Operations,"while the company is currently evaluating the impact of adopting asu 2016-02, based on the lease portfolio as of june 29, 2019, the company anticipates recording lease assets and liabilities of approximately $9 billion on its condensed consolidated balance sheets, with no material impact to its condensed consolidated statements of operations.",discussion
PART I   -   FINANCIAL INFORMATION,Item 2. Management's Discussion and Analysis of Financial Condition and Results of Operations,"however, the ultimate impact of adopting asu 2016-02 will depend on the company's lease portfolio as of the adoption date.",discussion
PART I   -   FINANCIAL INFORMATION,Item 2. Management's Discussion and Analysis of Financial Condition and Results of Operations,apple inc.,discussion
PART I   -   FINANCIAL INFORMATION,Item 2. Management's Discussion and Analysis of Financial Condition and Results of Operations,"| q3 2019 form 10-q | 30 liquidity and capital resources the following tables present selected financial information and statistics as of june 29, 2019 and september 29, 2018 and for the first nine months of 2019 and 2018 (in millions): june 29,  2019   september 29,  2018 cash, cash equivalents and marketable securities (1) $ 210,610     $ 237,100   property, plant and equipment, net $ 37,636     $ 41,304   commercial paper $ 9,953     $ 11,964   total term debt $ 98,465     $ 102,519   working capital $ 45,269     $ 15,410 nine months ended   june 29,  2019   june 30,  2018 cash generated by operating activities $ 49,481     $ 57,911   cash generated by investing activities $ 46,694     $ 19,067   cash used in financing activities $ (69,937 )   $ (65,296 ) (1) as of june 29, 2019 and september 29, 2018, total cash, cash equivalents and marketable securities included $19.5 billion and $20.3 billion, respectively, that was restricted from general use, related to the state aid decision (refer to note 5, ""income taxes"" in the notes to condensed consolidated financial statements in part i, item 1 of this form 10-q) and other agreements.",discussion
PART I   -   FINANCIAL INFORMATION,Item 2. Management's Discussion and Analysis of Financial Condition and Results of Operations,"the company believes its existing balances of cash, cash equivalents and marketable securities, along with commercial paper and other short-term liquidity arrangements, will be sufficient to satisfy its working capital needs, capital asset purchases, dividends, share repurchases, debt repayments and other liquidity requirements associated with its existing operations over the next 12 months.",discussion
PART I   -   FINANCIAL INFORMATION,Item 2. Management's Discussion and Analysis of Financial Condition and Results of Operations,"in connection with the state aid decision, as of june 29, 2019, the entire recovery amount of €13.1 billion plus interest of €1.2 billion was funded into escrow, where it will remain restricted from general use pending conclusion of all appeals.",discussion
PART I   -   FINANCIAL INFORMATION,Item 2. Management's Discussion and Analysis of Financial Condition and Results of Operations,"the company's marketable securities investment portfolio is primarily invested in highly rated securities, with the primary objective of minimizing the potential risk of principal loss.",discussion
PART I   -   FINANCIAL INFORMATION,Item 2. Management's Discussion and Analysis of Financial Condition and Results of Operations,the company's investment policy generally requires securities to be investment grade and limits the amount of credit exposure to any one issuer.,discussion
PART I   -   FINANCIAL INFORMATION,Item 2. Management's Discussion and Analysis of Financial Condition and Results of Operations,"during the nine months ended june 29, 2019, cash generated by operating activities of $49.5 billion was a result of $41.6 billion of net income and non-cash adjustments to net income of $13.6 billion, partially offset by a decrease in the net change in operating assets and liabilities of $5.6 billion.",discussion
PART I   -   FINANCIAL INFORMATION,Item 2. Management's Discussion and Analysis of Financial Condition and Results of Operations,"cash generated by investing activities of $46.7 billion during the nine months ended june 29, 2019 consisted primarily of proceeds from sales and maturities of marketable securities, net of purchases, of $54.4 billion, partially offset by cash used to acquire property, plant and equipment of $7.7 billion.",discussion
PART I   -   FINANCIAL INFORMATION,Item 2. Management's Discussion and Analysis of Financial Condition and Results of Operations,"cash used in financing activities of $69.9 billion during the nine months ended june 29, 2019 consisted primarily of cash used to repurchase common stock of $49.5 billion, cash used to pay dividends and dividend equivalents of $10.6 billion and cash used to repay term debt of $5.5 billion.",discussion
PART I   -   FINANCIAL INFORMATION,Item 2. Management's Discussion and Analysis of Financial Condition and Results of Operations,"during the nine months ended june 30, 2018, cash generated by operating activities of $57.9 billion was a result of $45.4 billion of net income and an increase in the net change in operating assets and liabilities of $33.9 billion, partially offset by non-cash adjustments to net income of $21.4 billion.",discussion
PART I   -   FINANCIAL INFORMATION,Item 2. Management's Discussion and Analysis of Financial Condition and Results of Operations,"cash generated by investing activities of $19.1 billion during the nine months ended june 30, 2018 consisted primarily of proceeds from maturities and sales of marketable securities, net of purchases, of $31.8 billion, partially offset by cash used to acquire property, plant and equipment of $10.3 billion.",discussion
PART I   -   FINANCIAL INFORMATION,Item 2. Management's Discussion and Analysis of Financial Condition and Results of Operations,"cash used in financing activities of $65.3 billion during the nine months ended june 30, 2018 consisted primarily of cash used to repurchase common stock of $53.6 billion, cash used to pay dividends and dividend equivalents of $10.2 billion and cash used to repay term debt of $6.5 billion, partially offset by net proceeds from the issuance of term debt of $7.0 billion.",discussion
PART I   -   FINANCIAL INFORMATION,Item 2. Management's Discussion and Analysis of Financial Condition and Results of Operations,capital assets the company's capital expenditures were $4.9 billion during the first nine months of 2019.,discussion
PART I   -   FINANCIAL INFORMATION,Item 2. Management's Discussion and Analysis of Financial Condition and Results of Operations,"the company anticipates utilizing approximately $10.0 billion for capital expenditures during 2019, which includes product tooling and manufacturing process equipment; data centers; corporate facilities and infrastructure, including information systems hardware, software and enhancements; and retail store facilities.",discussion
PART I   -   FINANCIAL INFORMATION,Item 2. Management's Discussion and Analysis of Financial Condition and Results of Operations,apple inc.,discussion
PART I   -   FINANCIAL INFORMATION,Item 2. Management's Discussion and Analysis of Financial Condition and Results of Operations,"| q3 2019 form 10-q | 31 debt the company issues unsecured short-term promissory notes (""commercial paper"") pursuant to a commercial paper program.",discussion
PART I   -   FINANCIAL INFORMATION,Item 2. Management's Discussion and Analysis of Financial Condition and Results of Operations,"the company uses the net proceeds from the commercial paper program for general corporate purposes, including dividends and share repurchases.",discussion
PART I   -   FINANCIAL INFORMATION,Item 2. Management's Discussion and Analysis of Financial Condition and Results of Operations,"as of june 29, 2019, the company had $10.0 billion of commercial paper outstanding, with a weighted-average interest rate of 2.49% and maturities generally less than nine months.",discussion
PART I   -   FINANCIAL INFORMATION,Item 2. Management's Discussion and Analysis of Financial Condition and Results of Operations,"as of june 29, 2019, the company had outstanding floating- and fixed-rate notes with varying maturities for an aggregate principal amount of $98.3 billion (collectively the ""notes"").",discussion
PART I   -   FINANCIAL INFORMATION,Item 2. Management's Discussion and Analysis of Financial Condition and Results of Operations,"during the first nine months of 2019, the company repaid $5.5 billion of its notes upon maturity.",discussion
PART I   -   FINANCIAL INFORMATION,Item 2. Management's Discussion and Analysis of Financial Condition and Results of Operations,"the company has entered, and in the future may enter, into interest rate swaps to manage interest rate risk on the notes.",discussion
PART I   -   FINANCIAL INFORMATION,Item 2. Management's Discussion and Analysis of Financial Condition and Results of Operations,"in addition, the company has entered, and in the future may enter, into foreign currency swaps to manage foreign currency risk on the notes.",discussion
PART I   -   FINANCIAL INFORMATION,Item 2. Management's Discussion and Analysis of Financial Condition and Results of Operations,"further information regarding the company's debt issuances and related hedging activity can be found in part i, item 1 of this form 10-q in the notes to condensed consolidated financial statements in note 3, ""financial instruments"" and note 6, ""debt.""",discussion
PART I   -   FINANCIAL INFORMATION,Item 2. Management's Discussion and Analysis of Financial Condition and Results of Operations,"capital return program on april 30, 2019, the company announced the board of directors increased the current share repurchase program authorization from $100 billion to $175 billion of the company's common stock, of which $78.2 billion had been utilized as of june 29, 2019.",discussion
PART I   -   FINANCIAL INFORMATION,Item 2. Management's Discussion and Analysis of Financial Condition and Results of Operations,"during the nine months ended june 29, 2019, the company repurchased 252.6 million shares of its common stock for $49.2 billion, including 55.1 million shares initially delivered under a $12.0 billion accelerated share repurchase arrangement (""asr"") dated february 2019.",discussion
PART I   -   FINANCIAL INFORMATION,Item 2. Management's Discussion and Analysis of Financial Condition and Results of Operations,the company's share repurchase program does not obligate it to acquire any specific number of shares.,discussion
PART I   -   FINANCIAL INFORMATION,Item 2. Management's Discussion and Analysis of Financial Condition and Results of Operations,"under this program, shares may be repurchased in privately negotiated and/or open market transactions, including under plans complying with rule 10b5-1 under the exchange act.",discussion
PART I   -   FINANCIAL INFORMATION,Item 2. Management's Discussion and Analysis of Financial Condition and Results of Operations,"on april 30, 2019, the company also announced the board of directors raised the company's quarterly cash dividend from $0.73 to $0.77 per share, beginning with the dividend paid during the third quarter of 2019.",discussion
PART I   -   FINANCIAL INFORMATION,Item 2. Management's Discussion and Analysis of Financial Condition and Results of Operations,"the company intends to increase its dividend on an annual basis, subject to declaration by the board of directors.",discussion
PART I   -   FINANCIAL INFORMATION,Item 2. Management's Discussion and Analysis of Financial Condition and Results of Operations,"contractual obligations operating leases as of june 29, 2019, the company's total future minimum lease payments under noncancelable operating leases were $11.1 billion.",discussion
PART I   -   FINANCIAL INFORMATION,Item 2. Management's Discussion and Analysis of Financial Condition and Results of Operations,the company's retail store and other facility leases typically have original terms not exceeding 10 years and generally contain multi-year renewal options.,discussion
PART I   -   FINANCIAL INFORMATION,Item 2. Management's Discussion and Analysis of Financial Condition and Results of Operations,manufacturing purchase obligations the company utilizes several outsourcing partners to manufacture sub-assemblies for the company's products and to perform final assembly and testing of finished products.,discussion
PART I   -   FINANCIAL INFORMATION,Item 2. Management's Discussion and Analysis of Financial Condition and Results of Operations,"these outsourcing partners acquire components and build product based on demand information supplied by the company, which typically covers periods up to 150 days.",discussion
PART I   -   FINANCIAL INFORMATION,Item 2. Management's Discussion and Analysis of Financial Condition and Results of Operations,the company also obtains individual components for its products from a wide variety of individual suppliers.,discussion
PART I   -   FINANCIAL INFORMATION,Item 2. Management's Discussion and Analysis of Financial Condition and Results of Operations,"as of june 29, 2019, the company expects to pay $29.8 billion under manufacturing-related supplier arrangements, which are primarily noncancelable.",discussion
PART I   -   FINANCIAL INFORMATION,Item 2. Management's Discussion and Analysis of Financial Condition and Results of Operations,"other purchase obligations the company's other purchase obligations consist of noncancelable obligations to acquire capital assets, including product tooling and manufacturing process equipment, and noncancelable obligations related to advertising, licensing, r&d, internet and telecommunications services, content creation and other activities.",discussion
PART I   -   FINANCIAL INFORMATION,Item 2. Management's Discussion and Analysis of Financial Condition and Results of Operations,"as of june 29, 2019, the company had other purchase obligations of $6.3 billion.",discussion
PART I   -   FINANCIAL INFORMATION,Item 2. Management's Discussion and Analysis of Financial Condition and Results of Operations,"other non-current liabilities as of june 29, 2019, a significant portion of the other non-current liabilities in the company's condensed consolidated balance sheet consisted of the $30.5 billion deemed repatriation tax payable imposed by the u.s.",discussion
PART I   -   FINANCIAL INFORMATION,Item 2. Management's Discussion and Analysis of Financial Condition and Results of Operations,"tax cuts and jobs act (the ""act"").",discussion
PART I   -   FINANCIAL INFORMATION,Item 2. Management's Discussion and Analysis of Financial Condition and Results of Operations,the company plans to pay the deemed repatriation tax payable in installments in accordance with the act.,discussion
PART I   -   FINANCIAL INFORMATION,Item 2. Management's Discussion and Analysis of Financial Condition and Results of Operations,the company's remaining other non-current liabilities primarily consist of items for which the company is unable to make a reasonably reliable estimate of the timing of payments.,discussion
PART I   -   FINANCIAL INFORMATION,Item 2. Management's Discussion and Analysis of Financial Condition and Results of Operations,apple inc.,discussion
PART I   -   FINANCIAL INFORMATION,Item 2. Management's Discussion and Analysis of Financial Condition and Results of Operations,"| q3 2019 form 10-q | 32 indemnification agreements entered into by the company may include indemnification provisions, which may subject the company to costs and damages in the event of a claim against an indemnified third party.",discussion
PART I   -   FINANCIAL INFORMATION,Item 2. Management's Discussion and Analysis of Financial Condition and Results of Operations,"in the opinion of management, there was not at least a reasonable possibility the company may have incurred a material loss, or a material loss in excess of a recorded accrual, with respect to indemnification of third parties.",discussion
PART I   -   FINANCIAL INFORMATION,Item 2. Management's Discussion and Analysis of Financial Condition and Results of Operations,"the company offers an iphone upgrade program, which is available to customers who purchase a qualifying iphone in the u.s., the u.k. and mainland china.",discussion
PART I   -   FINANCIAL INFORMATION,Item 2. Management's Discussion and Analysis of Financial Condition and Results of Operations,"the iphone upgrade program provides customers the right to trade in that iphone for a specified amount when purchasing a new iphone, provided certain conditions are met.",discussion
PART I   -   FINANCIAL INFORMATION,Item 2. Management's Discussion and Analysis of Financial Condition and Results of Operations,"the company accounts for the trade-in right as a guarantee liability and recognizes arrangement revenue net of the fair value of such right, with subsequent changes to the guarantee liability recognized within net sales.",discussion
PART I   -   FINANCIAL INFORMATION,Item 2. Management's Discussion and Analysis of Financial Condition and Results of Operations,the company has entered into indemnification agreements with its directors and executive officers.,discussion
PART I   -   FINANCIAL INFORMATION,Item 2. Management's Discussion and Analysis of Financial Condition and Results of Operations,"under these agreements, the company has agreed to indemnify such individuals to the fullest extent permitted by law against liabilities that arise by reason of their status as directors or officers of the company, and to advance expenses incurred by such individuals in connection with related legal proceedings.",discussion
PART I   -   FINANCIAL INFORMATION,Item 2. Management's Discussion and Analysis of Financial Condition and Results of Operations,it is not possible to determine the maximum potential amount of payments the company could be required to make under these agreements due to the limited history of prior indemnification claims and the unique facts and circumstances involved in each claim.,discussion
PART I   -   FINANCIAL INFORMATION,Item 2. Management's Discussion and Analysis of Financial Condition and Results of Operations,"while the company maintains directors and officers liability insurance coverage, such insurance coverage may be insufficient to cover all losses or all types of claims that may arise.",discussion
PART I   -   FINANCIAL INFORMATION,Item 2. Management's Discussion and Analysis of Financial Condition and Results of Operations,"critical accounting policies and estimates the preparation of financial statements and related disclosures in conformity with u.s. generally accepted accounting principles and the company's discussion and analysis of its financial condition and operating results require the company's management to make judgments, assumptions and estimates that affect the amounts reported.",discussion
PART I   -   FINANCIAL INFORMATION,Item 2. Management's Discussion and Analysis of Financial Condition and Results of Operations,"management bases its estimates on historical experience and on various other assumptions it believes to be reasonable under the circumstances, the results of which form the basis for making judgments about the carrying values of assets and liabilities.",discussion
PART I   -   FINANCIAL INFORMATION,Item 2. Management's Discussion and Analysis of Financial Condition and Results of Operations,"actual results may differ from these estimates, and such differences may be material.",discussion
PART I   -   FINANCIAL INFORMATION,Item 2. Management's Discussion and Analysis of Financial Condition and Results of Operations,"note 1, ""summary of significant accounting policies"" in part i, item 1 of this form 10-q and in the notes to consolidated financial statements in part ii, item 8 of the 2018 form 10-k, and ""critical accounting policies and estimates"" in part ii, item 7 of the 2018 form 10-k describe the significant accounting policies and methods used in the preparation of the company's condensed consolidated financial statements.",discussion
PART I   -   FINANCIAL INFORMATION,Item 2. Management's Discussion and Analysis of Financial Condition and Results of Operations,"with the exception of revenue recognition and impairment of marketable debt securities, there have been no material changes to the company's critical accounting policies and estimates since the 2018 form 10-k.",discussion
PART I   -   FINANCIAL INFORMATION,Item 2. Management's Discussion and Analysis of Financial Condition and Results of Operations,"revenue recognition the company has identified up to three performance obligations regularly included in arrangements involving the sale of iphone, mac, ipad and certain other products.",discussion
PART I   -   FINANCIAL INFORMATION,Item 2. Management's Discussion and Analysis of Financial Condition and Results of Operations,"the first performance obligation, which represents the substantial portion of the allocated sales price, is the hardware and bundled software delivered at the time of sale.",discussion
PART I   -   FINANCIAL INFORMATION,Item 2. Management's Discussion and Analysis of Financial Condition and Results of Operations,"the second performance obligation is the right to receive certain product-related bundled services, which include icloud, siri and maps.",discussion
PART I   -   FINANCIAL INFORMATION,Item 2. Management's Discussion and Analysis of Financial Condition and Results of Operations,"the third performance obligation is the right to receive, on a when-and-if-available basis, future unspecified software upgrades relating to the software bundled with each device.",discussion
PART I   -   FINANCIAL INFORMATION,Item 2. Management's Discussion and Analysis of Financial Condition and Results of Operations,"the company allocates revenue and any related discounts to these performance obligations based on their relative stand-alone selling prices (""ssp"").",discussion
PART I   -   FINANCIAL INFORMATION,Item 2. Management's Discussion and Analysis of Financial Condition and Results of Operations,"because the company lacks observable prices for the undelivered performance obligations, the allocation of revenue is based on the company's estimated ssps.",discussion
PART I   -   FINANCIAL INFORMATION,Item 2. Management's Discussion and Analysis of Financial Condition and Results of Operations,revenue allocated to the product-related bundled services and unspecified software upgrade rights is deferred and recognized on a straight-line basis over the estimated period they are expected to be provided.,discussion
PART I   -   FINANCIAL INFORMATION,Item 2. Management's Discussion and Analysis of Financial Condition and Results of Operations,the company's process for determining estimated ssps involves management's judgment and considers multiple factors that may vary over time depending upon the unique facts and circumstances related to each deliverable.,discussion
PART I   -   FINANCIAL INFORMATION,Item 2. Management's Discussion and Analysis of Financial Condition and Results of Operations,"should future facts and circumstances change, the company's ssps and the future rate of related amortization for unspecified software upgrades and services related to future sales of these devices could change.",discussion
PART I   -   FINANCIAL INFORMATION,Item 2. Management's Discussion and Analysis of Financial Condition and Results of Operations,"factors subject to change include the nature of the unspecified software upgrade rights and product-related bundled services offered, their estimated value and the estimated period they are expected to be provided.",discussion
PART I   -   FINANCIAL INFORMATION,Item 2. Management's Discussion and Analysis of Financial Condition and Results of Operations,apple inc.,discussion
PART I   -   FINANCIAL INFORMATION,Item 2. Management's Discussion and Analysis of Financial Condition and Results of Operations,| q3 2019 form 10-q | 33 impairment of marketable debt securities the company's investments in marketable debt securities are classified as available-for-sale and reported at fair value.,discussion
PART I   -   FINANCIAL INFORMATION,Item 2. Management's Discussion and Analysis of Financial Condition and Results of Operations,"the company regularly reviews its investment portfolio to determine if any security is other-than-temporarily impaired, which would require the company to record an impairment charge in the period any such determination is made.",discussion
PART I   -   FINANCIAL INFORMATION,Item 2. Management's Discussion and Analysis of Financial Condition and Results of Operations,"in making this determination, the company evaluates, among other things, the duration and extent to which the fair value of a security is less than its cost; the financial condition of the issuer and any changes thereto; and the company's intent to sell, or whether it will more likely than not be required to sell, the security before recovery of its amortized cost basis.",discussion
PART I   -   FINANCIAL INFORMATION,Item 2. Management's Discussion and Analysis of Financial Condition and Results of Operations,"the company's assessment of whether an available-for-sale debt security is other-than-temporarily impaired could change in the future due to new developments or changes in assumptions related to any particular security, which would have an adverse impact on the company's financial condition and operating results.",discussion
