seq,description,document,href,type,size
1,FY1617 Q2 OND 10-Q,fy1617q2ond10-qreport.htm,https://www.sec.gov/Archives/edgar/data/80424/000008042417000011/fy1617q2ond10-qreport.htm,10-Q,1473827
2,THE PROCTER & GAMBLE 2014 STOCK & INCENTIVE COMPENS PLAN-RELATED CORRESPONDENCE,fy1617q2ond10-qexhibit10x1.htm,https://www.sec.gov/Archives/edgar/data/80424/000008042417000011/fy1617q2ond10-qexhibit10x1.htm,EX-10.1,19339
3,COMPUTATION OF RATIO OF EARNINGS TO FIXED CHARGES,fy1617q2ond10-qexhibit12.htm,https://www.sec.gov/Archives/edgar/data/80424/000008042417000011/fy1617q2ond10-qexhibit12.htm,EX-12.0,60141
4,RULE 13A-14(A)/15D-14(A) CERTIFICATION-CHIEF EXECUTIVE OFFICER,fy1617q2ond10-qexhibit311.htm,https://www.sec.gov/Archives/edgar/data/80424/000008042417000011/fy1617q2ond10-qexhibit311.htm,EX-31.1,12709
5,RULE 13A-14(A)/15D-14(A) CERTIFICATION-CHIEF FINANCIAL OFFICER,fy1617q2ond10-qexhibit312.htm,https://www.sec.gov/Archives/edgar/data/80424/000008042417000011/fy1617q2ond10-qexhibit312.htm,EX-31.2,12788
6,SECTION 1350 CERTIFICATION-CHIEF EXECUTIVE OFFICER,fy1617q2ond10-qexhibit321.htm,https://www.sec.gov/Archives/edgar/data/80424/000008042417000011/fy1617q2ond10-qexhibit321.htm,EX-32.1,5941
7,SECTION 1350 CERTIFICATION-CHIEF FINANCIAL OFFICER,fy1617q2ond10-qexhibit322.htm,https://www.sec.gov/Archives/edgar/data/80424/000008042417000011/fy1617q2ond10-qexhibit322.htm,EX-32.2,5890
14,,pglogo.jpg,https://www.sec.gov/Archives/edgar/data/80424/000008042417000011/pglogo.jpg,GRAPHIC,6542
NA,Complete submission text file,0000080424-17-000011.txt,https://www.sec.gov/Archives/edgar/data/80424/000008042417000011/0000080424-17-000011.txt, ,7021322
8,XBRL INSTANCE DOCUMENT,pg-20161231.xml,https://www.sec.gov/Archives/edgar/data/80424/000008042417000011/pg-20161231.xml,EX-101.INS,1695538
9,XBRL TAXONOMY EXTENSION SCHEMA DOCUMENT,pg-20161231.xsd,https://www.sec.gov/Archives/edgar/data/80424/000008042417000011/pg-20161231.xsd,EX-101.SCH,38239
10,XBRL TAXONOMY EXTENSION CALCULATION LINKBASE DOCUMENT,pg-20161231_cal.xml,https://www.sec.gov/Archives/edgar/data/80424/000008042417000011/pg-20161231_cal.xml,EX-101.CAL,94898
11,XBRL TAXONOMY EXTENSION DEFINITION LINKBASE DOCUMENT,pg-20161231_def.xml,https://www.sec.gov/Archives/edgar/data/80424/000008042417000011/pg-20161231_def.xml,EX-101.DEF,256080
12,XBRL TAXONOMY EXTENSION LABEL LINKBASE DOCUMENT,pg-20161231_lab.xml,https://www.sec.gov/Archives/edgar/data/80424/000008042417000011/pg-20161231_lab.xml,EX-101.LAB,500423
13,XBRL TAXONOMY EXTENSION PRESENTATION LINKBASE DOCUMENT,pg-20161231_pre.xml,https://www.sec.gov/Archives/edgar/data/80424/000008042417000011/pg-20161231_pre.xml,EX-101.PRE,341964
