seq,description,document,href,type,size
1,10-Q,nee10q2q2017.htm,https://www.sec.gov/Archives/edgar/data/37634/000075330817000109/nee10q2q2017.htm,10-Q,3241218
2,EXHIBIT 10,nee-2q2017xex10.htm,https://www.sec.gov/Archives/edgar/data/37634/000075330817000109/nee-2q2017xex10.htm,EX-10,63891
3,EXHIBIT 12.A,nee-2q2017xex12a.htm,https://www.sec.gov/Archives/edgar/data/37634/000075330817000109/nee-2q2017xex12a.htm,EX-12.A,17295
4,EXHIBIT 12.B,nee-2q2017xex12b.htm,https://www.sec.gov/Archives/edgar/data/37634/000075330817000109/nee-2q2017xex12b.htm,EX-12.B,13923
5,EXHIBIT 31.A,nee-2q2017xex31a.htm,https://www.sec.gov/Archives/edgar/data/37634/000075330817000109/nee-2q2017xex31a.htm,EX-31.A,14185
6,EXHIBIT 31.B,nee-2q2017xex31b.htm,https://www.sec.gov/Archives/edgar/data/37634/000075330817000109/nee-2q2017xex31b.htm,EX-31.B,13830
7,EXHIBIT 31.C,nee-2q2017xex31c.htm,https://www.sec.gov/Archives/edgar/data/37634/000075330817000109/nee-2q2017xex31c.htm,EX-31.C,14188
8,EXHIBIT 31.D,nee-2q2017xex31d.htm,https://www.sec.gov/Archives/edgar/data/37634/000075330817000109/nee-2q2017xex31d.htm,EX-31.D,14473
9,EXHIBIT 32.A,nee-2q2017xex32a.htm,https://www.sec.gov/Archives/edgar/data/37634/000075330817000109/nee-2q2017xex32a.htm,EX-32.A,11353
10,EXHIBIT 32.B,nee-2q2017xex32b.htm,https://www.sec.gov/Archives/edgar/data/37634/000075330817000109/nee-2q2017xex32b.htm,EX-32.B,11372
17,,fpl.jpg,https://www.sec.gov/Archives/edgar/data/37634/000075330817000109/fpl.jpg,GRAPHIC,458302
18,,nexteraenergy.jpg,https://www.sec.gov/Archives/edgar/data/37634/000075330817000109/nexteraenergy.jpg,GRAPHIC,297471
NA,Complete submission text file,0000753308-17-000109.txt,https://www.sec.gov/Archives/edgar/data/37634/000075330817000109/0000753308-17-000109.txt, ,18483682
11,XBRL INSTANCE DOCUMENT,nee-20170630.xml,https://www.sec.gov/Archives/edgar/data/37634/000075330817000109/nee-20170630.xml,EX-101.INS,5306888
12,XBRL TAXONOMY EXTENSION SCHEMA DOCUMENT,nee-20170630.xsd,https://www.sec.gov/Archives/edgar/data/37634/000075330817000109/nee-20170630.xsd,EX-101.SCH,83390
13,XBRL TAXONOMY EXTENSION CALCULATION LINKBASE DOCUMENT,nee-20170630_cal.xml,https://www.sec.gov/Archives/edgar/data/37634/000075330817000109/nee-20170630_cal.xml,EX-101.CAL,105349
14,XBRL TAXONOMY EXTENSION DEFINITION LINKBASE DOCUMENT,nee-20170630_def.xml,https://www.sec.gov/Archives/edgar/data/37634/000075330817000109/nee-20170630_def.xml,EX-101.DEF,549187
15,XBRL TAXONOMY EXTENSION LABEL LINKBASE DOCUMENT,nee-20170630_lab.xml,https://www.sec.gov/Archives/edgar/data/37634/000075330817000109/nee-20170630_lab.xml,EX-101.LAB,1022550
16,XBRL TAXONOMY EXTENSION PRESENTATION LINKBASE DOCUMENT,nee-20170630_pre.xml,https://www.sec.gov/Archives/edgar/data/37634/000075330817000109/nee-20170630_pre.xml,EX-101.PRE,616884
