seq,description,document,href,type,size
1,10-K,amt1231201810k.htm,https://www.sec.gov/Archives/edgar/data/1053507/000105350719000012/amt1231201810k.htm,10-K,4630189
2,EXHIBIT 10.10,exhibit1010rsuus.htm,https://www.sec.gov/Archives/edgar/data/1053507/000105350719000012/exhibit1010rsuus.htm,EX-10.10,33965
3,EXHIBIT 10.11,exhibit1011rsunonus.htm,https://www.sec.gov/Archives/edgar/data/1053507/000105350719000012/exhibit1011rsunonus.htm,EX-10.11,37691
4,EXHIBIT 10.14,exhibit1014psu.htm,https://www.sec.gov/Archives/edgar/data/1053507/000105350719000012/exhibit1014psu.htm,EX-10.14,67503
5,EXHIBIT 10.31,exhibit1031amitassignment.htm,https://www.sec.gov/Archives/edgar/data/1053507/000105350719000012/exhibit1031amitassignment.htm,EX-10.31,17341
6,EXHIBIT 10.32,exhibit1032amitltragrmt.htm,https://www.sec.gov/Archives/edgar/data/1053507/000105350719000012/exhibit1032amitltragrmt.htm,EX-10.32,51705
7,EXHIBIT 10.56,exhibit1056q42018.htm,https://www.sec.gov/Archives/edgar/data/1053507/000105350719000012/exhibit1056q42018.htm,EX-10.56,205650
8,EXHIBIT 10.57,exhibit1057q42018.htm,https://www.sec.gov/Archives/edgar/data/1053507/000105350719000012/exhibit1057q42018.htm,EX-10.57,407872
9,EXHIBIT 10.58,exhibit1058q42018.htm,https://www.sec.gov/Archives/edgar/data/1053507/000105350719000012/exhibit1058q42018.htm,EX-10.58,200874
10,EXHIBIT 10.59,d662368d8kex1059.htm,https://www.sec.gov/Archives/edgar/data/1053507/000105350719000012/d662368d8kex1059.htm,EX-10.59,481203
11,EXHIBIT 21,exhibit21q42018.htm,https://www.sec.gov/Archives/edgar/data/1053507/000105350719000012/exhibit21q42018.htm,EX-21,110752
12,EXHIBIT 23,exhibit23q42018.htm,https://www.sec.gov/Archives/edgar/data/1053507/000105350719000012/exhibit23q42018.htm,EX-23,3127
13,EXHIBIT 31.1,exhibit311q42018.htm,https://www.sec.gov/Archives/edgar/data/1053507/000105350719000012/exhibit311q42018.htm,EX-31.1,15599
14,EXHIBIT 31.2,exhibit312q42018.htm,https://www.sec.gov/Archives/edgar/data/1053507/000105350719000012/exhibit312q42018.htm,EX-31.2,16256
15,EXHIBIT 32,exhibit32q42018.htm,https://www.sec.gov/Archives/edgar/data/1053507/000105350719000012/exhibit32q42018.htm,EX-32,16909
22,,a2018performancegraph.jpg,https://www.sec.gov/Archives/edgar/data/1053507/000105350719000012/a2018performancegraph.jpg,GRAPHIC,58652
23,,logoa05.jpg,https://www.sec.gov/Archives/edgar/data/1053507/000105350719000012/logoa05.jpg,GRAPHIC,17422
NA,Complete submission text file,0001053507-19-000012.txt,https://www.sec.gov/Archives/edgar/data/1053507/000105350719000012/0001053507-19-000012.txt, ,25035368
16,XBRL INSTANCE DOCUMENT,amt-20181231.xml,https://www.sec.gov/Archives/edgar/data/1053507/000105350719000012/amt-20181231.xml,EX-101.INS,5688492
17,XBRL TAXONOMY EXTENSION SCHEMA DOCUMENT,amt-20181231.xsd,https://www.sec.gov/Archives/edgar/data/1053507/000105350719000012/amt-20181231.xsd,EX-101.SCH,129377
18,XBRL TAXONOMY EXTENSION CALCULATION LINKBASE DOCUMENT,amt-20181231_cal.xml,https://www.sec.gov/Archives/edgar/data/1053507/000105350719000012/amt-20181231_cal.xml,EX-101.CAL,197812
19,XBRL TAXONOMY EXTENSION DEFINITION LINKBASE DOCUMENT,amt-20181231_def.xml,https://www.sec.gov/Archives/edgar/data/1053507/000105350719000012/amt-20181231_def.xml,EX-101.DEF,850250
20,XBRL TAXONOMY EXTENSION LABEL LINKBASE DOCUMENT,amt-20181231_lab.xml,https://www.sec.gov/Archives/edgar/data/1053507/000105350719000012/amt-20181231_lab.xml,EX-101.LAB,1667552
21,XBRL TAXONOMY EXTENSION PRESENTATION LINKBASE DOCUMENT,amt-20181231_pre.xml,https://www.sec.gov/Archives/edgar/data/1053507/000105350719000012/amt-20181231_pre.xml,EX-101.PRE,1147024
