seq,description,document,href,type,size
1,10-Q,a10-qq32017712017.htm,https://www.sec.gov/Archives/edgar/data/320193/000032019317000009/a10-qq32017712017.htm,10-Q,1870484
2,EXHIBIT 31.1,a10-qexhibit311712017.htm,https://www.sec.gov/Archives/edgar/data/320193/000032019317000009/a10-qexhibit311712017.htm,EX-31.1,16411
3,EXHIBIT 31.2,a10-qexhibit312712017.htm,https://www.sec.gov/Archives/edgar/data/320193/000032019317000009/a10-qexhibit312712017.htm,EX-31.2,17539
4,EXHIBIT 32.2,a10-qexhibit321712017.htm,https://www.sec.gov/Archives/edgar/data/320193/000032019317000009/a10-qexhibit321712017.htm,EX-32.2,18371
11,,g66145g66i06.jpg,https://www.sec.gov/Archives/edgar/data/320193/000032019317000009/g66145g66i06.jpg,GRAPHIC,10963
NA,Complete submission text file,0000320193-17-000009.txt,https://www.sec.gov/Archives/edgar/data/320193/000032019317000009/0000320193-17-000009.txt, ,10155269
5,XBRL INSTANCE DOCUMENT,aapl-20170701.xml,https://www.sec.gov/Archives/edgar/data/320193/000032019317000009/aapl-20170701.xml,EX-101.INS,3006289
6,XBRL TAXONOMY EXTENSION SCHEMA DOCUMENT,aapl-20170701.xsd,https://www.sec.gov/Archives/edgar/data/320193/000032019317000009/aapl-20170701.xsd,EX-101.SCH,51589
7,XBRL TAXONOMY EXTENSION CALCULATION LINKBASE DOCUMENT,aapl-20170701_cal.xml,https://www.sec.gov/Archives/edgar/data/320193/000032019317000009/aapl-20170701_cal.xml,EX-101.CAL,87203
8,XBRL TAXONOMY EXTENSION DEFINITION LINKBASE DOCUMENT,aapl-20170701_def.xml,https://www.sec.gov/Archives/edgar/data/320193/000032019317000009/aapl-20170701_def.xml,EX-101.DEF,225481
9,XBRL TAXONOMY EXTENSION LABEL LINKBASE DOCUMENT,aapl-20170701_lab.xml,https://www.sec.gov/Archives/edgar/data/320193/000032019317000009/aapl-20170701_lab.xml,EX-101.LAB,668356
10,XBRL TAXONOMY EXTENSION PRESENTATION LINKBASE DOCUMENT,aapl-20170701_pre.xml,https://www.sec.gov/Archives/edgar/data/320193/000032019317000009/aapl-20170701_pre.xml,EX-101.PRE,387682
