part.name,item.name,sentence_text,section
PART I. FINANCIAL INFORMATION,Item 2. Management's Discussion and Analysis of Financial Condition and Results of Operations,item 2.,discussion
PART I. FINANCIAL INFORMATION,Item 2. Management's Discussion and Analysis of Financial Condition and Results of Operations,"management's discussion and analysis of financial condition and results of operations union pacific corporation and subsidiary companies results of operations three months ended march 31, 2020, compared to three months ended march 31, 2019 for purposes of this report, unless the context otherwise requires, all references herein to ""upc"", ""corporation"", ""company"", ""we"", ""us"", and ""our"" shall mean union pacific corporation and its subsidiaries, including union pacific railroad company, which we separately refer to as ""uprr"" or the ""railroad"".",discussion
PART I. FINANCIAL INFORMATION,Item 2. Management's Discussion and Analysis of Financial Condition and Results of Operations,"the following discussion should be read in conjunction with the condensed consolidated financial statements and applicable notes to the condensed consolidated financial statements, item 1, and other information included in this report.",discussion
PART I. FINANCIAL INFORMATION,Item 2. Management's Discussion and Analysis of Financial Condition and Results of Operations,"our condensed consolidated financial statements are unaudited and reflect all adjustments (consisting only of normal and recurring adjustments) that are, in the opinion of management, necessary for their fair presentation in conformity with accounting principles generally accepted in the united states of america (gaap).",discussion
PART I. FINANCIAL INFORMATION,Item 2. Management's Discussion and Analysis of Financial Condition and Results of Operations,"the railroad, along with its subsidiaries and rail affiliates, is our one reportable business segment.",discussion
PART I. FINANCIAL INFORMATION,Item 2. Management's Discussion and Analysis of Financial Condition and Results of Operations,"although we provide and analyze revenue by commodity group, we treat the financial results of the railroad as one segment due to the integrated nature of our rail network.",discussion
PART I. FINANCIAL INFORMATION,Item 2. Management's Discussion and Analysis of Financial Condition and Results of Operations,"cautionary information statements in this form 10-q/filing, including forward-looking statements, speak only as of and are based on information we have learned as of april 23, 2020.",discussion
PART I. FINANCIAL INFORMATION,Item 2. Management's Discussion and Analysis of Financial Condition and Results of Operations,"we assume no obligation to update any such information to reflect subsequent developments, changes in assumptions or changes in other factors affecting forward-looking information.",discussion
PART I. FINANCIAL INFORMATION,Item 2. Management's Discussion and Analysis of Financial Condition and Results of Operations,"if we do update one or more of these statements, no inference should be drawn that we will make additional updates with respect thereto or with respect to other statements.",discussion
PART I. FINANCIAL INFORMATION,Item 2. Management's Discussion and Analysis of Financial Condition and Results of Operations,"certain statements in this report, and statements in other reports or information filed or to be filed with the sec (as well as information included in oral statements or other written statements made or to be made by us), are forward-looking statements within the meaning of section 27a securities act of 1933 and the section 21e of the exchange act.",discussion
PART I. FINANCIAL INFORMATION,Item 2. Management's Discussion and Analysis of Financial Condition and Results of Operations,"these forward-looking statements and information include, without limitation, the statements and information set forth under the caption ""effects from covid-19"" in item 2 regarding the impact of the covid-19 pandemic on our business and operations, ""liquidity and capital resources"" in item 2 regarding our capital plan, statements under the caption ""share repurchase programs"", statements under the caption ""off-balance sheet arrangements, contractual obligations, and commercial commitments"", and statements under the caption ""other matters.""",discussion
PART I. FINANCIAL INFORMATION,Item 2. Management's Discussion and Analysis of Financial Condition and Results of Operations,"forward-looking statements and information also include any other statements or information in this report regarding: potential impacts of the covid-19 pandemic on our business operations, financial results and financial position and on the world economy (including our customers and supply chains), including as a result of decreased volume and carloadings; closing of customer manufacturing; distribution or production facilities; expectations as to operational or service improvements; expectations regarding the effectiveness of steps taken or to be taken to improve operations, service, infrastructure improvements, and transportation plan modifications; expectations as to cost savings, revenue growth, and earnings; the time by which goals, targets, or objectives will be achieved; projections, predictions, expectations, estimates, or forecasts as to our business, financial and operational results, future economic performance, and general economic conditions; proposed new products and services; estimates of costs relating to environmental remediation and restoration; estimates and expectations regarding tax matters, expectations that claims, litigation, environmental costs, commitments, contingent liabilities, labor negotiations or agreements, or other matters will not have a material adverse effect on our consolidated results of operations, financial condition, or liquidity and any other similar expressions concerning matters that are not historical facts.",discussion
PART I. FINANCIAL INFORMATION,Item 2. Management's Discussion and Analysis of Financial Condition and Results of Operations,"forward-looking statements and information reflect the good faith consideration by management of currently available information, and may be based on underlying assumptions believed to be reasonable under the circumstances.",discussion
PART I. FINANCIAL INFORMATION,Item 2. Management's Discussion and Analysis of Financial Condition and Results of Operations,"however, such information and assumptions (and, therefore, such forward-looking statements and information) are or may be subject to risks and uncertainties over which management has little or no influence or control, and many of these risks and uncertainties are currently 22 table of contents amplified by and may continue to be amplified by, or in the future may be amplified by, the covid-19 pandemic.",discussion
PART I. FINANCIAL INFORMATION,Item 2. Management's Discussion and Analysis of Financial Condition and Results of Operations,"the risk factors in item 1a of our 2019 annual report on form 10-k, filed february 7, 2020 and in part ii, item 1a of this report, could affect our future results and could cause those results or other outcomes to differ materially from those expressed or implied in the forward-looking statements, and this report, including this item 2, should be read in conjunction with these risk factors.",discussion
PART I. FINANCIAL INFORMATION,Item 2. Management's Discussion and Analysis of Financial Condition and Results of Operations,"to the extent circumstances require or we deem it otherwise necessary, we will update or amend these risk factors in a form 10-q or form 8-k.",discussion
PART I. FINANCIAL INFORMATION,Item 2. Management's Discussion and Analysis of Financial Condition and Results of Operations,"forward-looking statements should not be read as a guarantee of future performance or results, and will not necessarily be accurate indications of the times that, or by which, such performance or results will be achieved.",discussion
PART I. FINANCIAL INFORMATION,Item 2. Management's Discussion and Analysis of Financial Condition and Results of Operations,forward-looking information is subject to risks and uncertainties that could cause actual performance or results to differ materially from those expressed in the statements.,discussion
PART I. FINANCIAL INFORMATION,Item 2. Management's Discussion and Analysis of Financial Condition and Results of Operations,critical accounting policies and estimates we base our discussion and analysis of our financial condition and results of operations upon our condensed consolidated financial statements.,discussion
PART I. FINANCIAL INFORMATION,Item 2. Management's Discussion and Analysis of Financial Condition and Results of Operations,"the preparation of these financial statements requires estimation and judgment that affect the reported amounts of revenues, expenses, assets, and liabilities.",discussion
PART I. FINANCIAL INFORMATION,Item 2. Management's Discussion and Analysis of Financial Condition and Results of Operations,"we base our estimates on historical experience and on various other assumptions that are believed to be reasonable under the circumstances, the results of which form the basis for making judgments about the carrying values of assets and liabilities that are not readily apparent from other sources.",discussion
PART I. FINANCIAL INFORMATION,Item 2. Management's Discussion and Analysis of Financial Condition and Results of Operations,"if these estimates differ materially from actual results, the impact on the condensed consolidated financial statements may be material.",discussion
PART I. FINANCIAL INFORMATION,Item 2. Management's Discussion and Analysis of Financial Condition and Results of Operations,our critical accounting policies are available in item 7 of our 2019 annual report on form 10-k.,discussion
PART I. FINANCIAL INFORMATION,Item 2. Management's Discussion and Analysis of Financial Condition and Results of Operations,there have not been any significant changes with respect to these policies during the first three months of 2020.,discussion
PART I. FINANCIAL INFORMATION,Item 2. Management's Discussion and Analysis of Financial Condition and Results of Operations,results of operations quarterly summary the company reported earnings of $2.15 per diluted share on net income of $1.5 billion and an all-time record operating ratio of 59.0% in the first quarter of 2020 compared to earnings of $1.93 per diluted share on net income of $1.4 billion for the first quarter of 2019.,discussion
PART I. FINANCIAL INFORMATION,Item 2. Management's Discussion and Analysis of Financial Condition and Results of Operations,freight revenues decreased 3% in the quarter compared to the same period in 2019 driven by a 7% volume decline.,discussion
PART I. FINANCIAL INFORMATION,Item 2. Management's Discussion and Analysis of Financial Condition and Results of Operations,average revenue per car (arc) was up 5% due to positive mix of traffic and core pricing gains partially offset by lower fuel surcharge revenue.,discussion
PART I. FINANCIAL INFORMATION,Item 2. Management's Discussion and Analysis of Financial Condition and Results of Operations,"growth in shipments of petroleum products, construction, metals, liquid petroleum gas (lpg), industrial chemicals, and plastics were more than offset by declines in intermodal, coal and frac sand shipments.",discussion
PART I. FINANCIAL INFORMATION,Item 2. Management's Discussion and Analysis of Financial Condition and Results of Operations,"productivity initiatives, volume declines, lower fuel prices and elimination of additional costs from weather events in 2019 drove operating expenses down 10% from 2019.",discussion
PART I. FINANCIAL INFORMATION,Item 2. Management's Discussion and Analysis of Financial Condition and Results of Operations,"these factors, coupled with price increases, more than offset the impact of the revenue decline as operating income increased 9% in the first quarter compared to the same period in 2019.",discussion
PART I. FINANCIAL INFORMATION,Item 2. Management's Discussion and Analysis of Financial Condition and Results of Operations,"effects from covid-19 as covid-19 spread throughout the world, our first quarter revenue was negatively impacted by the disruptions to china's supply chain starting in mid-february and the closure of the u.s. automotive plants at the end of march.",discussion
PART I. FINANCIAL INFORMATION,Item 2. Management's Discussion and Analysis of Financial Condition and Results of Operations,"with the continuation of the pandemic into the second quarter and its further spread, we have seen material volume declines from march in autos, intermodal, chemicals, petroleum, coal and metals offset by increases in grain, construction and pulp and paper products.",discussion
PART I. FINANCIAL INFORMATION,Item 2. Management's Discussion and Analysis of Financial Condition and Results of Operations,demand driven resources will be adjusted to match the volumes and other cost savings initiatives will be implemented in the second quarter.,discussion
PART I. FINANCIAL INFORMATION,Item 2. Management's Discussion and Analysis of Financial Condition and Results of Operations,"in addition, we have to date incurred and expect to continue to incur additional expenses associated with keeping our employees, customers and communities safe.",discussion
PART I. FINANCIAL INFORMATION,Item 2. Management's Discussion and Analysis of Financial Condition and Results of Operations,"while we do not currently expect these expenses to have a material negative impact on our second quarter results overall, they may impact trends on certain expense lines.",discussion
PART I. FINANCIAL INFORMATION,Item 2. Management's Discussion and Analysis of Financial Condition and Results of Operations,"although the pandemic is causing economic disruptions, our rail network remains fluid and we have continued to serve our customers with minimal impact.",discussion
PART I. FINANCIAL INFORMATION,Item 2. Management's Discussion and Analysis of Financial Condition and Results of Operations,"safety is our first priority and we are taking precautions to protect the health and wellbeing of our employees, as they play the most critical role in keeping our operations running.",discussion
PART I. FINANCIAL INFORMATION,Item 2. Management's Discussion and Analysis of Financial Condition and Results of Operations,our employees responsible for operating freight trains as well as maintaining rail infrastructure and equipment were deemed essential critical infrastructure workers by the u.s.,discussion
PART I. FINANCIAL INFORMATION,Item 2. Management's Discussion and Analysis of Financial Condition and Results of Operations,department of homeland security's cybersecurity and infrastructure agency (cisa).,discussion
PART I. FINANCIAL INFORMATION,Item 2. Management's Discussion and Analysis of Financial Condition and Results of Operations,"in addition, the border restrictions on non-essential travel between the u.s., canada and mexico do not apply to freight 23 table of contents shipments related to international trade.",discussion
PART I. FINANCIAL INFORMATION,Item 2. Management's Discussion and Analysis of Financial Condition and Results of Operations,"while our operations are currently not materially negatively affected, it is not possible to predict whether or how they may be negatively affected if the pandemic persists for an extended period.",discussion
PART I. FINANCIAL INFORMATION,Item 2. Management's Discussion and Analysis of Financial Condition and Results of Operations,"while we respond to this evolving situation, we intend to continue to execute on our strategic unified plan 2020.",discussion
PART I. FINANCIAL INFORMATION,Item 2. Management's Discussion and Analysis of Financial Condition and Results of Operations,we believe the steps we have taken to enhance our capital structure and liquidity have strengthened our ability to operate through current conditions.,discussion
PART I. FINANCIAL INFORMATION,Item 2. Management's Discussion and Analysis of Financial Condition and Results of Operations,"during the first quarter, we generated $2.2 billion of cash from operations.",discussion
PART I. FINANCIAL INFORMATION,Item 2. Management's Discussion and Analysis of Financial Condition and Results of Operations,"on march 31, 2020, we had $1.1 billion of cash and cash equivalents and $2 billion of credit available under our revolving credit facility and up to $400 million undrawn on the receivables facility.",discussion
PART I. FINANCIAL INFORMATION,Item 2. Management's Discussion and Analysis of Financial Condition and Results of Operations,"on april 7, 2020, we issued $750 million of long-term debt.",discussion
PART I. FINANCIAL INFORMATION,Item 2. Management's Discussion and Analysis of Financial Condition and Results of Operations,we have $949 million of debt maturing before the end of the year.,discussion
PART I. FINANCIAL INFORMATION,Item 2. Management's Discussion and Analysis of Financial Condition and Results of Operations,"based on our current cash position and outlook, we do not expect any issue funding our debt maturities in 2020.",discussion
PART I. FINANCIAL INFORMATION,Item 2. Management's Discussion and Analysis of Financial Condition and Results of Operations,"we have been, and we expect to continue to be, in compliance with our debt covenants.",discussion
PART I. FINANCIAL INFORMATION,Item 2. Management's Discussion and Analysis of Financial Condition and Results of Operations,"we will utilize some of the tax payment deferral opportunities provided by the irs and coronavirus aid, relief, and economic security act (cares act).",discussion
PART I. FINANCIAL INFORMATION,Item 2. Management's Discussion and Analysis of Financial Condition and Results of Operations,our bad debt provision may increase in 2020 if the creditworthiness of our customers deteriorates.,discussion
PART I. FINANCIAL INFORMATION,Item 2. Management's Discussion and Analysis of Financial Condition and Results of Operations,"we plan to maintain our dividend but have currently suspended our share repurchase activity with the exception of the final settlement on our $2 billion accelerated share repurchase program initiated on february 18, 2020.",discussion
PART I. FINANCIAL INFORMATION,Item 2. Management's Discussion and Analysis of Financial Condition and Results of Operations,"this situation is fluid and highly uncertain, and, while the industrial sector may begin to rebound in the second quarter, consumer and industrial demand for these goods may have a longer recovery period.",discussion
PART I. FINANCIAL INFORMATION,Item 2. Management's Discussion and Analysis of Financial Condition and Results of Operations,"even though the timing is unknown, we have adequate resources that can be put into service quickly when volume returns.",discussion
PART I. FINANCIAL INFORMATION,Item 2. Management's Discussion and Analysis of Financial Condition and Results of Operations,"select locomotives, although not currently in use, are stored and maintained so they can be returned to service immediately.",discussion
PART I. FINANCIAL INFORMATION,Item 2. Management's Discussion and Analysis of Financial Condition and Results of Operations,we also maintain a program for our train service employees to work a reduced schedule that allows them to stay qualified and return to full time status without additional training (alternate work status).,discussion
PART I. FINANCIAL INFORMATION,Item 2. Management's Discussion and Analysis of Financial Condition and Results of Operations,"we continue to maintain existing processes and procedures, including but not limited to processes and procedures around protection of our technology systems and proprietary data, even though a significant number of our employees are working from home.",discussion
PART I. FINANCIAL INFORMATION,Item 2. Management's Discussion and Analysis of Financial Condition and Results of Operations,"during this time of uncertainty, the health and wellbeing of our employees is top of mind as we continue our operating transformation and now navigate the challenges presented by the pandemic.",discussion
PART I. FINANCIAL INFORMATION,Item 2. Management's Discussion and Analysis of Financial Condition and Results of Operations,"despite all of the steps taken to mitigate the risk presented by the pandemic, the impact on our 2020 financial and operating results could be material.",discussion
PART I. FINANCIAL INFORMATION,Item 2. Management's Discussion and Analysis of Financial Condition and Results of Operations,"operating revenues millions,     % for the three months ended march 31,20202019 change freight revenues$ 4,880 $ 5,010  (3)% other subsidiary revenues  214   223  (4)  accessorial revenues  117   133  (12)  other  18   18  -  total$ 5,229 $ 5,384  (3)% we generate freight revenues by transporting freight or other materials from our three commodity groups.",discussion
PART I. FINANCIAL INFORMATION,Item 2. Management's Discussion and Analysis of Financial Condition and Results of Operations,"prior to 2020, we reported on four commodity groups, thus 2020 commodity, arc, and carloadings have been realigned to the new reporting format.",discussion
PART I. FINANCIAL INFORMATION,Item 2. Management's Discussion and Analysis of Financial Condition and Results of Operations,freight revenues vary with volume (carloads) and arc.,discussion
PART I. FINANCIAL INFORMATION,Item 2. Management's Discussion and Analysis of Financial Condition and Results of Operations,"changes in price, traffic mix and fuel surcharges drive arc.",discussion
PART I. FINANCIAL INFORMATION,Item 2. Management's Discussion and Analysis of Financial Condition and Results of Operations,"customer incentives, which are primarily provided for shipping to/from specific locations or based on cumulative volumes, are recorded as a reduction to operating revenues.",discussion
PART I. FINANCIAL INFORMATION,Item 2. Management's Discussion and Analysis of Financial Condition and Results of Operations,"customer incentives that include variable consideration based on cumulative volumes are estimated using the expected value method, which is based on available historical, current, and forecasted volumes, and recognized as the related performance obligation is satisfied.",discussion
PART I. FINANCIAL INFORMATION,Item 2. Management's Discussion and Analysis of Financial Condition and Results of Operations,we recognize freight revenues over time as shipments move from origin to destination.,discussion
PART I. FINANCIAL INFORMATION,Item 2. Management's Discussion and Analysis of Financial Condition and Results of Operations,the allocation of revenue between reporting periods is based on the relative transit time in each reporting period with expenses recognized as incurred.,discussion
PART I. FINANCIAL INFORMATION,Item 2. Management's Discussion and Analysis of Financial Condition and Results of Operations,other revenues consist primarily of revenues earned by our other subsidiaries (primarily logistics and commuter rail operations) and accessorial revenues.,discussion
PART I. FINANCIAL INFORMATION,Item 2. Management's Discussion and Analysis of Financial Condition and Results of Operations,other subsidiary revenues are generally recognized over time as shipments move from origin to destination.,discussion
PART I. FINANCIAL INFORMATION,Item 2. Management's Discussion and Analysis of Financial Condition and Results of Operations,the allocation of revenue between reporting periods is based on the relative transit time in each reporting period with expenses recognized as incurred.,discussion
PART I. FINANCIAL INFORMATION,Item 2. Management's Discussion and Analysis of Financial Condition and Results of Operations,accessorial revenues are recognized at a point in time as performance obligations are satisfied.,discussion
PART I. FINANCIAL INFORMATION,Item 2. Management's Discussion and Analysis of Financial Condition and Results of Operations,"24 table of contents freight revenue decreased 3% during the first quarter of 2020 compared to 2019, resulting from a 7% volume decline and lower fuel surcharge, partially offset by positive mix of traffic and core pricing gains.",discussion
PART I. FINANCIAL INFORMATION,Item 2. Management's Discussion and Analysis of Financial Condition and Results of Operations,"fewer shipments of intermodal, coal and frac sand partially offset by increases in petroleum products, construction, metals, lpg, industrial chemicals, and plastics shipments drove the volume declines.",discussion
PART I. FINANCIAL INFORMATION,Item 2. Management's Discussion and Analysis of Financial Condition and Results of Operations,each of our commodity groups includes revenue from fuel surcharges.,discussion
PART I. FINANCIAL INFORMATION,Item 2. Management's Discussion and Analysis of Financial Condition and Results of Operations,freight revenues from fuel surcharge programs were $351 million in the first quarter of 2020 compared to $398 million in the same period of 2019.,discussion
PART I. FINANCIAL INFORMATION,Item 2. Management's Discussion and Analysis of Financial Condition and Results of Operations,the decline was driven by reduced volume and lower fuel prices.,discussion
PART I. FINANCIAL INFORMATION,Item 2. Management's Discussion and Analysis of Financial Condition and Results of Operations,other revenue decreased in the first quarter compared to 2019 due to volume declines in intermodal.,discussion
PART I. FINANCIAL INFORMATION,Item 2. Management's Discussion and Analysis of Financial Condition and Results of Operations,"lower revenue at our subsidiaries, primarily those that broker intermodal, transload, and refrigerated warehousing logistics services also contributed to the first quarter decrease compared to 2019.",discussion
PART I. FINANCIAL INFORMATION,Item 2. Management's Discussion and Analysis of Financial Condition and Results of Operations,"the following tables summarize the year-over-year changes in freight revenues, revenue carloads, and arc by commodity type: freight revenues     millions,    %  for the three months ended march 31,20202019change      grain & grain products$ 689 $ 665  4 %      fertilizer  174   159  9        food & refrigerated  250   242  3        coal & renewables  421   554  (24)     bulk  1,534   1,620  (5)       industrial chemicals & plastics  495   452  10        metals & minerals  469   536  (13)       forest products  303   285  6        energy & specialized markets  627   566  11      industrial  1,894   1,839  3        automotive  524   520  1        intermodal  928   1,031  (10)     premium  1,452   1,551  (6)  total$ 4,880 $ 5,010  (3)% revenue carloads    thousands,   %  for the three months ended march 31,20202019change      grain & grain products 175  169  4 %      fertilizer 46  43  7        food & refrigerated 48  47  2        coal & renewables 208  256  (19)     bulk 477  515  (7)       industrial chemicals & plastics 154  148  4        metals & minerals 174  180  (3)       forest products 56  56  -       energy & specialized markets 162  147  10      industrial 546  531  3        automotive 208  210  (1)       intermodal [a] 709  831  (15)     premium 917  1,041  (12)  total 1,940  2,087  (7)% [a] for intermodal shipments each container or trailer equals one carload.",discussion
PART I. FINANCIAL INFORMATION,Item 2. Management's Discussion and Analysis of Financial Condition and Results of Operations,"25 table of contents average revenue per car % for the three months ended march 31,20202019change      grain & grain products$ 3,940 $ 3,924  -%      fertilizer  3,768   3,718  1        food & refrigerated  5,277   5,219  1        coal & renewables  2,022   2,162  (6)     bulk  3,219   3,146  2        industrial chemicals & plastics  3,205   3,047  5        metals & minerals  2,697   2,968  (9)       forest products  5,457   5,145  6        energy & specialized markets  3,866   3,865  -     industrial  3,469   3,465  -       automotive  2,525   2,472  2        intermodal [a]  1,307   1,241  5      premium  1,583   1,489  6   average  $ 2,516 $ 2,401  5 % [a] for intermodal shipments each container or trailer equals one carload.",discussion
PART I. FINANCIAL INFORMATION,Item 2. Management's Discussion and Analysis of Financial Condition and Results of Operations,"bulk  -  bulk includes shipments of grain and grain products, fertilizer, food and refrigerated goods, and coal and renewables.",discussion
PART I. FINANCIAL INFORMATION,Item 2. Management's Discussion and Analysis of Financial Condition and Results of Operations,"freight revenue from bulk shipments decreased in the first quarter of 2020 compared to 2019 due to a 7% volume decline and lower fuel surcharge revenue, partially offset by positive business mix and core pricing gains.",discussion
PART I. FINANCIAL INFORMATION,Item 2. Management's Discussion and Analysis of Financial Condition and Results of Operations,volume declines were driven by a reduction in coal shipments partially offset by growth in ethanol and fertilizer shipments.,discussion
PART I. FINANCIAL INFORMATION,Item 2. Management's Discussion and Analysis of Financial Condition and Results of Operations,"continued softness in market conditions due to historically low natural gas prices, a mild winter and weak export demand drove the 20% decline in coal shipments in the first quarter 2020 compared to the same period in 2019, which was negatively impacted by last year's weather events.",discussion
PART I. FINANCIAL INFORMATION,Item 2. Management's Discussion and Analysis of Financial Condition and Results of Operations,"industrial  -  industrial includes shipments of industrial chemicals and plastics, metals and minerals, forest products, and energy and specialized markets.",discussion
PART I. FINANCIAL INFORMATION,Item 2. Management's Discussion and Analysis of Financial Condition and Results of Operations,"freight revenue from industrial shipments increased 3% in the first quarter compared to 2019 due to a 3% increase in volume and core pricing gains, partially offset by a negative mix of traffic and lower fuel surcharge revenue.",discussion
PART I. FINANCIAL INFORMATION,Item 2. Management's Discussion and Analysis of Financial Condition and Results of Operations,"growth in petroleum products, construction, metals, lpg, industrial chemicals and plastics more than offset the declines in frac sand.",discussion
PART I. FINANCIAL INFORMATION,Item 2. Management's Discussion and Analysis of Financial Condition and Results of Operations,"in the first part of the quarter, favorable canadian spreads facilitated strength in canadian crude business to the u.s.",discussion
PART I. FINANCIAL INFORMATION,Item 2. Management's Discussion and Analysis of Financial Condition and Results of Operations,gulf.,discussion
PART I. FINANCIAL INFORMATION,Item 2. Management's Discussion and Analysis of Financial Condition and Results of Operations,mexican market strength drove increased lpg shipments.,discussion
PART I. FINANCIAL INFORMATION,Item 2. Management's Discussion and Analysis of Financial Condition and Results of Operations,"in addition, volume increases were driven by strong market demand in construction, industrial chemicals and plastics.",discussion
PART I. FINANCIAL INFORMATION,Item 2. Management's Discussion and Analysis of Financial Condition and Results of Operations,strong metals shipments were due to inventory replenishments.,discussion
PART I. FINANCIAL INFORMATION,Item 2. Management's Discussion and Analysis of Financial Condition and Results of Operations,sand shipments decreased due to the use of local sand and drilling declines compared to first quarter 2019.,discussion
PART I. FINANCIAL INFORMATION,Item 2. Management's Discussion and Analysis of Financial Condition and Results of Operations,"premium  -  premium includes shipments of finished automobiles, automotive parts, and various merchandise in intermodal containers, both domestic and international.",discussion
PART I. FINANCIAL INFORMATION,Item 2. Management's Discussion and Analysis of Financial Condition and Results of Operations,"premium revenue declined 6% compared to 2019 as a 12% decline in premium volume more than offset a 6% improvement in arc, driven by positive mix of traffic and core pricing gains.",discussion
PART I. FINANCIAL INFORMATION,Item 2. Management's Discussion and Analysis of Financial Condition and Results of Operations,"the decrease in premium volume was concentrated in international intermodal shipments, which faced a difficult year-over-year comparison due to trade uncertainty and expected tariffs in early 2019.",discussion
PART I. FINANCIAL INFORMATION,Item 2. Management's Discussion and Analysis of Financial Condition and Results of Operations,"the 2020 impacts of the covid-19 pandemic, including the extended lunar new year holiday, materially disrupted supply chains in china and the surrounding regions.",discussion
PART I. FINANCIAL INFORMATION,Item 2. Management's Discussion and Analysis of Financial Condition and Results of Operations,domestic shipments were also impacted negatively due to the disrupted supply chain driving weak imports and fewer shipments off the west coast.,discussion
PART I. FINANCIAL INFORMATION,Item 2. Management's Discussion and Analysis of Financial Condition and Results of Operations,the surplus in truck capacity also contributed to the weakness in domestic shipments.,discussion
PART I. FINANCIAL INFORMATION,Item 2. Management's Discussion and Analysis of Financial Condition and Results of Operations,"automotive shipments were strong for most of the first quarter until the pandemic closed dealerships and manufacturing plants in north america the last few weeks in march and into the second quarter, resulting in a 1% decline in volume compared to first quarter 2019.",discussion
PART I. FINANCIAL INFORMATION,Item 2. Management's Discussion and Analysis of Financial Condition and Results of Operations,mexico business  -  each of our commodity groups includes revenue from shipments to and from mexico.,discussion
PART I. FINANCIAL INFORMATION,Item 2. Management's Discussion and Analysis of Financial Condition and Results of Operations,revenue from mexico business increased 1% as positive mix of traffic and pricing gains more than offset the 2% decline in shipments.,discussion
PART I. FINANCIAL INFORMATION,Item 2. Management's Discussion and Analysis of Financial Condition and Results of Operations,"growth in beer, lpg and industrial chemical shipments were more than offset by declines in coal and intermodal shipments.",discussion
PART I. FINANCIAL INFORMATION,Item 2. Management's Discussion and Analysis of Financial Condition and Results of Operations,"26 table of contents operating expenses millions,  % for the three months ended march 31,20202019change compensation and benefits$ 1,059 $ 1,205  (12)% depreciation  547   549  -  purchased services and materials  521   576  (10)  fuel  434   531  (18)  equipment and other rents  227   258  (12)  other  298   305  (2)  total$ 3,086 $ 3,424  (10)% operating expenses decreased $338 million in the first quarter compared to 2019 driven by productivity initiatives, volume declines, lower fuel prices and lower year-over-year weather-related costs.",discussion
PART I. FINANCIAL INFORMATION,Item 2. Management's Discussion and Analysis of Financial Condition and Results of Operations,"partially offsetting these decreases compared to 2019 are an employment tax refund recognized in 2019, inflation and increased bad debt expense.",discussion
PART I. FINANCIAL INFORMATION,Item 2. Management's Discussion and Analysis of Financial Condition and Results of Operations,"compensation and benefits  -  compensation and benefits include wages, payroll taxes, health and welfare costs, pension costs, other postretirement benefits, and incentive costs.",discussion
PART I. FINANCIAL INFORMATION,Item 2. Management's Discussion and Analysis of Financial Condition and Results of Operations,"for the first quarter, expenses decreased 12% compared to 2019 due to a 15% reduction in employee levels driven by a 7% decline in carload volumes and productivity initiatives.",discussion
PART I. FINANCIAL INFORMATION,Item 2. Management's Discussion and Analysis of Financial Condition and Results of Operations,"comparisons with the first quarter of 2019 were favorably impacted by fewer workforce reduction expenses and decreased weather-related costs, offset by an employment tax refund recognized in 2019.",discussion
PART I. FINANCIAL INFORMATION,Item 2. Management's Discussion and Analysis of Financial Condition and Results of Operations,"depreciation  -  the majority of depreciation relates to road property, including rail, ties, ballast, and other track material.",discussion
PART I. FINANCIAL INFORMATION,Item 2. Management's Discussion and Analysis of Financial Condition and Results of Operations,depreciation expense was essentially flat compared to the first quarter of 2019.,discussion
PART I. FINANCIAL INFORMATION,Item 2. Management's Discussion and Analysis of Financial Condition and Results of Operations,"purchased services and materials  -  expense for purchased services and materials includes the costs of services purchased (including equipment maintenance and contract expenses incurred by our subsidiaries for external transportation services); materials used to maintain the railroad's lines, structures, and equipment; costs of operating facilities jointly used by uprr and other railroads; transportation and lodging for train crew employees; trucking and contracting costs for intermodal containers; leased automobile maintenance expenses; and tools and supplies.",discussion
PART I. FINANCIAL INFORMATION,Item 2. Management's Discussion and Analysis of Financial Condition and Results of Operations,"purchased services and materials decreased 10% primarily due to lower locomotive maintenance expenses due to a smaller active fleet, volume-related costs for intermodal and transload services, costs associated with derailments, professional services costs and lower year-over-year weather-related costs.",discussion
PART I. FINANCIAL INFORMATION,Item 2. Management's Discussion and Analysis of Financial Condition and Results of Operations,fuel  -  fuel includes locomotive fuel and fuel for highway and non-highway vehicles and heavy equipment.,discussion
PART I. FINANCIAL INFORMATION,Item 2. Management's Discussion and Analysis of Financial Condition and Results of Operations,"a 10% decline in locomotive diesel fuel prices, which averaged $1.87 per gallon (including taxes and transportation costs) in the first quarter of 2020 compared to $2.07 per gallon in the same period in 2019, a 5% improvement in the fuel consumption rate, computed as gallons of fuel consumed divided by gross ton-mile in thousands, and a 4% decline in gross ton-miles drove the decrease in the first quarter compared to the same period in 2019.",discussion
PART I. FINANCIAL INFORMATION,Item 2. Management's Discussion and Analysis of Financial Condition and Results of Operations,"equipment and other rents  -  equipment and other rents expense primarily includes rental expense that the railroad pays for freight cars owned by other railroads or private companies; freight car, intermodal, and locomotive leases; and office and other rentals.",discussion
PART I. FINANCIAL INFORMATION,Item 2. Management's Discussion and Analysis of Financial Condition and Results of Operations,"equipment and other rents expense decreased 12% in the first quarter compared to 2019, driven by lower locomotive and freight car lease expenses, decreased car rent expense due to volume declines, and improved cycle time partially offset by lower equity income from our investment in ttx company.",discussion
PART I. FINANCIAL INFORMATION,Item 2. Management's Discussion and Analysis of Financial Condition and Results of Operations,"other  -  other expenses include state and local taxes; freight, equipment and property damage; utilities, insurance, personal injury, environmental, employee travel, telephone and cellular, computer software, bad debt and other general expenses.",discussion
PART I. FINANCIAL INFORMATION,Item 2. Management's Discussion and Analysis of Financial Condition and Results of Operations,other costs decreased 2% in the first quarter compared to 2019 driven primarily by lower costs associated with destroyed equipment and freight loss and damage costs.,discussion
PART I. FINANCIAL INFORMATION,Item 2. Management's Discussion and Analysis of Financial Condition and Results of Operations,"conversely, additional bad debt expense associated with the pandemic-induced uncertainty related to certain customer receivables partially offset these decreases versus 2019.",discussion
PART I. FINANCIAL INFORMATION,Item 2. Management's Discussion and Analysis of Financial Condition and Results of Operations,"27 table of contents non-operating items millions,  % for the three months ended march 31,20202019change  other income$ 53 $ 77  (31)% interest expense  (278)  (247) 13   income taxes  (444)  (399) 11 other income  -  other income decreased in the first quarter of 2020 compared to 2019 as a result of $27 million in interest income associated with an employment tax refund in 2019.",discussion
PART I. FINANCIAL INFORMATION,Item 2. Management's Discussion and Analysis of Financial Condition and Results of Operations,"interest expense  -  interest expense increased in the first quarter of 2020 compared to 2019 due to an increase in the weighted-average debt level of $27.3 billion in 2020 compared to $23.6 billion in 2019, partially offset by a lower effective interest rate of 4.1% in 2020 compared to 4.3% in 2019.",discussion
PART I. FINANCIAL INFORMATION,Item 2. Management's Discussion and Analysis of Financial Condition and Results of Operations,income taxes  -  income taxes increased in the first quarter of 2020 compared to 2019 due to higher pre-tax income.,discussion
PART I. FINANCIAL INFORMATION,Item 2. Management's Discussion and Analysis of Financial Condition and Results of Operations,"our effective tax rates for the first quarter of 2020 and 2019 were 23.1% and 22.3%, respectively.",discussion
PART I. FINANCIAL INFORMATION,Item 2. Management's Discussion and Analysis of Financial Condition and Results of Operations,other operating/performance and financial statistics we report a number of key performance measures weekly to the surface transportation board (stb).,discussion
PART I. FINANCIAL INFORMATION,Item 2. Management's Discussion and Analysis of Financial Condition and Results of Operations,we provide this data on our website at www.up.com/investor/aar-stb_reports/index.htm.,discussion
PART I. FINANCIAL INFORMATION,Item 2. Management's Discussion and Analysis of Financial Condition and Results of Operations,"operating/performance statistics in an effort to operate a safe, reliable and efficient railroad, management uses these key operating metrics to evaluate the health of our network.",discussion
PART I. FINANCIAL INFORMATION,Item 2. Management's Discussion and Analysis of Financial Condition and Results of Operations,"the metrics are continuously measured to determine our productivity, asset utilization, and network efficiency in striving to provide a consistent, reliable service product to our customers.",discussion
PART I. FINANCIAL INFORMATION,Item 2. Management's Discussion and Analysis of Financial Condition and Results of Operations,"railroad performance measures are included in the table below: % for the three months ended march 31,20202019change gross ton-miles (gtms) (billions) 201.3  210.3  (4)% revenue ton-miles (billions) 99.7  106.7  (7)  freight car velocity (daily miles per car) [a] 209  194  8   average train speed (miles per hour) [a] [b] 25.4  24.6  3   average terminal dwell time (hours) [a] [b] 23.8  26.8  (11)  locomotive productivity (gtms per horsepower day) 131  111  18   train length (feet) 8,396  7,292  15   intermodal car trip plan compliance (%) 85  66  19 pts manifest/automotive car trip plan compliance (%) 64  63  1 pts workforce productivity (car miles per employee) 894  812  10   total employees (average) 33,872  40,053  (15)  operating ratio 59.0  63.6  (4.6)pts [a]    prior years have been recast to conform to the current year presentation which reflects minor refinements. [b]    as reported to the stb.",discussion
PART I. FINANCIAL INFORMATION,Item 2. Management's Discussion and Analysis of Financial Condition and Results of Operations,gross and revenue ton-miles  -  gross ton-miles are calculated by multiplying the weight of loaded and empty freight cars by the number of miles hauled.,discussion
PART I. FINANCIAL INFORMATION,Item 2. Management's Discussion and Analysis of Financial Condition and Results of Operations,revenue ton-miles are calculated by multiplying the weight of freight by the number of tariff miles.,discussion
PART I. FINANCIAL INFORMATION,Item 2. Management's Discussion and Analysis of Financial Condition and Results of Operations,"gross ton-miles and revenue ton-miles decreased 4% and 7%, respectively, in 2020 compared to 2019, driven by a 7% decline in carloadings.",discussion
PART I. FINANCIAL INFORMATION,Item 2. Management's Discussion and Analysis of Financial Condition and Results of Operations,changes in commodity mix drove the variance in year-over-year decreases between gross ton-miles and revenue ton-miles and carloads. ‎,discussion
PART I. FINANCIAL INFORMATION,Item 2. Management's Discussion and Analysis of Financial Condition and Results of Operations,28 table of contents freight car velocity  -  freight car velocity measures the average daily miles per car on our network.,discussion
PART I. FINANCIAL INFORMATION,Item 2. Management's Discussion and Analysis of Financial Condition and Results of Operations,the two key drivers of this metric are the speed of the train between terminals (average train speed) and the time a rail car spends at the terminals (average terminal dwell time).,discussion
PART I. FINANCIAL INFORMATION,Item 2. Management's Discussion and Analysis of Financial Condition and Results of Operations,continued implementation of unified plan 2020 was the primary driver of the 8% improvement from 2019 as both average terminal dwell and average train speed improved in the first quarter of 2020 compared to the same period in 2019.,discussion
PART I. FINANCIAL INFORMATION,Item 2. Management's Discussion and Analysis of Financial Condition and Results of Operations,"average terminal dwell time in 2020 decreased 11% compared to 2019 largely due to improved terminal processes, transportation plan changes to eliminate switches, and a decrease in freight car inventory levels.",discussion
PART I. FINANCIAL INFORMATION,Item 2. Management's Discussion and Analysis of Financial Condition and Results of Operations,average train speed in the first quarter of 2020 improved 3% compared to the first quarter of 2019 as weather-related challenges slowed trains in 2019.,discussion
PART I. FINANCIAL INFORMATION,Item 2. Management's Discussion and Analysis of Financial Condition and Results of Operations,locomotive productivity  -  locomotive productivity is gross ton-miles per average daily locomotive horsepower.,discussion
PART I. FINANCIAL INFORMATION,Item 2. Management's Discussion and Analysis of Financial Condition and Results of Operations,locomotive productivity increased 18% in the first quarter compared to 2019 driven by a 23% reduction in our average active fleet size due to transportation plan changes and lower locomotive dwell times.,discussion
PART I. FINANCIAL INFORMATION,Item 2. Management's Discussion and Analysis of Financial Condition and Results of Operations,train length  -  train length is the average maximum train length on a route measured in feet.,discussion
PART I. FINANCIAL INFORMATION,Item 2. Management's Discussion and Analysis of Financial Condition and Results of Operations,"our average train length increased 15%, to 8,396 feet, in the first quarter 2020 compared to same period in 2019 as a result of blending service products and transportation plan changes.",discussion
PART I. FINANCIAL INFORMATION,Item 2. Management's Discussion and Analysis of Financial Condition and Results of Operations,car trip plan compliance  -  car trip plan compliance is the percentage of cars delivered on time in accordance with our original trip plan.,discussion
PART I. FINANCIAL INFORMATION,Item 2. Management's Discussion and Analysis of Financial Condition and Results of Operations,our network trip plan compliance is broken into intermodal containers / trailers and manifest / automotive railcars.,discussion
PART I. FINANCIAL INFORMATION,Item 2. Management's Discussion and Analysis of Financial Condition and Results of Operations,"intermodal car trip plan compliance improved 19 points, to 85%, in the first quarter of 2020 compared to same period in 2019 as a result of improved train speed and reduced dwell at our origin and destination ramps.",discussion
PART I. FINANCIAL INFORMATION,Item 2. Management's Discussion and Analysis of Financial Condition and Results of Operations,manifest / automotive car trip plan compliance of 64% was 1 point better in the first quarter compared to 2019 due to improved car dwell in our yards and more reliable first mile last mile service.,discussion
PART I. FINANCIAL INFORMATION,Item 2. Management's Discussion and Analysis of Financial Condition and Results of Operations,both metrics improvement was partially due to milder weather relative to the series of significant weather events in the first quarter of 2019.,discussion
PART I. FINANCIAL INFORMATION,Item 2. Management's Discussion and Analysis of Financial Condition and Results of Operations,workforce productivity  -  workforce productivity is average daily car miles per employee.,discussion
PART I. FINANCIAL INFORMATION,Item 2. Management's Discussion and Analysis of Financial Condition and Results of Operations,workforce productivity improved 10% as average daily car miles decreased 7% while employees decreased 15% compared to 2019.,discussion
PART I. FINANCIAL INFORMATION,Item 2. Management's Discussion and Analysis of Financial Condition and Results of Operations,lower car volumes drove the decline in average daily car miles.,discussion
PART I. FINANCIAL INFORMATION,Item 2. Management's Discussion and Analysis of Financial Condition and Results of Operations,"the 15% decline in employee levels was driven by a 7% decline in carload volumes, productivity initiatives and a smaller capital workforce.",discussion
PART I. FINANCIAL INFORMATION,Item 2. Management's Discussion and Analysis of Financial Condition and Results of Operations,"at the end of the first quarter, approximately 3,800 employees across all crafts were either furloughed or in alternate work status.",discussion
PART I. FINANCIAL INFORMATION,Item 2. Management's Discussion and Analysis of Financial Condition and Results of Operations,operating ratio  -  operating ratio is our operating expenses reflected as a percentage of operating revenue.,discussion
PART I. FINANCIAL INFORMATION,Item 2. Management's Discussion and Analysis of Financial Condition and Results of Operations,"our operating ratio of 59.0% was an all-time record and improved 4.6 points compared to 2019 mainly driven by productivity initiatives, lower fuel prices, and elimination of additional costs associated with weather-related challenges in 2019, which were partially offset by inflation and other cost increases. ‎",discussion
PART I. FINANCIAL INFORMATION,Item 2. Management's Discussion and Analysis of Financial Condition and Results of Operations,"29 table of contents adjusted debt / adjusted ebitda millions, except ratiosmar.",discussion
PART I. FINANCIAL INFORMATION,Item 2. Management's Discussion and Analysis of Financial Condition and Results of Operations,"31,dec. 31,for the trailing twelve months ended [a]20202019  net income$ 6,002 $ 5,919  add:     income tax expense  1,873   1,828  depreciation  2,214   2,216  interest expense  1,081   1,050  ebitda$ 11,170 $ 11,013  adjustments:    other income  (219)  (243) interest on operating lease liabilities [b]  62   68  adjusted ebitda $ 11,013 $ 10,838  debt$ 27,876 $ 25,200  operating lease liabilities  1,665   1,833  unfunded pension and opeb, net of taxes of $116 and $124  387   400  adjusted debt $ 29,928 $ 27,433  adjusted debt / adjusted ebitda   2.7   2.5 [a]the trailing twelve month income statement information ended march 31, 2020 is recalculated by taking the twelve months ended december 31, 2019, subtracting the three months ended march 31, 2019, and adding the three months ended march 31, 2020. [b]represents the hypothetical interest expense we would incur (using the incremental borrowing rate) if the property under our operating leases were owned or accounted for as finance leases.",discussion
PART I. FINANCIAL INFORMATION,Item 2. Management's Discussion and Analysis of Financial Condition and Results of Operations,"adjusted debt to adjusted ebitda (earnings before interest, taxes, depreciation, amortization, other income and interest on operating lease liabilities) is considered a non-gaap financial measure by sec regulation g and item 10 of sec regulation s-k and may not be defined and calculated by other companies in the same manner.",discussion
PART I. FINANCIAL INFORMATION,Item 2. Management's Discussion and Analysis of Financial Condition and Results of Operations,we believe this measure is important to management and investors in evaluating the company's ability to sustain given debt levels (including leases) with the cash generated from operations.,discussion
PART I. FINANCIAL INFORMATION,Item 2. Management's Discussion and Analysis of Financial Condition and Results of Operations,"in addition, a comparable measure is used by rating agencies when reviewing the company's credit rating.",discussion
PART I. FINANCIAL INFORMATION,Item 2. Management's Discussion and Analysis of Financial Condition and Results of Operations,"adjusted debt to adjusted ebitda should be considered in addition to, rather than as a substitute for, net income.",discussion
PART I. FINANCIAL INFORMATION,Item 2. Management's Discussion and Analysis of Financial Condition and Results of Operations,the table above provides reconciliations from net income to adjusted debt to adjusted ebitda.,discussion
PART I. FINANCIAL INFORMATION,Item 2. Management's Discussion and Analysis of Financial Condition and Results of Operations,"at both march 31, 2020 and december 31, 2019, the incremental borrowing rate on operating lease liabilities was 3.7%.",discussion
PART I. FINANCIAL INFORMATION,Item 2. Management's Discussion and Analysis of Financial Condition and Results of Operations,"liquidity and capital resources financial condition cash flows     millions,     for the three months ended march 31,20202019 cash provided by operating activities$ 2,155 $ 1,959  cash used in investing activities  (807)  (784) cash used in financing activities  (997)  (1,405) net change in cash, cash equivalents and restricted cash$ 351 $ (230) operating activities cash provided by operating activities increased in the first three months of 2020 compared to the same period of 2019 due primarily to higher net income. ‎",discussion
PART I. FINANCIAL INFORMATION,Item 2. Management's Discussion and Analysis of Financial Condition and Results of Operations,30 table of contents investing activities increased capital investments on road infrastructure replacements drove higher cash used in investing activities in the first three months of 2020 compared to the same period in 2019.,discussion
PART I. FINANCIAL INFORMATION,Item 2. Management's Discussion and Analysis of Financial Condition and Results of Operations,"the table below details cash capital investments: millions,  for the three months ended march 31,20202019 rail and other track material$ 141 $ 142  ties  135   112  ballast  61   48  other [a]  143   103  total road infrastructure replacements  480   405  line expansion and other capacity projects  81   100  commercial facilities  28   26  total capacity and commercial facilities  109   126  locomotives and freight cars [b]  103   94  positive train control  18   17  technology and other  97   110  total cash capital investments$ 807 $ 752 [a]other includes bridges and tunnels, signals, other road assets, and road work equipment. [b]locomotives and freight cars include lease buyouts of $14 million in 2020 and $30 million in 2019.",discussion
PART I. FINANCIAL INFORMATION,Item 2. Management's Discussion and Analysis of Financial Condition and Results of Operations,"capital plan we estimate our 2020 capital expenditures to be approximately $2.9 billion, a reduction of $150 to $200 million from our previously announced capital plan as a result of economic uncertainties associated with the covid-19 pandemic and the impact to our business.",discussion
PART I. FINANCIAL INFORMATION,Item 2. Management's Discussion and Analysis of Financial Condition and Results of Operations,further revisions may occur if business conditions or the regulatory environment affect our ability to generate sufficient returns on these investments.,discussion
PART I. FINANCIAL INFORMATION,Item 2. Management's Discussion and Analysis of Financial Condition and Results of Operations,"financing activities cash used in financing activities decreased $408 million in the first three months of 2020 compared to the same period of 2019, driven by decreased share repurchases.",discussion
PART I. FINANCIAL INFORMATION,Item 2. Management's Discussion and Analysis of Financial Condition and Results of Operations,see note 14 of the condensed consolidated financial statements for a description of all our outstanding financing arrangements and significant new borrowings and note 18 of the condensed consolidated financial statements for a description of our share repurchase programs.,discussion
PART I. FINANCIAL INFORMATION,Item 2. Management's Discussion and Analysis of Financial Condition and Results of Operations,free cash flow  -  free cash flow is defined as cash provided by operating activities less cash used in investing activities and dividends paid.,discussion
PART I. FINANCIAL INFORMATION,Item 2. Management's Discussion and Analysis of Financial Condition and Results of Operations,cash flow conversion rate is cash from operations less cash used for capital investments as a ratio of net income.,discussion
PART I. FINANCIAL INFORMATION,Item 2. Management's Discussion and Analysis of Financial Condition and Results of Operations,free cash flow and cash flow conversion rate are not considered financial measures under gaap by sec regulation g and item 10 of sec regulation s-k and may not be defined and calculated by other companies in the same manner.,discussion
PART I. FINANCIAL INFORMATION,Item 2. Management's Discussion and Analysis of Financial Condition and Results of Operations,we believe free cash flow and cash flow conversion rate are important to management and investors in evaluating our financial performance and measures our ability to generate cash without additional external financing.,discussion
PART I. FINANCIAL INFORMATION,Item 2. Management's Discussion and Analysis of Financial Condition and Results of Operations,"free cash flow and cash flow conversion rate should be considered in addition to, rather than as a substitute for, cash provided by operating activities.",discussion
PART I. FINANCIAL INFORMATION,Item 2. Management's Discussion and Analysis of Financial Condition and Results of Operations,"31 table of contents the following table reconciles cash provided by operating activities (gaap measure) to free cash flow (non-gaap measure): millions,   for the three months ended march 31,20202019  cash provided by operating activities$ 2,155 $ 1,959   cash used in investing activities  (807)  (784)  dividends paid  (660)  (626)  free cash flow$ 688 $ 549 the following table reconciles cash provided by operating activities (gaap measure) to cash flow conversion rate (non-gaap measure): millions,      for the three months ended march 31,20202019  cash provided by operating activities$ 2,155 $ 1,959   cash used in capital investments  (807)  (752)  total (a)  1,348   1,207   net income (b)  1,474   1,391   cash flow conversion rate (a/b)  91 % 87 % current liquidity status we are continually evaluating the impact of covid-19 on our financial condition and liquidity.",discussion
PART I. FINANCIAL INFORMATION,Item 2. Management's Discussion and Analysis of Financial Condition and Results of Operations,"although the situation is fluid and highly uncertain, we have analyzed a wide range of economic scenarios and the impact on our ability to generate cash.",discussion
PART I. FINANCIAL INFORMATION,Item 2. Management's Discussion and Analysis of Financial Condition and Results of Operations,these analyses inform our liquidity plans and activities outlined below and indicate we have sufficient capacity to sustain an extended period of lower volumes.,discussion
PART I. FINANCIAL INFORMATION,Item 2. Management's Discussion and Analysis of Financial Condition and Results of Operations,"during the first quarter, we generated $2.2 billion of cash from operations.",discussion
PART I. FINANCIAL INFORMATION,Item 2. Management's Discussion and Analysis of Financial Condition and Results of Operations,"at march 31, 2020, we had over $1 billion of cash and cash equivalents.",discussion
PART I. FINANCIAL INFORMATION,Item 2. Management's Discussion and Analysis of Financial Condition and Results of Operations,we have access to commercial paper and bank markets.,discussion
PART I. FINANCIAL INFORMATION,Item 2. Management's Discussion and Analysis of Financial Condition and Results of Operations,we also have access to $2 billion of credit available under our revolving credit facility and up to $400 million undrawn on the receivables facility.,discussion
PART I. FINANCIAL INFORMATION,Item 2. Management's Discussion and Analysis of Financial Condition and Results of Operations,"on april 7, 2020, we issued $750 million of long-term debt demonstrating our current ability to access the corporate bond market.",discussion
PART I. FINANCIAL INFORMATION,Item 2. Management's Discussion and Analysis of Financial Condition and Results of Operations,we have $949 million of debt maturing before the end of the year.,discussion
PART I. FINANCIAL INFORMATION,Item 2. Management's Discussion and Analysis of Financial Condition and Results of Operations,"based on our current cash position and outlook, we do not expect any issue funding our debt maturities in 2020.",discussion
PART I. FINANCIAL INFORMATION,Item 2. Management's Discussion and Analysis of Financial Condition and Results of Operations,"we plan to maintain our dividend, while we have currently suspended our share repurchase activity with the exception of the final settlement on our $2 billion accelerated share repurchase program initiated on february 18, 2020.",discussion
PART I. FINANCIAL INFORMATION,Item 2. Management's Discussion and Analysis of Financial Condition and Results of Operations,we are also utilizing the provisions of irs notice 2020-23 to shift our federal estimated income tax payments from the second quarter to the third quarter and the cares act to defer our employment tax deposits to december 2021 and december 2022.,discussion
PART I. FINANCIAL INFORMATION,Item 2. Management's Discussion and Analysis of Financial Condition and Results of Operations,"share repurchase programs effective april 1, 2019, our board of directors authorized the repurchase of up to 150 million shares of our common stock by march 31, 2022.",discussion
PART I. FINANCIAL INFORMATION,Item 2. Management's Discussion and Analysis of Financial Condition and Results of Operations,these repurchases may be made on the open market or through other transactions.,discussion
PART I. FINANCIAL INFORMATION,Item 2. Management's Discussion and Analysis of Financial Condition and Results of Operations,our management has sole discretion with respect to determining the timing and amount of these transactions.,discussion
PART I. FINANCIAL INFORMATION,Item 2. Management's Discussion and Analysis of Financial Condition and Results of Operations,"as of march 31, 2020, we repurchased a total of $39.7 billion of our common stock since commencement of our repurchase programs in 2007.",discussion
PART I. FINANCIAL INFORMATION,Item 2. Management's Discussion and Analysis of Financial Condition and Results of Operations,"the table below represents shares repurchased under repurchase programs during 2020 and 2019: number of shares purchased average price paid  2020 20192020 2019 first quarter [a] 14,305,793  18,149,450 $ 178.66 $ 165.79  remaining number of shares that may be repurchased under current authority  118,849,288 [a]includes 8,786,380 and 11,795,930 shares repurchased in february 2020 and 2019, respectively, under accelerated share repurchase programs.",discussion
PART I. FINANCIAL INFORMATION,Item 2. Management's Discussion and Analysis of Financial Condition and Results of Operations,32 table of contents management's assessments of market conditions and other pertinent factors guide the timing and volume of all repurchases.,discussion
PART I. FINANCIAL INFORMATION,Item 2. Management's Discussion and Analysis of Financial Condition and Results of Operations,"we expect to fund any share repurchases under this program through cash generated from operations, the sale or lease of various operating and non-operating properties, debt issuances, and cash on hand.",discussion
PART I. FINANCIAL INFORMATION,Item 2. Management's Discussion and Analysis of Financial Condition and Results of Operations,"open market repurchases are recorded in treasury stock at cost, which includes any applicable commissions and fees.",discussion
PART I. FINANCIAL INFORMATION,Item 2. Management's Discussion and Analysis of Financial Condition and Results of Operations,accelerated share repurchase programs  -  the company has established accelerated share repurchase programs (asrs) with financial institutions to repurchase shares of our common stock.,discussion
PART I. FINANCIAL INFORMATION,Item 2. Management's Discussion and Analysis of Financial Condition and Results of Operations,"these asrs have been structured so that at the time of commencement, we pay a specified amount to the financial institutions and receive an initial delivery of shares.",discussion
PART I. FINANCIAL INFORMATION,Item 2. Management's Discussion and Analysis of Financial Condition and Results of Operations,additional shares may be received at the time of settlement.,discussion
PART I. FINANCIAL INFORMATION,Item 2. Management's Discussion and Analysis of Financial Condition and Results of Operations,"the final number of shares to be received is based on the volume weighted average price of the company's common stock during the asr term, less a discount and subject to potential adjustments pursuant to the terms of such asr.",discussion
PART I. FINANCIAL INFORMATION,Item 2. Management's Discussion and Analysis of Financial Condition and Results of Operations,"on february 19, 2020, the company received 8,786,380 shares of its common stock repurchased under asrs for an aggregate of $2.0 billion.",discussion
PART I. FINANCIAL INFORMATION,Item 2. Management's Discussion and Analysis of Financial Condition and Results of Operations,"when the shares were received, the exchange was accounted for as an equity transaction with $1.6 billion of the aggregate amount allocated to treasury stock and the remaining $0.4 billion allocated to paid-in-surplus.",discussion
PART I. FINANCIAL INFORMATION,Item 2. Management's Discussion and Analysis of Financial Condition and Results of Operations,this delivery of shares represents the initial and likely minimum number of shares that we may receive under the asrs initiated in 2020.,discussion
PART I. FINANCIAL INFORMATION,Item 2. Management's Discussion and Analysis of Financial Condition and Results of Operations,the final settlement is expected to be completed prior to the end of the third quarter of 2020.,discussion
PART I. FINANCIAL INFORMATION,Item 2. Management's Discussion and Analysis of Financial Condition and Results of Operations,"on february 26, 2019, the company received 11,795,930 shares of its common stock repurchased under asrs for an aggregate of $2.5 billion.",discussion
PART I. FINANCIAL INFORMATION,Item 2. Management's Discussion and Analysis of Financial Condition and Results of Operations,"upon settlement of these asrs in the third quarter of 2019, we received 3,172,900 additional shares.",discussion
PART I. FINANCIAL INFORMATION,Item 2. Management's Discussion and Analysis of Financial Condition and Results of Operations,"asrs are accounted for as equity transactions, and at the time of receipt, shares are included in treasury stock at fair market value as of the corresponding initiation or settlement date.",discussion
PART I. FINANCIAL INFORMATION,Item 2. Management's Discussion and Analysis of Financial Condition and Results of Operations,the company reflects shares received as a repurchase of common stock in the weighted average common shares outstanding calculation for basic and diluted earnings per share.,discussion
PART I. FINANCIAL INFORMATION,Item 2. Management's Discussion and Analysis of Financial Condition and Results of Operations,"off-balance sheet arrangements, contractual obligations, and commercial commitments as described in the notes to the condensed consolidated financial statements and as referenced in the tables below, we have contractual obligations and commercial commitments that may affect our financial condition.",discussion
PART I. FINANCIAL INFORMATION,Item 2. Management's Discussion and Analysis of Financial Condition and Results of Operations,"however, based on our assessment of the underlying provisions and circumstances of our contractual obligations and commercial commitments, including material sources of off-balance sheet and structured finance arrangements, there is no known trend, demand, commitment, event, or uncertainty that is reasonably likely to occur that would have a material adverse effect on our consolidated results of operations, financial condition, or liquidity.",discussion
PART I. FINANCIAL INFORMATION,Item 2. Management's Discussion and Analysis of Financial Condition and Results of Operations,"in addition, our commercial obligations, financings, and commitments are customary transactions that are similar to those of other comparable corporations, particularly within the transportation industry. ‎",discussion
PART I. FINANCIAL INFORMATION,Item 2. Management's Discussion and Analysis of Financial Condition and Results of Operations,"33 table of contents the following tables identify material obligations and commitments as of march 31, 2020: apr.",discussion
PART I. FINANCIAL INFORMATION,Item 2. Management's Discussion and Analysis of Financial Condition and Results of Operations,"1payments due by dec. 31,   through             contractual obligations  dec.",discussion
PART I. FINANCIAL INFORMATION,Item 2. Management's Discussion and Analysis of Financial Condition and Results of Operations,"31,         after   millions total202020212022202320242024other debt [a]$ 48,918 $ 1,548 $ 2,148 $ 2,670 $ 2,236 $ 2,255 $ 38,061 $ - operating leases [b]  1,935   147   302   267   226   216   777   - finance lease obligations [c]  640   84   142   127   88   75   124   - purchase obligations [d]  2,664   1,060   458   219   169   153   602   3  other postretirement benefits [e] 313   37   36   33   33   29   145   - income tax contingencies [f]  67   2   -  -  -  -  -  65  total contractual obligations$ 54,537 $ 2,878 $ 3,086 $ 3,316 $ 2,752 $ 2,728 $ 39,709 $ 68 [a]excludes finance lease obligations of $552 million, as well as unamortized discount and deferred issuance costs of $(1,212) million.",discussion
PART I. FINANCIAL INFORMATION,Item 2. Management's Discussion and Analysis of Financial Condition and Results of Operations,"includes an interest component of $20,382 million. [b] includes leases for locomotives, freight cars, other equipment, and real estate.",discussion
PART I. FINANCIAL INFORMATION,Item 2. Management's Discussion and Analysis of Financial Condition and Results of Operations,"includes an interest component of $270 million. [c]represents total obligations, including interest component of $88 million. [d]purchase obligations include locomotive maintenance contracts; purchase commitments for fuel purchases, locomotives, ties, ballast, and rail; and agreements to purchase other goods and services.",discussion
PART I. FINANCIAL INFORMATION,Item 2. Management's Discussion and Analysis of Financial Condition and Results of Operations,"for amounts where we cannot reasonably estimate the year of settlement, they are included in the other column. [e]includes estimated other postretirement, medical, and life insurance payments and payments made under the unfunded pension plan for the next ten years. [f]future cash flows for income tax contingencies reflect the recorded liabilities and assets for unrecognized tax benefits, including any interest or penalties, as of march 31, 2020.",discussion
PART I. FINANCIAL INFORMATION,Item 2. Management's Discussion and Analysis of Financial Condition and Results of Operations,"for amounts where the year of settlement is uncertain, they are included in the other column.",discussion
PART I. FINANCIAL INFORMATION,Item 2. Management's Discussion and Analysis of Financial Condition and Results of Operations,apr.,discussion
PART I. FINANCIAL INFORMATION,Item 2. Management's Discussion and Analysis of Financial Condition and Results of Operations,"1amount of commitment expiration by dec. 31,   through           other commercial commitments dec.",discussion
PART I. FINANCIAL INFORMATION,Item 2. Management's Discussion and Analysis of Financial Condition and Results of Operations,"31,         after millions total202020212022202320242024 credit facilities [a]$ 2,000 $ -$ -$ -$ 2,000 $ -$ - receivables securitization facility [b] 800   -  -  800   -  -  - guarantees [c]  15   5   5   5   -  -  - standby letters of credit [d]  18   7   11   -  -  -  - total commercial commitments$ 2,833 $ 12 $ 16 $ 805 $ 2,000 $ -$ - [a] none of the credit facility was used as of march 31, 2020. [b] $400 million of the receivables securitization facility was utilized as of march 31, 2020, which is accounted for as debt.",discussion
PART I. FINANCIAL INFORMATION,Item 2. Management's Discussion and Analysis of Financial Condition and Results of Operations,"the full program matures in july 2022. [c]includes guaranteed obligations related to our affiliated operations. [d]none of the letters of credit were drawn upon as of march 31, 2020.",discussion
PART I. FINANCIAL INFORMATION,Item 2. Management's Discussion and Analysis of Financial Condition and Results of Operations,other matters asserted and unasserted claims  -  various claims and lawsuits are pending against us and certain of our subsidiaries.,discussion
PART I. FINANCIAL INFORMATION,Item 2. Management's Discussion and Analysis of Financial Condition and Results of Operations,"we cannot fully determine the effect of all asserted and unasserted claims on our consolidated results of operations, financial condition, or liquidity.",discussion
PART I. FINANCIAL INFORMATION,Item 2. Management's Discussion and Analysis of Financial Condition and Results of Operations,"to the extent possible, we have recorded a liability where asserted and unasserted claims are considered probable and where such claims can be reasonably estimated.",discussion
PART I. FINANCIAL INFORMATION,Item 2. Management's Discussion and Analysis of Financial Condition and Results of Operations,"we do not expect that any known lawsuits, claims, environmental costs, commitments, contingent liabilities, or guarantees will have a material adverse effect on our consolidated results of operations, financial condition, or liquidity after taking into account liabilities and insurance recoveries previously recorded for these matters. ‎",discussion
PART I. FINANCIAL INFORMATION,Item 2. Management's Discussion and Analysis of Financial Condition and Results of Operations,"34 table of contents indemnities  -  we are contingently obligated under a variety of indemnification arrangements, although in some cases the extent of our potential liability is limited, depending on the nature of the transactions and the agreements.",discussion
PART I. FINANCIAL INFORMATION,Item 2. Management's Discussion and Analysis of Financial Condition and Results of Operations,"due to uncertainty as to whether claims will be made or how they will be resolved, we cannot reasonably determine the probability of an adverse claim or reasonably estimate any adverse liability or the total maximum exposure under these indemnification arrangements.",discussion
PART I. FINANCIAL INFORMATION,Item 2. Management's Discussion and Analysis of Financial Condition and Results of Operations,we do not have any reason to believe that we will be required to make any material payments under these indemnity provisions.,discussion
PART I. FINANCIAL INFORMATION,Item 2. Management's Discussion and Analysis of Financial Condition and Results of Operations,accounting pronouncements  -  see note 2 to the condensed consolidated financial statements.,discussion
PART I. FINANCIAL INFORMATION,Item 2. Management's Discussion and Analysis of Financial Condition and Results of Operations,available information our internet website is www.up.com.,discussion
PART I. FINANCIAL INFORMATION,Item 2. Management's Discussion and Analysis of Financial Condition and Results of Operations,"we make available free of charge on our website (under the ""investors"" caption link) our annual reports on form 10-k; our quarterly reports on form 10-q; our current reports on form 8-k; our proxy statements; forms 3, 4, and 5, filed on behalf of directors and executive officers; and amendments to any such reports filed or furnished pursuant to the securities exchange act of 1934, as amended (the exchange act), as soon as reasonably practicable after such material is electronically filed with, or furnished to, the securities and exchange commission (sec).",discussion
PART I. FINANCIAL INFORMATION,Item 2. Management's Discussion and Analysis of Financial Condition and Results of Operations,we also make available on our website previously filed sec reports and exhibits via a link to edgar on the sec's internet site at www.sec.gov.,discussion
PART I. FINANCIAL INFORMATION,Item 2. Management's Discussion and Analysis of Financial Condition and Results of Operations,we provide these previously filed reports as a convenience and their contents reflect only information that was true and correct as of the date of the report.,discussion
PART I. FINANCIAL INFORMATION,Item 2. Management's Discussion and Analysis of Financial Condition and Results of Operations,we assume no obligation to update this historical information.,discussion
PART I. FINANCIAL INFORMATION,Item 2. Management's Discussion and Analysis of Financial Condition and Results of Operations,"additionally, our corporate governance materials, including by-laws, board committee charters, governance guidelines and policies, and codes of conduct and ethics for directors, officers, and employees are available on our website.",discussion
PART I. FINANCIAL INFORMATION,Item 2. Management's Discussion and Analysis of Financial Condition and Results of Operations,"from time to time, the corporate governance materials on our website may be updated as necessary to comply with rules issued by the sec and the new york stock exchange or as desirable to promote the effective and efficient governance of our company.",discussion
PART I. FINANCIAL INFORMATION,Item 2. Management's Discussion and Analysis of Financial Condition and Results of Operations,"any security holder wishing to receive, without charge, a copy of any of our sec filings or corporate governance materials should send a written request to: corporate secretary, union pacific corporation, 1400 douglas street, omaha, ne 68179.",discussion
PART I. FINANCIAL INFORMATION,Item 2. Management's Discussion and Analysis of Financial Condition and Results of Operations,"references to our website address in this report, including references in management's discussion and analysis of financial condition and results of operations, item 2, are provided as a convenience and do not constitute, and should not be deemed, an incorporation by reference of the information contained on, or available through, the website.",discussion
PART I. FINANCIAL INFORMATION,Item 2. Management's Discussion and Analysis of Financial Condition and Results of Operations,"therefore, such information should not be considered part of this report.",discussion
