seq,description,document,href,type,size
1,10-Q 3Q 2016,a3q10q10-02x16.htm,https://www.sec.gov/Archives/edgar/data/200406/000020040616000112/a3q10q10-02x16.htm,10-Q,1752505
2,EXHIBIT 31.1 CEO CERTIFICATION,a201610-q3qexhibit311ceoce.htm,https://www.sec.gov/Archives/edgar/data/200406/000020040616000112/a201610-q3qexhibit311ceoce.htm,EX-31.1,9414
3,EXHIBIT 31.1 CFO CERTIFICATION,a201610-q3qexhibit311cfoce.htm,https://www.sec.gov/Archives/edgar/data/200406/000020040616000112/a201610-q3qexhibit311cfoce.htm,EX-31.1,9818
4,EXHIBIT 32.1 CEO 906 CERTIFICATION,a201610-q3qexhibit321ceoce.htm,https://www.sec.gov/Archives/edgar/data/200406/000020040616000112/a201610-q3qexhibit321ceoce.htm,EX-32.1,11510
5,EXHIBIT 32.1 CFO 906 CERTIFICATION,a201610-q3qexhibit321cfoce.htm,https://www.sec.gov/Archives/edgar/data/200406/000020040616000112/a201610-q3qexhibit321cfoce.htm,EX-32.1,11955
12,,jnjlogoa03a01a01a01a01a05.jpg,https://www.sec.gov/Archives/edgar/data/200406/000020040616000112/jnjlogoa03a01a01a01a01a05.jpg,GRAPHIC,4649
NA,Complete submission text file,0000200406-16-000112.txt,https://www.sec.gov/Archives/edgar/data/200406/000020040616000112/0000200406-16-000112.txt, ,9101944
6,XBRL INSTANCE DOCUMENT,jnj-20161002.xml,https://www.sec.gov/Archives/edgar/data/200406/000020040616000112/jnj-20161002.xml,EX-101.INS,2347995
7,XBRL TAXONOMY EXTENSION SCHEMA DOCUMENT,jnj-20161002.xsd,https://www.sec.gov/Archives/edgar/data/200406/000020040616000112/jnj-20161002.xsd,EX-101.SCH,49751
8,XBRL TAXONOMY EXTENSION CALCULATION LINKBASE DOCUMENT,jnj-20161002_cal.xml,https://www.sec.gov/Archives/edgar/data/200406/000020040616000112/jnj-20161002_cal.xml,EX-101.CAL,93440
9,XBRL TAXONOMY EXTENSION DEFINITION LINKBASE DOCUMENT,jnj-20161002_def.xml,https://www.sec.gov/Archives/edgar/data/200406/000020040616000112/jnj-20161002_def.xml,EX-101.DEF,250227
10,XBRL TAXONOMY EXTENSION LABEL LINKBASE DOCUMENT,jnj-20161002_lab.xml,https://www.sec.gov/Archives/edgar/data/200406/000020040616000112/jnj-20161002_lab.xml,EX-101.LAB,728410
11,XBRL TAXONOMY EXTENSION PRESENTATION LINKBASE DOCUMENT,jnj-20161002_pre.xml,https://www.sec.gov/Archives/edgar/data/200406/000020040616000112/jnj-20161002_pre.xml,EX-101.PRE,410777
