seq,description,document,href,type,size
1,10-Q,ecl-20160331x10q.htm,https://www.sec.gov/Archives/edgar/data/31462/000155837016005353/ecl-20160331x10q.htm,10-Q,3423356
2,EX-15.1,ecl-20160331ex151636302.htm,https://www.sec.gov/Archives/edgar/data/31462/000155837016005353/ecl-20160331ex151636302.htm,EX-15.1,10526
3,EX-31.1,ecl-20160331ex3114a97c0.htm,https://www.sec.gov/Archives/edgar/data/31462/000155837016005353/ecl-20160331ex3114a97c0.htm,EX-31.1,31306
4,EX-32.1,ecl-20160331ex32185bd38.htm,https://www.sec.gov/Archives/edgar/data/31462/000155837016005353/ecl-20160331ex32185bd38.htm,EX-32.1,9360
NA,Complete submission text file,0001558370-16-005353.txt,https://www.sec.gov/Archives/edgar/data/31462/000155837016005353/0001558370-16-005353.txt, ,14583048
5,EX-101.INS,ecl-20160331.xml,https://www.sec.gov/Archives/edgar/data/31462/000155837016005353/ecl-20160331.xml,EX-101.INS,4377756
6,EX-101.SCH,ecl-20160331.xsd,https://www.sec.gov/Archives/edgar/data/31462/000155837016005353/ecl-20160331.xsd,EX-101.SCH,55087
7,EX-101.CAL,ecl-20160331_cal.xml,https://www.sec.gov/Archives/edgar/data/31462/000155837016005353/ecl-20160331_cal.xml,EX-101.CAL,90629
8,EX-101.DEF,ecl-20160331_def.xml,https://www.sec.gov/Archives/edgar/data/31462/000155837016005353/ecl-20160331_def.xml,EX-101.DEF,181798
9,EX-101.LAB,ecl-20160331_lab.xml,https://www.sec.gov/Archives/edgar/data/31462/000155837016005353/ecl-20160331_lab.xml,EX-101.LAB,573825
10,EX-101.PRE,ecl-20160331_pre.xml,https://www.sec.gov/Archives/edgar/data/31462/000155837016005353/ecl-20160331_pre.xml,EX-101.PRE,380455
