seq,description,document,href,type,size
1,10-Q 2Q 2018,a2q10q07-01x18.htm,https://www.sec.gov/Archives/edgar/data/200406/000020040618000041/a2q10q07-01x18.htm,10-Q,2880402
2,EXHIBIT 10.1,a201810-q2qexhibit101trans.htm,https://www.sec.gov/Archives/edgar/data/200406/000020040618000041/a201810-q2qexhibit101trans.htm,EX-10.1,34135
3,EXHIBIT 31.1 CEO CERTIFICATION,a201810-q2qexhibit311ceoce.htm,https://www.sec.gov/Archives/edgar/data/200406/000020040618000041/a201810-q2qexhibit311ceoce.htm,EX-31.1,9409
4,EXHIBIT 31.2 CFO CERTIFICATION,a201810-q2qexhibit312cfoce.htm,https://www.sec.gov/Archives/edgar/data/200406/000020040618000041/a201810-q2qexhibit312cfoce.htm,EX-31.2,10099
5,EXHIBIT 32.1 CEO 906 CERTIFICATION,a201810-q2qexhibit321ceoce.htm,https://www.sec.gov/Archives/edgar/data/200406/000020040618000041/a201810-q2qexhibit321ceoce.htm,EX-32.1,11504
6,EXHIBIT 32.2 CFO CERTIFICATION 906,a201810-q2qexhibit322cfoce.htm,https://www.sec.gov/Archives/edgar/data/200406/000020040618000041/a201810-q2qexhibit322cfoce.htm,EX-32.2,12009
13,GRAPHIC,chart-6d6b7ea011a199172c1.jpg,https://www.sec.gov/Archives/edgar/data/200406/000020040618000041/chart-6d6b7ea011a199172c1.jpg,GRAPHIC,27037
14,GRAPHIC,chart-27a7f631092fa8a19da.jpg,https://www.sec.gov/Archives/edgar/data/200406/000020040618000041/chart-27a7f631092fa8a19da.jpg,GRAPHIC,30512
15,GRAPHIC,chart-480ebed5607e5a7bfe1a01.jpg,https://www.sec.gov/Archives/edgar/data/200406/000020040618000041/chart-480ebed5607e5a7bfe1a01.jpg,GRAPHIC,26130
16,GRAPHIC,chart-d829aa258abb7dd4948a01.jpg,https://www.sec.gov/Archives/edgar/data/200406/000020040618000041/chart-d829aa258abb7dd4948a01.jpg,GRAPHIC,30545
17,,jnjlogoa03a01a01a01a01a10.jpg,https://www.sec.gov/Archives/edgar/data/200406/000020040618000041/jnjlogoa03a01a01a01a01a10.jpg,GRAPHIC,4649
18,GRAPHIC,petersontransitionsep_image1.jpg,https://www.sec.gov/Archives/edgar/data/200406/000020040618000041/petersontransitionsep_image1.jpg,GRAPHIC,6901
NA,Complete submission text file,0000200406-18-000041.txt,https://www.sec.gov/Archives/edgar/data/200406/000020040618000041/0000200406-18-000041.txt, ,18029293
7,XBRL INSTANCE DOCUMENT,jnj-20180701.xml,https://www.sec.gov/Archives/edgar/data/200406/000020040618000041/jnj-20180701.xml,EX-101.INS,6083549
8,XBRL TAXONOMY EXTENSION SCHEMA DOCUMENT,jnj-20180701.xsd,https://www.sec.gov/Archives/edgar/data/200406/000020040618000041/jnj-20180701.xsd,EX-101.SCH,71482
9,XBRL TAXONOMY EXTENSION CALCULATION LINKBASE DOCUMENT,jnj-20180701_cal.xml,https://www.sec.gov/Archives/edgar/data/200406/000020040618000041/jnj-20180701_cal.xml,EX-101.CAL,114551
10,XBRL TAXONOMY EXTENSION DEFINITION LINKBASE DOCUMENT,jnj-20180701_def.xml,https://www.sec.gov/Archives/edgar/data/200406/000020040618000041/jnj-20180701_def.xml,EX-101.DEF,440467
11,XBRL TAXONOMY EXTENSION LABEL LINKBASE DOCUMENT,jnj-20180701_lab.xml,https://www.sec.gov/Archives/edgar/data/200406/000020040618000041/jnj-20180701_lab.xml,EX-101.LAB,975728
12,XBRL TAXONOMY EXTENSION PRESENTATION LINKBASE DOCUMENT,jnj-20180701_pre.xml,https://www.sec.gov/Archives/edgar/data/200406/000020040618000041/jnj-20180701_pre.xml,EX-101.PRE,593484
