part.name,item.name,sentence_text,section
Part I  -  FINANCIAL INFORMATION,Item 2 - MANAGEMENT'S DISCUSSION AND ANALYSIS OF FINANCIAL CONDITION AND RESULTS OF OPERATIONS,"item 2  -  management's discussion and analysis of financial condition and results of operations results of operations sales to customers analysis of consolidated sales for the first fiscal six months of 2018, worldwide sales were $40.8 billion, a total increase of 11.6%, including operational growth of 8.6% as compared to 2017 first fiscal six months sales of $36.6 billion.",discussion
Part I  -  FINANCIAL INFORMATION,Item 2 - MANAGEMENT'S DISCUSSION AND ANALYSIS OF FINANCIAL CONDITION AND RESULTS OF OPERATIONS,currency fluctuations had a positive impact of 3.0% for the first fiscal six months of 2018.,discussion
Part I  -  FINANCIAL INFORMATION,Item 2 - MANAGEMENT'S DISCUSSION AND ANALYSIS OF FINANCIAL CONDITION AND RESULTS OF OPERATIONS,"in the first fiscal six months of 2018, the net impact of acquisitions and divestitures on worldwide operational sales growth was a positive 3.3%.",discussion
Part I  -  FINANCIAL INFORMATION,Item 2 - MANAGEMENT'S DISCUSSION AND ANALYSIS OF FINANCIAL CONDITION AND RESULTS OF OPERATIONS,"sales by u.s. companies were $20.6 billion in the first fiscal six months of 2018, which represented an increase of 7.8% as compared to the prior year.",discussion
Part I  -  FINANCIAL INFORMATION,Item 2 - MANAGEMENT'S DISCUSSION AND ANALYSIS OF FINANCIAL CONDITION AND RESULTS OF OPERATIONS,"in the first fiscal six months of 2018, the net impact of acquisitions and divestitures on the u.s. operational sales growth was a positive 4.2%.",discussion
Part I  -  FINANCIAL INFORMATION,Item 2 - MANAGEMENT'S DISCUSSION AND ANALYSIS OF FINANCIAL CONDITION AND RESULTS OF OPERATIONS,"sales by international companies were $20.2 billion, an increase of 15.7%, including operational growth of 9.3%, and a positive currency impact of 6.4% as compared to the first fiscal six months sales of 2017.",discussion
Part I  -  FINANCIAL INFORMATION,Item 2 - MANAGEMENT'S DISCUSSION AND ANALYSIS OF FINANCIAL CONDITION AND RESULTS OF OPERATIONS,"in the first fiscal six months of 2018, the net impact of acquisitions and divestitures on the international operational sales growth was a positive 2.1%.",discussion
Part I  -  FINANCIAL INFORMATION,Item 2 - MANAGEMENT'S DISCUSSION AND ANALYSIS OF FINANCIAL CONDITION AND RESULTS OF OPERATIONS,"in the first fiscal six months of 2018, sales by companies in europe achieved growth of 18.8%, which included operational growth of 8.2% and a positive currency impact of 10.6%.",discussion
Part I  -  FINANCIAL INFORMATION,Item 2 - MANAGEMENT'S DISCUSSION AND ANALYSIS OF FINANCIAL CONDITION AND RESULTS OF OPERATIONS,"sales by companies in the western hemisphere, excluding the u.s., achieved growth of 5.2%, which included operational growth of 6.9%, partially offset by a negative currency impact of 1.7%.",discussion
Part I  -  FINANCIAL INFORMATION,Item 2 - MANAGEMENT'S DISCUSSION AND ANALYSIS OF FINANCIAL CONDITION AND RESULTS OF OPERATIONS,"sales by companies in the asia-pacific, africa region achieved growth of 16.7%, including operational growth of 11.9% and a positive currency impact of 4.8%.",discussion
Part I  -  FINANCIAL INFORMATION,Item 2 - MANAGEMENT'S DISCUSSION AND ANALYSIS OF FINANCIAL CONDITION AND RESULTS OF OPERATIONS,"note: values may have been rounded 43 table of contents for the fiscal second quarter of 2018, worldwide sales were $20.8 billion, a total increase of 10.6%, including operational growth of 8.7% as compared to 2017 fiscal second quarter sales of $18.8 billion.",discussion
Part I  -  FINANCIAL INFORMATION,Item 2 - MANAGEMENT'S DISCUSSION AND ANALYSIS OF FINANCIAL CONDITION AND RESULTS OF OPERATIONS,currency fluctuations had a positive impact of 1.9% for the fiscal second quarter of 2018.,discussion
Part I  -  FINANCIAL INFORMATION,Item 2 - MANAGEMENT'S DISCUSSION AND ANALYSIS OF FINANCIAL CONDITION AND RESULTS OF OPERATIONS,"in the fiscal second quarter of 2018, the net impact of acquisitions and divestitures on worldwide operational sales growth was a positive 2.4%.",discussion
Part I  -  FINANCIAL INFORMATION,Item 2 - MANAGEMENT'S DISCUSSION AND ANALYSIS OF FINANCIAL CONDITION AND RESULTS OF OPERATIONS,"sales by u.s. companies were $10.6 billion in the fiscal second quarter of 2018, which represented an increase of 9.4% as compared to the prior year.",discussion
Part I  -  FINANCIAL INFORMATION,Item 2 - MANAGEMENT'S DISCUSSION AND ANALYSIS OF FINANCIAL CONDITION AND RESULTS OF OPERATIONS,"in the fiscal second quarter of 2018, the net impact of acquisitions and divestitures on the u.s. operational sales growth was a positive 3.7%.",discussion
Part I  -  FINANCIAL INFORMATION,Item 2 - MANAGEMENT'S DISCUSSION AND ANALYSIS OF FINANCIAL CONDITION AND RESULTS OF OPERATIONS,"sales by international companies were $10.2 billion, an increase of 11.8%, including operational growth of 7.9%, and a positive currency impact of 3.9% as compared to the fiscal second quarter sales of 2017.",discussion
Part I  -  FINANCIAL INFORMATION,Item 2 - MANAGEMENT'S DISCUSSION AND ANALYSIS OF FINANCIAL CONDITION AND RESULTS OF OPERATIONS,"in the fiscal second quarter of 2018, the net impact of acquisitions and divestitures on the international operational sales growth was a positive 1.1%.",discussion
Part I  -  FINANCIAL INFORMATION,Item 2 - MANAGEMENT'S DISCUSSION AND ANALYSIS OF FINANCIAL CONDITION AND RESULTS OF OPERATIONS,"in the fiscal second quarter of 2018, sales by companies in europe achieved growth of 13.7%, which included operational growth of 6.5% and a positive currency impact of 7.2%.",discussion
Part I  -  FINANCIAL INFORMATION,Item 2 - MANAGEMENT'S DISCUSSION AND ANALYSIS OF FINANCIAL CONDITION AND RESULTS OF OPERATIONS,"sales by companies in the western hemisphere, excluding the u.s., achieved growth of 2.7%, which included operational growth of 6.7%, and a negative currency impact of 4.0%.",discussion
Part I  -  FINANCIAL INFORMATION,Item 2 - MANAGEMENT'S DISCUSSION AND ANALYSIS OF FINANCIAL CONDITION AND RESULTS OF OPERATIONS,"sales by companies in the asia-pacific, africa region achieved growth of 13.5%, including operational growth of 10.2% and a positive currency impact of 3.3%.",discussion
Part I  -  FINANCIAL INFORMATION,Item 2 - MANAGEMENT'S DISCUSSION AND ANALYSIS OF FINANCIAL CONDITION AND RESULTS OF OPERATIONS,"note: values may have been rounded 44 table of contents analysis of sales by business segments consumer consumer segment sales in the first fiscal six months of 2018 were $6.9 billion, an increase of 2.9% as compared to the same period a year ago, including operational growth of 0.4% and a positive currency impact of 2.5%.",discussion
Part I  -  FINANCIAL INFORMATION,Item 2 - MANAGEMENT'S DISCUSSION AND ANALYSIS OF FINANCIAL CONDITION AND RESULTS OF OPERATIONS,u.s.,discussion
Part I  -  FINANCIAL INFORMATION,Item 2 - MANAGEMENT'S DISCUSSION AND ANALYSIS OF FINANCIAL CONDITION AND RESULTS OF OPERATIONS,consumer segment sales increased by 0.4%.,discussion
Part I  -  FINANCIAL INFORMATION,Item 2 - MANAGEMENT'S DISCUSSION AND ANALYSIS OF FINANCIAL CONDITION AND RESULTS OF OPERATIONS,"international consumer segment sales increased by 4.9%, including an operational increase of 0.5% and a positive currency impact of 4.4%.",discussion
Part I  -  FINANCIAL INFORMATION,Item 2 - MANAGEMENT'S DISCUSSION AND ANALYSIS OF FINANCIAL CONDITION AND RESULTS OF OPERATIONS,"in the first fiscal six months of 2018, the impact of acquisitions and divestitures on the consumer segment operational sales growth was a negative 1.0%.",discussion
Part I  -  FINANCIAL INFORMATION,Item 2 - MANAGEMENT'S DISCUSSION AND ANALYSIS OF FINANCIAL CONDITION AND RESULTS OF OPERATIONS,"major consumer franchise sales  -  fiscal six months ended (dollars in millions)   july 1, 2018   july 2, 2017   total change   operations change   currency change beauty   $ 2,193     $ 2,057     6.6  %   4.3 %   2.3 % otc   2,138     2,019     5.9     2.2     3.7   baby care   913     949     (3.8 )   (4.8 )   1.0   oral care   772     756     2.1     (0.6 )   2.7   women's health   523     518     1.0     (0.9 )   1.9   wound care/other   363     407     (10.8 )   (12.1 )   1.3   total consumer sales   $ 6,902     $ 6,706     2.9  %   0.4 %   2.5 % consumer segment sales in the fiscal second quarter of 2018 were $3.5 billion, an increase of 0.7% as compared to the same period a year ago, including an operational decline of 0.4% and a positive currency impact of 1.1%.",discussion
Part I  -  FINANCIAL INFORMATION,Item 2 - MANAGEMENT'S DISCUSSION AND ANALYSIS OF FINANCIAL CONDITION AND RESULTS OF OPERATIONS,u.s.,discussion
Part I  -  FINANCIAL INFORMATION,Item 2 - MANAGEMENT'S DISCUSSION AND ANALYSIS OF FINANCIAL CONDITION AND RESULTS OF OPERATIONS,consumer segment sales decreased by 0.7%.,discussion
Part I  -  FINANCIAL INFORMATION,Item 2 - MANAGEMENT'S DISCUSSION AND ANALYSIS OF FINANCIAL CONDITION AND RESULTS OF OPERATIONS,international consumer segment sales increased by 1.9% due to a positive currency impact of 1.9%.,discussion
Part I  -  FINANCIAL INFORMATION,Item 2 - MANAGEMENT'S DISCUSSION AND ANALYSIS OF FINANCIAL CONDITION AND RESULTS OF OPERATIONS,"in the fiscal second quarter of 2018, the net impact of acquisitions and divestitures on the consumer segment operational sales growth was a negative 1.3%.",discussion
Part I  -  FINANCIAL INFORMATION,Item 2 - MANAGEMENT'S DISCUSSION AND ANALYSIS OF FINANCIAL CONDITION AND RESULTS OF OPERATIONS,"major consumer franchise sales  -  fiscal second quarters ended(dollars in millions)   july 1, 2018   july 2, 2017   total change   operations change   currency change beauty   $ 1,109     $ 1,076     3.1  %   1.8  %   1.3 % otc   1,066     1,006     6.0     3.7     2.3   baby care   456     494     (7.7 )   (6.9 )   (0.8 ) oral care   393     394     (0.3 )   (1.7 )   1.4   women's health   280     276     1.4     2.2     (0.8 ) wound care/other   200     232     (13.8 )   (14.6 )   0.8   total consumer sales   $ 3,504     $ 3,478     0.7  %   (0.4 )%   1.1 % the beauty franchise achieved operational growth of 1.8% as compared to the prior year fiscal second quarter.",discussion
Part I  -  FINANCIAL INFORMATION,Item 2 - MANAGEMENT'S DISCUSSION AND ANALYSIS OF FINANCIAL CONDITION AND RESULTS OF OPERATIONS,"growth was primarily driven by new product launches, strength of dr.",discussion
Part I  -  FINANCIAL INFORMATION,Item 2 - MANAGEMENT'S DISCUSSION AND ANALYSIS OF FINANCIAL CONDITION AND RESULTS OF OPERATIONS,ci: labo and geographic expansion partially offset by timing of neutrogena® and aveeno® suncare products season in the u.s.,discussion
Part I  -  FINANCIAL INFORMATION,Item 2 - MANAGEMENT'S DISCUSSION AND ANALYSIS OF FINANCIAL CONDITION AND RESULTS OF OPERATIONS,the otc franchise achieved operational growth of 3.7% as compared to the prior year fiscal second quarter.,discussion
Part I  -  FINANCIAL INFORMATION,Item 2 - MANAGEMENT'S DISCUSSION AND ANALYSIS OF FINANCIAL CONDITION AND RESULTS OF OPERATIONS,growth was primarily driven by share growth across multiple brands including tylenol® and digestive health products in the u.s.,discussion
Part I  -  FINANCIAL INFORMATION,Item 2 - MANAGEMENT'S DISCUSSION AND ANALYSIS OF FINANCIAL CONDITION AND RESULTS OF OPERATIONS,"outside the u.s. strength in children's motrin®, anti-smoking aids and sales from the recent acquisition of rhinocort® contributed to growth.",discussion
Part I  -  FINANCIAL INFORMATION,Item 2 - MANAGEMENT'S DISCUSSION AND ANALYSIS OF FINANCIAL CONDITION AND RESULTS OF OPERATIONS,the baby care franchise experienced an operational decline of 6.9% as compared to the prior year fiscal second quarter due to retailer stocking reductions and discounting in anticipation of the relaunch in the u.s. and competitive pressure in johnson's®.,discussion
Part I  -  FINANCIAL INFORMATION,Item 2 - MANAGEMENT'S DISCUSSION AND ANALYSIS OF FINANCIAL CONDITION AND RESULTS OF OPERATIONS,"45 table of contents the oral care franchise experienced an operational decline of 1.7% as compared to the prior year fiscal second quarter due to a decline in sales outside the u.s. partially offset by u.s. growth due to market growth, share growth and new product pipeline build.",discussion
Part I  -  FINANCIAL INFORMATION,Item 2 - MANAGEMENT'S DISCUSSION AND ANALYSIS OF FINANCIAL CONDITION AND RESULTS OF OPERATIONS,the women's health franchise achieved operational growth of 2.2% as compared to the prior year fiscal second quarter.,discussion
Part I  -  FINANCIAL INFORMATION,Item 2 - MANAGEMENT'S DISCUSSION AND ANALYSIS OF FINANCIAL CONDITION AND RESULTS OF OPERATIONS,the wound care/other franchise experienced an operational decline of 14.6% as compared to the prior year fiscal second quarter due to the divestiture of compeed® in the fiscal third quarter of 2017.,discussion
Part I  -  FINANCIAL INFORMATION,Item 2 - MANAGEMENT'S DISCUSSION AND ANALYSIS OF FINANCIAL CONDITION AND RESULTS OF OPERATIONS,"pharmaceutical pharmaceutical segment sales in the first fiscal six months of 2018 were $20.2 billion, an increase of 19.7% as compared to the same period a year ago, with an operational increase of 16.4% and a positive currency impact of 3.3%.",discussion
Part I  -  FINANCIAL INFORMATION,Item 2 - MANAGEMENT'S DISCUSSION AND ANALYSIS OF FINANCIAL CONDITION AND RESULTS OF OPERATIONS,u.s.,discussion
Part I  -  FINANCIAL INFORMATION,Item 2 - MANAGEMENT'S DISCUSSION AND ANALYSIS OF FINANCIAL CONDITION AND RESULTS OF OPERATIONS,pharmaceutical sales increased 13.9% as compared to the same period a year ago.,discussion
Part I  -  FINANCIAL INFORMATION,Item 2 - MANAGEMENT'S DISCUSSION AND ANALYSIS OF FINANCIAL CONDITION AND RESULTS OF OPERATIONS,"international pharmaceutical sales increased by 27.8%, including operational growth of 19.9% and a positive currency impact of 7.9%.",discussion
Part I  -  FINANCIAL INFORMATION,Item 2 - MANAGEMENT'S DISCUSSION AND ANALYSIS OF FINANCIAL CONDITION AND RESULTS OF OPERATIONS,"in the first fiscal six months of 2018, the net impact of acquisitions and divestitures on the pharmaceutical segment operational sales growth was a positive 7.1%.",discussion
Part I  -  FINANCIAL INFORMATION,Item 2 - MANAGEMENT'S DISCUSSION AND ANALYSIS OF FINANCIAL CONDITION AND RESULTS OF OPERATIONS,"46 table of contents major pharmaceutical therapeutic area sales*  -  fiscal six months ended (dollars in millions)   july 1, 2018   july 2, 2017   total change   operations change   currency change total immunology   $ 6,380     $ 5,889     8.3  %   6.3  %   2.0 %      remicade®   2,709     3,202     (15.4 )   (16.2 )   0.8        simponi®/ simponi aria®   1,066     867     23.0     19.6     3.4        stelara®   2,402     1,806     33.0     29.6     3.4        other immunology   203     14     **   **   ** total infectious diseases   1,679     1,541     9.0     4.5     4.5        edurant®/rilpivirine     421     328     28.4     17.0     11.4        prezista®/ prezcobix®/ rezolsta®/ symtuza®   970     884     9.7     7.0     2.7        other infectious diseases   288     329     (12.5 )   (15.1 )   2.6   total neuroscience   3,087     2,964     4.1     0.6     3.5        concerta®/methylphenidate   356     390     (8.7 )   (11.2 )   2.5        invega sustenna®/ xeplion®/ trinza®/ trevicta®   1,416     1,233     14.8     11.3     3.5        risperdal consta®   384     414     (7.2 )   (10.6 )   3.4        other neuroscience   931     927     0.4     (3.6 )   4.0   total oncology   4,767     3,321     43.5     37.8     5.7        darzalex®   943     554     70.2     65.8   4.4        imbruvica®   1,207     859     40.5     34.7     5.8        velcade®   593     570     4.0     (3.4 )   7.4        zytiga®   1,754     1,081     62.3     56.7     5.6        other oncology   270     257     5.1     0.6     4.5   pulmonary hypertension***    1,250     85     **   **   **      opsumit®   582     45     **   **   **      tracleer®   283     26     **   **   **      uptravi®   311     9     **   **   **      other   74     5     **   **   ** cardiovascular / metabolism / other   3,035     3,080     (1.5 )   (3.0 )   1.5        xarelto®   1,257     1,155     8.8     8.8      -         invokana®/ invokamet®   463     579     (20.0 )   (20.9 )   0.9        procrit®/eprex®   512     502     2.0     (0.1 )   2.1        other   803     844     (4.9 )   (8.6 )   3.7   total pharmaceutical sales   $ 20,198     $ 16,880     19.7  %   16.4  %   3.3 % *prior year amounts have been reclassified to conform to current year presentation **percentage greater than 100% or not meaningful ***products acquired from actelion acquisition on june 16, 2017 pharmaceutical segment sales in the fiscal second quarter of 2018 were $10.4 billion, an increase of 19.9% as compared to the same period a year ago, with an operational increase of 17.6% and a positive currency impact of 2.3%.",discussion
Part I  -  FINANCIAL INFORMATION,Item 2 - MANAGEMENT'S DISCUSSION AND ANALYSIS OF FINANCIAL CONDITION AND RESULTS OF OPERATIONS,u.s.,discussion
Part I  -  FINANCIAL INFORMATION,Item 2 - MANAGEMENT'S DISCUSSION AND ANALYSIS OF FINANCIAL CONDITION AND RESULTS OF OPERATIONS,pharmaceutical sales increased 17.7% as compared to the same period a year ago.,discussion
Part I  -  FINANCIAL INFORMATION,Item 2 - MANAGEMENT'S DISCUSSION AND ANALYSIS OF FINANCIAL CONDITION AND RESULTS OF OPERATIONS,"international pharmaceutical sales increased by 22.9%, including operational growth of 17.5% and a positive currency impact of 5.4%.",discussion
Part I  -  FINANCIAL INFORMATION,Item 2 - MANAGEMENT'S DISCUSSION AND ANALYSIS OF FINANCIAL CONDITION AND RESULTS OF OPERATIONS,"in the fiscal second quarter of 2018, the net impact of acquisitions and divestitures on the pharmaceutical segment operational sales growth was a positive 6.6%.",discussion
Part I  -  FINANCIAL INFORMATION,Item 2 - MANAGEMENT'S DISCUSSION AND ANALYSIS OF FINANCIAL CONDITION AND RESULTS OF OPERATIONS,"47 table of contents major pharmaceutical therapeutic area sales*  -  fiscal second quarters ended(dollars in millions)   july 1, 2018   july 2, 2017   total change   operations change   currency change total immunology   $ 3,338     $ 2,959     12.8  %   11.5 %   1.3 %      remicade®   1,320     1,530     (13.7 )   (14.1 )   0.4        simponi®/ simponi aria®   548     439     24.8     22.8     2.0        stelara®   1,341     983     36.4     34.2     2.2        other immunology   129     7     **   **   ** total infectious diseases   849     792     7.2     4.6     2.6        edurant®/rilpivirine   211     179     17.9     10.7     7.2        prezista®/ prezcobix®/ rezolsta®/ symtuza®   492     454     8.4     7.1     1.3        other infectious diseases   146     159     (8.2 )   (9.2 )   1.0   total neuroscience   1,528     1,467     4.2     2.1     2.1        concerta®/ methylphenidate   183     181     1.1     (0.4 )   1.5        invega sustenna®/ xeplion®/ trinza®/ trevicta®   720     629     14.5     12.2     2.3        risperdal consta®   188     207     (9.2 )   (11.1 )   1.9        other neuroscience   437     450     (2.9 )   (5.0 )   2.1   total oncology   2,456     1,727     42.2     38.7     3.5        darzalex®   511     299     70.9     67.7     3.2      imbruvica®   620     450     37.8     34.2     3.6        velcade®   280     290     (3.4 )   (8.0 )   4.6        zytiga®   909     558     62.9     59.5     3.4        other oncology   136     130     4.6     2.3     2.3   pulmonary hypertension***    665     85     **   **   **      opsumit®   311     45     **   **   **      tracleer®   143     26     **   **   **      uptravi®   171     9     **   **   **      other   40     5     **   **   ** cardiovascular / metabolism / other   1,518     1,605     (5.4 )   (6.6 )   1.2        xarelto®   679     642     5.8     5.8      -         invokana®/ invokamet®   215     295     (27.1 )   (27.7 )   0.6        procrit®/ eprex®   236     255     (7.5 )   (9.0 )   1.5        other   388     413     (6.1 )   (9.2 )   3.1   total pharmaceutical sales   $ 10,354     $ 8,635     19.9  %   17.6 %   2.3 % *prior year amounts have been reclassified to conform to current year presentation **percentage greater than 100% or not meaningful ***products acquired from actelion acquisition on june 16, 2017 immunology products achieved operational growth of 11.5% as compared to the same period a year ago driven by strong uptake of stelara® (ustekinumab) in crohn's disease, u.s. immunology market growth, the launch of tremfya® (guselkumab) and strength across major regions for expanded indications of simponi®/simponi aria® (golimumab).",discussion
Part I  -  FINANCIAL INFORMATION,Item 2 - MANAGEMENT'S DISCUSSION AND ANALYSIS OF FINANCIAL CONDITION AND RESULTS OF OPERATIONS,immunology was negatively impacted by lower sales of remicade® (infliximab) due to increased discounts/rebates and biosimilar competition.,discussion
Part I  -  FINANCIAL INFORMATION,Item 2 - MANAGEMENT'S DISCUSSION AND ANALYSIS OF FINANCIAL CONDITION AND RESULTS OF OPERATIONS,48 table of contents the patents for remicade® (infliximab)in certain countries in europe expired in february 2015.,discussion
Part I  -  FINANCIAL INFORMATION,Item 2 - MANAGEMENT'S DISCUSSION AND ANALYSIS OF FINANCIAL CONDITION AND RESULTS OF OPERATIONS,"biosimilar versions of remicade® have been introduced in certain markets outside the united states, resulting in a reduction in sales of remicade® in those markets.",discussion
Part I  -  FINANCIAL INFORMATION,Item 2 - MANAGEMENT'S DISCUSSION AND ANALYSIS OF FINANCIAL CONDITION AND RESULTS OF OPERATIONS,additional biosimilar competition will likely result in a further reduction in remicade® sales in markets outside the united states.,discussion
Part I  -  FINANCIAL INFORMATION,Item 2 - MANAGEMENT'S DISCUSSION AND ANALYSIS OF FINANCIAL CONDITION AND RESULTS OF OPERATIONS,"in the united states, a biosimilar version of remicade® was introduced in 2016, and additional competitors continue to enter the market.",discussion
Part I  -  FINANCIAL INFORMATION,Item 2 - MANAGEMENT'S DISCUSSION AND ANALYSIS OF FINANCIAL CONDITION AND RESULTS OF OPERATIONS,continued infliximab biosimilar competition in the u.s. market will result in a further reduction in u.s. sales of remicade®.,discussion
Part I  -  FINANCIAL INFORMATION,Item 2 - MANAGEMENT'S DISCUSSION AND ANALYSIS OF FINANCIAL CONDITION AND RESULTS OF OPERATIONS,see note 11 to the consolidated financial statements for a description of legal matters regarding the remicade® patents.,discussion
Part I  -  FINANCIAL INFORMATION,Item 2 - MANAGEMENT'S DISCUSSION AND ANALYSIS OF FINANCIAL CONDITION AND RESULTS OF OPERATIONS,infectious disease products achieved operational growth of 4.6% as compared to the same period a year ago.,discussion
Part I  -  FINANCIAL INFORMATION,Item 2 - MANAGEMENT'S DISCUSSION AND ANALYSIS OF FINANCIAL CONDITION AND RESULTS OF OPERATIONS,"sales growth of edurant®/rilpivirine, prezcobix®/rezolsta® and the launch of symtuza®  was partially offset by lower sales of prezista®.",discussion
Part I  -  FINANCIAL INFORMATION,Item 2 - MANAGEMENT'S DISCUSSION AND ANALYSIS OF FINANCIAL CONDITION AND RESULTS OF OPERATIONS,neuroscience products achieved operational sales growth of 2.1% as compared to the same period a year ago.,discussion
Part I  -  FINANCIAL INFORMATION,Item 2 - MANAGEMENT'S DISCUSSION AND ANALYSIS OF FINANCIAL CONDITION AND RESULTS OF OPERATIONS,strong sales of invega sustenna®/xeplion®/ trinza®/trevicta®(paliperidone palmitate) were offset by cannibalization of risperdal consta® (risperidone) and generic competition for concerta®/methylphenidate.,discussion
Part I  -  FINANCIAL INFORMATION,Item 2 - MANAGEMENT'S DISCUSSION AND ANALYSIS OF FINANCIAL CONDITION AND RESULTS OF OPERATIONS,oncology products achieved strong operational sales growth of 38.7% as compared to the same period a year ago.,discussion
Part I  -  FINANCIAL INFORMATION,Item 2 - MANAGEMENT'S DISCUSSION AND ANALYSIS OF FINANCIAL CONDITION AND RESULTS OF OPERATIONS,contributors to the growth were strong sales of darzalex® (daratumumab) and imbruvica® (ibrutinib) due to increased patient uptake and sales of zytiga® (abiraterone acetate) driven by latitude data and market growth.,discussion
Part I  -  FINANCIAL INFORMATION,Item 2 - MANAGEMENT'S DISCUSSION AND ANALYSIS OF FINANCIAL CONDITION AND RESULTS OF OPERATIONS,"additionally, sales from the launch of erleada™ (apalutamide) contributed to the growth.",discussion
Part I  -  FINANCIAL INFORMATION,Item 2 - MANAGEMENT'S DISCUSSION AND ANALYSIS OF FINANCIAL CONDITION AND RESULTS OF OPERATIONS,"a number of companies marketing generic pharmaceuticals have filed abbreviated new drug applications (andas) with the fda, or undertaken similar regulatory processes outside of the united states, seeking to market generic forms of zytiga® prior to expiration of its applicable patents.",discussion
Part I  -  FINANCIAL INFORMATION,Item 2 - MANAGEMENT'S DISCUSSION AND ANALYSIS OF FINANCIAL CONDITION AND RESULTS OF OPERATIONS,"these andas include allegations of non-infringement, invalidity and unenforceability of the applicable patents.",discussion
Part I  -  FINANCIAL INFORMATION,Item 2 - MANAGEMENT'S DISCUSSION AND ANALYSIS OF FINANCIAL CONDITION AND RESULTS OF OPERATIONS,"in february 2018, the court heard oral arguments on a motion for summary judgment of non-infringement filed by certain defendants and in may 2018, administratively terminated the motion without prejudice to reassertion following trial.",discussion
Part I  -  FINANCIAL INFORMATION,Item 2 - MANAGEMENT'S DISCUSSION AND ANALYSIS OF FINANCIAL CONDITION AND RESULTS OF OPERATIONS,a trial on the matter is ongoing.,discussion
Part I  -  FINANCIAL INFORMATION,Item 2 - MANAGEMENT'S DISCUSSION AND ANALYSIS OF FINANCIAL CONDITION AND RESULTS OF OPERATIONS,"if the decision is unfavorable, the stay could be lifted and a generic version of zytiga® could promptly enter the market and result in a significant decline in sales of zytiga®.",discussion
Part I  -  FINANCIAL INFORMATION,Item 2 - MANAGEMENT'S DISCUSSION AND ANALYSIS OF FINANCIAL CONDITION AND RESULTS OF OPERATIONS,see note 11 to the consolidated financial statements for a description of the legal matters regarding the zytiga® patents.,discussion
Part I  -  FINANCIAL INFORMATION,Item 2 - MANAGEMENT'S DISCUSSION AND ANALYSIS OF FINANCIAL CONDITION AND RESULTS OF OPERATIONS,"pulmonary hypertension is a new therapeutic area which was established with the acquisition of actelion on june 16, 2017.",discussion
Part I  -  FINANCIAL INFORMATION,Item 2 - MANAGEMENT'S DISCUSSION AND ANALYSIS OF FINANCIAL CONDITION AND RESULTS OF OPERATIONS,see note 10 to the consolidated financial statements for additional details regarding the acquisition.,discussion
Part I  -  FINANCIAL INFORMATION,Item 2 - MANAGEMENT'S DISCUSSION AND ANALYSIS OF FINANCIAL CONDITION AND RESULTS OF OPERATIONS,cardiovascular / metabolism / other products experienced an operational decline of 6.6% as compared to the same period a year ago.,discussion
Part I  -  FINANCIAL INFORMATION,Item 2 - MANAGEMENT'S DISCUSSION AND ANALYSIS OF FINANCIAL CONDITION AND RESULTS OF OPERATIONS,lower sales of invokana®/invokamet® (canagliflozin) in the u.s. primarily due to an increase in price discounts and market share decline driven by competitive pressure was partially offset by sales growth of xarelto® (rivaroxaban) due to increased market share.,discussion
Part I  -  FINANCIAL INFORMATION,Item 2 - MANAGEMENT'S DISCUSSION AND ANALYSIS OF FINANCIAL CONDITION AND RESULTS OF OPERATIONS,"49 table of contents medical devices the medical devices segment sales in the first fiscal six months of 2018 were $13.7 billion, an increase of 5.5% as compared to the same period a year ago, with operational growth of 2.5% and a positive currency impact of 3.0%.",discussion
Part I  -  FINANCIAL INFORMATION,Item 2 - MANAGEMENT'S DISCUSSION AND ANALYSIS OF FINANCIAL CONDITION AND RESULTS OF OPERATIONS,u.s.,discussion
Part I  -  FINANCIAL INFORMATION,Item 2 - MANAGEMENT'S DISCUSSION AND ANALYSIS OF FINANCIAL CONDITION AND RESULTS OF OPERATIONS,medical devices sales increased 1.7%.,discussion
Part I  -  FINANCIAL INFORMATION,Item 2 - MANAGEMENT'S DISCUSSION AND ANALYSIS OF FINANCIAL CONDITION AND RESULTS OF OPERATIONS,"international medical devices sales increased by 9.2%, including an operational increase of 3.3% and a positive currency impact of 5.9%.",discussion
Part I  -  FINANCIAL INFORMATION,Item 2 - MANAGEMENT'S DISCUSSION AND ANALYSIS OF FINANCIAL CONDITION AND RESULTS OF OPERATIONS,"in the first fiscal six months of 2018, the net impact of acquisitions and divestitures on the medical devices segment operational sales growth was a positive 0.5%.",discussion
Part I  -  FINANCIAL INFORMATION,Item 2 - MANAGEMENT'S DISCUSSION AND ANALYSIS OF FINANCIAL CONDITION AND RESULTS OF OPERATIONS,"major medical devices franchise sales*  -  fiscal six months ended (dollars in millions)   july 1, 2018   july 2, 2017   total change   operations change   currency change surgery   $ 4,938     $ 4,655     6.1  %   2.9  %   3.2 %      advanced   1,971     1,810     8.9     5.4     3.5        general   2,296     2,188     4.9     1.5     3.4        specialty   671     657     2.1     0.3     1.8   orthopaedics   4,512     4,568     (1.2 )   (3.8 )   2.6        hips   723     702     3.0     0.3     2.7        knees   769     783     (1.8 )   (4.2 )   2.4        trauma   1,371     1,285     6.7     4.0     2.7        spine & other   1,649     1,798     (8.3 )   (10.8 )   2.5   vision   2,288     1,853     23.5     20.3     3.2        contact lenses/other   1,651     1,436     15.0     12.0     3.0        surgical   637     417     52.8     49.1     3.7   interventional solutions (1)   1,307     1,122     16.5     12.7     3.8   diabetes care   694     820     (15.4 )   (18.5 )   3.1   diagnostics (2)    -      1     **   **   ** total medical devices sales   $ 13,739     $ 13,019     5.5  %   2.5  %   3.0 % *prior year amounts have been reclassified to conform to current year presentation **percentage greater than 100% or not meaningful (1)previously referred to as cardiovascular (2)on june 30, 2014, the company divested the ortho-clinical diagnostics business (the diagnostics franchise) the medical devices segment sales in the fiscal second quarter of 2018 were $7.0 billion, an increase of 3.7% as compared to the same period a year ago, with operational growth of 1.9% and a positive currency impact of 1.8%.",discussion
Part I  -  FINANCIAL INFORMATION,Item 2 - MANAGEMENT'S DISCUSSION AND ANALYSIS OF FINANCIAL CONDITION AND RESULTS OF OPERATIONS,u.s.,discussion
Part I  -  FINANCIAL INFORMATION,Item 2 - MANAGEMENT'S DISCUSSION AND ANALYSIS OF FINANCIAL CONDITION AND RESULTS OF OPERATIONS,medical devices sales increased 1.1%.,discussion
Part I  -  FINANCIAL INFORMATION,Item 2 - MANAGEMENT'S DISCUSSION AND ANALYSIS OF FINANCIAL CONDITION AND RESULTS OF OPERATIONS,"international medical devices sales increased by 6.0%, including an operational increase of 2.5% and a positive currency impact of 3.5%.",discussion
Part I  -  FINANCIAL INFORMATION,Item 2 - MANAGEMENT'S DISCUSSION AND ANALYSIS OF FINANCIAL CONDITION AND RESULTS OF OPERATIONS,"in the fiscal second quarter of 2018, the net impact of acquisitions and divestitures on the medical devices segment operational sales growth was a negative 1.0%.",discussion
Part I  -  FINANCIAL INFORMATION,Item 2 - MANAGEMENT'S DISCUSSION AND ANALYSIS OF FINANCIAL CONDITION AND RESULTS OF OPERATIONS,"50 table of contents major medical devices franchise sales*  -  fiscal second quarters ended (dollars in millions)   july 1, 2018   july 2, 2017   total change   operations change   currency change surgery   $ 2,515     $ 2,384     5.5  %   3.5  %   2.0 %      advanced   1,005     933     7.7     5.4     2.3        general   1,169     1,114     4.9     2.9   2.0        specialty   341     337     1.2     0.4     0.8   orthopaedics   2,262     2,293     (1.4 )   (3.0 )   1.6        hips   360     350     2.9     1.2     1.7        knees   382     385     (0.8)   (2.2 )   1.4        trauma   675     643     5.0     3.3     1.7        spine & other   845     915     (7.7 )   (9.4 )   1.7   vision   1,173     1,055     11.2     9.6     1.6        contact lenses/other   844     753     12.1     10.4     1.7        surgical   329     302     8.9     7.5     1.4   interventional solutions (1)   667     573     16.4     13.7     2.7   diabetes care   355     421     (15.7 )   (17.5 )   1.8   total medical devices sales   $ 6,972     $ 6,726     3.7  %   1.9  %   1.8 % *prior year amounts have been reclassified to conform to current year presentation (1)previously referred to as cardiovascular the surgery franchise achieved operational sales growth of 3.5% as compared to the prior year fiscal second quarter.",discussion
Part I  -  FINANCIAL INFORMATION,Item 2 - MANAGEMENT'S DISCUSSION AND ANALYSIS OF FINANCIAL CONDITION AND RESULTS OF OPERATIONS,operational growth in advanced surgery was primarily driven by biosurgery products and international endocutters.,discussion
Part I  -  FINANCIAL INFORMATION,Item 2 - MANAGEMENT'S DISCUSSION AND ANALYSIS OF FINANCIAL CONDITION AND RESULTS OF OPERATIONS,operational growth in general surgery was primarily driven by wound closure products.,discussion
Part I  -  FINANCIAL INFORMATION,Item 2 - MANAGEMENT'S DISCUSSION AND ANALYSIS OF FINANCIAL CONDITION AND RESULTS OF OPERATIONS,the orthopaedics franchise experienced an operational sales decline of 3.0% as compared to the prior year fiscal second quarter.,discussion
Part I  -  FINANCIAL INFORMATION,Item 2 - MANAGEMENT'S DISCUSSION AND ANALYSIS OF FINANCIAL CONDITION AND RESULTS OF OPERATIONS,the decline was primarily due to the codman neurosurgery divestiture and share loss in spine and competitive pressure in u.s. knees.,discussion
Part I  -  FINANCIAL INFORMATION,Item 2 - MANAGEMENT'S DISCUSSION AND ANALYSIS OF FINANCIAL CONDITION AND RESULTS OF OPERATIONS,"this was partially offset by growth in hips and sales growth of trauma due to the continued uptake of new products, primarily the tfn-advanced™ nailing system.",discussion
Part I  -  FINANCIAL INFORMATION,Item 2 - MANAGEMENT'S DISCUSSION AND ANALYSIS OF FINANCIAL CONDITION AND RESULTS OF OPERATIONS,the vision franchise achieved operational sales growth of 9.6% as compared to the prior year fiscal second quarter.,discussion
Part I  -  FINANCIAL INFORMATION,Item 2 - MANAGEMENT'S DISCUSSION AND ANALYSIS OF FINANCIAL CONDITION AND RESULTS OF OPERATIONS,operational growth was primarily driven by above market consumption in the contact lenses category primarily reflected in astigmatism and daily disposable lenses in the oasys® family and strong growth in japan.,discussion
Part I  -  FINANCIAL INFORMATION,Item 2 - MANAGEMENT'S DISCUSSION AND ANALYSIS OF FINANCIAL CONDITION AND RESULTS OF OPERATIONS,surgical growth was driven by cataract performance and growth from recent acquisitions.,discussion
Part I  -  FINANCIAL INFORMATION,Item 2 - MANAGEMENT'S DISCUSSION AND ANALYSIS OF FINANCIAL CONDITION AND RESULTS OF OPERATIONS,the interventional solutions franchise (includes the cerenovus business previously included in spine and other in orthopaedics) achieved strong operational sales growth of 13.7% as compared to the prior year fiscal second quarter.,discussion
Part I  -  FINANCIAL INFORMATION,Item 2 - MANAGEMENT'S DISCUSSION AND ANALYSIS OF FINANCIAL CONDITION AND RESULTS OF OPERATIONS,strong operational growth in the electrophysiology business was driven by atrial fibrillation procedure growth and continued uptake of the thermocool smarttouch® contact forcesensing catheter.,discussion
Part I  -  FINANCIAL INFORMATION,Item 2 - MANAGEMENT'S DISCUSSION AND ANALYSIS OF FINANCIAL CONDITION AND RESULTS OF OPERATIONS,the diabetes care franchise experienced an operational sales decline of 17.5% as compared to the prior year fiscal second quarter.,discussion
Part I  -  FINANCIAL INFORMATION,Item 2 - MANAGEMENT'S DISCUSSION AND ANALYSIS OF FINANCIAL CONDITION AND RESULTS OF OPERATIONS,"lower sales were primarily due to the company's decision to exit the animas insulin pump business, price declines in the u.s. and competitive pressure.",discussion
Part I  -  FINANCIAL INFORMATION,Item 2 - MANAGEMENT'S DISCUSSION AND ANALYSIS OF FINANCIAL CONDITION AND RESULTS OF OPERATIONS,"during the second quarter of 2018, the company announced acceptance of the binding offer from platinum equity to acquire its lifescan business.",discussion
Part I  -  FINANCIAL INFORMATION,Item 2 - MANAGEMENT'S DISCUSSION AND ANALYSIS OF FINANCIAL CONDITION AND RESULTS OF OPERATIONS,"51 table of contents analysis of consolidated earnings before provision for taxes on income consolidated earnings before provision for taxes on income for the first fiscal six months of 2018 was $10.5 billion representing 25.6% of sales as compared to $10.3 billion in the first fiscal six months of 2017, representing 28.2% of sales.",discussion
Part I  -  FINANCIAL INFORMATION,Item 2 - MANAGEMENT'S DISCUSSION AND ANALYSIS OF FINANCIAL CONDITION AND RESULTS OF OPERATIONS,"consolidated earnings before provision for taxes on income for the fiscal second quarter of 2018 was $5.0 billion representing 23.9% of sales as compared to $4.7 billion in the fiscal second quarter of 2017, representing 25.2% of sales.",discussion
Part I  -  FINANCIAL INFORMATION,Item 2 - MANAGEMENT'S DISCUSSION AND ANALYSIS OF FINANCIAL CONDITION AND RESULTS OF OPERATIONS,cost of products sold consolidated costs of products sold for the first fiscal six months of 2018 increased to 33.2% from 30.8% of sales as compared to the same period a year ago.,discussion
Part I  -  FINANCIAL INFORMATION,Item 2 - MANAGEMENT'S DISCUSSION AND ANALYSIS OF FINANCIAL CONDITION AND RESULTS OF OPERATIONS,consolidated costs of products sold for the fiscal second quarter of 2018 increased to 33.3% from 31.0% of sales as compared to the same period a year ago.,discussion
Part I  -  FINANCIAL INFORMATION,Item 2 - MANAGEMENT'S DISCUSSION AND ANALYSIS OF FINANCIAL CONDITION AND RESULTS OF OPERATIONS,the unfavorable increase in both periods was primarily driven by higher amortization expense primarily related to the actelion acquisition.,discussion
Part I  -  FINANCIAL INFORMATION,Item 2 - MANAGEMENT'S DISCUSSION AND ANALYSIS OF FINANCIAL CONDITION AND RESULTS OF OPERATIONS,this was partially offset by favorable segment mix.,discussion
Part I  -  FINANCIAL INFORMATION,Item 2 - MANAGEMENT'S DISCUSSION AND ANALYSIS OF FINANCIAL CONDITION AND RESULTS OF OPERATIONS,"the intangible asset amortization expense for the fiscal six months of 2018 and 2017 was $2.2 billion and $0.8 billion, respectively.",discussion
Part I  -  FINANCIAL INFORMATION,Item 2 - MANAGEMENT'S DISCUSSION AND ANALYSIS OF FINANCIAL CONDITION AND RESULTS OF OPERATIONS,"selling, marketing and administrative expenses consolidated selling, marketing and administrative expenses for the first fiscal six months of 2018 decreased to 27.0% from 27.5% of sales as compared to the same period a year ago.",discussion
Part I  -  FINANCIAL INFORMATION,Item 2 - MANAGEMENT'S DISCUSSION AND ANALYSIS OF FINANCIAL CONDITION AND RESULTS OF OPERATIONS,"consolidated selling, marketing and administrative expenses for the fiscal second quarter of 2018 decreased to 27.5% from 28.1% of sales as compared to the same period a year ago primarily due to lower costs relative to sales growth in the pharmaceutical business partially offset by new product launches in the medical devices and consumer segments.",discussion
Part I  -  FINANCIAL INFORMATION,Item 2 - MANAGEMENT'S DISCUSSION AND ANALYSIS OF FINANCIAL CONDITION AND RESULTS OF OPERATIONS,research and development expense worldwide costs of research and development activities for the first fiscal six months of 2018 increased to 12.3% from 11.9% of sales as compared to the same period a year ago.,discussion
Part I  -  FINANCIAL INFORMATION,Item 2 - MANAGEMENT'S DISCUSSION AND ANALYSIS OF FINANCIAL CONDITION AND RESULTS OF OPERATIONS,worldwide costs of research and development activities for the fiscal second quarter of 2018 increased to 12.7% from 12.2% of sales as compared to the same period a year ago.,discussion
Part I  -  FINANCIAL INFORMATION,Item 2 - MANAGEMENT'S DISCUSSION AND ANALYSIS OF FINANCIAL CONDITION AND RESULTS OF OPERATIONS,the increase in both periods was primarily due to continued investment spending to advance the product development pipeline.,discussion
Part I  -  FINANCIAL INFORMATION,Item 2 - MANAGEMENT'S DISCUSSION AND ANALYSIS OF FINANCIAL CONDITION AND RESULTS OF OPERATIONS,"the company has an in-process research and development asset, al-8176, an investigational drug for the treatment of respiratory syncytial virus (rsv) and human metapneumovirus (hmpv), with a carrying value of $1.7 billion.",discussion
Part I  -  FINANCIAL INFORMATION,Item 2 - MANAGEMENT'S DISCUSSION AND ANALYSIS OF FINANCIAL CONDITION AND RESULTS OF OPERATIONS,"late in the fiscal second quarter of 2018, information became available which led the company to suspend on-going phase 2b trials until an analysis of this information is completed.",discussion
Part I  -  FINANCIAL INFORMATION,Item 2 - MANAGEMENT'S DISCUSSION AND ANALYSIS OF FINANCIAL CONDITION AND RESULTS OF OPERATIONS,the company will reassess the carrying value of the in-process research and development asset upon completion of the analysis.,discussion
Part I  -  FINANCIAL INFORMATION,Item 2 - MANAGEMENT'S DISCUSSION AND ANALYSIS OF FINANCIAL CONDITION AND RESULTS OF OPERATIONS,if the development timeline is significantly delayed or development is abandoned the company may incur an impairment charge.,discussion
Part I  -  FINANCIAL INFORMATION,Item 2 - MANAGEMENT'S DISCUSSION AND ANALYSIS OF FINANCIAL CONDITION AND RESULTS OF OPERATIONS,"interest (income) expense interest income in the first fiscal six months and fiscal second quarter of 2018 was higher than the same periods a year ago due to higher average interest rates partially offset by average lower cash, cash equivalents and marketable securities balances during the period.",discussion
Part I  -  FINANCIAL INFORMATION,Item 2 - MANAGEMENT'S DISCUSSION AND ANALYSIS OF FINANCIAL CONDITION AND RESULTS OF OPERATIONS,"the ending balance of cash, cash equivalents and current marketable securities was $18.1 billion at the end of the fiscal second quarter of 2018.",discussion
Part I  -  FINANCIAL INFORMATION,Item 2 - MANAGEMENT'S DISCUSSION AND ANALYSIS OF FINANCIAL CONDITION AND RESULTS OF OPERATIONS,"the average balance of cash, cash equivalents and marketable securities for the fiscal six months of 2018 was $18.2 billion as compared to $27.4 billion for the same period a year ago.",discussion
Part I  -  FINANCIAL INFORMATION,Item 2 - MANAGEMENT'S DISCUSSION AND ANALYSIS OF FINANCIAL CONDITION AND RESULTS OF OPERATIONS,"the decrease in the average balance of cash, cash equivalents and marketable securities was due to the use of cash for general corporate purposes including acquisitions, primarily the actelion acquisition for $29.6 billion, net of cash acquired in the fiscal second quarter of 2017.",discussion
Part I  -  FINANCIAL INFORMATION,Item 2 - MANAGEMENT'S DISCUSSION AND ANALYSIS OF FINANCIAL CONDITION AND RESULTS OF OPERATIONS,interest expense in the first fiscal six months and fiscal second quarter of 2018 was higher as compared to the same periods a year ago due to a higher average interest rates partially offset by a lower average debt balance.,discussion
Part I  -  FINANCIAL INFORMATION,Item 2 - MANAGEMENT'S DISCUSSION AND ANALYSIS OF FINANCIAL CONDITION AND RESULTS OF OPERATIONS,"the company's debt position was $32.1 billion as of july 1, 2018 as compared to $34.6 billion the same period a year ago.",discussion
Part I  -  FINANCIAL INFORMATION,Item 2 - MANAGEMENT'S DISCUSSION AND ANALYSIS OF FINANCIAL CONDITION AND RESULTS OF OPERATIONS,"other (income) expense, net other (income) expense, net for the first fiscal six months of 2018 was slightly unfavorable by $0.1 billion as compared to the same period a year ago.",discussion
Part I  -  FINANCIAL INFORMATION,Item 2 - MANAGEMENT'S DISCUSSION AND ANALYSIS OF FINANCIAL CONDITION AND RESULTS OF OPERATIONS,"the fiscal six months of 2018 as compared to the same period a year ago included higher gains of $0.4 52 table of contents billion on divestitures, primarily nizoral® and lower costs of $0.1 billion related to the actelion acquisition partially offset by higher litigation expense of $0.2 billion as compared to the same period a year ago.",discussion
Part I  -  FINANCIAL INFORMATION,Item 2 - MANAGEMENT'S DISCUSSION AND ANALYSIS OF FINANCIAL CONDITION AND RESULTS OF OPERATIONS,the fiscal six months of 2017 included higher gains of $0.5 billion from the monetization of future royalty receivables and the sale of certain investments in equity securities as compared to the fiscal six months of 2018.,discussion
Part I  -  FINANCIAL INFORMATION,Item 2 - MANAGEMENT'S DISCUSSION AND ANALYSIS OF FINANCIAL CONDITION AND RESULTS OF OPERATIONS,"additionally, the fiscal six months of 2017 included an asset impairment charge of $0.2 billion primarily related to the insulin pump business.",discussion
Part I  -  FINANCIAL INFORMATION,Item 2 - MANAGEMENT'S DISCUSSION AND ANALYSIS OF FINANCIAL CONDITION AND RESULTS OF OPERATIONS,"other (income) expense, net for the fiscal second quarter of 2018 was favorable by $0.2 billion as compared to the same period a year ago.",discussion
Part I  -  FINANCIAL INFORMATION,Item 2 - MANAGEMENT'S DISCUSSION AND ANALYSIS OF FINANCIAL CONDITION AND RESULTS OF OPERATIONS,"the fiscal second quarter of 2018 included higher gains of $0.4 billion on divestitures, primarily nizoral® and lower costs of $0.1 billion related to the actelion acquisition as compared to the same period a year ago.",discussion
Part I  -  FINANCIAL INFORMATION,Item 2 - MANAGEMENT'S DISCUSSION AND ANALYSIS OF FINANCIAL CONDITION AND RESULTS OF OPERATIONS,"additionally, the fiscal second quarter of 2017 included an asset impairment charge of $0.2 billion primarily related to the insulin pump business.",discussion
Part I  -  FINANCIAL INFORMATION,Item 2 - MANAGEMENT'S DISCUSSION AND ANALYSIS OF FINANCIAL CONDITION AND RESULTS OF OPERATIONS,"this was partially offset by a gain of $0.2 billion related to monetization of future royalty receivables, a higher gain of $0.1 billion related to the sale of certain investments in equity securities, and lower litigation expense of $0.2 billion in the fiscal second quarter of 2017.",discussion
Part I  -  FINANCIAL INFORMATION,Item 2 - MANAGEMENT'S DISCUSSION AND ANALYSIS OF FINANCIAL CONDITION AND RESULTS OF OPERATIONS,"earnings before provision for taxes by segment income before tax by segment of business for the first fiscal six months were as follows: income before tax   segment sales   percent of segment sales (dollars in millions)   july 1, 2018   july 2, 2017   july 1, 2018   july 2, 2017   july 1, 2018   july 2, 2017 consumer   $ 1,377     $ 1,254     $ 6,902     $ 6,706     20.0 %   18.7 % pharmaceutical   7,317     7,077     20,198     16,880     36.2     41.9   medical devices   2,375     2,555     13,739     13,019     17.3     19.6   segment total   11,069     10,886     40,839     36,605     27.1     29.7   less: expenses not allocated to segments (1)   615     563                       worldwide total   $ 10,454     $ 10,323     $ 40,839     $ 36,605     25.6 %   28.2 % (1) amounts not allocated to segments include interest (income) expense and general corporate (income) expense.",discussion
Part I  -  FINANCIAL INFORMATION,Item 2 - MANAGEMENT'S DISCUSSION AND ANALYSIS OF FINANCIAL CONDITION AND RESULTS OF OPERATIONS,"income before tax by segment of business for the fiscal second quarters were as follows: income before tax   segment sales   percent of segment sales (dollars in millions)   july 1, 2018   july 2, 2017   july 1, 2018   july 2, 2017   july 1, 2018   july 2, 2017 consumer   $ 829     $ 658     $ 3,504     $ 3,478     23.7 %   18.9 % pharmaceutical   3,651     3,414     10,354     8,635     35.3     39.5   medical devices   796     992     6,972     6,726     11.4     14.7   segment earnings before provision for taxes   5,276     5,064     20,830     18,839     25.3     26.9   less: expenses not allocated to segments (1)   303     316                       worldwide income before tax   $ 4,973     $ 4,748     $ 20,830     $ 18,839     23.9 %   25.2 % (1) amounts not allocated to segments include interest (income) expense and general corporate (income) expense.",discussion
Part I  -  FINANCIAL INFORMATION,Item 2 - MANAGEMENT'S DISCUSSION AND ANALYSIS OF FINANCIAL CONDITION AND RESULTS OF OPERATIONS,consumer segment the consumer segment income before tax as a percent of sales in the first fiscal six months of 2018 was 20.0% versus 18.7% for the same period a year ago.,discussion
Part I  -  FINANCIAL INFORMATION,Item 2 - MANAGEMENT'S DISCUSSION AND ANALYSIS OF FINANCIAL CONDITION AND RESULTS OF OPERATIONS,the consumer segment income before tax as a percent of sales in the fiscal second quarter of 2018 was 23.7% versus 18.9% for the same period a year ago.,discussion
Part I  -  FINANCIAL INFORMATION,Item 2 - MANAGEMENT'S DISCUSSION AND ANALYSIS OF FINANCIAL CONDITION AND RESULTS OF OPERATIONS,the increase in the income before tax as a percent of sales in both the fiscal six months and fiscal second quarter of 2018 as compared to 2017 was attributable to higher gains on divestitures including the nizoral® gain of $0.3 billion.,discussion
Part I  -  FINANCIAL INFORMATION,Item 2 - MANAGEMENT'S DISCUSSION AND ANALYSIS OF FINANCIAL CONDITION AND RESULTS OF OPERATIONS,"this was partially offset by higher selling, marketing and administrative expenses as compared to the prior year due to higher brand marketing expenses supporting the launch of new products.",discussion
Part I  -  FINANCIAL INFORMATION,Item 2 - MANAGEMENT'S DISCUSSION AND ANALYSIS OF FINANCIAL CONDITION AND RESULTS OF OPERATIONS,53 table of contents pharmaceutical segment the pharmaceutical segment income before tax as a percent of sales in the first fiscal six months of 2018 was 36.2% versus 41.9% for the same period a year ago.,discussion
Part I  -  FINANCIAL INFORMATION,Item 2 - MANAGEMENT'S DISCUSSION AND ANALYSIS OF FINANCIAL CONDITION AND RESULTS OF OPERATIONS,the pharmaceutical segment income before tax as a percent of sales in the fiscal second quarter of 2018 was 35.3% versus 39.5% for the same period a year ago.,discussion
Part I  -  FINANCIAL INFORMATION,Item 2 - MANAGEMENT'S DISCUSSION AND ANALYSIS OF FINANCIAL CONDITION AND RESULTS OF OPERATIONS,the decrease in the income before tax as a percent of sales for the fiscal second quarter and fiscal six months of 2018 was primarily due to higher amortization expense related to the actelion acquisition.,discussion
Part I  -  FINANCIAL INFORMATION,Item 2 - MANAGEMENT'S DISCUSSION AND ANALYSIS OF FINANCIAL CONDITION AND RESULTS OF OPERATIONS,"this was partially offset by lower acquisition related costs, favorable product mix and slower increases in expenses relative to the increase in sales and a gain of $0.1 billion on the divestiture of pancrease®.",discussion
Part I  -  FINANCIAL INFORMATION,Item 2 - MANAGEMENT'S DISCUSSION AND ANALYSIS OF FINANCIAL CONDITION AND RESULTS OF OPERATIONS,"additionally, the fiscal second quarter and fiscal six months of 2017 included a gain related to the monetization of future royalty receivables and higher gains on the sale of certain investments in equity securities held by johnson & johnson innovation - jjdc, inc.",discussion
Part I  -  FINANCIAL INFORMATION,Item 2 - MANAGEMENT'S DISCUSSION AND ANALYSIS OF FINANCIAL CONDITION AND RESULTS OF OPERATIONS,medical devices segment the medical devices segment income before tax as a percent of sales in the fiscal six months of 2018 was 17.3% versus 19.6% for the same period a year ago.,discussion
Part I  -  FINANCIAL INFORMATION,Item 2 - MANAGEMENT'S DISCUSSION AND ANALYSIS OF FINANCIAL CONDITION AND RESULTS OF OPERATIONS,the medical devices segment income before tax as a percent of sales in the fiscal second quarter of 2018 was 11.4% versus 14.7% for the same period a year ago.,discussion
Part I  -  FINANCIAL INFORMATION,Item 2 - MANAGEMENT'S DISCUSSION AND ANALYSIS OF FINANCIAL CONDITION AND RESULTS OF OPERATIONS,"the decrease in the income before tax as a percent of sales for both periods of 2018 as compared to 2017 was primarily due to litigation expense of $0.7 billion in 2018 as compared to $0.4 billion in 2017, and increased spending for acquisitions and new product launches.",discussion
Part I  -  FINANCIAL INFORMATION,Item 2 - MANAGEMENT'S DISCUSSION AND ANALYSIS OF FINANCIAL CONDITION AND RESULTS OF OPERATIONS,this was partially offset by an asset impairment charge of $0.2 billion primarily related to the insulin pump business in the fiscal second quarter of 2017.,discussion
Part I  -  FINANCIAL INFORMATION,Item 2 - MANAGEMENT'S DISCUSSION AND ANALYSIS OF FINANCIAL CONDITION AND RESULTS OF OPERATIONS,"restructuring in the first quarter of 2016, the company announced restructuring actions in its medical devices segment.",discussion
Part I  -  FINANCIAL INFORMATION,Item 2 - MANAGEMENT'S DISCUSSION AND ANALYSIS OF FINANCIAL CONDITION AND RESULTS OF OPERATIONS,"the restructuring actions are expected to result in annualized pre-tax cost savings of $800 million to $1.0 billion, the majority of which is expected to be realized by the end of 2018.",discussion
Part I  -  FINANCIAL INFORMATION,Item 2 - MANAGEMENT'S DISCUSSION AND ANALYSIS OF FINANCIAL CONDITION AND RESULTS OF OPERATIONS,approximately $500 million in savings were realized in 2017.,discussion
Part I  -  FINANCIAL INFORMATION,Item 2 - MANAGEMENT'S DISCUSSION AND ANALYSIS OF FINANCIAL CONDITION AND RESULTS OF OPERATIONS,the savings will provide the company with added flexibility and resources to fund investment in new growth opportunities and innovative solutions for customers and patients.,discussion
Part I  -  FINANCIAL INFORMATION,Item 2 - MANAGEMENT'S DISCUSSION AND ANALYSIS OF FINANCIAL CONDITION AND RESULTS OF OPERATIONS,"the company estimates that, in connection with its plans, it will record pre-tax restructuring related charges of approximately $2.4 billion.",discussion
Part I  -  FINANCIAL INFORMATION,Item 2 - MANAGEMENT'S DISCUSSION AND ANALYSIS OF FINANCIAL CONDITION AND RESULTS OF OPERATIONS,"in the fiscal second quarter of 2018, the company recorded a pre-tax charge of $117 million, of which $19 million is included in cost of products sold and $54 million is included in other (income) expense.",discussion
Part I  -  FINANCIAL INFORMATION,Item 2 - MANAGEMENT'S DISCUSSION AND ANALYSIS OF FINANCIAL CONDITION AND RESULTS OF OPERATIONS,restructuring charges of $2.3 billion have been recorded since the restructuring was announced.,discussion
Part I  -  FINANCIAL INFORMATION,Item 2 - MANAGEMENT'S DISCUSSION AND ANALYSIS OF FINANCIAL CONDITION AND RESULTS OF OPERATIONS,"in the second quarter of 2018, the company announced plans to implement actions across its global supply chain that are intended to enable the company to focus resources and increase investments in critical capabilities, technologies and solutions necessary to manufacture and supply its product portfolio of the future, enhance agility and drive growth.",discussion
Part I  -  FINANCIAL INFORMATION,Item 2 - MANAGEMENT'S DISCUSSION AND ANALYSIS OF FINANCIAL CONDITION AND RESULTS OF OPERATIONS,"the company expects these supply chain actions will include expanding its use of strategic collaborations, and bolstering its initiatives to reduce complexity, improving cost-competitiveness, enhancing capabilities and optimizing its network.",discussion
Part I  -  FINANCIAL INFORMATION,Item 2 - MANAGEMENT'S DISCUSSION AND ANALYSIS OF FINANCIAL CONDITION AND RESULTS OF OPERATIONS,discussions regarding specific future actions are ongoing and are subject to all relevant consultation requirements before they are finalized.,discussion
Part I  -  FINANCIAL INFORMATION,Item 2 - MANAGEMENT'S DISCUSSION AND ANALYSIS OF FINANCIAL CONDITION AND RESULTS OF OPERATIONS,"in total, the company expects these actions to generate approximately $0.6 to $0.8 billion in annual pre-tax cost savings that will be substantially delivered by 2022.",discussion
Part I  -  FINANCIAL INFORMATION,Item 2 - MANAGEMENT'S DISCUSSION AND ANALYSIS OF FINANCIAL CONDITION AND RESULTS OF OPERATIONS,the company expects to record pre-tax restructuring charges of approximately $1.9 to $2.3 billion.,discussion
Part I  -  FINANCIAL INFORMATION,Item 2 - MANAGEMENT'S DISCUSSION AND ANALYSIS OF FINANCIAL CONDITION AND RESULTS OF OPERATIONS,"in the fiscal second quarter of 2018, the company recorded a pre-tax charge of $59 million, of which $25 million is included in cost of products sold and $21 million is included in other (income) expense.",discussion
Part I  -  FINANCIAL INFORMATION,Item 2 - MANAGEMENT'S DISCUSSION AND ANALYSIS OF FINANCIAL CONDITION AND RESULTS OF OPERATIONS,see note 12 to the consolidated financial statements for additional details related to the restructuring.,discussion
Part I  -  FINANCIAL INFORMATION,Item 2 - MANAGEMENT'S DISCUSSION AND ANALYSIS OF FINANCIAL CONDITION AND RESULTS OF OPERATIONS,"provision for taxes on income the worldwide effective income tax rates for the first fiscal six months of 2018 and 2017 were 20.4% and 20.1%, respectively.",discussion
Part I  -  FINANCIAL INFORMATION,Item 2 - MANAGEMENT'S DISCUSSION AND ANALYSIS OF FINANCIAL CONDITION AND RESULTS OF OPERATIONS,the company estimates that the net impact of the u.s.,discussion
Part I  -  FINANCIAL INFORMATION,Item 2 - MANAGEMENT'S DISCUSSION AND ANALYSIS OF FINANCIAL CONDITION AND RESULTS OF OPERATIONS,"tax cuts and jobs act (tcja) including the reduction of the u.s. statutory corporate tax rate, offset by the elimination of the corporate income tax deductions, measurement period adjustments and the global intangible low-taxed income (gilti) tax, decreased the company's worldwide effective rate by approximately 1.0% to 2.0% compared to the same period of the prior year.",discussion
Part I  -  FINANCIAL INFORMATION,Item 2 - MANAGEMENT'S DISCUSSION AND ANALYSIS OF FINANCIAL CONDITION AND RESULTS OF OPERATIONS,provisional amounts recorded as part of the adoption of the tcja and estimates used to develop the current quarter's effective tax rate may require further adjustments and changes to the company's estimates as new guidance is made available.,discussion
Part I  -  FINANCIAL INFORMATION,Item 2 - MANAGEMENT'S DISCUSSION AND ANALYSIS OF FINANCIAL CONDITION AND RESULTS OF OPERATIONS,"these estimates are subject to the finalization of management's analysis related to certain matters, such as developing interpretations of the provision of the tcja, changes to certain estimates and amounts related to the earnings and profits of certain 54 table of contents subsidiaries and the filing of tax returns.",discussion
Part I  -  FINANCIAL INFORMATION,Item 2 - MANAGEMENT'S DISCUSSION AND ANALYSIS OF FINANCIAL CONDITION AND RESULTS OF OPERATIONS,revisions to the provisional charge may be material to the company's future financial results.,discussion
Part I  -  FINANCIAL INFORMATION,Item 2 - MANAGEMENT'S DISCUSSION AND ANALYSIS OF FINANCIAL CONDITION AND RESULTS OF OPERATIONS,"on august 1, 2018, the u.s.",discussion
Part I  -  FINANCIAL INFORMATION,Item 2 - MANAGEMENT'S DISCUSSION AND ANALYSIS OF FINANCIAL CONDITION AND RESULTS OF OPERATIONS,treasury department issued proposed regulations (reg-104226-18) related to the tcja transition tax.,discussion
Part I  -  FINANCIAL INFORMATION,Item 2 - MANAGEMENT'S DISCUSSION AND ANALYSIS OF FINANCIAL CONDITION AND RESULTS OF OPERATIONS,the company is currently assessing the impact of the proposed regulations and at this time does not expect such to have a material impact on the company's future results.,discussion
Part I  -  FINANCIAL INFORMATION,Item 2 - MANAGEMENT'S DISCUSSION AND ANALYSIS OF FINANCIAL CONDITION AND RESULTS OF OPERATIONS,see note 5 to the consolidated financial statements for additional details regarding the impact of the tcja and adjustments to provisional amounts recorded in fiscal 2017.,discussion
Part I  -  FINANCIAL INFORMATION,Item 2 - MANAGEMENT'S DISCUSSION AND ANALYSIS OF FINANCIAL CONDITION AND RESULTS OF OPERATIONS,"the company completed its acquisition of amo in the first fiscal quarter of 2017, and incurred incremental tax costs that were discretely recorded in the first quarter of 2017, which had increased the effective tax rate by 2.1% for the first six months of 2017 compared to the same period in 2018.",discussion
Part I  -  FINANCIAL INFORMATION,Item 2 - MANAGEMENT'S DISCUSSION AND ANALYSIS OF FINANCIAL CONDITION AND RESULTS OF OPERATIONS,"additionally, the company had more income in higher tax jurisdictions relative to lower tax jurisdictions as compared to 2017.",discussion
Part I  -  FINANCIAL INFORMATION,Item 2 - MANAGEMENT'S DISCUSSION AND ANALYSIS OF FINANCIAL CONDITION AND RESULTS OF OPERATIONS,"these increases to the effective tax rate were partially offset by additional tax benefits received from stock-based compensation that either vested or were exercised during the fiscal six months of 2018 and 2017, which reduced the effective tax rate by 1.3% and 2.7%, respectively.",discussion
Part I  -  FINANCIAL INFORMATION,Item 2 - MANAGEMENT'S DISCUSSION AND ANALYSIS OF FINANCIAL CONDITION AND RESULTS OF OPERATIONS,"as of july 1, 2018, the company had approximately $3.2 billion of liabilities from unrecognized tax benefits.",discussion
Part I  -  FINANCIAL INFORMATION,Item 2 - MANAGEMENT'S DISCUSSION AND ANALYSIS OF FINANCIAL CONDITION AND RESULTS OF OPERATIONS,the company believes it is possible that audits may be completed by tax authorities in some jurisdictions over the next twelve months.,discussion
Part I  -  FINANCIAL INFORMATION,Item 2 - MANAGEMENT'S DISCUSSION AND ANALYSIS OF FINANCIAL CONDITION AND RESULTS OF OPERATIONS,the company is not able to provide a reasonably reliable estimate of the timing of any future tax payments relating to uncertain tax positions.,discussion
Part I  -  FINANCIAL INFORMATION,Item 2 - MANAGEMENT'S DISCUSSION AND ANALYSIS OF FINANCIAL CONDITION AND RESULTS OF OPERATIONS,the irs has completed its audit for the tax years through 2009 and is currently auditing the tax years 2010 through 2012.,discussion
Part I  -  FINANCIAL INFORMATION,Item 2 - MANAGEMENT'S DISCUSSION AND ANALYSIS OF FINANCIAL CONDITION AND RESULTS OF OPERATIONS,the company currently expects completion of this audit during 2019.,discussion
Part I  -  FINANCIAL INFORMATION,Item 2 - MANAGEMENT'S DISCUSSION AND ANALYSIS OF FINANCIAL CONDITION AND RESULTS OF OPERATIONS,final conclusion of the tax audit may result in an outcome that is different than the company's estimates and may result in a material impact on the company's current and future operating results or cash flows in the period that the audit is concluded.,discussion
Part I  -  FINANCIAL INFORMATION,Item 2 - MANAGEMENT'S DISCUSSION AND ANALYSIS OF FINANCIAL CONDITION AND RESULTS OF OPERATIONS,"see note 8 to the consolidated financial statements in the annual report on form 10-k for the fiscal year ended december 31, 2017 for more detailed information regarding unrecognized tax benefits.",discussion
Part I  -  FINANCIAL INFORMATION,Item 2 - MANAGEMENT'S DISCUSSION AND ANALYSIS OF FINANCIAL CONDITION AND RESULTS OF OPERATIONS,liquidity and capital resources cash flows cash and cash equivalents were $17.6 billion at the end of the fiscal second quarter of 2018 as compared with $17.8 billion at the end of fiscal year 2017.,discussion
Part I  -  FINANCIAL INFORMATION,Item 2 - MANAGEMENT'S DISCUSSION AND ANALYSIS OF FINANCIAL CONDITION AND RESULTS OF OPERATIONS,"the primary sources and uses of cash that contributed to the $0.2 billion decrease were approximately $9.7 billion of cash generated from operating activities offset by $1.1 billion net cash used by investing activities, $8.6 billion net cash used by financing activities and $0.2 billion due to the effect on exchange rate changes on cash and cash equivalents.",discussion
Part I  -  FINANCIAL INFORMATION,Item 2 - MANAGEMENT'S DISCUSSION AND ANALYSIS OF FINANCIAL CONDITION AND RESULTS OF OPERATIONS,"in addition, the company had $0.6 billion in marketable securities at the end of the fiscal second quarter of 2018 and $0.5 billion at the end of 2017.",discussion
Part I  -  FINANCIAL INFORMATION,Item 2 - MANAGEMENT'S DISCUSSION AND ANALYSIS OF FINANCIAL CONDITION AND RESULTS OF OPERATIONS,"cash flow from operations of $9.7 billion was the result of $8.3 billion of net earnings and $4.1 billion of non-cash expenses and other adjustments primarily for depreciation and amortization, stock-based compensation and asset write-downs.",discussion
Part I  -  FINANCIAL INFORMATION,Item 2 - MANAGEMENT'S DISCUSSION AND ANALYSIS OF FINANCIAL CONDITION AND RESULTS OF OPERATIONS,"this was reduced by $2.0 billion related to an increase in accounts receivable, inventories and other current and non-current assets, a decrease in liabilities and $0.7 billion of other adjustments.",discussion
Part I  -  FINANCIAL INFORMATION,Item 2 - MANAGEMENT'S DISCUSSION AND ANALYSIS OF FINANCIAL CONDITION AND RESULTS OF OPERATIONS,"investing activities use of $1.1 billion of cash was primarily used for additions to property, plant and equipment of $1.5 billion, $0.2 billion from the net purchases of investments in marketable securities and acquisitions of $0.2 billion.",discussion
Part I  -  FINANCIAL INFORMATION,Item 2 - MANAGEMENT'S DISCUSSION AND ANALYSIS OF FINANCIAL CONDITION AND RESULTS OF OPERATIONS,"investing activities also included a source of $0.9 billion of proceeds from the disposal of assets/businesses, net.",discussion
Part I  -  FINANCIAL INFORMATION,Item 2 - MANAGEMENT'S DISCUSSION AND ANALYSIS OF FINANCIAL CONDITION AND RESULTS OF OPERATIONS,"financing activities use of $8.6 billion of cash was primarily used for dividends to shareholders of $4.7 billion, the net retirement of short term debt of $2.4 billion and the repurchase of common stock of $1.6 billion.",discussion
Part I  -  FINANCIAL INFORMATION,Item 2 - MANAGEMENT'S DISCUSSION AND ANALYSIS OF FINANCIAL CONDITION AND RESULTS OF OPERATIONS,"financing activities also included a source of $0.2 billion from proceeds from stock options exercised/employee withholding tax on stock awards, net.",discussion
Part I  -  FINANCIAL INFORMATION,Item 2 - MANAGEMENT'S DISCUSSION AND ANALYSIS OF FINANCIAL CONDITION AND RESULTS OF OPERATIONS,the company has access to substantial sources of funds at numerous banks worldwide.,discussion
Part I  -  FINANCIAL INFORMATION,Item 2 - MANAGEMENT'S DISCUSSION AND ANALYSIS OF FINANCIAL CONDITION AND RESULTS OF OPERATIONS,"in september 2017, the company secured a new 364-day credit facility.",discussion
Part I  -  FINANCIAL INFORMATION,Item 2 - MANAGEMENT'S DISCUSSION AND ANALYSIS OF FINANCIAL CONDITION AND RESULTS OF OPERATIONS,"total credit available to the company under the facility, which expires september 13, 2018, approximates $10.0 billion.",discussion
Part I  -  FINANCIAL INFORMATION,Item 2 - MANAGEMENT'S DISCUSSION AND ANALYSIS OF FINANCIAL CONDITION AND RESULTS OF OPERATIONS,"interest charged on borrowings under the credit line agreement is based on either bids provided by banks, the prime rate or london interbank offered rates (libor), plus applicable margins.",discussion
Part I  -  FINANCIAL INFORMATION,Item 2 - MANAGEMENT'S DISCUSSION AND ANALYSIS OF FINANCIAL CONDITION AND RESULTS OF OPERATIONS,commitment fees under the agreement are not material.,discussion
Part I  -  FINANCIAL INFORMATION,Item 2 - MANAGEMENT'S DISCUSSION AND ANALYSIS OF FINANCIAL CONDITION AND RESULTS OF OPERATIONS,"55 table of contents in the fiscal second quarter of 2018, the company's notes payable and long-term debt was in excess of cash, cash equivalents and marketable securities.",discussion
Part I  -  FINANCIAL INFORMATION,Item 2 - MANAGEMENT'S DISCUSSION AND ANALYSIS OF FINANCIAL CONDITION AND RESULTS OF OPERATIONS,"the company anticipates that operating cash flows, the ability to raise funds from external sources, borrowing capacity from existing committed credit facilities and access to the commercial paper markets will continue to provide sufficient resources to fund operating needs.",discussion
Part I  -  FINANCIAL INFORMATION,Item 2 - MANAGEMENT'S DISCUSSION AND ANALYSIS OF FINANCIAL CONDITION AND RESULTS OF OPERATIONS,"additionally, as a result of the tcja, the company has access to its cash outside the u.s. at a significantly reduced cost.",discussion
Part I  -  FINANCIAL INFORMATION,Item 2 - MANAGEMENT'S DISCUSSION AND ANALYSIS OF FINANCIAL CONDITION AND RESULTS OF OPERATIONS,the company monitors the global capital markets on an ongoing basis and from time to time may raise capital when market conditions are favorable.,discussion
Part I  -  FINANCIAL INFORMATION,Item 2 - MANAGEMENT'S DISCUSSION AND ANALYSIS OF FINANCIAL CONDITION AND RESULTS OF OPERATIONS,"the company filed a shelf registration on february 27, 2017 which will enable it to issue debt securities on a timely basis.",discussion
Part I  -  FINANCIAL INFORMATION,Item 2 - MANAGEMENT'S DISCUSSION AND ANALYSIS OF FINANCIAL CONDITION AND RESULTS OF OPERATIONS,"dividends on april 26, 2018, the board of directors declared a regular cash dividend of $0.90 per share, payable on june 12, 2018 to shareholders of record as of may 29, 2018.",discussion
Part I  -  FINANCIAL INFORMATION,Item 2 - MANAGEMENT'S DISCUSSION AND ANALYSIS OF FINANCIAL CONDITION AND RESULTS OF OPERATIONS,"on july 16, 2018, the board of directors declared a regular cash dividend of $0.90 per share, payable on september 11, 2018 to shareholders of record as of august 28, 2018.",discussion
Part I  -  FINANCIAL INFORMATION,Item 2 - MANAGEMENT'S DISCUSSION AND ANALYSIS OF FINANCIAL CONDITION AND RESULTS OF OPERATIONS,the company expects to continue the practice of paying regular quarterly cash dividends.,discussion
Part I  -  FINANCIAL INFORMATION,Item 2 - MANAGEMENT'S DISCUSSION AND ANALYSIS OF FINANCIAL CONDITION AND RESULTS OF OPERATIONS,other information new accounting pronouncements refer to note 1 to the consolidated financial statements for new accounting pronouncements.,discussion
Part I  -  FINANCIAL INFORMATION,Item 2 - MANAGEMENT'S DISCUSSION AND ANALYSIS OF FINANCIAL CONDITION AND RESULTS OF OPERATIONS,economic and market factors the company operates in certain countries where the economic conditions continue to present significant challenges.,discussion
Part I  -  FINANCIAL INFORMATION,Item 2 - MANAGEMENT'S DISCUSSION AND ANALYSIS OF FINANCIAL CONDITION AND RESULTS OF OPERATIONS,the company continues to monitor these situations and take appropriate actions.,discussion
Part I  -  FINANCIAL INFORMATION,Item 2 - MANAGEMENT'S DISCUSSION AND ANALYSIS OF FINANCIAL CONDITION AND RESULTS OF OPERATIONS,"inflation rates and currency exchange rates continue to have an effect on worldwide economies and, consequently, on the way the company operates.",discussion
Part I  -  FINANCIAL INFORMATION,Item 2 - MANAGEMENT'S DISCUSSION AND ANALYSIS OF FINANCIAL CONDITION AND RESULTS OF OPERATIONS,"the company has accounted for operations in venezuela as highly inflationary, as the prior three-year cumulative inflation rate surpassed 100%.",discussion
Part I  -  FINANCIAL INFORMATION,Item 2 - MANAGEMENT'S DISCUSSION AND ANALYSIS OF FINANCIAL CONDITION AND RESULTS OF OPERATIONS,"additionally, the company continues to monitor and review the economic conditions, including inflation rates, of argentina.",discussion
Part I  -  FINANCIAL INFORMATION,Item 2 - MANAGEMENT'S DISCUSSION AND ANALYSIS OF FINANCIAL CONDITION AND RESULTS OF OPERATIONS,"as a result of this review process, the company will be applying highly inflationary accounting to its argentina subsidiaries in the fiscal third quarter of 2018.",discussion
Part I  -  FINANCIAL INFORMATION,Item 2 - MANAGEMENT'S DISCUSSION AND ANALYSIS OF FINANCIAL CONDITION AND RESULTS OF OPERATIONS,"as of and through july 1, 2018, the business of the company's argentina subsidiaries represented less than 0.5% of the company's consolidated assets, liabilities, revenues and profits; therefore, the effect of a change in the exchange rate under high-inflationary accounting is not expected to have a material effect on the company's results in any interim or annual period.",discussion
Part I  -  FINANCIAL INFORMATION,Item 2 - MANAGEMENT'S DISCUSSION AND ANALYSIS OF FINANCIAL CONDITION AND RESULTS OF OPERATIONS,"in the face of increasing costs, the company strives to maintain its profit margins through cost reduction programs, productivity improvements and periodic price increases.",discussion
Part I  -  FINANCIAL INFORMATION,Item 2 - MANAGEMENT'S DISCUSSION AND ANALYSIS OF FINANCIAL CONDITION AND RESULTS OF OPERATIONS,"in june 2016, the united kingdom (u.k.) held a referendum in which voters approved an exit from the european union (e.u.), commonly referred to as ""brexit"", and in march 2017 the u.k. formally started the process to leave the e.u.",discussion
Part I  -  FINANCIAL INFORMATION,Item 2 - MANAGEMENT'S DISCUSSION AND ANALYSIS OF FINANCIAL CONDITION AND RESULTS OF OPERATIONS,"given the lack of comparable precedent, it is unclear what financial, trade, regulatory and legal implications the withdrawal of the u.k. from the e.u. will have.",discussion
Part I  -  FINANCIAL INFORMATION,Item 2 - MANAGEMENT'S DISCUSSION AND ANALYSIS OF FINANCIAL CONDITION AND RESULTS OF OPERATIONS,"brexit creates global political and economic uncertainty, which may cause, among other consequences, volatility in exchange rates and interest rates, additional cost containment by third-party payors and changes in regulations.",discussion
Part I  -  FINANCIAL INFORMATION,Item 2 - MANAGEMENT'S DISCUSSION AND ANALYSIS OF FINANCIAL CONDITION AND RESULTS OF OPERATIONS,"however, the company currently does not believe that these and other related effects will have a material impact on the company's consolidated financial position or operating results.",discussion
Part I  -  FINANCIAL INFORMATION,Item 2 - MANAGEMENT'S DISCUSSION AND ANALYSIS OF FINANCIAL CONDITION AND RESULTS OF OPERATIONS,"as of july 1, 2018, the business of the company's u.k. subsidiaries represented less than 3% of both the company's consolidated assets and fiscal six months revenues, respectively.",discussion
Part I  -  FINANCIAL INFORMATION,Item 2 - MANAGEMENT'S DISCUSSION AND ANALYSIS OF FINANCIAL CONDITION AND RESULTS OF OPERATIONS,"governments around the world consider various proposals to make changes to tax laws, which may include increasing or decreasing existing statutory tax rates.",discussion
Part I  -  FINANCIAL INFORMATION,Item 2 - MANAGEMENT'S DISCUSSION AND ANALYSIS OF FINANCIAL CONDITION AND RESULTS OF OPERATIONS,a change in statutory tax rate in any country would result in the revaluation of the company's deferred tax assets and liabilities related to that particular jurisdiction in the period in which the new tax law is enacted.,discussion
Part I  -  FINANCIAL INFORMATION,Item 2 - MANAGEMENT'S DISCUSSION AND ANALYSIS OF FINANCIAL CONDITION AND RESULTS OF OPERATIONS,this change would result in an expense or benefit recorded to the company's consolidated statement of earnings.,discussion
Part I  -  FINANCIAL INFORMATION,Item 2 - MANAGEMENT'S DISCUSSION AND ANALYSIS OF FINANCIAL CONDITION AND RESULTS OF OPERATIONS,the company closely monitors these proposals as they arise in the countries where it operates.,discussion
Part I  -  FINANCIAL INFORMATION,Item 2 - MANAGEMENT'S DISCUSSION AND ANALYSIS OF FINANCIAL CONDITION AND RESULTS OF OPERATIONS,"changes to the statutory tax rate may occur at any time, and any related expense or benefit recorded may be material to the fiscal quarter and year in which the law change is enacted.",discussion
Part I  -  FINANCIAL INFORMATION,Item 2 - MANAGEMENT'S DISCUSSION AND ANALYSIS OF FINANCIAL CONDITION AND RESULTS OF OPERATIONS,"the company faces various worldwide health care changes that may continue to result in pricing pressures that include health care cost containment and government legislation relating to sales, promotions and reimbursement of health care products.",discussion
Part I  -  FINANCIAL INFORMATION,Item 2 - MANAGEMENT'S DISCUSSION AND ANALYSIS OF FINANCIAL CONDITION AND RESULTS OF OPERATIONS,"56 table of contents changes in the behavior and spending patterns of purchasers of health care products and services, including delaying medical procedures, rationing prescription medications, reducing the frequency of physician visits and foregoing health care insurance coverage, may continue to impact the company's businesses.",discussion
Part I  -  FINANCIAL INFORMATION,Item 2 - MANAGEMENT'S DISCUSSION AND ANALYSIS OF FINANCIAL CONDITION AND RESULTS OF OPERATIONS,the company also operates in an environment increasingly hostile to intellectual property rights.,discussion
Part I  -  FINANCIAL INFORMATION,Item 2 - MANAGEMENT'S DISCUSSION AND ANALYSIS OF FINANCIAL CONDITION AND RESULTS OF OPERATIONS,"firms have filed abbreviated new drug applications or biosimilar biological product applications with the fda, initiated inter partes review proceedings in the united states patent and trademark office, or otherwise challenged the coverage and/or validity of the company's patents, seeking to market generic or biosimilar forms of many of the company's key pharmaceutical products prior to expiration of the applicable patents covering those products.",discussion
Part I  -  FINANCIAL INFORMATION,Item 2 - MANAGEMENT'S DISCUSSION AND ANALYSIS OF FINANCIAL CONDITION AND RESULTS OF OPERATIONS,"in the event the company is not successful in defending the patent claims challenged in these actions, generic or biosimilar versions of the products at issue may be introduced to the market, resulting in the potential for substantial market share and revenue losses for those products, and which may result in a non-cash impairment charge in any associated intangible asset.",discussion
Part I  -  FINANCIAL INFORMATION,Item 2 - MANAGEMENT'S DISCUSSION AND ANALYSIS OF FINANCIAL CONDITION AND RESULTS OF OPERATIONS,there is also a risk that one or more competitors could launch a generic or biosimilar version of the product at issue following regulatory approval even though one or more valid patents are in place.,discussion
Part I  -  FINANCIAL INFORMATION,Item 2 - MANAGEMENT'S DISCUSSION AND ANALYSIS OF FINANCIAL CONDITION AND RESULTS OF OPERATIONS,"for further information, see the discussion on ""remicade® related cases"" and ""litigation against filers of abbreviated new drug applications"" in note 11 to the consolidated financial statements.",discussion
