seq,description,document,href,type,size
1,MARCH 2016 FORM 10-Q,nee10q1q2016.htm,https://www.sec.gov/Archives/edgar/data/37634/000075330816000372/nee10q1q2016.htm,10-Q,2927944
2,EXHIBIT 10.(B),nee-03312016xex10b.htm,https://www.sec.gov/Archives/edgar/data/37634/000075330816000372/nee-03312016xex10b.htm,EX-10.(B),156491
3,EXHIBIT 10.(C),nee-03312016xex10c.htm,https://www.sec.gov/Archives/edgar/data/37634/000075330816000372/nee-03312016xex10c.htm,EX-10.(C),65701
4,EXHIBIT 10.(D),nee-03312016xex10d.htm,https://www.sec.gov/Archives/edgar/data/37634/000075330816000372/nee-03312016xex10d.htm,EX-10.(D),55000
5,EXHIBIT 10.(E),nee-03312016xex10e.htm,https://www.sec.gov/Archives/edgar/data/37634/000075330816000372/nee-03312016xex10e.htm,EX-10.(E),74406
6,EXHIBIT 10.(F),nee-03312016xex10f.htm,https://www.sec.gov/Archives/edgar/data/37634/000075330816000372/nee-03312016xex10f.htm,EX-10.(F),66890
7,EXHIBIT 10.(G),nee-03312016xex10g.htm,https://www.sec.gov/Archives/edgar/data/37634/000075330816000372/nee-03312016xex10g.htm,EX-10.(G),66147
8,EXHIBIT 10.(H),nee-03312016xex10h.htm,https://www.sec.gov/Archives/edgar/data/37634/000075330816000372/nee-03312016xex10h.htm,EX-10.(H),216078
9,EXHIBIT 10.(I),nee-03312016xex10i.htm,https://www.sec.gov/Archives/edgar/data/37634/000075330816000372/nee-03312016xex10i.htm,EX-10.(I),204782
10,EXHIBIT 12.(A),nee-03312016xex12a.htm,https://www.sec.gov/Archives/edgar/data/37634/000075330816000372/nee-03312016xex12a.htm,EX-12.(A),17177
11,EXHIBIT 12.(B),nee-03312016xex12b.htm,https://www.sec.gov/Archives/edgar/data/37634/000075330816000372/nee-03312016xex12b.htm,EX-12.(B),13789
12,EXHIBIT 31.(A),nee-03312016xex31a.htm,https://www.sec.gov/Archives/edgar/data/37634/000075330816000372/nee-03312016xex31a.htm,EX-31.(A),14194
13,EXHIBIT 31.(B),nee-03312016xex31b.htm,https://www.sec.gov/Archives/edgar/data/37634/000075330816000372/nee-03312016xex31b.htm,EX-31.(B),14040
14,EXHIBIT 31.(C),nee-03312016xex31c.htm,https://www.sec.gov/Archives/edgar/data/37634/000075330816000372/nee-03312016xex31c.htm,EX-31.(C),14197
15,EXHIBIT 31.(D),nee-03312016xex31d.htm,https://www.sec.gov/Archives/edgar/data/37634/000075330816000372/nee-03312016xex31d.htm,EX-31.(D),14482
16,EXHIBIT 32.(A),nee-03312016xex32a.htm,https://www.sec.gov/Archives/edgar/data/37634/000075330816000372/nee-03312016xex32a.htm,EX-32.(A),11362
17,EXHIBIT 32.(B),nee-03312016xex32b.htm,https://www.sec.gov/Archives/edgar/data/37634/000075330816000372/nee-03312016xex32b.htm,EX-32.(B),11380
24,FLORIDA POWER & LIGHT COMPANY LOGO,fplaq12016.jpg,https://www.sec.gov/Archives/edgar/data/37634/000075330816000372/fplaq12016.jpg,GRAPHIC,458302
25,"NEXTERA ENERGY, INC. LOGO",nexteraenergyq12016.jpg,https://www.sec.gov/Archives/edgar/data/37634/000075330816000372/nexteraenergyq12016.jpg,GRAPHIC,297471
NA,Complete submission text file,0000753308-16-000372.txt,https://www.sec.gov/Archives/edgar/data/37634/000075330816000372/0000753308-16-000372.txt, ,17700089
18,XBRL INSTANCE DOCUMENT,nee-20160331.xml,https://www.sec.gov/Archives/edgar/data/37634/000075330816000372/nee-20160331.xml,EX-101.INS,4431805
19,XBRL TAXONOMY EXTENSION SCHEMA DOCUMENT,nee-20160331.xsd,https://www.sec.gov/Archives/edgar/data/37634/000075330816000372/nee-20160331.xsd,EX-101.SCH,99319
20,XBRL TAXONOMY EXTENSION CALCULATION LINKBASE DOCUMENT,nee-20160331_cal.xml,https://www.sec.gov/Archives/edgar/data/37634/000075330816000372/nee-20160331_cal.xml,EX-101.CAL,106919
21,XBRL TAXONOMY EXTENSION DEFINITION LINKBASE DOCUMENT,nee-20160331_def.xml,https://www.sec.gov/Archives/edgar/data/37634/000075330816000372/nee-20160331_def.xml,EX-101.DEF,568184
22,XBRL TAXONOMY EXTENSION LABEL LINKBASE DOCUMENT,nee-20160331_lab.xml,https://www.sec.gov/Archives/edgar/data/37634/000075330816000372/nee-20160331_lab.xml,EX-101.LAB,1117662
23,XBRL TAXONOMY EXTENSION PRESENTATION LINKBASE DOCUMENT,nee-20160331_pre.xml,https://www.sec.gov/Archives/edgar/data/37634/000075330816000372/nee-20160331_pre.xml,EX-101.PRE,643195
