seq,description,document,href,type,size
1,10-K,nee-12312019x10k.htm,https://www.sec.gov/Archives/edgar/data/37634/000075330820000021/nee-12312019x10k.htm,10-K,7314792
2,EXHIBIT 4.ZZ,nee-q42019xex4zz.htm,https://www.sec.gov/Archives/edgar/data/37634/000075330820000021/nee-q42019xex4zz.htm,EX-4.ZZ,695983
3,EXHIBIT 10.HH,nee-q42019xex10hh.htm,https://www.sec.gov/Archives/edgar/data/37634/000075330820000021/nee-q42019xex10hh.htm,EX-10.HH,9218
4,EXHIBIT 10.SS,nee-q42019xex10ss.htm,https://www.sec.gov/Archives/edgar/data/37634/000075330820000021/nee-q42019xex10ss.htm,EX-10.SS,187167
5,EXHIBIT 10.TT,nee-q42019xex10tt.htm,https://www.sec.gov/Archives/edgar/data/37634/000075330820000021/nee-q42019xex10tt.htm,EX-10.TT,187174
6,EXHIBIT 21,nee-q42019xex21.htm,https://www.sec.gov/Archives/edgar/data/37634/000075330820000021/nee-q42019xex21.htm,EX-21,10496
7,EXHIBIT 23,nee-q42019xex23.htm,https://www.sec.gov/Archives/edgar/data/37634/000075330820000021/nee-q42019xex23.htm,EX-23,17478
8,EXHIBIT 31.A,nee-q42019xex31a.htm,https://www.sec.gov/Archives/edgar/data/37634/000075330820000021/nee-q42019xex31a.htm,EX-31.A,14164
9,EXHIBIT 31.B,nee-q42019xex31b.htm,https://www.sec.gov/Archives/edgar/data/37634/000075330820000021/nee-q42019xex31b.htm,EX-31.B,13812
10,EXHIBIT 31.C,nee-q42019xex31c.htm,https://www.sec.gov/Archives/edgar/data/37634/000075330820000021/nee-q42019xex31c.htm,EX-31.C,14184
11,EXHIBIT 31.D,nee-q42019xex31d.htm,https://www.sec.gov/Archives/edgar/data/37634/000075330820000021/nee-q42019xex31d.htm,EX-31.D,14459
12,EXHIBIT 32.A,nee-q42019xex32a.htm,https://www.sec.gov/Archives/edgar/data/37634/000075330820000021/nee-q42019xex32a.htm,EX-32.A,11458
13,EXHIBIT 32.B,nee-q42019xex32b.htm,https://www.sec.gov/Archives/edgar/data/37634/000075330820000021/nee-q42019xex32b.htm,EX-32.B,11476
19,,chart-netgencapacity2019.jpg,https://www.sec.gov/Archives/edgar/data/37634/000075330820000021/chart-netgencapacity2019.jpg,GRAPHIC,25508
20,,chart-netgencapacity2019_2.jpg,https://www.sec.gov/Archives/edgar/data/37634/000075330820000021/chart-netgencapacity2019_2.jpg,GRAPHIC,23562
21,,chart-netgencapacity2019_3.jpg,https://www.sec.gov/Archives/edgar/data/37634/000075330820000021/chart-netgencapacity2019_3.jpg,GRAPHIC,28759
22,,chart-netgencapacity2019_4.jpg,https://www.sec.gov/Archives/edgar/data/37634/000075330820000021/chart-netgencapacity2019_4.jpg,GRAPHIC,24829
23,,compareresidentialbill2019.jpg,https://www.sec.gov/Archives/edgar/data/37634/000075330820000021/compareresidentialbill2019.jpg,GRAPHIC,54106
24,,customeraccounts2019.jpg,https://www.sec.gov/Archives/edgar/data/37634/000075330820000021/customeraccounts2019.jpg,GRAPHIC,57758
25,,fpl.jpg,https://www.sec.gov/Archives/edgar/data/37634/000075330820000021/fpl.jpg,GRAPHIC,57468
26,,fplserviceterritoty2019.jpg,https://www.sec.gov/Archives/edgar/data/37634/000075330820000021/fplserviceterritoty2019.jpg,GRAPHIC,396952
27,,nee.jpg,https://www.sec.gov/Archives/edgar/data/37634/000075330820000021/nee.jpg,GRAPHIC,297471
28,,neeorganizationalchart2019.jpg,https://www.sec.gov/Archives/edgar/data/37634/000075330820000021/neeorganizationalchart2019.jpg,GRAPHIC,102001
29,,neergeneratingfacilities2019.jpg,https://www.sec.gov/Archives/edgar/data/37634/000075330820000021/neergeneratingfacilities2019.jpg,GRAPHIC,1068052
30,,neeriso2019.jpg,https://www.sec.gov/Archives/edgar/data/37634/000075330820000021/neeriso2019.jpg,GRAPHIC,1206329
31,,operatingrevenues2019.jpg,https://www.sec.gov/Archives/edgar/data/37634/000075330820000021/operatingrevenues2019.jpg,GRAPHIC,68692
32,,totalreturn2019.jpg,https://www.sec.gov/Archives/edgar/data/37634/000075330820000021/totalreturn2019.jpg,GRAPHIC,95860
NA,Complete submission text file,0000753308-20-000021.txt,https://www.sec.gov/Archives/edgar/data/37634/000075330820000021/0000753308-20-000021.txt, ,42695055
14,XBRL TAXONOMY EXTENSION SCHEMA DOCUMENT,nee-20191231.xsd,https://www.sec.gov/Archives/edgar/data/37634/000075330820000021/nee-20191231.xsd,EX-101.SCH,172081
15,XBRL TAXONOMY EXTENSION CALCULATION LINKBASE DOCUMENT,nee-20191231_cal.xml,https://www.sec.gov/Archives/edgar/data/37634/000075330820000021/nee-20191231_cal.xml,EX-101.CAL,189574
16,XBRL TAXONOMY EXTENSION DEFINITION LINKBASE DOCUMENT,nee-20191231_def.xml,https://www.sec.gov/Archives/edgar/data/37634/000075330820000021/nee-20191231_def.xml,EX-101.DEF,1050118
17,XBRL TAXONOMY EXTENSION LABEL LINKBASE DOCUMENT,nee-20191231_lab.xml,https://www.sec.gov/Archives/edgar/data/37634/000075330820000021/nee-20191231_lab.xml,EX-101.LAB,1997366
18,XBRL TAXONOMY EXTENSION PRESENTATION LINKBASE DOCUMENT,nee-20191231_pre.xml,https://www.sec.gov/Archives/edgar/data/37634/000075330820000021/nee-20191231_pre.xml,EX-101.PRE,1188420
110,EXTRACTED XBRL INSTANCE DOCUMENT,nee-12312019x10k_htm.xml,https://www.sec.gov/Archives/edgar/data/37634/000075330820000021/nee-12312019x10k_htm.xml,XML,8297845
