seq,description,document,href,type,size
1,10-Q,unp-20180630x10q.htm,https://www.sec.gov/Archives/edgar/data/100885/000010088518000184/unp-20180630x10q.htm,10-Q,1935152
2,EX-12.A,unp-20180630xex12_a.htm,https://www.sec.gov/Archives/edgar/data/100885/000010088518000184/unp-20180630xex12_a.htm,EX-12.A,32223
3,EX-12.B,unp-20180630xex12_b.htm,https://www.sec.gov/Archives/edgar/data/100885/000010088518000184/unp-20180630xex12_b.htm,EX-12.B,33523
4,EX-31.A,unp-20180630xex31_a.htm,https://www.sec.gov/Archives/edgar/data/100885/000010088518000184/unp-20180630xex31_a.htm,EX-31.A,18241
5,EX-31.B,unp-20180630xex31_b.htm,https://www.sec.gov/Archives/edgar/data/100885/000010088518000184/unp-20180630xex31_b.htm,EX-31.B,18161
6,EX-32,unp-20180630xex32.htm,https://www.sec.gov/Archives/edgar/data/100885/000010088518000184/unp-20180630xex32.htm,EX-32,14715
NA,Complete submission text file,0000100885-18-000184.txt,https://www.sec.gov/Archives/edgar/data/100885/000010088518000184/0000100885-18-000184.txt, ,7794701
7,EX-101.INS,unp-20180630.xml,https://www.sec.gov/Archives/edgar/data/100885/000010088518000184/unp-20180630.xml,EX-101.INS,1809373
8,EX-101.SCH,unp-20180630.xsd,https://www.sec.gov/Archives/edgar/data/100885/000010088518000184/unp-20180630.xsd,EX-101.SCH,56029
9,EX-101.CAL,unp-20180630_cal.xml,https://www.sec.gov/Archives/edgar/data/100885/000010088518000184/unp-20180630_cal.xml,EX-101.CAL,52369
10,EX-101.DEF,unp-20180630_def.xml,https://www.sec.gov/Archives/edgar/data/100885/000010088518000184/unp-20180630_def.xml,EX-101.DEF,170463
11,EX-101.LAB,unp-20180630_lab.xml,https://www.sec.gov/Archives/edgar/data/100885/000010088518000184/unp-20180630_lab.xml,EX-101.LAB,435849
12,EX-101.PRE,unp-20180630_pre.xml,https://www.sec.gov/Archives/edgar/data/100885/000010088518000184/unp-20180630_pre.xml,EX-101.PRE,347969
