seq,description,document,href,type,size
1,10-Q,amt10qq32019.htm,https://www.sec.gov/Archives/edgar/data/1053507/000105350719000134/amt10qq32019.htm,10-Q,3518734
2,EXHIBIT 31.1,exhibit311q32019.htm,https://www.sec.gov/Archives/edgar/data/1053507/000105350719000134/exhibit311q32019.htm,EX-31.1,15472
3,EXHIBIT 31.2,exhibit312q32019.htm,https://www.sec.gov/Archives/edgar/data/1053507/000105350719000134/exhibit312q32019.htm,EX-31.2,16257
4,EXHIBIT 32,exhibit32q32019.htm,https://www.sec.gov/Archives/edgar/data/1053507/000105350719000134/exhibit32q32019.htm,EX-32,16728
NA,Complete submission text file,0001053507-19-000134.txt,https://www.sec.gov/Archives/edgar/data/1053507/000105350719000134/0001053507-19-000134.txt, ,16037802
5,XBRL TAXONOMY EXTENSION SCHEMA DOCUMENT,amt-20190930.xsd,https://www.sec.gov/Archives/edgar/data/1053507/000105350719000134/amt-20190930.xsd,EX-101.SCH,82686
6,XBRL TAXONOMY EXTENSION CALCULATION LINKBASE DOCUMENT,amt-20190930_cal.xml,https://www.sec.gov/Archives/edgar/data/1053507/000105350719000134/amt-20190930_cal.xml,EX-101.CAL,157071
7,XBRL TAXONOMY EXTENSION DEFINITION LINKBASE DOCUMENT,amt-20190930_def.xml,https://www.sec.gov/Archives/edgar/data/1053507/000105350719000134/amt-20190930_def.xml,EX-101.DEF,455596
8,XBRL TAXONOMY EXTENSION LABEL LINKBASE DOCUMENT,amt-20190930_lab.xml,https://www.sec.gov/Archives/edgar/data/1053507/000105350719000134/amt-20190930_lab.xml,EX-101.LAB,1107710
9,XBRL TAXONOMY EXTENSION PRESENTATION LINKBASE DOCUMENT,amt-20190930_pre.xml,https://www.sec.gov/Archives/edgar/data/1053507/000105350719000134/amt-20190930_pre.xml,EX-101.PRE,683941
24,EXTRACTED XBRL INSTANCE DOCUMENT,amt10qq32019_htm.xml,https://www.sec.gov/Archives/edgar/data/1053507/000105350719000134/amt10qq32019_htm.xml,XML,3704481
