part.name,item.name,sentence_text,section
PART I - FINANCIAL INFORMATION,Item 2.Management's Discussion and Analysis of Financial Condition and Results of Operations,item 2.,discussion
PART I - FINANCIAL INFORMATION,Item 2.Management's Discussion and Analysis of Financial Condition and Results of Operations,"management's discussion and analysis of financial condition and results of operations you should read the following discussion of our financial condition and results of operations in conjunction with our condensed consolidated financial statements and the related notes included elsewhere in this quarterly report on form 10-q and with our audited consolidated financial statements included in our annual report on form 10-k for the year ended december 31, 2018, as filed with the securities and exchange commission.",discussion
PART I - FINANCIAL INFORMATION,Item 2.Management's Discussion and Analysis of Financial Condition and Results of Operations,"in addition to our historical condensed consolidated financial information, the following discussion contains forward-looking statements that reflect our plans, estimates, and beliefs.",discussion
PART I - FINANCIAL INFORMATION,Item 2.Management's Discussion and Analysis of Financial Condition and Results of Operations,our actual results could differ materially from those discussed in the forward-looking statements.,discussion
PART I - FINANCIAL INFORMATION,Item 2.Management's Discussion and Analysis of Financial Condition and Results of Operations,"factors that could cause or contribute to these differences include those discussed below and elsewhere in this quarterly report on form 10-q, particularly in part ii, item 1a, ""risk factors.""",discussion
PART I - FINANCIAL INFORMATION,Item 2.Management's Discussion and Analysis of Financial Condition and Results of Operations,"for a discussion of limitations in the measurement of certain of our user metrics, see the section entitled ""limitations of key metrics and other data"" in this quarterly report on form 10-q.",discussion
PART I - FINANCIAL INFORMATION,Item 2.Management's Discussion and Analysis of Financial Condition and Results of Operations,"certain revenue information in the section entitled "" - three and nine months ended september 30, 2019 and 2018 - revenue - foreign exchange impact on revenue"" is presented on a constant currency basis.",discussion
PART I - FINANCIAL INFORMATION,Item 2.Management's Discussion and Analysis of Financial Condition and Results of Operations,this information is a non-gaap financial measure.,discussion
PART I - FINANCIAL INFORMATION,Item 2.Management's Discussion and Analysis of Financial Condition and Results of Operations,"to calculate revenue on a constant currency basis, we translated revenue for the three and nine months ended september 30, 2019 using the prior year's monthly exchange rates for our settlement or billing currencies other than the u.s. dollar.",discussion
PART I - FINANCIAL INFORMATION,Item 2.Management's Discussion and Analysis of Financial Condition and Results of Operations,"this non-gaap financial measure is not intended to be considered in isolation or as a substitute for, or superior to, financial information prepared and presented in accordance with gaap.",discussion
PART I - FINANCIAL INFORMATION,Item 2.Management's Discussion and Analysis of Financial Condition and Results of Operations,"this measure may be different from non-gaap financial measures used by other companies, limiting its usefulness for comparison purposes.",discussion
PART I - FINANCIAL INFORMATION,Item 2.Management's Discussion and Analysis of Financial Condition and Results of Operations,"moreover, presentation of revenue on a constant currency basis is provided for year-over-year comparison purposes, and investors should be cautioned that the effect of changing foreign currency exchange rates has an actual effect on our operating results.",discussion
PART I - FINANCIAL INFORMATION,Item 2.Management's Discussion and Analysis of Financial Condition and Results of Operations,"we believe this non-gaap financial measure provides investors with useful supplemental information about the financial performance of our business, enables comparison of financial results between periods where certain items may vary independent of business performance, and allows for greater transparency with respect to key metrics used by management in operating our business.",discussion
PART I - FINANCIAL INFORMATION,Item 2.Management's Discussion and Analysis of Financial Condition and Results of Operations,"executive overview of third quarter results our key user metrics and financial results for the third quarter of 2019 are as follows: user growth: • daily active users (daus) were 1.62 billion on average for september 2019, an increase of 9% year-over-year.",discussion
PART I - FINANCIAL INFORMATION,Item 2.Management's Discussion and Analysis of Financial Condition and Results of Operations,"• monthly active users (maus) were 2.45 billion as of september 30, 2019, an increase of 8% year-over-year.",discussion
PART I - FINANCIAL INFORMATION,Item 2.Management's Discussion and Analysis of Financial Condition and Results of Operations,"financial results: • revenue was $17.65 billion, up 29% year-over-year, and advertising revenue was $17.38 billion, up 28% year-over - year.",discussion
PART I - FINANCIAL INFORMATION,Item 2.Management's Discussion and Analysis of Financial Condition and Results of Operations,• total costs and expenses were $10.47 billion.,discussion
PART I - FINANCIAL INFORMATION,Item 2.Management's Discussion and Analysis of Financial Condition and Results of Operations,• income from operations was $7.19 billion and operating margin was 41%.,discussion
PART I - FINANCIAL INFORMATION,Item 2.Management's Discussion and Analysis of Financial Condition and Results of Operations,• net income was $6.09 billion with diluted earnings per share of $2.12.,discussion
PART I - FINANCIAL INFORMATION,Item 2.Management's Discussion and Analysis of Financial Condition and Results of Operations,"• capital expenditures, including principal payments on finance leases, were $3.68 billion.",discussion
PART I - FINANCIAL INFORMATION,Item 2.Management's Discussion and Analysis of Financial Condition and Results of Operations,• effective tax rate was 17%.,discussion
PART I - FINANCIAL INFORMATION,Item 2.Management's Discussion and Analysis of Financial Condition and Results of Operations,"• cash and cash equivalents and marketable securities were $52.27 billion as of september 30, 2019.",discussion
PART I - FINANCIAL INFORMATION,Item 2.Management's Discussion and Analysis of Financial Condition and Results of Operations,"• headcount was 43,030 as of september 30, 2019, an increase of 28% year-over-year.",discussion
PART I - FINANCIAL INFORMATION,Item 2.Management's Discussion and Analysis of Financial Condition and Results of Operations,"in the third quarter of 2019, we continued to focus on our main revenue growth priorities: (i) helping marketers use our products to connect with consumers where they are and (ii) making our ads more relevant and effective.",discussion
PART I - FINANCIAL INFORMATION,Item 2.Management's Discussion and Analysis of Financial Condition and Results of Operations,"we continued to invest, based on our roadmap, in: (i) our most developed ecosystems, facebook and instagram, (ii) driving growth and building ecosystems around our products that already have significant user bases, such as messenger and whatsapp, as well as continuing to grow features like stories, and (iii) long-term technology initiatives, such as connectivity, artificial intelligence, and augmented and virtual reality, that we believe will further our mission to give people the power to build community and bring the world closer together.",discussion
PART I - FINANCIAL INFORMATION,Item 2.Management's Discussion and Analysis of Financial Condition and Results of Operations,"we intend to continue to invest based on this roadmap and we anticipate that additional investments in the following areas will continue to drive expense growth in 2019 and 2020: (i) expanding our data center capacity, network infrastructure, and office facilities as well as scaling our headcount to support our growth, and (ii) investments in privacy, safety and security, marketing, video content, and our long-term technology initiatives.",discussion
PART I - FINANCIAL INFORMATION,Item 2.Management's Discussion and Analysis of Financial Condition and Results of Operations,"we anticipate total costs and expenses will be approximately $46 billion to $48 billion for 2019, and approximately $54 billion to $59 billion in 2020.",discussion
PART I - FINANCIAL INFORMATION,Item 2.Management's Discussion and Analysis of Financial Condition and Results of Operations,"26 trends in our user metrics the numbers for our key metrics, our daus, maus, and average revenue per user (arpu), do not include instagram, whatsapp, or oculus users unless they would otherwise qualify as such users, respectively, based on their other activities on facebook.",discussion
PART I - FINANCIAL INFORMATION,Item 2.Management's Discussion and Analysis of Financial Condition and Results of Operations,"in addition, other user engagement metrics do not include instagram, whatsapp, or oculus unless otherwise specifically stated.",discussion
PART I - FINANCIAL INFORMATION,Item 2.Management's Discussion and Analysis of Financial Condition and Results of Operations,"trends in the number of users affect our revenue and financial results by influencing the number of ads we are able to show, the value of our ads to marketers, the volume of payments transactions, as well as our expenses and capital expenditures.",discussion
PART I - FINANCIAL INFORMATION,Item 2.Management's Discussion and Analysis of Financial Condition and Results of Operations,substantially all of our daily and monthly active users (as defined below) access facebook on mobile devices.,discussion
PART I - FINANCIAL INFORMATION,Item 2.Management's Discussion and Analysis of Financial Condition and Results of Operations,• daily active users (daus).,discussion
PART I - FINANCIAL INFORMATION,Item 2.Management's Discussion and Analysis of Financial Condition and Results of Operations,"we define a daily active user as a registered facebook user who logged in and visited facebook through our website or a mobile device, or used our messenger application (and is also a registered facebook user), on a given day.",discussion
PART I - FINANCIAL INFORMATION,Item 2.Management's Discussion and Analysis of Financial Condition and Results of Operations,"we view daus, and daus as a percentage of maus, as measures of user engagement on facebook.",discussion
PART I - FINANCIAL INFORMATION,Item 2.Management's Discussion and Analysis of Financial Condition and Results of Operations,"note: for purposes of reporting daus, maus, and arpu by geographic region, europe includes all users in russia and turkey and rest of world includes all users in africa, latin america, and the middle east.",discussion
PART I - FINANCIAL INFORMATION,Item 2.Management's Discussion and Analysis of Financial Condition and Results of Operations,worldwide daus increased 9% to 1.62 billion on average during september 2019 from 1.49 billion during september 2018.,discussion
PART I - FINANCIAL INFORMATION,Item 2.Management's Discussion and Analysis of Financial Condition and Results of Operations,"users in india, indonesia, and the philippines represented key sources of growth in daus during september 2019, relative to the same period in 2018.",discussion
PART I - FINANCIAL INFORMATION,Item 2.Management's Discussion and Analysis of Financial Condition and Results of Operations,27 • monthly active users (maus).,discussion
PART I - FINANCIAL INFORMATION,Item 2.Management's Discussion and Analysis of Financial Condition and Results of Operations,"we define a monthly active user as a registered facebook user who logged in and visited facebook through our website or a mobile device, or used our messenger application (and is also a registered facebook user), in the last 30 days as of the date of measurement.",discussion
PART I - FINANCIAL INFORMATION,Item 2.Management's Discussion and Analysis of Financial Condition and Results of Operations,maus are a measure of the size of our global active user community on facebook.,discussion
PART I - FINANCIAL INFORMATION,Item 2.Management's Discussion and Analysis of Financial Condition and Results of Operations,"as of september 30, 2019, we had 2.45 billion maus, an increase of 8% from september 30, 2018.",discussion
PART I - FINANCIAL INFORMATION,Item 2.Management's Discussion and Analysis of Financial Condition and Results of Operations,"users in india, indonesia, and the philippines represented key sources of growth in the third quarter of 2019, relative to the same period in 2018.",discussion
PART I - FINANCIAL INFORMATION,Item 2.Management's Discussion and Analysis of Financial Condition and Results of Operations,"28 trends in our monetization by user geography we calculate our revenue by user geography based on our estimate of the geography in which ad impressions are delivered, virtual and digital goods are purchased, or consumer hardware devices are shipped.",discussion
PART I - FINANCIAL INFORMATION,Item 2.Management's Discussion and Analysis of Financial Condition and Results of Operations,"we define arpu as our total revenue in a given geography during a given quarter, divided by the average of the number of maus in the geography at the beginning and end of the quarter.",discussion
PART I - FINANCIAL INFORMATION,Item 2.Management's Discussion and Analysis of Financial Condition and Results of Operations,"while arpu includes all sources of revenue, the number of maus used in this calculation only includes users of facebook and messenger as described in the definition of mau above.",discussion
PART I - FINANCIAL INFORMATION,Item 2.Management's Discussion and Analysis of Financial Condition and Results of Operations,revenue from users who are not also facebook or messenger maus was not material.,discussion
PART I - FINANCIAL INFORMATION,Item 2.Management's Discussion and Analysis of Financial Condition and Results of Operations,the geography of our users affects our revenue and financial results because we currently monetize users in different geographies at different average rates.,discussion
PART I - FINANCIAL INFORMATION,Item 2.Management's Discussion and Analysis of Financial Condition and Results of Operations,our revenue and arpu in regions such as united states & canada and europe are relatively higher primarily due to the size and maturity of those online and mobile advertising markets.,discussion
PART I - FINANCIAL INFORMATION,Item 2.Management's Discussion and Analysis of Financial Condition and Results of Operations,"for example, arpu in the third quarter of 2019 in the united states & canada region was more than ten times higher than in the asia-pacific region.",discussion
PART I - FINANCIAL INFORMATION,Item 2.Management's Discussion and Analysis of Financial Condition and Results of Operations,note: our revenue by user geography in the charts above is geographically apportioned based on our estimation of the geographic location of our users when they perform a revenue-generating activity.,discussion
PART I - FINANCIAL INFORMATION,Item 2.Management's Discussion and Analysis of Financial Condition and Results of Operations,this allocation differs from our revenue disaggregated by geography disclosure in our condensed consolidated financial statements where revenue is geographically apportioned based on the location of the customer.,discussion
PART I - FINANCIAL INFORMATION,Item 2.Management's Discussion and Analysis of Financial Condition and Results of Operations,"29 during the third quarter of 2019, worldwide arpu was $7.26, an increase of 19% from the third quarter of 2018.",discussion
PART I - FINANCIAL INFORMATION,Item 2.Management's Discussion and Analysis of Financial Condition and Results of Operations,"over this period, arpu increased by 25% in united states & canada, 23% in rest of world, and 21% in both asia - pacific and europe.",discussion
PART I - FINANCIAL INFORMATION,Item 2.Management's Discussion and Analysis of Financial Condition and Results of Operations,"in addition, user growth was more rapid in geographies with relatively lower arpu, such as asia-pacific and rest of world.",discussion
PART I - FINANCIAL INFORMATION,Item 2.Management's Discussion and Analysis of Financial Condition and Results of Operations,"we expect that user growth in the future will be primarily concentrated in those regions where arpu is relatively lower, such that worldwide arpu may continue to increase at a slower rate relative to arpu in any geographic region, or potentially decrease even if arpu increases in each geographic region.",discussion
PART I - FINANCIAL INFORMATION,Item 2.Management's Discussion and Analysis of Financial Condition and Results of Operations,30 components of results of operations revenue advertising.,discussion
PART I - FINANCIAL INFORMATION,Item 2.Management's Discussion and Analysis of Financial Condition and Results of Operations,we generate substantially all of our revenue from advertising.,discussion
PART I - FINANCIAL INFORMATION,Item 2.Management's Discussion and Analysis of Financial Condition and Results of Operations,"our advertising revenue is generated by displaying ad products on facebook, instagram, messenger, and third-party affiliated websites or mobile applications.",discussion
PART I - FINANCIAL INFORMATION,Item 2.Management's Discussion and Analysis of Financial Condition and Results of Operations,"marketers pay for ad products either directly or through their relationships with advertising agencies or resellers, based on the number of impressions delivered or the number of actions, such as clicks, taken by users.",discussion
PART I - FINANCIAL INFORMATION,Item 2.Management's Discussion and Analysis of Financial Condition and Results of Operations,we recognize revenue from the display of impression-based ads in the contracted period in which the impressions are delivered.,discussion
PART I - FINANCIAL INFORMATION,Item 2.Management's Discussion and Analysis of Financial Condition and Results of Operations,impressions are considered delivered when an ad is displayed to a user.,discussion
PART I - FINANCIAL INFORMATION,Item 2.Management's Discussion and Analysis of Financial Condition and Results of Operations,we recognize revenue from the delivery of action-based ads in the period in which a user takes the action the marketer contracted for.,discussion
PART I - FINANCIAL INFORMATION,Item 2.Management's Discussion and Analysis of Financial Condition and Results of Operations,the number of ads we show is subject to methodological changes as we continue to evolve our ads business and the structure of our ads products.,discussion
PART I - FINANCIAL INFORMATION,Item 2.Management's Discussion and Analysis of Financial Condition and Results of Operations,"we calculate price per ad as total ad revenue divided by the number of ads delivered, representing the effective price paid per impression by a marketer regardless of their desired objective such as impression or action.",discussion
PART I - FINANCIAL INFORMATION,Item 2.Management's Discussion and Analysis of Financial Condition and Results of Operations,"for advertising revenue arrangements where we are not the principal, we recognize revenue on a net basis.",discussion
PART I - FINANCIAL INFORMATION,Item 2.Management's Discussion and Analysis of Financial Condition and Results of Operations,payments and other fees.,discussion
PART I - FINANCIAL INFORMATION,Item 2.Management's Discussion and Analysis of Financial Condition and Results of Operations,payments revenue is comprised of the net fee we receive from developers using our payments infrastructure.,discussion
PART I - FINANCIAL INFORMATION,Item 2.Management's Discussion and Analysis of Financial Condition and Results of Operations,"our other fees revenue consists primarily of revenue from the delivery of consumer hardware devices, as well as revenue from various other sources.",discussion
PART I - FINANCIAL INFORMATION,Item 2.Management's Discussion and Analysis of Financial Condition and Results of Operations,cost of revenue and operating expenses cost of revenue.,discussion
PART I - FINANCIAL INFORMATION,Item 2.Management's Discussion and Analysis of Financial Condition and Results of Operations,our cost of revenue consists primarily of expenses associated with the delivery and distribution of our products.,discussion
PART I - FINANCIAL INFORMATION,Item 2.Management's Discussion and Analysis of Financial Condition and Results of Operations,"these include expenses related to the operation of our data centers, such as facility and server equipment depreciation, salaries, benefits, and share-based compensation for employees on our operations teams, and energy and bandwidth costs.",discussion
PART I - FINANCIAL INFORMATION,Item 2.Management's Discussion and Analysis of Financial Condition and Results of Operations,"cost of revenue also includes costs associated with partner arrangements, including traffic acquisition and content acquisition costs, credit card and other transaction fees related to processing customer transactions, and cost of consumer hardware devices sold.",discussion
PART I - FINANCIAL INFORMATION,Item 2.Management's Discussion and Analysis of Financial Condition and Results of Operations,research and development.,discussion
PART I - FINANCIAL INFORMATION,Item 2.Management's Discussion and Analysis of Financial Condition and Results of Operations,"research and development expenses consist primarily of share-based compensation, salaries and benefits, and facilities-related costs for employees on our engineering and technical teams who are responsible for building new products as well as improving existing products.",discussion
PART I - FINANCIAL INFORMATION,Item 2.Management's Discussion and Analysis of Financial Condition and Results of Operations,we currently expense all of our research and development costs as they are incurred.,discussion
PART I - FINANCIAL INFORMATION,Item 2.Management's Discussion and Analysis of Financial Condition and Results of Operations,marketing and sales.,discussion
PART I - FINANCIAL INFORMATION,Item 2.Management's Discussion and Analysis of Financial Condition and Results of Operations,"marketing and sales expenses consist of salaries, share-based compensation, and benefits for our employees engaged in sales, sales support, marketing, business development, and customer service functions.",discussion
PART I - FINANCIAL INFORMATION,Item 2.Management's Discussion and Analysis of Financial Condition and Results of Operations,our marketing and sales expenses also include marketing and promotional expenditures and professional services such as content reviewers.,discussion
PART I - FINANCIAL INFORMATION,Item 2.Management's Discussion and Analysis of Financial Condition and Results of Operations,general and administrative.,discussion
PART I - FINANCIAL INFORMATION,Item 2.Management's Discussion and Analysis of Financial Condition and Results of Operations,"general and administrative expenses consist of legal-related costs; salaries, benefits, and share-based compensation for certain of our executives as well as our legal, finance, human resources, corporate communications and policy, and other administrative employees; and professional services.",discussion
PART I - FINANCIAL INFORMATION,Item 2.Management's Discussion and Analysis of Financial Condition and Results of Operations,"31 results of operations the following tables set forth our condensed consolidated statements of income data: three months ended september 30,   nine months ended september 30,   2019   2018   2019   2018   (in millions)   (in millions) revenue $ 17,652     $ 13,727     $ 49,615     $ 38,924   costs and expenses:               cost of revenue 3,155     2,418     9,279     6,559   research and development 3,548     2,657     9,722     7,418   marketing and sales 2,416     1,928     6,850     5,379   general and administrative 1,348     943     8,636     2,475   total costs and expenses 10,467     7,946     34,487     21,831   income from operations 7,185     5,781     15,128     17,093   interest and other income, net 144     131     515     297   income before provision for income taxes 7,329     5,912     15,643     17,390   provision for income taxes 1,238     775     4,507     2,160   net income $ 6,091     $ 5,137     $ 11,136     $ 15,230 share-based compensation expense included in costs and expenses: three months ended september 30,   nine months ended september 30,   2019   2018   2019   2018   (in millions)   (in millions) cost of revenue $ 91     $ 72     $ 287     $ 202   research and development 907     748     2,557     2,347   marketing and sales 148     133     421     380   general and administrative 103     87     297     251   total share-based compensation expense $ 1,249     $ 1,040     $ 3,562     $ 3,180 32 the following tables set forth our condensed consolidated statements of income data (as a percentage of revenue)(1): three months ended september 30,   nine months ended september 30,   2019   2018   2019   2018 revenue 100 %   100 %   100 %   100 % costs and expenses:               cost of revenue 18     18     19     17   research and development 20     19     20     19   marketing and sales 14     14     14     14   general and administrative 8     7     17     6   total costs and expenses 59     58     70     56   income from operations 41     42     30     44   interest and other income, net 1     1     1     1   income before provision for income taxes 42     43     32     45   provision for income taxes 7     6     9     6   net income 35 %   37 %   22 %   39 % (1) percentages have been rounded for presentation purposes and may differ from unrounded results.",discussion
PART I - FINANCIAL INFORMATION,Item 2.Management's Discussion and Analysis of Financial Condition and Results of Operations,"share-based compensation expense included in costs and expenses (as a percentage of revenue)(1): three months ended september 30,   nine months ended september 30,   2019   2018   2019   2018 cost of revenue 1 %   1 %   1 %   1 % research and development 5     5     5     6   marketing and sales 1     1     1     1   general and administrative 1     1     1     1   total share-based compensation expense 7 %   8 %   7 %   8 % (1) percentages have been rounded for presentation purposes and may differ from unrounded results.",discussion
PART I - FINANCIAL INFORMATION,Item 2.Management's Discussion and Analysis of Financial Condition and Results of Operations,"three and nine months ended september 30, 2019 and 2018 revenue   three months ended september 30,       nine months ended september 30,       2019   2018   % change   2019   2018   % change   (in millions, except for percentages) advertising $ 17,383     $ 13,539     28 %   $ 48,919     $ 38,373     27 % payments and other fees 269     188     43 %   696     551     26 % total revenue $ 17,652     $ 13,727     29 %   $ 49,615     $ 38,924     27 % revenue in the three and nine months ended september 30, 2019 increased $3.93 billion, or 29%, and $10.69 billion, or 27%, respectively, compared to the same periods in 2018.",discussion
PART I - FINANCIAL INFORMATION,Item 2.Management's Discussion and Analysis of Financial Condition and Results of Operations,the increases for both periods were almost entirely due to increases in advertising revenue.,discussion
PART I - FINANCIAL INFORMATION,Item 2.Management's Discussion and Analysis of Financial Condition and Results of Operations,the most important factor driving advertising revenue growth was an increase in revenue from ads on mobile devices.,discussion
PART I - FINANCIAL INFORMATION,Item 2.Management's Discussion and Analysis of Financial Condition and Results of Operations,"for both the three and nine months ended september 30, 2019, we estimate that mobile advertising revenue represented approximately 94% of total advertising revenue, as compared with approximately 92% in the same periods in 2018.",discussion
PART I - FINANCIAL INFORMATION,Item 2.Management's Discussion and Analysis of Financial Condition and Results of Operations,"the increase in advertising revenue during the three and nine months ended september 30, 2019 was due to an increase in the number of ads delivered, partially offset by a slight decrease in the average price per ad.",discussion
PART I - FINANCIAL INFORMATION,Item 2.Management's Discussion and Analysis of Financial Condition and Results of Operations,"33 during the three and nine months ended september 30, 2019, the number of ads delivered increased by 37% and 34%, respectively, as compared with approximately 25% and 18%, respectively, in the same periods in 2018.",discussion
PART I - FINANCIAL INFORMATION,Item 2.Management's Discussion and Analysis of Financial Condition and Results of Operations,"the increase in the ads delivered was driven by an increase in the number and frequency of ads displayed across our products, and an increase in users and their engagement.",discussion
PART I - FINANCIAL INFORMATION,Item 2.Management's Discussion and Analysis of Financial Condition and Results of Operations,"during the three and nine months ended september 30, 2019, the average price per ad decreased by 6% and 5%, respectively, as compared with increases of approximately 7% and 19%, respectively, in the same periods in 2018.",discussion
PART I - FINANCIAL INFORMATION,Item 2.Management's Discussion and Analysis of Financial Condition and Results of Operations,the decrease in average price per ad was primarily driven by an increasing proportion of the number of ads delivered in geographies and as stories ads that monetize at lower rates.,discussion
PART I - FINANCIAL INFORMATION,Item 2.Management's Discussion and Analysis of Financial Condition and Results of Operations,we anticipate that future advertising revenue growth will be determined by a combination of the number of ads delivered and price.,discussion
PART I - FINANCIAL INFORMATION,Item 2.Management's Discussion and Analysis of Financial Condition and Results of Operations,"foreign exchange impact on revenue the general strengthening of the u.s. dollar relative to certain foreign currencies in the three and nine months ended september 30, 2019 compared to the same periods in 2018 had an unfavorable impact on revenue.",discussion
PART I - FINANCIAL INFORMATION,Item 2.Management's Discussion and Analysis of Financial Condition and Results of Operations,"if we had translated revenue for the three months ended september 30, 2019 using the prior year's monthly exchange rates for our settlement or billing currencies other than the u.s. dollar, our total revenue and advertising revenue would have been $17.95 billion and $17.68 billion, respectively.",discussion
PART I - FINANCIAL INFORMATION,Item 2.Management's Discussion and Analysis of Financial Condition and Results of Operations,"using these constant rates, total revenue and advertising revenue would have been $297 million and $295 million higher than actual total revenue and advertising revenue, respectively, for the three months ended september 30, 2019.",discussion
PART I - FINANCIAL INFORMATION,Item 2.Management's Discussion and Analysis of Financial Condition and Results of Operations,"if we had translated revenue for the nine months ended september 30, 2019 using the prior year's monthly exchange rates for our settlement or billing currencies other than the u.s. dollar, total revenue and advertising revenue would have been $50.99 billion and $50.29 billion, respectively.",discussion
PART I - FINANCIAL INFORMATION,Item 2.Management's Discussion and Analysis of Financial Condition and Results of Operations,"using these constant rates, total revenue and advertising revenue would have been $1.37 billion higher than both actual total revenue and advertising revenue for the nine months ended september 30, 2019.",discussion
PART I - FINANCIAL INFORMATION,Item 2.Management's Discussion and Analysis of Financial Condition and Results of Operations,"cost of revenue three months ended september 30,       nine months ended september 30,       2019   2018   % change   2019   2018   % change   (in millions, except for percentages) cost of revenue $ 3,155     $ 2,418     30 %   $ 9,279     $ 6,559     41 % percentage of revenue 18 %   18 %       19 %   17 % cost of revenue in the three and nine months ended september 30, 2019 increased $737 million, or 30%, and $2.72 billion, or 41%, respectively, compared to the same periods in 2018.",discussion
PART I - FINANCIAL INFORMATION,Item 2.Management's Discussion and Analysis of Financial Condition and Results of Operations,the increases in both periods were primarily due to increases in operational expenses related to our data centers and technical infrastructure and higher traffic acquisition costs.,discussion
PART I - FINANCIAL INFORMATION,Item 2.Management's Discussion and Analysis of Financial Condition and Results of Operations,"research and development three months ended september 30,       nine months ended september 30,       2019   2018   % change   2019   2018   % change   (in millions, except for percentages) research and development $ 3,548     $ 2,657     34 %   $ 9,722     $ 7,418     31 % percentage of revenue 20 %   19 %       20 %   19 % research and development expenses in the three and nine months ended september 30, 2019 increased $891 million, or 34%, and $2.30 billion, or 31%, respectively, compared to the same periods in 2018.",discussion
PART I - FINANCIAL INFORMATION,Item 2.Management's Discussion and Analysis of Financial Condition and Results of Operations,"the increases in both periods were primarily due to increases in payroll and benefits expenses, as well as facilities-related costs, as a result of a 31% growth in employee headcount from september 30, 2018 to september 30, 2019 in engineering and other technical functions.",discussion
PART I - FINANCIAL INFORMATION,Item 2.Management's Discussion and Analysis of Financial Condition and Results of Operations,"34 marketing and sales three months ended september 30,       nine months ended september 30,       2019   2018   % change   2019   2018   % change   (in millions, except for percentages) marketing and sales $ 2,416     $ 1,928     25 %   $ 6,850     $ 5,379     27 % percentage of revenue 14 %   14 %       14 %   14 % marketing and sales expenses in the three and nine months ended september 30, 2019 increased $488 million, or 25%, and $1.47 billion, or 27%, respectively, compared to the same periods in 2018.",discussion
PART I - FINANCIAL INFORMATION,Item 2.Management's Discussion and Analysis of Financial Condition and Results of Operations,"the increases in both periods were primarily driven by payroll and benefits, marketing, and community and product operations expenses.",discussion
PART I - FINANCIAL INFORMATION,Item 2.Management's Discussion and Analysis of Financial Condition and Results of Operations,"our payroll and benefits expenses increased as a result of a 24% increase in employee headcount from september 30, 2018 to september 30, 2019 in our marketing and sales functions.",discussion
PART I - FINANCIAL INFORMATION,Item 2.Management's Discussion and Analysis of Financial Condition and Results of Operations,"general and administrative three months ended september 30,       nine months ended september 30,       2019   2018   % change   2019   2018   % change   (in millions, except for percentages) legal accrual related to ftc settlement $  -      $  -       -      $ 5,000     $  -      nm   other general and administrative 1,348     943     43 %   3,636     2,475     47 % general and administrative $ 1,348     $ 943     43 %   $ 8,636     $ 2,475     nm   percentage of revenue 8 %   7 %       17 %   6 % general and administrative expenses in the third quarter of 2019 increased $405 million, or 43%, compared to the same period in 2018.",discussion
PART I - FINANCIAL INFORMATION,Item 2.Management's Discussion and Analysis of Financial Condition and Results of Operations,the increase was primarily due to an increase in payroll and benefits expenses and higher legal-related costs.,discussion
PART I - FINANCIAL INFORMATION,Item 2.Management's Discussion and Analysis of Financial Condition and Results of Operations,"general and administrative expenses increased $6.16 billion in the nine months ended september 30, 2019 compared to the same period in 2018.",discussion
PART I - FINANCIAL INFORMATION,Item 2.Management's Discussion and Analysis of Financial Condition and Results of Operations,the increase was primarily due to the $5.0 billion ftc settlement expense recorded in the first six months of 2019.,discussion
PART I - FINANCIAL INFORMATION,Item 2.Management's Discussion and Analysis of Financial Condition and Results of Operations,"in addition, payroll and benefits expenses also increased in the nine months ended september 30, 2019 as a result of a 32% increase in employee headcount from september 30, 2018 to september 30, 2019 in our general and administrative functions.",discussion
PART I - FINANCIAL INFORMATION,Item 2.Management's Discussion and Analysis of Financial Condition and Results of Operations,"interest and other income, net three months ended september 30,       nine months ended september 30,       2019   2018   % change   2019   2018   % change   (in millions, except for percentages) interest income, net $ 258     $ 176     47 %   $ 675     $ 465     45  % other income (expense), net (114 )   (45 )   153 %   (160 )   (168 )   (5 )% interest and other income, net $ 144     $ 131     10 %   $ 515     $ 297     73  % interest and other income, net in the three and nine months ended september 30, 2019 increased $13 million, or 10%, and $218 million, or 73%, respectively, compared to the same periods in 2018.",discussion
PART I - FINANCIAL INFORMATION,Item 2.Management's Discussion and Analysis of Financial Condition and Results of Operations,the increases in both periods were due to increases in interest income driven by higher interest rates and investment balances.,discussion
PART I - FINANCIAL INFORMATION,Item 2.Management's Discussion and Analysis of Financial Condition and Results of Operations,"in the third quarter of 2019, the increase in interest and other income was partially offset by higher foreign exchange losses as compared to the same period in 2018 due to foreign currency transactions and re-measurement.",discussion
PART I - FINANCIAL INFORMATION,Item 2.Management's Discussion and Analysis of Financial Condition and Results of Operations,"35 provision for income taxes three months ended september 30,       nine months ended september 30,       2019   2018   % change   2019   2018   % change   (in millions, except for percentages) provision for income taxes $ 1,238     $ 775     60 %   $ 4,507     $ 2,160     109 % effective tax rate 17 %   13 %       29 %   12 % our provision for income taxes in the third quarter of 2019 increased $463 million, or 60%, compared to the same period in 2018, primarily due to an increase in income from operations and a decrease in excess tax benefits recognized from share - based compensation.",discussion
PART I - FINANCIAL INFORMATION,Item 2.Management's Discussion and Analysis of Financial Condition and Results of Operations,"our provision for income taxes in the nine months ended september 30, 2019 increased $2.35 billion, or 109%, compared to the same period in 2018, mostly due to an increase in income taxes from the altera ninth circuit panel opinion discussed below, an increase in income from operations prior to the effect of the legal accrual related to the ftc settlement that is not expected to be tax-deductible, and a decrease in excess tax benefits recognized from share-based compensation.",discussion
PART I - FINANCIAL INFORMATION,Item 2.Management's Discussion and Analysis of Financial Condition and Results of Operations,"our effective tax rate in the third quarter of 2019 increased compared to the same period in 2018, mostly due to a decrease in excess tax benefits recognized from share-based compensation and an increase in income taxes from the altera ninth circuit panel opinion discussed below.",discussion
PART I - FINANCIAL INFORMATION,Item 2.Management's Discussion and Analysis of Financial Condition and Results of Operations,"our effective tax rate in the nine months ended september 30, 2019 increased compared to the same period in 2018, mostly due to an increase in income taxes from the altera ninth circuit panel opinion, the legal accrual related to the ftc settlement that is not expected to be tax-deductible, and a decrease in excess tax benefits recognized from share-based compensation.",discussion
PART I - FINANCIAL INFORMATION,Item 2.Management's Discussion and Analysis of Financial Condition and Results of Operations,"on july 27, 2015, the united states tax court issued a decision (tax court decision) in altera corp. v.",discussion
PART I - FINANCIAL INFORMATION,Item 2.Management's Discussion and Analysis of Financial Condition and Results of Operations,"commissioner, which concluded that related parties in a cost sharing arrangement are not required to share expenses related to share-based compensation.",discussion
PART I - FINANCIAL INFORMATION,Item 2.Management's Discussion and Analysis of Financial Condition and Results of Operations,the tax court decision was appealed by the commissioner to the ninth circuit court of appeals (ninth circuit).,discussion
PART I - FINANCIAL INFORMATION,Item 2.Management's Discussion and Analysis of Financial Condition and Results of Operations,"on june 7, 2019, a three-judge panel from the ninth circuit issued an opinion (altera ninth circuit panel opinion) that reversed the tax court decision.",discussion
PART I - FINANCIAL INFORMATION,Item 2.Management's Discussion and Analysis of Financial Condition and Results of Operations,"based on the altera ninth circuit panel opinion, we recorded a cumulative income tax expense of $1.11 billion in the second quarter of 2019.",discussion
PART I - FINANCIAL INFORMATION,Item 2.Management's Discussion and Analysis of Financial Condition and Results of Operations,"on july 22, 2019, the taxpayer requested a rehearing before the full ninth circuit and may subsequently appeal from the ninth circuit to the supreme court.",discussion
PART I - FINANCIAL INFORMATION,Item 2.Management's Discussion and Analysis of Financial Condition and Results of Operations,"as a result, the final outcome of the case is uncertain.",discussion
PART I - FINANCIAL INFORMATION,Item 2.Management's Discussion and Analysis of Financial Condition and Results of Operations,"if the altera ninth circuit panel opinion is reversed, we would anticipate recording an income tax benefit at that time.",discussion
PART I - FINANCIAL INFORMATION,Item 2.Management's Discussion and Analysis of Financial Condition and Results of Operations,effective tax rate items.,discussion
PART I - FINANCIAL INFORMATION,Item 2.Management's Discussion and Analysis of Financial Condition and Results of Operations,"our effective tax rate in the future will depend upon the proportion of our income before provision for income taxes earned in the united states and in jurisdictions with a tax rate lower than the u.s. statutory rate, as well as a number of other factors, including excess tax benefits from share-based compensation, tax effects of integrating intellectual property from acquisitions, settlement of tax contingency items, tax effects of changes in our business, and the impact of changes in tax law.",discussion
PART I - FINANCIAL INFORMATION,Item 2.Management's Discussion and Analysis of Financial Condition and Results of Operations,the proportion of our income before provision for income taxes earned in jurisdictions with a tax rate lower than the u.s. statutory rate will depend upon the proportion of revenue and costs associated with the respective jurisdictions.,discussion
PART I - FINANCIAL INFORMATION,Item 2.Management's Discussion and Analysis of Financial Condition and Results of Operations,the accounting for share-based compensation may increase or decrease our effective tax rate based upon the difference between our share-based compensation expense and the deductions taken on our tax return which depends upon the stock price at the time of employee award vesting.,discussion
PART I - FINANCIAL INFORMATION,Item 2.Management's Discussion and Analysis of Financial Condition and Results of Operations,"if our stock price remains constant to the october 25, 2019 price, we expect our effective tax rate for the fourth quarter of 2019 and the full year 2020 will be approximately 18% to 20%.",discussion
PART I - FINANCIAL INFORMATION,Item 2.Management's Discussion and Analysis of Financial Condition and Results of Operations,integrating intellectual property from acquisitions into our business generally involves intercompany transactions that have the impact of increasing our provision for income taxes.,discussion
PART I - FINANCIAL INFORMATION,Item 2.Management's Discussion and Analysis of Financial Condition and Results of Operations,"consequently, our provision for income taxes and our effective tax rate may initially increase in the period of an acquisition and integration.",discussion
PART I - FINANCIAL INFORMATION,Item 2.Management's Discussion and Analysis of Financial Condition and Results of Operations,"the magnitude of this impact will depend upon the specific type, size, and taxing jurisdictions of the intellectual property as well as the relative contribution to income in subsequent periods.",discussion
PART I - FINANCIAL INFORMATION,Item 2.Management's Discussion and Analysis of Financial Condition and Results of Operations,unrecognized tax benefits.,discussion
PART I - FINANCIAL INFORMATION,Item 2.Management's Discussion and Analysis of Financial Condition and Results of Operations,"as of september 30, 2019, we had net unrecognized tax benefits of $4.79 billion which were accrued as other liabilities.",discussion
PART I - FINANCIAL INFORMATION,Item 2.Management's Discussion and Analysis of Financial Condition and Results of Operations,"these unrecognized tax benefits were predominantly accrued for uncertainties related to transfer pricing with our foreign subsidiaries, which includes licensing of intellectual property, providing services and other transactions, as well as for uncertainties with our research tax credits.",discussion
PART I - FINANCIAL INFORMATION,Item 2.Management's Discussion and Analysis of Financial Condition and Results of Operations,"the ultimate settlement of the liabilities will depend upon resolution of tax audits, litigation, or events that would otherwise change the assessment of such items.",discussion
PART I - FINANCIAL INFORMATION,Item 2.Management's Discussion and Analysis of Financial Condition and Results of Operations,"based upon the status of litigation 36 described below and the current status of tax audits in various jurisdictions, we do not anticipate a material change to such amounts within the next 12 months.",discussion
PART I - FINANCIAL INFORMATION,Item 2.Management's Discussion and Analysis of Financial Condition and Results of Operations,"in july 2016, we received a statutory notice of deficiency (notice) from the irs related to transfer pricing with our foreign subsidiaries in conjunction with the examination of the 2010 tax year.",discussion
PART I - FINANCIAL INFORMATION,Item 2.Management's Discussion and Analysis of Financial Condition and Results of Operations,"while the notice applies only to the 2010 tax year, the irs stated that it will also apply its position for tax years subsequent to 2010.",discussion
PART I - FINANCIAL INFORMATION,Item 2.Management's Discussion and Analysis of Financial Condition and Results of Operations,we do not agree with the position of the irs and have filed a petition in the tax court challenging the notice.,discussion
PART I - FINANCIAL INFORMATION,Item 2.Management's Discussion and Analysis of Financial Condition and Results of Operations,the case is scheduled for trial beginning in february 2020.,discussion
PART I - FINANCIAL INFORMATION,Item 2.Management's Discussion and Analysis of Financial Condition and Results of Operations,"in october 2019, the irs filed its statement of position in the case stating that it planned to assert at trial an adjustment that is higher than the adjustment stated in the notice.",discussion
PART I - FINANCIAL INFORMATION,Item 2.Management's Discussion and Analysis of Financial Condition and Results of Operations,the irs did not provide a specific amount for the adjustment nor any information about how it intends to apply the revised adjustment to future years.,discussion
PART I - FINANCIAL INFORMATION,Item 2.Management's Discussion and Analysis of Financial Condition and Results of Operations,"based on the limited information provided, we believe that, if the irs prevails in its updated position, this could result in an additional federal tax liability of an estimated, aggregate amount of up to approximately $9.0 billion in excess of the amounts in our originally filed u.s. return, which is an increase from our previous estimate of up to $5.0 billion, plus interest and any penalties asserted.",discussion
PART I - FINANCIAL INFORMATION,Item 2.Management's Discussion and Analysis of Financial Condition and Results of Operations,"in march 2018, we received a second notice from the irs in conjunction with the examination of our 2011 through 2013 tax years.",discussion
PART I - FINANCIAL INFORMATION,Item 2.Management's Discussion and Analysis of Financial Condition and Results of Operations,the irs applied its position from the 2010 tax year to each of these years and also proposed new adjustments related to other transfer pricing with our foreign subsidiaries and certain tax credits that we claimed.,discussion
PART I - FINANCIAL INFORMATION,Item 2.Management's Discussion and Analysis of Financial Condition and Results of Operations,"if the irs prevails in its position for these new adjustments, this could result in an additional federal tax liability of up to approximately $680 million in excess of the amounts in our originally filed u.s. returns, plus interest and any penalties asserted.",discussion
PART I - FINANCIAL INFORMATION,Item 2.Management's Discussion and Analysis of Financial Condition and Results of Operations,we do not agree with the positions of the irs in the second notice and have filed a petition in the tax court challenging the second notice.,discussion
PART I - FINANCIAL INFORMATION,Item 2.Management's Discussion and Analysis of Financial Condition and Results of Operations,"we have previously accrued an estimated unrecognized tax benefit consistent with the guidance in asc 740, income taxes, that is lower than the potential additional federal tax liability from the positions taken by the irs in the two notices and its statement of position.",discussion
PART I - FINANCIAL INFORMATION,Item 2.Management's Discussion and Analysis of Financial Condition and Results of Operations,"in addition, if the irs prevails in its positions related to transfer pricing with our foreign subsidiaries, the additional tax that we would owe would be partially offset by a reduction in the tax that we owe under the mandatory transition tax on accumulated foreign earnings from the 2017 tax cuts and jobs act (tax act).",discussion
PART I - FINANCIAL INFORMATION,Item 2.Management's Discussion and Analysis of Financial Condition and Results of Operations,"as of september 30, 2019, we have not resolved these matters and proceedings continue in the tax court.",discussion
PART I - FINANCIAL INFORMATION,Item 2.Management's Discussion and Analysis of Financial Condition and Results of Operations,we believe that adequate amounts have been reserved in accordance with asc 740 for any adjustments to the provision for income taxes or other tax items that may ultimately result from these examinations.,discussion
PART I - FINANCIAL INFORMATION,Item 2.Management's Discussion and Analysis of Financial Condition and Results of Operations,"the timing of the resolution, settlement, and closure of any audits is highly uncertain, and it is reasonably possible that the balance of gross unrecognized tax benefits could significantly change in the next 12 months.",discussion
PART I - FINANCIAL INFORMATION,Item 2.Management's Discussion and Analysis of Financial Condition and Results of Operations,"given the number of years remaining that are subject to examination in various jurisdictions, we are unable to estimate the full range of possible adjustments to the balance of gross unrecognized tax benefits.",discussion
PART I - FINANCIAL INFORMATION,Item 2.Management's Discussion and Analysis of Financial Condition and Results of Operations,"if the taxing authorities prevail in the assessment of additional tax due, the assessed tax, interest, and penalties, if any, could have a material adverse effect on our financial position, results of operations, and cash flows.",discussion
PART I - FINANCIAL INFORMATION,Item 2.Management's Discussion and Analysis of Financial Condition and Results of Operations,"37 liquidity and capital resources our principal sources of liquidity are our cash and cash equivalents, marketable securities, and cash generated from operations.",discussion
PART I - FINANCIAL INFORMATION,Item 2.Management's Discussion and Analysis of Financial Condition and Results of Operations,"cash and cash equivalents and marketable securities consist mostly of cash on deposit with banks, investments in money market funds, and investments in u.s. government securities, u.s. government agency securities, and corporate debt securities.",discussion
PART I - FINANCIAL INFORMATION,Item 2.Management's Discussion and Analysis of Financial Condition and Results of Operations,"cash and cash equivalents and marketable securities were $52.27 billion as of september 30, 2019, an increase of $11.16 billion from december 31, 2018, mostly due to $27.23 billion of cash generated from operations, offset by $11.41 billion for capital expenditures, including principal payments on finance leases, $2.91 billion for repurchases of our class a common stock, and $1.71 billion of taxes paid related to net share settlement of equity awards.",discussion
PART I - FINANCIAL INFORMATION,Item 2.Management's Discussion and Analysis of Financial Condition and Results of Operations,"cash paid for income taxes was $2.53 billion in the nine months ended september 30, 2019.",discussion
PART I - FINANCIAL INFORMATION,Item 2.Management's Discussion and Analysis of Financial Condition and Results of Operations,"as of september 30, 2019, our federal net operating loss carryforward was $8.47 billion, and we anticipate that none of this amount will be utilized to offset our federal taxable income in 2019.",discussion
PART I - FINANCIAL INFORMATION,Item 2.Management's Discussion and Analysis of Financial Condition and Results of Operations,"as of september 30, 2019, we had $293 million of federal tax credit carryforward, of which none will be available to offset our federal tax liabilities in 2019.",discussion
PART I - FINANCIAL INFORMATION,Item 2.Management's Discussion and Analysis of Financial Condition and Results of Operations,"in addition, based on the altera ninth circuit panel opinion, we expect our cash payments for income taxes to increase.",discussion
PART I - FINANCIAL INFORMATION,Item 2.Management's Discussion and Analysis of Financial Condition and Results of Operations,"in may 2016, we entered into a $2.0 billion senior unsecured revolving credit facility, and any amounts outstanding under the facility will be due and payable on may 20, 2021.",discussion
PART I - FINANCIAL INFORMATION,Item 2.Management's Discussion and Analysis of Financial Condition and Results of Operations,"as of september 30, 2019, no amounts had been drawn down and we were in compliance with the covenants under this credit facility.",discussion
PART I - FINANCIAL INFORMATION,Item 2.Management's Discussion and Analysis of Financial Condition and Results of Operations,our board of directors has authorized a share repurchase program that commenced in 2017 and does not have an expiration date.,discussion
PART I - FINANCIAL INFORMATION,Item 2.Management's Discussion and Analysis of Financial Condition and Results of Operations,"in december 2018, our board of directors authorized an additional $9.0 billion of repurchases under this program.",discussion
PART I - FINANCIAL INFORMATION,Item 2.Management's Discussion and Analysis of Financial Condition and Results of Operations,"during the nine months ended september 30, 2019, we repurchased and subsequently retired approximately 15.4 million shares of our class a common stock for an aggregate amount of $2.80 billion.",discussion
PART I - FINANCIAL INFORMATION,Item 2.Management's Discussion and Analysis of Financial Condition and Results of Operations,"as of september 30, 2019, $6.20 billion remained available and authorized for repurchases.",discussion
PART I - FINANCIAL INFORMATION,Item 2.Management's Discussion and Analysis of Financial Condition and Results of Operations,"as of september 30, 2019, $14.08 billion of the $52.27 billion in cash and cash equivalents and marketable securities was held by our foreign subsidiaries.",discussion
PART I - FINANCIAL INFORMATION,Item 2.Management's Discussion and Analysis of Financial Condition and Results of Operations,the tax act imposed a mandatory transition tax on accumulated foreign earnings and eliminated u.s. taxes on foreign subsidiary distributions.,discussion
PART I - FINANCIAL INFORMATION,Item 2.Management's Discussion and Analysis of Financial Condition and Results of Operations,"as a result, earnings in foreign jurisdictions are available for distribution to the u.s. without incremental u.s. taxes.",discussion
PART I - FINANCIAL INFORMATION,Item 2.Management's Discussion and Analysis of Financial Condition and Results of Operations,"in july 2019, we entered into a settlement and modified consent order to resolve the inquiry of the ftc into our platform and user data practices, which is pending federal court approval.",discussion
PART I - FINANCIAL INFORMATION,Item 2.Management's Discussion and Analysis of Financial Condition and Results of Operations,"the settlement requires us to pay a penalty of $5.0 billion, which is included in accrued expenses and other current liabilities on our condensed consolidated balance sheet as of september 30, 2019.",discussion
PART I - FINANCIAL INFORMATION,Item 2.Management's Discussion and Analysis of Financial Condition and Results of Operations,"we currently anticipate that our available funds, credit facility, and cash flow from operations will be sufficient to meet our operational cash needs for the foreseeable future.",discussion
PART I - FINANCIAL INFORMATION,Item 2.Management's Discussion and Analysis of Financial Condition and Results of Operations,"cash provided by operating activities cash flow from operating activities during the nine months ended september 30, 2019 mostly consisted of net income adjusted for certain non-cash items, such as the $5.0 billion legal accrual related to the ftc settlement, $4.27 billion of depreciation and amortization, $3.56 billion of share-based compensation expense, and $1.11 billion income tax accrual due to the altera ninth circuit panel opinion.",discussion
PART I - FINANCIAL INFORMATION,Item 2.Management's Discussion and Analysis of Financial Condition and Results of Operations,"the majority of the increase in cash flow from operating activities during the nine months ended september 30, 2019, compared to the same period in 2018, was due to higher net income as adjusted for the non-cash items discussed above.",discussion
PART I - FINANCIAL INFORMATION,Item 2.Management's Discussion and Analysis of Financial Condition and Results of Operations,"cash used in investing activities cash used in investing activities during the nine months ended september 30, 2019 mostly resulted from $11.0 billion of net purchases of property and equipment as we continued to invest in data centers, servers, office buildings, and network infrastructure, and $4.70 billion of net purchases of marketable securities.",discussion
PART I - FINANCIAL INFORMATION,Item 2.Management's Discussion and Analysis of Financial Condition and Results of Operations,"the increase in cash used in investing activities during the nine months ended september 30, 2019, compared to the same period in 2018, was mostly due to increases in net purchases of marketable securities and property and equipment.",discussion
PART I - FINANCIAL INFORMATION,Item 2.Management's Discussion and Analysis of Financial Condition and Results of Operations,we anticipate making capital expenditures of approximately $16 billion in 2019 and approximately $17 billion to $19 billion in 2020.,discussion
PART I - FINANCIAL INFORMATION,Item 2.Management's Discussion and Analysis of Financial Condition and Results of Operations,"38 cash used in financing activities cash used in financing activities during the nine months ended september 30, 2019 mostly consisted of $2.91 billion for repurchases of our class a common stock, $1.71 billion of taxes paid related to net share settlement of equity awards, and $411 million of principal payments on finance leases.",discussion
PART I - FINANCIAL INFORMATION,Item 2.Management's Discussion and Analysis of Financial Condition and Results of Operations,"the decrease in cash used in financing activities during the nine months ended september 30, 2019, compared to the same period in 2018, was mostly due to a decrease in repurchases of our class a common stock.",discussion
PART I - FINANCIAL INFORMATION,Item 2.Management's Discussion and Analysis of Financial Condition and Results of Operations,"off-balance sheet arrangements we did not have any off-balance sheet arrangements as of september 30, 2019.",discussion
PART I - FINANCIAL INFORMATION,Item 2.Management's Discussion and Analysis of Financial Condition and Results of Operations,"contractual obligations our principal commitments consist primarily of obligations under operating leases, which include among others, certain of our offices, data centers, land, and colocation leases, as well as contractual commitments related to network infrastructure and data center operations.",discussion
PART I - FINANCIAL INFORMATION,Item 2.Management's Discussion and Analysis of Financial Condition and Results of Operations,"the following table summarizes our commitments to settle contractual obligations in cash as of september 30, 2019 (in millions): payment due by period    total   the remainder of 2019   2020-2021   2022-2023   thereafter operating lease obligations, including imputed interest(1) $ 15,014     $ 192     $ 2,345     $ 2,274     $ 10,203   finance lease obligations, including imputed interest(1) 913     103     200     87     523   transition tax payable 1,577      -       -      319     1,258   other contractual commitments(2) 5,039     1,822     1,946     270     1,001   total contractual obligations $ 22,543     $ 2,117     $ 4,491     $ 2,950     $ 12,985 (1) includes variable lease payments that were fixed subsequent to lease commencement or modification.",discussion
PART I - FINANCIAL INFORMATION,Item 2.Management's Discussion and Analysis of Financial Condition and Results of Operations,(2) the majority of other contractual commitments were related to network infrastructure and our data center operations.,discussion
PART I - FINANCIAL INFORMATION,Item 2.Management's Discussion and Analysis of Financial Condition and Results of Operations,"as part of the normal course of the business, we may enter into multi-year agreements to purchase certain network components that do not specify a fixed or minimum price commitment or to purchase renewable energy that do not specify a fixed or minimum volume commitment.",discussion
PART I - FINANCIAL INFORMATION,Item 2.Management's Discussion and Analysis of Financial Condition and Results of Operations,these agreements are generally entered into in order to secure either volume or price.,discussion
PART I - FINANCIAL INFORMATION,Item 2.Management's Discussion and Analysis of Financial Condition and Results of Operations,"using projected market prices or expected volume consumption, the total estimated spend is approximately $4.83 billion.",discussion
PART I - FINANCIAL INFORMATION,Item 2.Management's Discussion and Analysis of Financial Condition and Results of Operations,the ultimate spend under these agreements may vary and will be based on prevailing market prices or actual volume purchased.,discussion
PART I - FINANCIAL INFORMATION,Item 2.Management's Discussion and Analysis of Financial Condition and Results of Operations,"in addition, our other liabilities also include $4.79 billion related to net uncertain tax positions as of september 30, 2019.",discussion
PART I - FINANCIAL INFORMATION,Item 2.Management's Discussion and Analysis of Financial Condition and Results of Operations,"due to uncertainties in the timing of the completion of tax audits, the timing of the resolution of these positions is uncertain and we are unable to make a reasonably reliable estimate of the timing of payments in individual years beyond 12 months.",discussion
PART I - FINANCIAL INFORMATION,Item 2.Management's Discussion and Analysis of Financial Condition and Results of Operations,"as a result, this amount is not included in the above contractual obligations table.",discussion
PART I - FINANCIAL INFORMATION,Item 2.Management's Discussion and Analysis of Financial Condition and Results of Operations,"contingencies we are involved in legal proceedings, claims, and regulatory, tax or government inquiries and investigations.",discussion
PART I - FINANCIAL INFORMATION,Item 2.Management's Discussion and Analysis of Financial Condition and Results of Operations,"we record a provision for a liability when we believe that it is both probable that a liability has been incurred, and that the amount can be reasonably estimated.",discussion
PART I - FINANCIAL INFORMATION,Item 2.Management's Discussion and Analysis of Financial Condition and Results of Operations,"if we determine there is a reasonable possibility that we may incur a loss and the loss or range of loss can be estimated, we disclose the possible loss in the accompanying notes to the consolidated financial statements to the extent material.",discussion
PART I - FINANCIAL INFORMATION,Item 2.Management's Discussion and Analysis of Financial Condition and Results of Operations,significant judgment is required to determine both probability and the estimated amount of loss.,discussion
PART I - FINANCIAL INFORMATION,Item 2.Management's Discussion and Analysis of Financial Condition and Results of Operations,"such matters are inherently unpredictable and subject to significant uncertainties, some of which are beyond our control.",discussion
PART I - FINANCIAL INFORMATION,Item 2.Management's Discussion and Analysis of Financial Condition and Results of Operations,"should any of these estimates and assumptions change or prove to be incorrect, it could have a material impact on our results of operations, financial position, and cash flows.",discussion
PART I - FINANCIAL INFORMATION,Item 2.Management's Discussion and Analysis of Financial Condition and Results of Operations,"39 see note 10  -  commitments and contingencies and note 12  -  income taxes in the notes to the condensed consolidated financial statements included in part i, item 1, and ""legal proceedings"" contained in part ii, item 1 of this quarterly report on form 10-q for additional information regarding contingencies.",discussion
PART I - FINANCIAL INFORMATION,Item 2.Management's Discussion and Analysis of Financial Condition and Results of Operations,critical accounting policies and estimates our condensed consolidated financial statements are prepared in accordance with gaap.,discussion
PART I - FINANCIAL INFORMATION,Item 2.Management's Discussion and Analysis of Financial Condition and Results of Operations,"the preparation of these condensed consolidated financial statements requires us to make estimates and assumptions that affect the reported amounts of assets, liabilities, revenue, costs and expenses, and related disclosures.",discussion
PART I - FINANCIAL INFORMATION,Item 2.Management's Discussion and Analysis of Financial Condition and Results of Operations,"these estimates form the basis for judgments we make about the carrying values of our assets and liabilities, which are not readily apparent from other sources.",discussion
PART I - FINANCIAL INFORMATION,Item 2.Management's Discussion and Analysis of Financial Condition and Results of Operations,we base our estimates and judgments on historical experience and on various other assumptions that we believe are reasonable under the circumstances.,discussion
PART I - FINANCIAL INFORMATION,Item 2.Management's Discussion and Analysis of Financial Condition and Results of Operations,"on an ongoing basis, we evaluate our estimates and assumptions.",discussion
PART I - FINANCIAL INFORMATION,Item 2.Management's Discussion and Analysis of Financial Condition and Results of Operations,our actual results may differ from these estimates under different assumptions or conditions.,discussion
PART I - FINANCIAL INFORMATION,Item 2.Management's Discussion and Analysis of Financial Condition and Results of Operations,"an accounting policy is deemed to be critical if it requires an accounting estimate to be made based on assumptions about matters that are highly uncertain at the time the estimate is made, if different estimates reasonably could have been used, or if changes in the estimate that are reasonably possible could materially impact the financial statements.",discussion
PART I - FINANCIAL INFORMATION,Item 2.Management's Discussion and Analysis of Financial Condition and Results of Operations,"we believe that the assumptions and estimates associated with income taxes, loss contingencies, and business combinations and valuation of goodwill and other acquired intangible assets have the greatest potential impact on our condensed consolidated financial statements.",discussion
PART I - FINANCIAL INFORMATION,Item 2.Management's Discussion and Analysis of Financial Condition and Results of Operations,"therefore, we consider these to be our critical accounting policies and estimates.",discussion
PART I - FINANCIAL INFORMATION,Item 2.Management's Discussion and Analysis of Financial Condition and Results of Operations,"there have been no material changes to our critical accounting policies and estimates as compared to the critical accounting policies and estimates described in our annual report on form 10-k for the fiscal year ended december 31, 2018.",discussion
PART I - FINANCIAL INFORMATION,Item 2.Management's Discussion and Analysis of Financial Condition and Results of Operations,"on january 1, 2019, we adopted accounting standards update no.",discussion
PART I - FINANCIAL INFORMATION,Item 2.Management's Discussion and Analysis of Financial Condition and Results of Operations,"2016-02, leases (topic 842) (asu 2016-02), as amended, which supersedes the lease accounting guidance under topic 840, and generally requires lessees to recognize operating and financing lease liabilities and corresponding right-of-use (rou) assets on the balance sheet and to provide enhanced disclosures surrounding the amount, timing and uncertainty of cash flows arising from leasing arrangements.",discussion
PART I - FINANCIAL INFORMATION,Item 2.Management's Discussion and Analysis of Financial Condition and Results of Operations,we adopted the new guidance using the modified retrospective transition approach by applying the new standard to all leases existing at the date of initial application and not restating comparative periods.,discussion
PART I - FINANCIAL INFORMATION,Item 2.Management's Discussion and Analysis of Financial Condition and Results of Operations,"the most significant impact was the recognition of rou assets and lease liabilities for operating leases, while our accounting for finance leases remained substantially unchanged.",discussion
PART I - FINANCIAL INFORMATION,Item 2.Management's Discussion and Analysis of Financial Condition and Results of Operations,"see note 1  -  summary of significant accounting policies and note 7  -  leases in the notes to the condensed consolidated financial statements included in part i, item 1, of this quarterly report on form 10-q for additional information regarding the adoption.",discussion
PART I - FINANCIAL INFORMATION,Item 2.Management's Discussion and Analysis of Financial Condition and Results of Operations,40,discussion
