seq,description,document,href,type,size
1,10-K,fb-12312018x10k.htm,https://www.sec.gov/Archives/edgar/data/1326801/000132680119000009/fb-12312018x10k.htm,10-K,2319378
2,EXHIBIT 10.3(G),fb-12312018x10kexhibit103.htm,https://www.sec.gov/Archives/edgar/data/1326801/000132680119000009/fb-12312018x10kexhibit103.htm,EX-10.3(G),262377
3,EXHIBIT 21.1,fb-12312018x10kexhibit211.htm,https://www.sec.gov/Archives/edgar/data/1326801/000132680119000009/fb-12312018x10kexhibit211.htm,EX-21.1,6230
4,EXHIBIT 23.1,fb-12312018x10kexhibit231.htm,https://www.sec.gov/Archives/edgar/data/1326801/000132680119000009/fb-12312018x10kexhibit231.htm,EX-23.1,5739
5,EXHIBIT 31.1,fb-12312018x10kexhibit311.htm,https://www.sec.gov/Archives/edgar/data/1326801/000132680119000009/fb-12312018x10kexhibit311.htm,EX-31.1,12784
6,EXHIBIT 31.2,fb-12312018x10kexhibit312.htm,https://www.sec.gov/Archives/edgar/data/1326801/000132680119000009/fb-12312018x10kexhibit312.htm,EX-31.2,12883
7,EXHIBIT 32.1,fb-12312018x10kexhibit321.htm,https://www.sec.gov/Archives/edgar/data/1326801/000132680119000009/fb-12312018x10kexhibit321.htm,EX-32.1,9374
8,EXHIBIT 32.2,fb-12312018x10kexhibit322.htm,https://www.sec.gov/Archives/edgar/data/1326801/000132680119000009/fb-12312018x10kexhibit322.htm,EX-32.2,9306
15,,dauimageq42018a01.jpg,https://www.sec.gov/Archives/edgar/data/1326801/000132680119000009/dauimageq42018a01.jpg,GRAPHIC,92233
16,,fbstockperf1.jpg,https://www.sec.gov/Archives/edgar/data/1326801/000132680119000009/fbstockperf1.jpg,GRAPHIC,55437
17,,mauimageq42018a.jpg,https://www.sec.gov/Archives/edgar/data/1326801/000132680119000009/mauimageq42018a.jpg,GRAPHIC,133839
18,,revenueimageq42018.jpg,https://www.sec.gov/Archives/edgar/data/1326801/000132680119000009/revenueimageq42018.jpg,GRAPHIC,132839
19,,usermetricsfbimage123115a08.jpg,https://www.sec.gov/Archives/edgar/data/1326801/000132680119000009/usermetricsfbimage123115a08.jpg,GRAPHIC,13431
NA,Complete submission text file,0001326801-19-000009.txt,https://www.sec.gov/Archives/edgar/data/1326801/000132680119000009/0001326801-19-000009.txt, ,9776884
9,XBRL INSTANCE DOCUMENT,fb-20181231.xml,https://www.sec.gov/Archives/edgar/data/1326801/000132680119000009/fb-20181231.xml,EX-101.INS,1878872
10,XBRL TAXONOMY EXTENSION SCHEMA DOCUMENT,fb-20181231.xsd,https://www.sec.gov/Archives/edgar/data/1326801/000132680119000009/fb-20181231.xsd,EX-101.SCH,45646
11,XBRL TAXONOMY EXTENSION CALCULATION LINKBASE DOCUMENT,fb-20181231_cal.xml,https://www.sec.gov/Archives/edgar/data/1326801/000132680119000009/fb-20181231_cal.xml,EX-101.CAL,110843
12,XBRL TAXONOMY EXTENSION DEFINITION LINKBASE DOCUMENT,fb-20181231_def.xml,https://www.sec.gov/Archives/edgar/data/1326801/000132680119000009/fb-20181231_def.xml,EX-101.DEF,282824
13,XBRL TAXONOMY EXTENSION LABEL LINKBASE DOCUMENT,fb-20181231_lab.xml,https://www.sec.gov/Archives/edgar/data/1326801/000132680119000009/fb-20181231_lab.xml,EX-101.LAB,738539
14,XBRL TAXONOMY EXTENSION PRESENTATION LINKBASE DOCUMENT,fb-20181231_pre.xml,https://www.sec.gov/Archives/edgar/data/1326801/000132680119000009/fb-20181231_pre.xml,EX-101.PRE,430974
