seq,description,document,href,type,size
1,10-Q,d66554d10q.htm,https://www.sec.gov/Archives/edgar/data/1053507/000119312515268479/d66554d10q.htm,10-Q,1495766
2,EX-4.2,d66554dex42.htm,https://www.sec.gov/Archives/edgar/data/1053507/000119312515268479/d66554dex42.htm,EX-4.2,826247
3,EX-4.3,d66554dex43.htm,https://www.sec.gov/Archives/edgar/data/1053507/000119312515268479/d66554dex43.htm,EX-4.3,83568
4,EX-4.4,d66554dex44.htm,https://www.sec.gov/Archives/edgar/data/1053507/000119312515268479/d66554dex44.htm,EX-4.4,83408
5,EX-12,d66554dex12.htm,https://www.sec.gov/Archives/edgar/data/1053507/000119312515268479/d66554dex12.htm,EX-12,32524
6,EX-31.1,d66554dex311.htm,https://www.sec.gov/Archives/edgar/data/1053507/000119312515268479/d66554dex311.htm,EX-31.1,9171
7,EX-31.2,d66554dex312.htm,https://www.sec.gov/Archives/edgar/data/1053507/000119312515268479/d66554dex312.htm,EX-31.2,9242
8,EX-32,d66554dex32.htm,https://www.sec.gov/Archives/edgar/data/1053507/000119312515268479/d66554dex32.htm,EX-32,5234
NA,Complete submission text file,0001193125-15-268479.txt,https://www.sec.gov/Archives/edgar/data/1053507/000119312515268479/0001193125-15-268479.txt, ,12657404
9,XBRL INSTANCE DOCUMENT,amt-20150630.xml,https://www.sec.gov/Archives/edgar/data/1053507/000119312515268479/amt-20150630.xml,EX-101.INS,2998805
10,XBRL TAXONOMY EXTENSION SCHEMA,amt-20150630.xsd,https://www.sec.gov/Archives/edgar/data/1053507/000119312515268479/amt-20150630.xsd,EX-101.SCH,68551
11,XBRL TAXONOMY EXTENSION CALCULATION LINKBASE,amt-20150630_cal.xml,https://www.sec.gov/Archives/edgar/data/1053507/000119312515268479/amt-20150630_cal.xml,EX-101.CAL,105675
12,XBRL TAXONOMY EXTENSION DEFINITION LINKBASE,amt-20150630_def.xml,https://www.sec.gov/Archives/edgar/data/1053507/000119312515268479/amt-20150630_def.xml,EX-101.DEF,459197
13,XBRL TAXONOMY EXTENSION LABEL LINKBASE,amt-20150630_lab.xml,https://www.sec.gov/Archives/edgar/data/1053507/000119312515268479/amt-20150630_lab.xml,EX-101.LAB,911524
14,XBRL TAXONOMY EXTENSION PRESENTATION LINKBASE,amt-20150630_pre.xml,https://www.sec.gov/Archives/edgar/data/1053507/000119312515268479/amt-20150630_pre.xml,EX-101.PRE,598141
