part.name,item.name,sentence_text,section
PART I - FINANCIAL INFORMATION,Item 2. Management's Discussion and Analysis of Financial Condition and Results of Operations,item 2.,discussion
PART I - FINANCIAL INFORMATION,Item 2. Management's Discussion and Analysis of Financial Condition and Results of Operations,"management's discussion and analysis of financial condition and results of operations you should read the following discussion of our financial condition and results of operations in conjunction with our condensed consolidated financial statements and the related notes included elsewhere in this quarterly report on form 10-q and with our audited consolidated financial statements included in our annual report on form 10-k for the year ended december 31, 2019, as filed with the securities and exchange commission.",discussion
PART I - FINANCIAL INFORMATION,Item 2. Management's Discussion and Analysis of Financial Condition and Results of Operations,"in addition to our historical condensed consolidated financial information, the following discussion contains forward-looking statements that reflect our plans, estimates, and beliefs.",discussion
PART I - FINANCIAL INFORMATION,Item 2. Management's Discussion and Analysis of Financial Condition and Results of Operations,our actual results could differ materially from those discussed in the forward-looking statements.,discussion
PART I - FINANCIAL INFORMATION,Item 2. Management's Discussion and Analysis of Financial Condition and Results of Operations,"factors that could cause or contribute to these differences include those discussed below and elsewhere in this quarterly report on form 10-q, particularly in part ii, item 1a, ""risk factors.""",discussion
PART I - FINANCIAL INFORMATION,Item 2. Management's Discussion and Analysis of Financial Condition and Results of Operations,"for a discussion of limitations in the measurement of certain of our community metrics, see the section entitled ""limitations of key metrics and other data"" in this quarterly report on form 10-q.",discussion
PART I - FINANCIAL INFORMATION,Item 2. Management's Discussion and Analysis of Financial Condition and Results of Operations,"certain revenue information in the section entitled "" - three and six months ended june 30, 2020 and 2019 - revenue - foreign exchange impact on revenue"" is presented on a constant currency basis.",discussion
PART I - FINANCIAL INFORMATION,Item 2. Management's Discussion and Analysis of Financial Condition and Results of Operations,this information is a non-gaap financial measure.,discussion
PART I - FINANCIAL INFORMATION,Item 2. Management's Discussion and Analysis of Financial Condition and Results of Operations,"to calculate revenue on a constant currency basis, we translated revenue for the three and six months ended june 30, 2020 using the prior year's monthly exchange rates for our settlement or billing currencies other than the u.s. dollar.",discussion
PART I - FINANCIAL INFORMATION,Item 2. Management's Discussion and Analysis of Financial Condition and Results of Operations,"this non-gaap financial measure is not intended to be considered in isolation or as a substitute for, or superior to, financial information prepared and presented in accordance with gaap.",discussion
PART I - FINANCIAL INFORMATION,Item 2. Management's Discussion and Analysis of Financial Condition and Results of Operations,"this measure may be different from non-gaap financial measures used by other companies, limiting its usefulness for comparison purposes.",discussion
PART I - FINANCIAL INFORMATION,Item 2. Management's Discussion and Analysis of Financial Condition and Results of Operations,"moreover, presentation of revenue on a constant currency basis is provided for year-over-year comparison purposes, and investors should be cautioned that the effect of changing foreign currency exchange rates has an actual effect on our operating results.",discussion
PART I - FINANCIAL INFORMATION,Item 2. Management's Discussion and Analysis of Financial Condition and Results of Operations,"we believe this non-gaap financial measure provides investors with useful supplemental information about the financial performance of our business, enables comparison of financial results between periods where certain items may vary independent of business performance, and allows for greater transparency with respect to key metrics used by management in operating our business.",discussion
PART I - FINANCIAL INFORMATION,Item 2. Management's Discussion and Analysis of Financial Condition and Results of Operations,"executive overview of second quarter results our key community metrics and financial results for the second quarter of 2020 are as follows: community growth: • facebook daily active users (daus) were 1.79 billion on average for june 2020, an increase of 12% year-over-year.",discussion
PART I - FINANCIAL INFORMATION,Item 2. Management's Discussion and Analysis of Financial Condition and Results of Operations,"• facebook monthly active users (maus) were 2.70 billion as of june 30, 2020, an increase of 12% year-over-year.",discussion
PART I - FINANCIAL INFORMATION,Item 2. Management's Discussion and Analysis of Financial Condition and Results of Operations,"• family daily active people (dap) was 2.47 billion on average for june 2020, an increase of 15% year-over-year.",discussion
PART I - FINANCIAL INFORMATION,Item 2. Management's Discussion and Analysis of Financial Condition and Results of Operations,"• family monthly active people (map) was 3.14 billion as of june 30, 2020, an increase of 14% year-over-year.",discussion
PART I - FINANCIAL INFORMATION,Item 2. Management's Discussion and Analysis of Financial Condition and Results of Operations,"financial results: • revenue was $18.69 billion, up 11% year-over-year, and advertising revenue was $18.32 billion, up 10% year-over-year.",discussion
PART I - FINANCIAL INFORMATION,Item 2. Management's Discussion and Analysis of Financial Condition and Results of Operations,• total costs and expenses were $12.72 billion.,discussion
PART I - FINANCIAL INFORMATION,Item 2. Management's Discussion and Analysis of Financial Condition and Results of Operations,"• income from operations was $5.96 billion, and operating margin was 32%.",discussion
PART I - FINANCIAL INFORMATION,Item 2. Management's Discussion and Analysis of Financial Condition and Results of Operations,"• net income was $5.18 billion, with diluted earnings per share of $1.80.",discussion
PART I - FINANCIAL INFORMATION,Item 2. Management's Discussion and Analysis of Financial Condition and Results of Operations,"• capital expenditures, including principal payments on finance leases, were $3.36 billion.",discussion
PART I - FINANCIAL INFORMATION,Item 2. Management's Discussion and Analysis of Financial Condition and Results of Operations,• effective tax rate was 16%.,discussion
PART I - FINANCIAL INFORMATION,Item 2. Management's Discussion and Analysis of Financial Condition and Results of Operations,"• cash and cash equivalents and marketable securities were $58.24 billion as of june 30, 2020.",discussion
PART I - FINANCIAL INFORMATION,Item 2. Management's Discussion and Analysis of Financial Condition and Results of Operations,"• headcount was 52,534 as of june 30, 2020, an increase of 32% year-over-year.",discussion
PART I - FINANCIAL INFORMATION,Item 2. Management's Discussion and Analysis of Financial Condition and Results of Operations,"in the second quarter of 2020, we continued to focus on our main revenue growth priorities: (i) helping marketers use our products to connect with consumers where they are and (ii) making our ads more relevant and effective.",discussion
PART I - FINANCIAL INFORMATION,Item 2. Management's Discussion and Analysis of Financial Condition and Results of Operations,"in response to the covid-19 pandemic, we have focused on helping people stay connected, assisting the public health response, and working on the economic recovery.",discussion
PART I - FINANCIAL INFORMATION,Item 2. Management's Discussion and Analysis of Financial Condition and Results of Operations,"we have also continued to invest based on the following company priorities that we believe will further our mission to give people the power to build community and bring the world closer together: (i) continue making progress on the major social issues facing the internet and our company, including privacy, safety, and security; (ii) build new experiences that meaningfully improve people's lives today and set the stage for even bigger improvements in the future; (iii) keep building our business by supporting the millions of businesses that rely on our services to grow and create jobs; and (iv) communicate more transparently about what we're doing and the role our services play in the world.",discussion
PART I - FINANCIAL INFORMATION,Item 2. Management's Discussion and Analysis of Financial Condition and Results of Operations,"27 table of contents our business has been impacted by the covid-19 pandemic, which has resulted in authorities implementing numerous preventative measures to contain or mitigate the outbreak of the virus, such as travel bans and restrictions, limitations on business activity, quarantines, and shelter-in-place orders.",discussion
PART I - FINANCIAL INFORMATION,Item 2. Management's Discussion and Analysis of Financial Condition and Results of Operations,"these measures have caused, and are continuing to cause, business slowdowns or shutdowns in affected areas, both regionally and worldwide, which have significantly impacted our business and results of operations.",discussion
PART I - FINANCIAL INFORMATION,Item 2. Management's Discussion and Analysis of Financial Condition and Results of Operations,"beginning in the first quarter of 2020, we experienced significant increases in the size and engagement of our active user base across a number of regions as a result of the covid-19 pandemic.",discussion
PART I - FINANCIAL INFORMATION,Item 2. Management's Discussion and Analysis of Financial Condition and Results of Operations,"more recently, we have seen user growth and engagement trending towards pre-pandemic levels as various preventative measures such as shelter-in-place restrictions have been relaxed in certain regions.",discussion
PART I - FINANCIAL INFORMATION,Item 2. Management's Discussion and Analysis of Financial Condition and Results of Operations,"we expect this trend to continue as such measures are lifted in the future, although we are unable to predict the impact of the pandemic on user growth and engagement with any certainty.",discussion
PART I - FINANCIAL INFORMATION,Item 2. Management's Discussion and Analysis of Financial Condition and Results of Operations,"at the same time, we experienced a reduction in the demand for advertising, as well as a related decline in the pricing of our ads, in the second quarter of 2020.",discussion
PART I - FINANCIAL INFORMATION,Item 2. Management's Discussion and Analysis of Financial Condition and Results of Operations,"the demand for and pricing of our advertising services, as well as our overall results of operations, may be materially and adversely impacted by the pandemic for the duration of 2020 or longer, and we are unable to predict the duration or degree of such impact with any certainty.",discussion
PART I - FINANCIAL INFORMATION,Item 2. Management's Discussion and Analysis of Financial Condition and Results of Operations,"in addition, we expect that future advertising revenue growth will continue to be adversely affected by limitations on our ad targeting and measurement tools arising from changes to the regulatory environment and third-party mobile operating systems and browsers.",discussion
PART I - FINANCIAL INFORMATION,Item 2. Management's Discussion and Analysis of Financial Condition and Results of Operations,"we also intend to continue to invest in our business based on our company priorities, and we anticipate that additional investments in our data center capacity, network infrastructure, and office facilities, as well as scaling our headcount to support our growth and certain initiatives related to the covid-19 pandemic, will continue to drive expense growth in 2020.",discussion
PART I - FINANCIAL INFORMATION,Item 2. Management's Discussion and Analysis of Financial Condition and Results of Operations,"28 table of contents trends in our facebook user metrics the numbers for our key facebook metrics, our daus, maus, and average revenue per user (arpu), do not include users on instagram, whatsapp, or our other products, unless they would otherwise qualify as daus or maus, respectively, based on their other activities on facebook.",discussion
PART I - FINANCIAL INFORMATION,Item 2. Management's Discussion and Analysis of Financial Condition and Results of Operations,"trends in the number of users affect our revenue and financial results by influencing the number of ads we are able to show, the value of our ads to marketers, the volume of payments transactions, as well as our expenses and capital expenditures.",discussion
PART I - FINANCIAL INFORMATION,Item 2. Management's Discussion and Analysis of Financial Condition and Results of Operations,substantially all of our daily and monthly active users (as defined below) access facebook on mobile devices.,discussion
PART I - FINANCIAL INFORMATION,Item 2. Management's Discussion and Analysis of Financial Condition and Results of Operations,• daily active users (daus).,discussion
PART I - FINANCIAL INFORMATION,Item 2. Management's Discussion and Analysis of Financial Condition and Results of Operations,"we define a daily active user as a registered and logged-in facebook user who visited facebook through our website or a mobile device, or used our messenger application (and is also a registered facebook user), on a given day.",discussion
PART I - FINANCIAL INFORMATION,Item 2. Management's Discussion and Analysis of Financial Condition and Results of Operations,"we view daus, and daus as a percentage of maus, as measures of user engagement on facebook.",discussion
PART I - FINANCIAL INFORMATION,Item 2. Management's Discussion and Analysis of Financial Condition and Results of Operations,"note: for purposes of reporting daus, maus, and arpu by geographic region, europe includes all users in russia and turkey and rest of world includes all users in africa, latin america, and the middle east.",discussion
PART I - FINANCIAL INFORMATION,Item 2. Management's Discussion and Analysis of Financial Condition and Results of Operations,worldwide daus increased 12% to 1.79 billion on average during june 2020 from 1.59 billion during june 2019.,discussion
PART I - FINANCIAL INFORMATION,Item 2. Management's Discussion and Analysis of Financial Condition and Results of Operations,"users in india, indonesia, and the united states represented the top three sources of growth in daus during june 2020, relative to the same period in 2019.",discussion
PART I - FINANCIAL INFORMATION,Item 2. Management's Discussion and Analysis of Financial Condition and Results of Operations,29 table of contents • monthly active users (maus).,discussion
PART I - FINANCIAL INFORMATION,Item 2. Management's Discussion and Analysis of Financial Condition and Results of Operations,"we define a monthly active user as a registered and logged-in facebook user who visited facebook through our website or a mobile device, or used our messenger application (and is also a registered facebook user), in the last 30 days as of the date of measurement.",discussion
PART I - FINANCIAL INFORMATION,Item 2. Management's Discussion and Analysis of Financial Condition and Results of Operations,maus are a measure of the size of our global active user community on facebook.,discussion
PART I - FINANCIAL INFORMATION,Item 2. Management's Discussion and Analysis of Financial Condition and Results of Operations,"as of june 30, 2020, we had 2.70 billion maus, an increase of 12% from june 30, 2019.",discussion
PART I - FINANCIAL INFORMATION,Item 2. Management's Discussion and Analysis of Financial Condition and Results of Operations,"users in india, indonesia, and the philippines represented the top three sources of growth in the second quarter of 2020, relative to the same period in 2019.",discussion
PART I - FINANCIAL INFORMATION,Item 2. Management's Discussion and Analysis of Financial Condition and Results of Operations,"30 table of contents trends in our monetization by facebook user geography we calculate our revenue by facebook user geography based on our estimate of the geography in which ad impressions are delivered, virtual and digital goods are purchased, or consumer hardware devices are shipped.",discussion
PART I - FINANCIAL INFORMATION,Item 2. Management's Discussion and Analysis of Financial Condition and Results of Operations,"we define arpu as our total revenue in a given geography during a given quarter, divided by the average of the number of maus in the geography at the beginning and end of the quarter.",discussion
PART I - FINANCIAL INFORMATION,Item 2. Management's Discussion and Analysis of Financial Condition and Results of Operations,"while arpu includes all sources of revenue, the number of maus used in this calculation only includes users of facebook and messenger as described in the definition of mau above.",discussion
PART I - FINANCIAL INFORMATION,Item 2. Management's Discussion and Analysis of Financial Condition and Results of Operations,the share of revenue from users who are not also facebook or messenger maus was not material.,discussion
PART I - FINANCIAL INFORMATION,Item 2. Management's Discussion and Analysis of Financial Condition and Results of Operations,the geography of our users affects our revenue and financial results because we currently monetize users in different geographies at different average rates.,discussion
PART I - FINANCIAL INFORMATION,Item 2. Management's Discussion and Analysis of Financial Condition and Results of Operations,our revenue and arpu in regions such as united states & canada and europe are relatively higher primarily due to the size and maturity of those online and mobile advertising markets.,discussion
PART I - FINANCIAL INFORMATION,Item 2. Management's Discussion and Analysis of Financial Condition and Results of Operations,"for example, arpu in the second quarter of 2020 in the united states & canada region was more than 12 times higher than in the asia-pacific region.",discussion
PART I - FINANCIAL INFORMATION,Item 2. Management's Discussion and Analysis of Financial Condition and Results of Operations,note: our revenue by facebook user geography in the charts above is geographically apportioned based on our estimation of the geographic location of our facebook users when they perform a revenue-generating activity.,discussion
PART I - FINANCIAL INFORMATION,Item 2. Management's Discussion and Analysis of Financial Condition and Results of Operations,this allocation differs from our revenue disaggregated by geography disclosure in our condensed consolidated financial statements where revenue is geographically apportioned based on the addresses of our customers.,discussion
PART I - FINANCIAL INFORMATION,Item 2. Management's Discussion and Analysis of Financial Condition and Results of Operations,"31 table of contents during the second quarter of 2020 and 2019, worldwide arpu was $7.05.",discussion
PART I - FINANCIAL INFORMATION,Item 2. Management's Discussion and Analysis of Financial Condition and Results of Operations,"over this period, arpu increased by 10% in united states & canada and 3% in europe, and arpu decreased by 2% in asia-pacific and 16% in rest of world.",discussion
PART I - FINANCIAL INFORMATION,Item 2. Management's Discussion and Analysis of Financial Condition and Results of Operations,"in addition, user growth was more rapid in geographies with relatively lower arpu, such as asia-pacific and rest of world.",discussion
PART I - FINANCIAL INFORMATION,Item 2. Management's Discussion and Analysis of Financial Condition and Results of Operations,"we expect that user growth in the future will be primarily concentrated in those regions where arpu is relatively lower, such that worldwide arpu may continue to increase at a slower rate relative to arpu in any geographic region, or potentially decrease even if arpu increases in each geographic region.",discussion
PART I - FINANCIAL INFORMATION,Item 2. Management's Discussion and Analysis of Financial Condition and Results of Operations,"32 table of contents trends in our family metrics the numbers for our key family metrics, our dap, map, and average revenue per person (arpp), do not include users on our other products unless they would otherwise qualify as map or dap, respectively, based on their other activities on our family products.",discussion
PART I - FINANCIAL INFORMATION,Item 2. Management's Discussion and Analysis of Financial Condition and Results of Operations,"trends in the number of people in our community affect our revenue and financial results by influencing the number of ads we are able to show, the value of our ads to marketers, the volume of payments transactions, as well as our expenses and capital expenditures.",discussion
PART I - FINANCIAL INFORMATION,Item 2. Management's Discussion and Analysis of Financial Condition and Results of Operations,substantially all of our daily and monthly active people (as defined below) access our family products on mobile devices.,discussion
PART I - FINANCIAL INFORMATION,Item 2. Management's Discussion and Analysis of Financial Condition and Results of Operations,• daily active people (dap).,discussion
PART I - FINANCIAL INFORMATION,Item 2. Management's Discussion and Analysis of Financial Condition and Results of Operations,"we define a daily active person as a registered and logged-in user of facebook, instagram, messenger, and/or whatsapp (collectively, our ""family"" of products) who visited at least one of these family products through a mobile device application or using a web or mobile browser on a given day.",discussion
PART I - FINANCIAL INFORMATION,Item 2. Management's Discussion and Analysis of Financial Condition and Results of Operations,"we do not require people to use a common identifier or link their accounts to use multiple products in our family, and therefore must seek to attribute multiple user accounts within and across products to individual people.",discussion
PART I - FINANCIAL INFORMATION,Item 2. Management's Discussion and Analysis of Financial Condition and Results of Operations,"our calculations of dap rely upon complex techniques, algorithms, and machine learning models that seek to estimate the underlying number of unique people using one or more of these products, including by matching user accounts within an individual product and across multiple products when we believe they are attributable to a single person, and counting such group of accounts as one person.",discussion
PART I - FINANCIAL INFORMATION,Item 2. Management's Discussion and Analysis of Financial Condition and Results of Operations,"as these techniques and models require significant judgment, are developed based on internal reviews of limited samples of user accounts, and are calibrated against user survey data, there is necessarily some margin of error in our estimates.",discussion
PART I - FINANCIAL INFORMATION,Item 2. Management's Discussion and Analysis of Financial Condition and Results of Operations,"we view dap, and dap as a percentage of map, as measures of engagement across our products.",discussion
PART I - FINANCIAL INFORMATION,Item 2. Management's Discussion and Analysis of Financial Condition and Results of Operations,"for additional information, see the section entitled ""limitations of key metrics and other data"" in this quarterly report on form 10-q.",discussion
PART I - FINANCIAL INFORMATION,Item 2. Management's Discussion and Analysis of Financial Condition and Results of Operations,"note: we report the numbers of dap and map as specific amounts, but these numbers are estimates of the numbers of unique people using our products and are subject to statistical variances and errors.",discussion
PART I - FINANCIAL INFORMATION,Item 2. Management's Discussion and Analysis of Financial Condition and Results of Operations,"while we expect the error margin for these estimates to vary from period to period, we estimate that such margin generally will be approximately 3% of our worldwide map.",discussion
PART I - FINANCIAL INFORMATION,Item 2. Management's Discussion and Analysis of Financial Condition and Results of Operations,"at our scale, it is very difficult to attribute multiple user accounts within and across products to individual people, and it is possible that the actual numbers of unique people using our products may vary significantly from our estimates, potentially beyond our estimated error margins.",discussion
PART I - FINANCIAL INFORMATION,Item 2. Management's Discussion and Analysis of Financial Condition and Results of Operations,"for additional information, see the section entitled ""limitations of key metrics and other data"" in this quarterly report on form 10-q.",discussion
PART I - FINANCIAL INFORMATION,Item 2. Management's Discussion and Analysis of Financial Condition and Results of Operations,"in the second quarter of 2020, we updated our family metrics calculations to reflect recent data from a periodic whatsapp user survey and to incorporate certain methodology improvements, and we estimate such updates contributed an aggregate of approximately 40 million dap to our reported worldwide dap in june 2020.",discussion
PART I - FINANCIAL INFORMATION,Item 2. Management's Discussion and Analysis of Financial Condition and Results of Operations,worldwide dap increased 15% to 2.47 billion on average during june 2020 from 2.14 billion during june 2019.,discussion
PART I - FINANCIAL INFORMATION,Item 2. Management's Discussion and Analysis of Financial Condition and Results of Operations,33 table of contents • monthly active people (map).,discussion
PART I - FINANCIAL INFORMATION,Item 2. Management's Discussion and Analysis of Financial Condition and Results of Operations,we define a monthly active person as a registered and logged-in user of one or more family products who visited at least one of these family products through a mobile device application or using a web or mobile browser in the last 30 days as of the date of measurement.,discussion
PART I - FINANCIAL INFORMATION,Item 2. Management's Discussion and Analysis of Financial Condition and Results of Operations,"we do not require people to use a common identifier or link their accounts to use multiple products in our family, and therefore must seek to attribute multiple user accounts within and across products to individual people.",discussion
PART I - FINANCIAL INFORMATION,Item 2. Management's Discussion and Analysis of Financial Condition and Results of Operations,"our calculations of map rely upon complex techniques, algorithms, and machine learning models that seek to estimate the underlying number of unique people using one or more of these products, including by matching user accounts within an individual product and across multiple products when we believe they are attributable to a single person, and counting such group of accounts as one person.",discussion
PART I - FINANCIAL INFORMATION,Item 2. Management's Discussion and Analysis of Financial Condition and Results of Operations,"as these techniques and models require significant judgment, are developed based on internal reviews of limited samples of user accounts, and are calibrated against user survey data, there is necessarily some margin of error in our estimates.",discussion
PART I - FINANCIAL INFORMATION,Item 2. Management's Discussion and Analysis of Financial Condition and Results of Operations,we view map as a measure of the size of our global active community of people using our products.,discussion
PART I - FINANCIAL INFORMATION,Item 2. Management's Discussion and Analysis of Financial Condition and Results of Operations,"for additional information, see the section entitled ""limitations of key metrics and other data"" in this quarterly report on form 10-q.",discussion
PART I - FINANCIAL INFORMATION,Item 2. Management's Discussion and Analysis of Financial Condition and Results of Operations,"note: we report the numbers of dap and map as specific amounts, but these numbers are estimates of the numbers of unique people using our products and are subject to statistical variances and errors.",discussion
PART I - FINANCIAL INFORMATION,Item 2. Management's Discussion and Analysis of Financial Condition and Results of Operations,"while we expect the error margin for these estimates to vary from period to period, we estimate that such margin generally will be approximately 3% of our worldwide map.",discussion
PART I - FINANCIAL INFORMATION,Item 2. Management's Discussion and Analysis of Financial Condition and Results of Operations,"at our scale, it is very difficult to attribute multiple user accounts within and across products to individual people, and it is possible that the actual numbers of unique people using our products may vary significantly from our estimates, potentially beyond our estimated error margins.",discussion
PART I - FINANCIAL INFORMATION,Item 2. Management's Discussion and Analysis of Financial Condition and Results of Operations,"for additional information, see the section entitled ""limitations of key metrics and other data"" in this quarterly report on form 10-q.",discussion
PART I - FINANCIAL INFORMATION,Item 2. Management's Discussion and Analysis of Financial Condition and Results of Operations,"in the second quarter of 2020, we updated our family metrics calculations to reflect recent data from a periodic whatsapp user survey and to incorporate certain methodology improvements, and we estimate such updates contributed an aggregate of approximately 50 million map to our reported worldwide map in june 2020.",discussion
PART I - FINANCIAL INFORMATION,Item 2. Management's Discussion and Analysis of Financial Condition and Results of Operations,"as of june 30, 2020, we had 3.14 billion map, an increase of 14% from 2.76 billion as of june 30, 2019.",discussion
PART I - FINANCIAL INFORMATION,Item 2. Management's Discussion and Analysis of Financial Condition and Results of Operations,34 table of contents • average revenue per person (arpp).,discussion
PART I - FINANCIAL INFORMATION,Item 2. Management's Discussion and Analysis of Financial Condition and Results of Operations,"we define arpp as our total revenue during a given quarter, divided by the average of the number of map at the beginning and end of the quarter.",discussion
PART I - FINANCIAL INFORMATION,Item 2. Management's Discussion and Analysis of Financial Condition and Results of Operations,"while arpp includes all sources of revenue, the number of map used in this calculation only includes users of our family products as described in the definition of map above.",discussion
PART I - FINANCIAL INFORMATION,Item 2. Management's Discussion and Analysis of Financial Condition and Results of Operations,the share of revenue from users who are not also map was not material.,discussion
PART I - FINANCIAL INFORMATION,Item 2. Management's Discussion and Analysis of Financial Condition and Results of Operations,"during the second quarter of 2020, worldwide arpp was $6.10, a decrease of 2% from the second quarter of 2019.",discussion
PART I - FINANCIAL INFORMATION,Item 2. Management's Discussion and Analysis of Financial Condition and Results of Operations,35 table of contents components of results of operations revenue advertising.,discussion
PART I - FINANCIAL INFORMATION,Item 2. Management's Discussion and Analysis of Financial Condition and Results of Operations,we generate substantially all of our revenue from advertising.,discussion
PART I - FINANCIAL INFORMATION,Item 2. Management's Discussion and Analysis of Financial Condition and Results of Operations,"our advertising revenue is generated by displaying ad products on facebook, instagram, messenger, and third-party affiliated websites or mobile applications.",discussion
PART I - FINANCIAL INFORMATION,Item 2. Management's Discussion and Analysis of Financial Condition and Results of Operations,"marketers pay for ad products either directly or through their relationships with advertising agencies or resellers, based on the number of impressions delivered or the number of actions, such as clicks, taken by users.",discussion
PART I - FINANCIAL INFORMATION,Item 2. Management's Discussion and Analysis of Financial Condition and Results of Operations,we recognize revenue from the display of impression-based ads in the contracted period in which the impressions are delivered.,discussion
PART I - FINANCIAL INFORMATION,Item 2. Management's Discussion and Analysis of Financial Condition and Results of Operations,impressions are considered delivered when an ad is displayed to a user.,discussion
PART I - FINANCIAL INFORMATION,Item 2. Management's Discussion and Analysis of Financial Condition and Results of Operations,we recognize revenue from the delivery of action-based ads in the period in which a user takes the action the marketer contracted for.,discussion
PART I - FINANCIAL INFORMATION,Item 2. Management's Discussion and Analysis of Financial Condition and Results of Operations,the number of ads we show is subject to methodological changes as we continue to evolve our ads business and the structure of our ads products.,discussion
PART I - FINANCIAL INFORMATION,Item 2. Management's Discussion and Analysis of Financial Condition and Results of Operations,"we calculate price per ad as total ad revenue divided by the number of ads delivered, representing the effective price paid per impression by a marketer regardless of their desired objective such as impression or action.",discussion
PART I - FINANCIAL INFORMATION,Item 2. Management's Discussion and Analysis of Financial Condition and Results of Operations,"for advertising revenue arrangements where we are not the principal, we recognize revenue on a net basis.",discussion
PART I - FINANCIAL INFORMATION,Item 2. Management's Discussion and Analysis of Financial Condition and Results of Operations,other revenue.,discussion
PART I - FINANCIAL INFORMATION,Item 2. Management's Discussion and Analysis of Financial Condition and Results of Operations,"other revenue consists of revenue from the delivery of consumer hardware devices and net fees we receive from developers using our payments infrastructure, as well as revenue from various other sources.",discussion
PART I - FINANCIAL INFORMATION,Item 2. Management's Discussion and Analysis of Financial Condition and Results of Operations,cost of revenue and operating expenses cost of revenue.,discussion
PART I - FINANCIAL INFORMATION,Item 2. Management's Discussion and Analysis of Financial Condition and Results of Operations,our cost of revenue consists primarily of expenses associated with the delivery and distribution of our products.,discussion
PART I - FINANCIAL INFORMATION,Item 2. Management's Discussion and Analysis of Financial Condition and Results of Operations,"these include expenses related to the operation of our data centers and technical infrastructure, such as facility and server equipment depreciation, salaries, benefits, and share-based compensation for employees on our operations teams, and energy and bandwidth costs.",discussion
PART I - FINANCIAL INFORMATION,Item 2. Management's Discussion and Analysis of Financial Condition and Results of Operations,"cost of revenue also includes costs associated with partner arrangements, including traffic acquisition and content acquisition costs, credit card and other transaction fees related to processing customer transactions, and cost of consumer hardware devices.",discussion
PART I - FINANCIAL INFORMATION,Item 2. Management's Discussion and Analysis of Financial Condition and Results of Operations,research and development.,discussion
PART I - FINANCIAL INFORMATION,Item 2. Management's Discussion and Analysis of Financial Condition and Results of Operations,"research and development expenses consist primarily of salaries and benefits, share-based compensation, and facilities-related costs for employees on our engineering and technical teams who are responsible for building new products as well as improving existing products.",discussion
PART I - FINANCIAL INFORMATION,Item 2. Management's Discussion and Analysis of Financial Condition and Results of Operations,marketing and sales.,discussion
PART I - FINANCIAL INFORMATION,Item 2. Management's Discussion and Analysis of Financial Condition and Results of Operations,"marketing and sales expenses consist of salaries and benefits, and share-based compensation for our employees engaged in sales, sales support, marketing, business development, and customer service functions.",discussion
PART I - FINANCIAL INFORMATION,Item 2. Management's Discussion and Analysis of Financial Condition and Results of Operations,our marketing and sales expenses also include marketing and promotional expenditures and professional services such as content reviewers to support our community and product operations.,discussion
PART I - FINANCIAL INFORMATION,Item 2. Management's Discussion and Analysis of Financial Condition and Results of Operations,general and administrative.,discussion
PART I - FINANCIAL INFORMATION,Item 2. Management's Discussion and Analysis of Financial Condition and Results of Operations,"general and administrative expenses consist of legal-related costs; salaries and benefits, and share-based compensation for certain of our executives as well as our legal, finance, human resources, corporate communications and policy, and other administrative employees; and professional services.",discussion
PART I - FINANCIAL INFORMATION,Item 2. Management's Discussion and Analysis of Financial Condition and Results of Operations,"36 table of contents results of operations the following table sets forth our condensed consolidated statements of income data: three months ended june 30,   six months ended june 30,   2020   2019   2020   2019   (in millions) revenue $ 18,687     $ 16,886     $ 36,423     $ 31,963   costs and expenses:               cost of revenue 3,829     3,307     7,288     6,123   research and development 4,462     3,315     8,477     6,175   marketing and sales 2,840     2,414     5,627     4,434   general and administrative 1,593     3,224     3,175     7,288   total costs and expenses 12,724     12,260     24,567     24,020   income from operations 5,963     4,626     11,856     7,943   interest and other income, net 168     206     136     371   income before provision for income taxes 6,131     4,832     11,992     8,314   provision for income taxes 953     2,216     1,911     3,269   net income $ 5,178     $ 2,616     $ 10,081     $ 5,045 the following table sets forth our condensed consolidated statements of income data (as a percentage of revenue)(1): three months ended june 30,   six months ended june 30,   2020   2019   2020   2019 revenue 100 %   100 %   100 %   100 % costs and expenses:               cost of revenue 20     20     20     19   research and development 24     20     23     19   marketing and sales 15     14     15     14   general and administrative 9     19     9     23   total costs and expenses 68     73     67     75   income from operations 32     27     33     25   interest and other income, net 1     1      -      1   income before provision for income taxes 33     29     33     26   provision for income taxes 5     13     5     10   net income 28 %   15 %   28 %   16 % ____________________________________ (1) percentages have been rounded for presentation purposes and may differ from unrounded results.",discussion
PART I - FINANCIAL INFORMATION,Item 2. Management's Discussion and Analysis of Financial Condition and Results of Operations,"37 table of contents share-based compensation expense included in costs and expenses: three months ended june 30,   six months ended june 30,   2020   2019   2020   2019   (in millions) cost of revenue $ 117     $ 109     $ 211     $ 196   research and development 1,261     927     2,260     1,650   marketing and sales 187     160     336     273   general and administrative 130     107     223     194   total share-based compensation expense $ 1,695     $ 1,303     $ 3,030     $ 2,313 share-based compensation expense included in costs and expenses (as a percentage of revenue)(1): three months ended june 30,   six months ended june 30,   2020   2019   2020   2019 cost of revenue 1 %   1 %   1 %   1 % research and development 7     5     6     5   marketing and sales 1     1     1     1   general and administrative 1     1     1     1   total share-based compensation expense 9 %   8 %   8 %   7 % ____________________________________ (1) percentages have been rounded for presentation purposes and may differ from unrounded results.",discussion
PART I - FINANCIAL INFORMATION,Item 2. Management's Discussion and Analysis of Financial Condition and Results of Operations,"three and six months ended june 30, 2020 and 2019 revenue   three months ended june 30,       six months ended june 30,       2020   2019   % change   2020   2019   % change   (in millions, except for percentages) advertising $ 18,321     $ 16,624     10 %   $ 35,760     $ 31,536     13 % other revenue 366     262     40 %   663     427     55 % total revenue $ 18,687     $ 16,886     11 %   $ 36,423     $ 31,963     14 % revenue in the three and six months ended june 30, 2020 increased $1.80 billion, or 11%, and $4.46 billion, or 14%, respectively, compared to the same periods in 2019.",discussion
PART I - FINANCIAL INFORMATION,Item 2. Management's Discussion and Analysis of Financial Condition and Results of Operations,"the increases in both periods were mostly due to an increase in advertising revenue as a result of an increase in the number of ads delivered, partially offset by a decrease in the average price per ad.",discussion
PART I - FINANCIAL INFORMATION,Item 2. Management's Discussion and Analysis of Financial Condition and Results of Operations,"during the three and six months ended june 30, 2020, the number of ads delivered increased by 40% in both periods, as compared with approximately 33% in the same periods in 2019.",discussion
PART I - FINANCIAL INFORMATION,Item 2. Management's Discussion and Analysis of Financial Condition and Results of Operations,"the increase in the ads delivered was driven by an increase in the number and frequency of ads displayed across our products, and an increase in users and their engagement, particularly with facebook mobile news feed.",discussion
PART I - FINANCIAL INFORMATION,Item 2. Management's Discussion and Analysis of Financial Condition and Results of Operations,"during the three and six months ended june 30, 2020, the average price per ad decreased by 21% and 19%, respectively, as compared with a decrease of approximately 4% in both of the same periods in 2019.",discussion
PART I - FINANCIAL INFORMATION,Item 2. Management's Discussion and Analysis of Financial Condition and Results of Operations,the decrease in average price per ad was primarily driven by a decrease in advertising demand globally due to the covid-19 pandemic beginning in the first quarter of 2020.,discussion
PART I - FINANCIAL INFORMATION,Item 2. Management's Discussion and Analysis of Financial Condition and Results of Operations,"to a lesser extent, the decrease in average price per ad was also caused by an increasing proportion of the number of ads delivered as stories ads and in geographies that monetize at lower rates.",discussion
PART I - FINANCIAL INFORMATION,Item 2. Management's Discussion and Analysis of Financial Condition and Results of Operations,"in addition, advertisers based in the asia-pacific region benefited from an earlier recovery from covid-19 in that region, which contributed to a stronger growth rate in our advertising revenue by advertiser location in asia-pacific compared to other regions during the second quarter of 2020, as compared to the same period in 2019.",discussion
PART I - FINANCIAL INFORMATION,Item 2. Management's Discussion and Analysis of Financial Condition and Results of Operations,"in the near-term, we anticipate that future advertising revenue growth will be determined primarily by the extent to which the covid-19 pandemic and related economic 38 table of contents slowdown result in a decrease in advertising demand, as well as the extent to which changes to the regulatory environment and third-party mobile operating systems and browsers result in limitations on our ad targeting and measurement tools.",discussion
PART I - FINANCIAL INFORMATION,Item 2. Management's Discussion and Analysis of Financial Condition and Results of Operations,"foreign exchange impact on revenue the general strengthening of the u.s. dollar relative to certain foreign currencies in the three and six months ended june 30, 2020 compared to the same periods in 2019 had an unfavorable impact on revenue.",discussion
PART I - FINANCIAL INFORMATION,Item 2. Management's Discussion and Analysis of Financial Condition and Results of Operations,"if we had translated revenue for the three months ended june 30, 2020 using the prior year's monthly exchange rates for our settlement or billing currencies other than the u.s. dollar, our total revenue and advertising revenue would have been $18.98 billion and $18.62 billion, respectively.",discussion
PART I - FINANCIAL INFORMATION,Item 2. Management's Discussion and Analysis of Financial Condition and Results of Operations,"using these constant rates, total revenue and advertising revenue would have been $297 million and $295 million higher than actual total revenue and advertising revenue, respectively, for the three months ended june 30, 2020.",discussion
PART I - FINANCIAL INFORMATION,Item 2. Management's Discussion and Analysis of Financial Condition and Results of Operations,"if we had translated revenue for the six months ended june 30, 2020 using the prior year's monthly exchange rates for our settlement or billing currencies other than the u.s. dollar, total revenue and advertising revenue would have been $37.0 billion and $36.33 billion, respectively.",discussion
PART I - FINANCIAL INFORMATION,Item 2. Management's Discussion and Analysis of Financial Condition and Results of Operations,"using these constant rates, total revenue and advertising revenue would have been $573 million and $571 million higher than actual total revenue and advertising revenue, respectively, for the six months ended june 30, 2020.",discussion
PART I - FINANCIAL INFORMATION,Item 2. Management's Discussion and Analysis of Financial Condition and Results of Operations,"cost of revenue  three months ended june 30,       six months ended june 30,       2020   2019   % change   2020   2019   % change   (in millions, except for percentages) cost of revenue $ 3,829     $ 3,307     16 %   $ 7,288     $ 6,123     19 % percentage of revenue 20 %   20 %       20 %   19 % cost of revenue in the three and six months ended june 30, 2020 increased $522 million, or 16%, and $1.16 billion, or 19%, respectively, compared to the same periods in 2019.",discussion
PART I - FINANCIAL INFORMATION,Item 2. Management's Discussion and Analysis of Financial Condition and Results of Operations,"the increases in both periods were mostly due to increases in operational expenses related to our data centers and technical infrastructure, higher costs associated with partnership agreements, including traffic acquisition and content acquisition costs, and higher cost of consumer hardware devices.",discussion
PART I - FINANCIAL INFORMATION,Item 2. Management's Discussion and Analysis of Financial Condition and Results of Operations,"research and development  three months ended june 30,       six months ended june 30,       2020   2019   % change   2020   2019   % change   (in millions, except for percentages) research and development $ 4,462     $ 3,315     35 %   $ 8,477     $ 6,175     37 % percentage of revenue 24 %   20 %       23 %   19 % research and development expenses in the three and six months ended june 30, 2020 increased $1.15 billion, or 35%, and $2.30 billion, or 37%, respectively, compared to the same periods in 2019.",discussion
PART I - FINANCIAL INFORMATION,Item 2. Management's Discussion and Analysis of Financial Condition and Results of Operations,"the increases in both periods were primarily due to increases in payroll and benefits expenses as a result of a 41% growth in employee headcount from june 30, 2019 to june 30, 2020 in our engineering and other technical functions, including in particular functions supporting consumer hardware product development.",discussion
PART I - FINANCIAL INFORMATION,Item 2. Management's Discussion and Analysis of Financial Condition and Results of Operations,"marketing and sales  three months ended june 30,       six months ended june 30,       2020   2019   % change   2020   2019   % change   (in millions, except for percentages) marketing and sales $ 2,840     $ 2,414     18 %   $ 5,627     $ 4,434     27 % percentage of revenue 15 %   14 %       15 %   14 % marketing and sales expenses in the three and six months ended june 30, 2020 increased $426 million, or 18%, and $1.19 billion, or 27%, respectively, compared to the same periods in 2019.",discussion
PART I - FINANCIAL INFORMATION,Item 2. Management's Discussion and Analysis of Financial Condition and Results of Operations,"the increases were primarily driven by increases in marketing expenses and payroll and benefits expenses, which were partially offset by decreases in travel-related expenses due to the covid-19 pandemic.",discussion
PART I - FINANCIAL INFORMATION,Item 2. Management's Discussion and Analysis of Financial Condition and Results of Operations,"our payroll and benefits expenses increased as a result of a 22% increase in employee headcount from june 30, 2019 to june 30, 2020 in our marketing and sales functions.",discussion
PART I - FINANCIAL INFORMATION,Item 2. Management's Discussion and Analysis of Financial Condition and Results of Operations,"39 table of contents general and administrative  three months ended june 30,       six months ended june 30,       2020   2019   % change   2020   2019   % change   (in millions, except for percentages) legal accrual related to ftc settlement $  -      $ 2,000     nm     $  -      $ 5,000     nm   other general and administrative 1,593     1,224     30  %   3,175     2,288     39  % general and administrative $ 1,593     $ 3,224     (51 )%   $ 3,175     $ 7,288     (56 )% percentage of revenue 9 %   19 %       9 %   23 % general and administrative expenses in the three and six months ended june 30, 2020 decreased $1.63 billion, or 51%, and $4.11 billion, or 56%, respectively, compared to the same periods in 2019.",discussion
PART I - FINANCIAL INFORMATION,Item 2. Management's Discussion and Analysis of Financial Condition and Results of Operations,"the decreases were mostly due to the legal accruals related to the ftc settlement, of which $2.0 billion was recorded in the second quarter of 2019 and a total of $5.0 billion was recorded during the first six months of 2019.",discussion
PART I - FINANCIAL INFORMATION,Item 2. Management's Discussion and Analysis of Financial Condition and Results of Operations,"excluding the ftc settlement accruals, the increases in general and administrative expenses in the three and six months ended june 30, 2020 were mostly due to increases in other legal-related costs, payroll and benefits expenses as a result of a 31% increase in employee headcount from june 30, 2019 to june 30, 2020 in our general and administrative functions, and higher professional services costs.",discussion
PART I - FINANCIAL INFORMATION,Item 2. Management's Discussion and Analysis of Financial Condition and Results of Operations,"interest and other income, net  three months ended june 30,       six months ended june 30,       2020   2019   % change   2020   2019   % change   (in millions, except for percentages) interest income, net $ 162     $ 219     (26 )%   $ 390     $ 417     (6 )% other income (expense), net 6     (13 )   (146 )%   (254 )   (46 )   nm   interest and other income, net $ 168     $ 206     (18 )%   $ 136     $ 371     (63 )% interest and other income, net in the three months ended june 30, 2020 decreased $38 million, or 18% compared to the same period in 2019.",discussion
PART I - FINANCIAL INFORMATION,Item 2. Management's Discussion and Analysis of Financial Condition and Results of Operations,"the decrease was mostly due to a decrease in interest income related to lower interest rates, which was partially offset by an increase in other income from foreign exchange gains, compared to foreign exchange losses in the same period in 2019.",discussion
PART I - FINANCIAL INFORMATION,Item 2. Management's Discussion and Analysis of Financial Condition and Results of Operations,"interest and other income, net in the first six months of 2020 decreased $235 million, or 63% compared to the same period in 2019.",discussion
PART I - FINANCIAL INFORMATION,Item 2. Management's Discussion and Analysis of Financial Condition and Results of Operations,"the decrease was due to an increase in other expense from higher foreign exchange losses as a result of foreign currency transactions and re - measurement, and to a lesser extent, a decrease in interest income due to lower interest rates, compared to the same period in 2019.",discussion
PART I - FINANCIAL INFORMATION,Item 2. Management's Discussion and Analysis of Financial Condition and Results of Operations,"provision for income taxes  three months ended june 30,       six months ended june 30,       2020   2019   % change   2020   2019   % change   (in millions, except for percentages) provision for income taxes $ 953     $ 2,216     (57 )%   $ 1,911     $ 3,269     (42 )% effective tax rate 16 %   46 %       16 %   39 % our provision for income taxes in the three and six months ended june 30, 2020 decreased $1.26 billion, or 57%, and $1.36 billion, or 42%, respectively, compared to the same periods in 2019.",discussion
PART I - FINANCIAL INFORMATION,Item 2. Management's Discussion and Analysis of Financial Condition and Results of Operations,the decreases in both periods were primarily due to the additional tax expense in the second quarter of 2019 from the altera ninth circuit opinion discussed below.,discussion
PART I - FINANCIAL INFORMATION,Item 2. Management's Discussion and Analysis of Financial Condition and Results of Operations,"our effective tax rates in the three and six months ended june 30, 2020 decreased compared to the same periods in 2019, mostly due to the 2019 altera ninth circuit opinion and the 2019 legal accrual related to the ftc settlement that is not expected to be tax-deductible.",discussion
PART I - FINANCIAL INFORMATION,Item 2. Management's Discussion and Analysis of Financial Condition and Results of Operations,"40 table of contents on july 27, 2015, the united states tax court issued a decision (tax court decision) in altera corp. v.",discussion
PART I - FINANCIAL INFORMATION,Item 2. Management's Discussion and Analysis of Financial Condition and Results of Operations,"commissioner, which concluded that related parties in a cost sharing arrangement are not required to share expenses related to share-based compensation.",discussion
PART I - FINANCIAL INFORMATION,Item 2. Management's Discussion and Analysis of Financial Condition and Results of Operations,the tax court decision was appealed by the commissioner to the ninth circuit court of appeals (ninth circuit).,discussion
PART I - FINANCIAL INFORMATION,Item 2. Management's Discussion and Analysis of Financial Condition and Results of Operations,"on june 7, 2019, the ninth circuit issued an opinion (altera ninth circuit opinion) that reversed the tax court decision.",discussion
PART I - FINANCIAL INFORMATION,Item 2. Management's Discussion and Analysis of Financial Condition and Results of Operations,"based on the altera ninth circuit opinion, we recorded a cumulative income tax expense of $1.11 billion in the second quarter of 2019.",discussion
PART I - FINANCIAL INFORMATION,Item 2. Management's Discussion and Analysis of Financial Condition and Results of Operations,"on july 22, 2019, the taxpayer requested a rehearing before the full ninth circuit and the request was denied on november 12, 2019.",discussion
PART I - FINANCIAL INFORMATION,Item 2. Management's Discussion and Analysis of Financial Condition and Results of Operations,"the taxpayer requested a hearing before the supreme court of the united states and the request was denied on june 22, 2020.",discussion
PART I - FINANCIAL INFORMATION,Item 2. Management's Discussion and Analysis of Financial Condition and Results of Operations,"since we started to accrue income tax for stock-based compensation cost-sharing in the second quarter of 2019, the denial of the request by the supreme court did not have a material impact to our financial results in the second quarter of 2020.",discussion
PART I - FINANCIAL INFORMATION,Item 2. Management's Discussion and Analysis of Financial Condition and Results of Operations,effective tax rate items.,discussion
PART I - FINANCIAL INFORMATION,Item 2. Management's Discussion and Analysis of Financial Condition and Results of Operations,"our effective tax rate in the future will depend upon the proportion between the following items and income before provision for income taxes: u.s. tax benefits from foreign derived intangible income, tax effects from share-based compensation, tax effects of integrating intellectual property from acquisitions, settlement of tax contingency items, tax effects of changes in our business, and the effects of changes in tax law.",discussion
PART I - FINANCIAL INFORMATION,Item 2. Management's Discussion and Analysis of Financial Condition and Results of Operations,the accounting for share-based compensation may increase or decrease our effective tax rate based upon the difference between our share-based compensation expense and the deductions taken on our tax return which depends upon the stock price at the time of employee award vesting.,discussion
PART I - FINANCIAL INFORMATION,Item 2. Management's Discussion and Analysis of Financial Condition and Results of Operations,"if our stock price remains constant to the july 23, 2020 price, we expect our effective tax rate for the full-year 2020 will be in the mid-teens, although we may see fluctuations in our quarterly rate depending on our financial results.",discussion
PART I - FINANCIAL INFORMATION,Item 2. Management's Discussion and Analysis of Financial Condition and Results of Operations,unrecognized tax benefits.,discussion
PART I - FINANCIAL INFORMATION,Item 2. Management's Discussion and Analysis of Financial Condition and Results of Operations,"as of june 30, 2020, we had net unrecognized tax benefits of $3.45 billion which were accrued as other liabilities.",discussion
PART I - FINANCIAL INFORMATION,Item 2. Management's Discussion and Analysis of Financial Condition and Results of Operations,"these unrecognized tax benefits were predominantly accrued for uncertainties related to transfer pricing with our foreign subsidiaries, which includes licensing of intellectual property, providing services and other transactions, as well as for uncertainties with our research tax credits.",discussion
PART I - FINANCIAL INFORMATION,Item 2. Management's Discussion and Analysis of Financial Condition and Results of Operations,"the ultimate settlement of the liabilities will depend upon resolution of tax audits, litigation, or events that would otherwise change the assessment of such items.",discussion
PART I - FINANCIAL INFORMATION,Item 2. Management's Discussion and Analysis of Financial Condition and Results of Operations,"based upon the status of litigation described below and the current status of tax audits in various jurisdictions, we do not anticipate a material change to such amounts within the next 12 months.",discussion
PART I - FINANCIAL INFORMATION,Item 2. Management's Discussion and Analysis of Financial Condition and Results of Operations,"in july 2016, we received a statutory notice of deficiency (notice) from the irs related to transfer pricing with our foreign subsidiaries in conjunction with the examination of the 2010 tax year.",discussion
PART I - FINANCIAL INFORMATION,Item 2. Management's Discussion and Analysis of Financial Condition and Results of Operations,"while the notice applies only to the 2010 tax year, the irs stated that it will also apply its position for tax years subsequent to 2010.",discussion
PART I - FINANCIAL INFORMATION,Item 2. Management's Discussion and Analysis of Financial Condition and Results of Operations,we do not agree with the position of the irs and have filed a petition in the tax court challenging the notice.,discussion
PART I - FINANCIAL INFORMATION,Item 2. Management's Discussion and Analysis of Financial Condition and Results of Operations,"on january 15, 2020, the irs filed its pretrial memorandum in the case stating that it planned to assert at trial an adjustment that is higher than the adjustment stated in the notice.",discussion
PART I - FINANCIAL INFORMATION,Item 2. Management's Discussion and Analysis of Financial Condition and Results of Operations,"the first sessions of the trial began in february 2020, and additional sessions are expected to continue in 2021.",discussion
PART I - FINANCIAL INFORMATION,Item 2. Management's Discussion and Analysis of Financial Condition and Results of Operations,the irs did not provide any information about how it intends to apply the revised adjustment to future years.,discussion
PART I - FINANCIAL INFORMATION,Item 2. Management's Discussion and Analysis of Financial Condition and Results of Operations,"based on the information provided, we believe that, if the irs prevails in its updated position, this could result in an additional federal tax liability of an estimated, aggregate amount of up to approximately $9.0 billion in excess of the amounts in our originally filed u.s. return, plus interest and any penalties asserted.",discussion
PART I - FINANCIAL INFORMATION,Item 2. Management's Discussion and Analysis of Financial Condition and Results of Operations,"in march 2018, we received a second notice from the irs in conjunction with the examination of our 2011 through 2013 tax years.",discussion
PART I - FINANCIAL INFORMATION,Item 2. Management's Discussion and Analysis of Financial Condition and Results of Operations,the irs applied its position from the 2010 tax year to each of these years and also proposed new adjustments related to other transfer pricing with our foreign subsidiaries and certain tax credits that we claimed.,discussion
PART I - FINANCIAL INFORMATION,Item 2. Management's Discussion and Analysis of Financial Condition and Results of Operations,"if the irs prevails in its position for these new adjustments, this could result in an additional federal tax liability of up to approximately $680 million in excess of the amounts in our originally filed u.s. returns, plus interest and any penalties asserted.",discussion
PART I - FINANCIAL INFORMATION,Item 2. Management's Discussion and Analysis of Financial Condition and Results of Operations,we do not agree with the positions of the irs in the second notice and have filed a petition in the tax court challenging the second notice.,discussion
PART I - FINANCIAL INFORMATION,Item 2. Management's Discussion and Analysis of Financial Condition and Results of Operations,"we have previously accrued an estimated unrecognized tax benefit consistent with the guidance in asc 740, income taxes, that is lower than the potential additional federal tax liability from the positions taken by the irs in the two notices and its pretrial memorandum.",discussion
PART I - FINANCIAL INFORMATION,Item 2. Management's Discussion and Analysis of Financial Condition and Results of Operations,"in addition, if the irs prevails in its positions related to transfer pricing with our foreign subsidiaries, the additional tax that we would owe would be partially offset by a reduction in the tax that we owe under the mandatory transition tax on accumulated foreign earnings from the 2017 tax cuts and jobs act (tax act).",discussion
PART I - FINANCIAL INFORMATION,Item 2. Management's Discussion and Analysis of Financial Condition and Results of Operations,"as of june 30, 2020, we have not resolved these matters and proceedings continue in the tax court.",discussion
PART I - FINANCIAL INFORMATION,Item 2. Management's Discussion and Analysis of Financial Condition and Results of Operations,"we believe that adequate amounts have been reserved in accordance with asc 740, income taxes, for any adjustments to the provision for income taxes or other tax items that may ultimately result from these examinations.",discussion
PART I - FINANCIAL INFORMATION,Item 2. Management's Discussion and Analysis of Financial Condition and Results of Operations,"the timing of the 41 table of contents resolution, settlement, and closure of any audits is highly uncertain, and it is reasonably possible that the balance of gross unrecognized tax benefits could significantly change in the next 12 months.",discussion
PART I - FINANCIAL INFORMATION,Item 2. Management's Discussion and Analysis of Financial Condition and Results of Operations,"given the number of years remaining that are subject to examination in various jurisdictions, we are unable to estimate the full range of possible adjustments to the balance of gross unrecognized tax benefits.",discussion
PART I - FINANCIAL INFORMATION,Item 2. Management's Discussion and Analysis of Financial Condition and Results of Operations,"if the taxing authorities prevail in the assessment of additional tax due, the assessed tax, interest, and penalties, if any, could have a material adverse effect on our financial position, results of operations, and cash flows.",discussion
PART I - FINANCIAL INFORMATION,Item 2. Management's Discussion and Analysis of Financial Condition and Results of Operations,"42 table of contents liquidity and capital resources our principal sources of liquidity are our cash and cash equivalents, marketable securities, and cash generated from operations.",discussion
PART I - FINANCIAL INFORMATION,Item 2. Management's Discussion and Analysis of Financial Condition and Results of Operations,"cash and cash equivalents and marketable securities consist mostly of cash on deposit with banks, investments in money market funds, and investments in u.s. government securities, u.s. government agency securities, and corporate debt securities.",discussion
PART I - FINANCIAL INFORMATION,Item 2. Management's Discussion and Analysis of Financial Condition and Results of Operations,"cash and cash equivalents and marketable securities were $58.24 billion as of june 30, 2020, an increase of $3.39 billion from december 31, 2019.",discussion
PART I - FINANCIAL INFORMATION,Item 2. Management's Discussion and Analysis of Financial Condition and Results of Operations,"the increase was mostly due to $14.88 billion of cash generated from operations, offset by $7.02 billion for capital expenditures, including principal payments on finance leases, $2.62 billion for repurchases of our class a common stock, $1.44 billion of taxes paid related to net share settlement of employee restricted stock units (rsu) awards, and $660 million for acquisitions and other investments.",discussion
PART I - FINANCIAL INFORMATION,Item 2. Management's Discussion and Analysis of Financial Condition and Results of Operations,"cash paid for income taxes was $1.25 billion in the six months ended june 30, 2020.",discussion
PART I - FINANCIAL INFORMATION,Item 2. Management's Discussion and Analysis of Financial Condition and Results of Operations,"as of june 30, 2020, our federal net operating loss carryforward was $9.62 billion, and we anticipate that none of this amount will be utilized to offset our federal taxable income in 2020.",discussion
PART I - FINANCIAL INFORMATION,Item 2. Management's Discussion and Analysis of Financial Condition and Results of Operations,"as of june 30, 2020, we had $389 million of federal tax credit carryforward, of which none will be available to offset our federal tax liabilities in 2020.",discussion
PART I - FINANCIAL INFORMATION,Item 2. Management's Discussion and Analysis of Financial Condition and Results of Operations,"in may 2016, we entered into a $2.0 billion senior unsecured revolving credit facility, and any amounts outstanding under the facility will be due and payable on may 20, 2021.",discussion
PART I - FINANCIAL INFORMATION,Item 2. Management's Discussion and Analysis of Financial Condition and Results of Operations,"as of june 30, 2020, no amounts had been drawn down and we were in compliance with the covenants under this credit facility.",discussion
PART I - FINANCIAL INFORMATION,Item 2. Management's Discussion and Analysis of Financial Condition and Results of Operations,"our board of directors has authorized a share repurchase program of our class a common stock, which does not have an expiration date.",discussion
PART I - FINANCIAL INFORMATION,Item 2. Management's Discussion and Analysis of Financial Condition and Results of Operations,"as of december 31, 2019, $4.90 billion remained available and authorized for repurchases.",discussion
PART I - FINANCIAL INFORMATION,Item 2. Management's Discussion and Analysis of Financial Condition and Results of Operations,"in january 2020, an additional $10.0 billion of repurchases was authorized under this program.",discussion
PART I - FINANCIAL INFORMATION,Item 2. Management's Discussion and Analysis of Financial Condition and Results of Operations,"during the six months ended june 30, 2020, we repurchased and subsequently retired 13 million shares of our class a common stock for an aggregate amount of $2.62 billion.",discussion
PART I - FINANCIAL INFORMATION,Item 2. Management's Discussion and Analysis of Financial Condition and Results of Operations,"as of june 30, 2020, $12.28 billion remained available and authorized for repurchases.",discussion
PART I - FINANCIAL INFORMATION,Item 2. Management's Discussion and Analysis of Financial Condition and Results of Operations,"as of june 30, 2020, $13.57 billion of the $58.24 billion in cash and cash equivalents and marketable securities was held by our foreign subsidiaries.",discussion
PART I - FINANCIAL INFORMATION,Item 2. Management's Discussion and Analysis of Financial Condition and Results of Operations,the tax act imposed a mandatory transition tax on accumulated foreign earnings and eliminated u.s. taxes on foreign subsidiary distributions.,discussion
PART I - FINANCIAL INFORMATION,Item 2. Management's Discussion and Analysis of Financial Condition and Results of Operations,"as a result, earnings in foreign jurisdictions are available for distribution to the u.s. without incremental u.s. taxes.",discussion
PART I - FINANCIAL INFORMATION,Item 2. Management's Discussion and Analysis of Financial Condition and Results of Operations,"in july 2019, we entered into a settlement and modified consent order to resolve the inquiry of the ftc into our platform and user data practices, which was approved by the federal court and took effect in april 2020.",discussion
PART I - FINANCIAL INFORMATION,Item 2. Management's Discussion and Analysis of Financial Condition and Results of Operations,we paid the penalty of $5.0 billion in april 2020 upon the effectiveness of the modified consent order.,discussion
PART I - FINANCIAL INFORMATION,Item 2. Management's Discussion and Analysis of Financial Condition and Results of Operations,"on april 21, 2020, we entered into a definitive agreement to invest in jio platforms limited, a subsidiary of reliance industries limited.",discussion
PART I - FINANCIAL INFORMATION,Item 2. Management's Discussion and Analysis of Financial Condition and Results of Operations,"the transaction closed on july 7, 2020, and we paid approximately $5.8 billion at the then-current exchange rate.",discussion
PART I - FINANCIAL INFORMATION,Item 2. Management's Discussion and Analysis of Financial Condition and Results of Operations,"we currently anticipate that our available funds, credit facility, and cash flow from operations will be sufficient to meet our operational cash needs for the foreseeable future.",discussion
PART I - FINANCIAL INFORMATION,Item 2. Management's Discussion and Analysis of Financial Condition and Results of Operations,"cash provided by operating activities cash flow from operating activities during the six months ended june 30, 2020 consisted primarily of net income adjusted for certain non-cash items, such as $3.30 billion of depreciation and amortization and $3.03 billion of share-based compensation expense, cash collected from accounts receivable, and a cash payment of $5.0 billion for the ftc legal settlement.",discussion
PART I - FINANCIAL INFORMATION,Item 2. Management's Discussion and Analysis of Financial Condition and Results of Operations,"the decrease in cash flow from operating activities during the six months ended june 30, 2020, compared to the same period in 2019, was mostly due to the payment of $5.0 billion for the ftc legal settlement, partially offset by an increase in cash collected from accounts receivable.",discussion
PART I - FINANCIAL INFORMATION,Item 2. Management's Discussion and Analysis of Financial Condition and Results of Operations,"cash used in investing activities cash used in investing activities during the six months ended june 30, 2020 consisted mostly of $6.81 billion of net purchases of property and equipment as we continued to invest in data centers, servers, office buildings, and network infrastructure, and $814 million of net purchases, sales and maturities of marketable securities.",discussion
PART I - FINANCIAL INFORMATION,Item 2. Management's Discussion and Analysis of Financial Condition and Results of Operations,"the decrease in cash used in investing activities during the six months ended june 30, 2020, compared to the same period in 2019, was mostly due to a decrease in net purchases, sales and maturities of marketable securities.",discussion
PART I - FINANCIAL INFORMATION,Item 2. Management's Discussion and Analysis of Financial Condition and Results of Operations,43 table of contents we expect full-year 2020 capital expenditures to be approximately $16 billion.,discussion
PART I - FINANCIAL INFORMATION,Item 2. Management's Discussion and Analysis of Financial Condition and Results of Operations,"cash used in financing activities cash used in financing activities during the six months ended june 30, 2020 consisted mostly of $2.62 billion for repurchases of our class a common stock and $1.44 billion of taxes paid related to net share settlement of rsus.",discussion
PART I - FINANCIAL INFORMATION,Item 2. Management's Discussion and Analysis of Financial Condition and Results of Operations,"the increase in cash used in financing activities during the six months ended june 30, 2020, compared to the same period in 2019, was mostly due to an increase in repurchases of our class a common stock.",discussion
PART I - FINANCIAL INFORMATION,Item 2. Management's Discussion and Analysis of Financial Condition and Results of Operations,"off-balance sheet arrangements we did not have any off-balance sheet arrangements as of june 30, 2020.",discussion
PART I - FINANCIAL INFORMATION,Item 2. Management's Discussion and Analysis of Financial Condition and Results of Operations,contractual obligations our principal commitments consist mostly of obligations under operating leases and other contractual commitments.,discussion
PART I - FINANCIAL INFORMATION,Item 2. Management's Discussion and Analysis of Financial Condition and Results of Operations,"our obligations under operating leases include among others, certain of our offices, data centers, land, colocations, and equipment.",discussion
PART I - FINANCIAL INFORMATION,Item 2. Management's Discussion and Analysis of Financial Condition and Results of Operations,"our other contractual commitments are mostly related to our investments in network infrastructure, content acquisitions, consumer hardware, and data center operations.",discussion
PART I - FINANCIAL INFORMATION,Item 2. Management's Discussion and Analysis of Financial Condition and Results of Operations,"the following table summarizes our commitments to settle contractual obligations in cash as of june 30, 2020 (in millions): payment due by period    total   the remainder of 2020   2021-2022   2023-2024   thereafter operating lease obligations, including imputed interest(1) $ 18,203     $ 544     $ 2,639     $ 2,659     $ 12,361   finance lease obligations, including imputed interest(1) 953     149     201     91     512   transition tax payable 1,566      -       -      870     696   other contractual commitments 8,297     4,301     1,757     344     1,895   total contractual obligations $ 29,019     $ 4,994     $ 4,597     $ 3,964     $ 15,464 ____________________________________ (1) includes variable lease payments that were fixed subsequent to lease commencement or modification.",discussion
PART I - FINANCIAL INFORMATION,Item 2. Management's Discussion and Analysis of Financial Condition and Results of Operations,"as part of the normal course of the business, we may enter into multi-year agreements to purchase renewable energy that do not specify a fixed or minimum volume commitment or to purchase certain network components that do not specify a fixed or minimum price commitment.",discussion
PART I - FINANCIAL INFORMATION,Item 2. Management's Discussion and Analysis of Financial Condition and Results of Operations,these agreements are generally entered into in order to secure either volume or price.,discussion
PART I - FINANCIAL INFORMATION,Item 2. Management's Discussion and Analysis of Financial Condition and Results of Operations,"using projected market prices or expected volume consumption, the total estimated spend is approximately $4.56 billion.",discussion
PART I - FINANCIAL INFORMATION,Item 2. Management's Discussion and Analysis of Financial Condition and Results of Operations,the ultimate spend under these agreements may vary and will be based on prevailing market prices or actual volume purchased.,discussion
PART I - FINANCIAL INFORMATION,Item 2. Management's Discussion and Analysis of Financial Condition and Results of Operations,"in addition, our other liabilities also include $3.45 billion related to net uncertain tax positions as of june 30, 2020.",discussion
PART I - FINANCIAL INFORMATION,Item 2. Management's Discussion and Analysis of Financial Condition and Results of Operations,"due to uncertainties in the timing of the completion of tax audits, the timing of the resolution of these positions is uncertain and we are unable to make a reasonably reliable estimate of the timing of payments in individual years beyond 12 months.",discussion
PART I - FINANCIAL INFORMATION,Item 2. Management's Discussion and Analysis of Financial Condition and Results of Operations,"as a result, this amount is not included in the above contractual obligations table.",discussion
PART I - FINANCIAL INFORMATION,Item 2. Management's Discussion and Analysis of Financial Condition and Results of Operations,"contingencies we are involved in legal proceedings, claims, and regulatory, tax or government inquiries and investigations.",discussion
PART I - FINANCIAL INFORMATION,Item 2. Management's Discussion and Analysis of Financial Condition and Results of Operations,"we record a provision for a liability when we believe that it is both probable that a liability has been incurred, and that the amount can be reasonably estimated.",discussion
PART I - FINANCIAL INFORMATION,Item 2. Management's Discussion and Analysis of Financial Condition and Results of Operations,"if we determine there is a reasonable possibility that we may incur a loss and the loss or range of loss can be estimated, we disclose the possible loss in the accompanying notes to the condensed consolidated financial statements to the extent material.",discussion
PART I - FINANCIAL INFORMATION,Item 2. Management's Discussion and Analysis of Financial Condition and Results of Operations,significant judgment is required to determine both probability and the estimated amount of loss.,discussion
PART I - FINANCIAL INFORMATION,Item 2. Management's Discussion and Analysis of Financial Condition and Results of Operations,"such matters are inherently unpredictable and subject to significant uncertainties, some of which are beyond our control.",discussion
PART I - FINANCIAL INFORMATION,Item 2. Management's Discussion and Analysis of Financial Condition and Results of Operations,"should any of these estimates and assumptions change or prove to be incorrect, it could have a material impact on our results of operations, financial position, and cash flows.",discussion
PART I - FINANCIAL INFORMATION,Item 2. Management's Discussion and Analysis of Financial Condition and Results of Operations,"44 table of contents see note 10  -  commitments and contingencies and note 12  -  income taxes in the notes to the condensed consolidated financial statements included in part i, item 1, and ""legal proceedings"" contained in part ii, item 1 of this quarterly report on form 10-q for additional information regarding contingencies.",discussion
PART I - FINANCIAL INFORMATION,Item 2. Management's Discussion and Analysis of Financial Condition and Results of Operations,critical accounting policies and estimates our condensed consolidated financial statements are prepared in accordance with gaap.,discussion
PART I - FINANCIAL INFORMATION,Item 2. Management's Discussion and Analysis of Financial Condition and Results of Operations,"the preparation of these condensed consolidated financial statements requires us to make estimates and assumptions that affect the reported amounts of assets, liabilities, revenue, costs and expenses, and related disclosures.",discussion
PART I - FINANCIAL INFORMATION,Item 2. Management's Discussion and Analysis of Financial Condition and Results of Operations,"these estimates form the basis for judgments we make about the carrying values of our assets and liabilities, which are not readily apparent from other sources.",discussion
PART I - FINANCIAL INFORMATION,Item 2. Management's Discussion and Analysis of Financial Condition and Results of Operations,we base our estimates and judgments on historical experience and on various other assumptions that we believe are reasonable under the circumstances.,discussion
PART I - FINANCIAL INFORMATION,Item 2. Management's Discussion and Analysis of Financial Condition and Results of Operations,"on an ongoing basis, we evaluate our estimates and assumptions.",discussion
PART I - FINANCIAL INFORMATION,Item 2. Management's Discussion and Analysis of Financial Condition and Results of Operations,our actual results may differ from these estimates under different assumptions or conditions.,discussion
PART I - FINANCIAL INFORMATION,Item 2. Management's Discussion and Analysis of Financial Condition and Results of Operations,"an accounting policy is deemed to be critical if it requires an accounting estimate to be made based on assumptions about matters that are highly uncertain at the time the estimate is made, if different estimates reasonably could have been used, or if changes in the estimate that are reasonably possible could materially impact the financial statements.",discussion
PART I - FINANCIAL INFORMATION,Item 2. Management's Discussion and Analysis of Financial Condition and Results of Operations,"in our annual report on form 10-k for the fiscal year ended december 31, 2019, we disclosed the assumptions and estimates associated with income taxes, loss contingencies, and valuation of long-lived assets including goodwill, intangible assets and their associated estimated useful lives have the greatest potential impact on our consolidated financial statements.",discussion
PART I - FINANCIAL INFORMATION,Item 2. Management's Discussion and Analysis of Financial Condition and Results of Operations,"in addition, during the six months ended june 30, 2020, in response to the economic slowdown caused by the covid-19 pandemic, we now believe that the assumptions and estimates associated with collectibility assessment of revenue and credit losses of accounts receivable may also have a material impact to our consolidated financial statements in future periods, depending on the duration or degree of the impact of the covid-19 pandemic on the global economy.",discussion
PART I - FINANCIAL INFORMATION,Item 2. Management's Discussion and Analysis of Financial Condition and Results of Operations,"collectibility assessment of revenue under topic 606, we recognize revenue using a five-step model.",discussion
PART I - FINANCIAL INFORMATION,Item 2. Management's Discussion and Analysis of Financial Condition and Results of Operations,"in step one, for a revenue contract to exist, it must be probable that substantially all of the consideration to which we are entitled to will be collected.",discussion
PART I - FINANCIAL INFORMATION,Item 2. Management's Discussion and Analysis of Financial Condition and Results of Operations,"in performing such collectibility assessment, we consider various facts and circumstances including future expectations about our customer's ability and intention to pay.",discussion
PART I - FINANCIAL INFORMATION,Item 2. Management's Discussion and Analysis of Financial Condition and Results of Operations,"collectibility assessment uses a probable threshold which requires estimation based on several objective and subjective factors, such as probability of default, customer's intention to pay, payment history, financial strength, geography, and industry sub-vertical risks.",discussion
PART I - FINANCIAL INFORMATION,Item 2. Management's Discussion and Analysis of Financial Condition and Results of Operations,"the collectibility assessment has become increasingly uncertain during the current economic environment caused by the covid-19 pandemic, and our actual experience in the future may differ from our past experiences or current assessment.",discussion
PART I - FINANCIAL INFORMATION,Item 2. Management's Discussion and Analysis of Financial Condition and Results of Operations,"credit losses of accounts receivable on january 1, 2020, we adopted accounting standards update no.",discussion
PART I - FINANCIAL INFORMATION,Item 2. Management's Discussion and Analysis of Financial Condition and Results of Operations,"2016-13, financial instruments-credit losses (topic 326): measurement of credit losses on financial instruments, which requires the measurement and recognition of expected credit losses for financial assets held at amortized cost that an entity does not expect to collect over the asset's contractual life, considering past events, current conditions, and reasonable and supportable forecasts of future economic conditions.",discussion
PART I - FINANCIAL INFORMATION,Item 2. Management's Discussion and Analysis of Financial Condition and Results of Operations,"for accounts receivable measured at amortized cost, we use aging analysis, probability of default methods and incorporate macroeconomic variables that are most relevant to evaluating and estimating the expected credit losses.",discussion
PART I - FINANCIAL INFORMATION,Item 2. Management's Discussion and Analysis of Financial Condition and Results of Operations,"these macroeconomic variables may vary by geography, customer-type, or industry sub-vertical.",discussion
PART I - FINANCIAL INFORMATION,Item 2. Management's Discussion and Analysis of Financial Condition and Results of Operations,"the contractual life of our trade accounts receivable is generally short-term; however, we may experience increasing credit loss risks from accounts receivable in future periods depending on the duration or degree of economic slowdown caused by the covid-19 pandemic, and our actual experience in the future may differ from our past experiences or current assessment.",discussion
PART I - FINANCIAL INFORMATION,Item 2. Management's Discussion and Analysis of Financial Condition and Results of Operations,45 table of contents,discussion
