seq,description,document,href,type,size
1,10-K,form10-k20170101.htm,https://www.sec.gov/Archives/edgar/data/200406/000020040617000006/form10-k20170101.htm,10-K,3500076
2,EXHIBIT 12 STATEMENT OF COMPUTATION,ex12-statementofcomputatio.htm,https://www.sec.gov/Archives/edgar/data/200406/000020040617000006/ex12-statementofcomputatio.htm,EX-12,42474
3,EXHIBIT 21 SUBSIDIARIES,ex21-subsidiariesxform10xk.htm,https://www.sec.gov/Archives/edgar/data/200406/000020040617000006/ex21-subsidiariesxform10xk.htm,EX-21,142178
4,EXHIBIT 23 PWC CONSENT,ex23-pwcconsentxform10xkx2.htm,https://www.sec.gov/Archives/edgar/data/200406/000020040617000006/ex23-pwcconsentxform10xkx2.htm,EX-23,2418
5,EXHIBIT 31.A 302 CERT OF CEO,ex31a-302certofceoxform10x.htm,https://www.sec.gov/Archives/edgar/data/200406/000020040617000006/ex31a-302certofceoxform10x.htm,EX-31.A,10178
6,EXHIBIT 31.B CERT OF CFO,ex31b-302certofcfoxform10x.htm,https://www.sec.gov/Archives/edgar/data/200406/000020040617000006/ex31b-302certofcfoxform10x.htm,EX-31.B,10188
7,EXHIBIT 32.A CERT OF CEO,ex32a-906certofceoxform10x.htm,https://www.sec.gov/Archives/edgar/data/200406/000020040617000006/ex32a-906certofceoxform10x.htm,EX-32.A,8807
8,EXHIBIT 32.B CERT OF CFO,ex32b-906certofcfoxform10x.htm,https://www.sec.gov/Archives/edgar/data/200406/000020040617000006/ex32b-906certofcfoxform10x.htm,EX-32.B,7031
15,JNJ5YEARSHAREHOLDERGRAPH.JPG,jnj5yearshareholdergraph2016.jpg,https://www.sec.gov/Archives/edgar/data/200406/000020040617000006/jnj5yearshareholdergraph2016.jpg,GRAPHIC,60489
16,JNJ10YEARSHAREHOLDERGRAPH.JPG,jnj10yearshareholdergraph16.jpg,https://www.sec.gov/Archives/edgar/data/200406/000020040617000006/jnj10yearshareholdergraph16.jpg,GRAPHIC,69836
NA,Complete submission text file,0000200406-17-000006.txt,https://www.sec.gov/Archives/edgar/data/200406/000020040617000006/0000200406-17-000006.txt, ,19129328
9,XBRL INSTANCE DOCUMENT,jnj-20170101.xml,https://www.sec.gov/Archives/edgar/data/200406/000020040617000006/jnj-20170101.xml,EX-101.INS,5058704
10,XBRL TAXONOMY EXTENSION SCHEMA DOCUMENT,jnj-20170101.xsd,https://www.sec.gov/Archives/edgar/data/200406/000020040617000006/jnj-20170101.xsd,EX-101.SCH,98925
11,XBRL TAXONOMY EXTENSION CALCULATION LINKBASE DOCUMENT,jnj-20170101_cal.xml,https://www.sec.gov/Archives/edgar/data/200406/000020040617000006/jnj-20170101_cal.xml,EX-101.CAL,145820
12,XBRL TAXONOMY EXTENSION DEFINITION LINKBASE DOCUMENT,jnj-20170101_def.xml,https://www.sec.gov/Archives/edgar/data/200406/000020040617000006/jnj-20170101_def.xml,EX-101.DEF,553865
13,XBRL TAXONOMY EXTENSION LABEL LINKBASE DOCUMENT,jnj-20170101_lab.xml,https://www.sec.gov/Archives/edgar/data/200406/000020040617000006/jnj-20170101_lab.xml,EX-101.LAB,1367199
14,XBRL TAXONOMY EXTENSION PRESENTATION LINKBASE DOCUMENT,jnj-20170101_pre.xml,https://www.sec.gov/Archives/edgar/data/200406/000020040617000006/jnj-20170101_pre.xml,EX-101.PRE,843169
