part.name,item.name,sentence_text,section
PART I,Item 1A. RISK FACTORS,item 1a.,risk_factors
PART I,Item 1A. RISK FACTORS,risk factors the company faces a number of uncertainties and risks that are difficult to predict and many of which are outside of the company's control.,risk_factors
PART I,Item 1A. RISK FACTORS,"in addition to the other information in this report and the company's other filings with the sec, investors should consider carefully the factors set forth below.",risk_factors
PART I,Item 1A. RISK FACTORS,investors should be aware that it is not possible to predict or identify all such factors and that the following is not meant to be a complete discussion of all potential risks or uncertainties.,risk_factors
PART I,Item 1A. RISK FACTORS,"if known or unknown risks or uncertainties materialize, the company's business, results of operations or financial condition could be adversely affected, potentially in a material way.",risk_factors
PART I,Item 1A. RISK FACTORS,"4 one of the company's key products, remicade® (infliximab), is experiencing biosimilar competition, which will result in a reduction in u.s. sales of remicade®.",risk_factors
PART I,Item 1A. RISK FACTORS,"the company has experienced significant challenges to patents covering its largest product, remicade® (infliximab) (accounting for approximately 9.7% of the company's total revenues for fiscal 2016), and continues to assert certain patents related to the product.",risk_factors
PART I,Item 1A. RISK FACTORS,"in april 2016, the fda approved for sale in the united states an infliximab biosimilar to be marketed by a subsidiary of pfizer inc.",risk_factors
PART I,Item 1A. RISK FACTORS,"in october 2016, the notice of launch period under the u.s.",risk_factors
PART I,Item 1A. RISK FACTORS,biologics price competition and innovation act (the bpcia) passed and in november 2016 pfizer began shipment of an infliximab biosimilar to wholesalers in the united states.,risk_factors
PART I,Item 1A. RISK FACTORS,sales of an infliximab biosimilar in the u.s. market will result in a reduction in u.s. sales of remicade®.,risk_factors
PART I,Item 1A. RISK FACTORS,global sales in the company's pharmaceutical and medical devices segments may be negatively impacted by healthcare reforms and increasing pricing pressures.,risk_factors
PART I,Item 1A. RISK FACTORS,"sales of the company's pharmaceutical and medical device products are significantly affected by reimbursements by third-party payers such as government healthcare programs, private insurance plans and managed care organizations.",risk_factors
PART I,Item 1A. RISK FACTORS,"as part of various efforts to contain healthcare costs, these payers are putting downward pressure on prices at which products will be reimbursed.",risk_factors
PART I,Item 1A. RISK FACTORS,"in the united states, increased purchasing power of entities that negotiate on behalf of medicare, medicaid, and private sector beneficiaries, in part due to continued consolidation among health care providers, could result in further pricing pressures.",risk_factors
PART I,Item 1A. RISK FACTORS,"outside the united states, numerous major markets, including the eu and japan, have pervasive government involvement in funding healthcare and, in that regard, directly or indirectly impose price controls, limit access to, or reimbursement for, the company's products, or reduce the value of its intellectual property protection.",risk_factors
PART I,Item 1A. RISK FACTORS,"the company is subject to significant legal proceedings that can result in significant expenses, fines and reputational damage.",risk_factors
PART I,Item 1A. RISK FACTORS,"in the ordinary course of business, johnson & johnson and its subsidiaries are subject to numerous claims and lawsuits involving various issues such as patent disputes, product liability and claims that their product sales, marketing and pricing practices violate various antitrust, unfair trade practices and/or consumer protection laws.",risk_factors
PART I,Item 1A. RISK FACTORS,"the most significant of these proceedings are described in note 21, ""legal proceedings"" under notes to the consolidated financial statements included in item 8 of this report.",risk_factors
PART I,Item 1A. RISK FACTORS,"while the company believes it has substantial defenses in these matters, it is not feasible to predict the ultimate outcome of litigation.",risk_factors
PART I,Item 1A. RISK FACTORS,"the company could in the future be required to pay significant amounts as a result of settlements or judgments in these matters, potentially in excess of accruals.",risk_factors
PART I,Item 1A. RISK FACTORS,"the resolution of, or increase in accruals for, one or more of these matters in any reporting period could have a material adverse effect on the company's results of operations and cash flows for that period.",risk_factors
PART I,Item 1A. RISK FACTORS,"furthermore, as a result of cost and availability factors, effective november 1, 2005, the company ceased purchasing third-party product liability insurance.",risk_factors
PART I,Item 1A. RISK FACTORS,"product reliability, safety and effectiveness concerns can have significant negative impacts on sales and results of operations, lead to litigation and cause reputational damage.",risk_factors
PART I,Item 1A. RISK FACTORS,"concerns about product safety, whether raised internally or by regulators or consumer advocates, and whether or not based on scientific evidence, can result in safety alerts, product recalls, governmental investigations, regulatory action on the part of the fda (or its counterpart in other countries), private claims and lawsuits, payment of fines and settlements, declining sales and reputational damage.",risk_factors
PART I,Item 1A. RISK FACTORS,"these circumstances can also result in damage to brand image, brand equity and consumer trust in the company's products.",risk_factors
PART I,Item 1A. RISK FACTORS,"product recalls have in the past, and could in the future, prompt government investigations and inspections, the shutdown of manufacturing facilities, continued product shortages and related sales declines, significant remediation costs, reputational damage, possible civil penalties and criminal prosecution.",risk_factors
PART I,Item 1A. RISK FACTORS,changes in tax laws or exposures to additional tax liabilities could negatively impact the company's operating results.,risk_factors
PART I,Item 1A. RISK FACTORS,"changes in tax laws or regulations, including tax reform proposals in the u.s., belgium and switzerland, could negatively impact the company's effective tax rate and results of operations.",risk_factors
PART I,Item 1A. RISK FACTORS,"a change in statutory tax rate may result in the revaluation of the company's deferred tax assets and liabilities related to the relevant jurisdiction in the period in which the new tax law is enacted, potentially resulting in a material expense or benefit recorded to the company's consolidated statement of earnings for that period.",risk_factors
PART I,Item 1A. RISK FACTORS,"for a discussion of risks of changes in tax rates in other countries, including belgium, please see ""management's discussion and analysis of results of operations and financial condition - other information - economic and market factors"" in item 7 of this report.",risk_factors
PART I,Item 1A. RISK FACTORS,the company conducts business and files tax returns in numerous countries and currently has tax audits in progress with many tax authorities.,risk_factors
PART I,Item 1A. RISK FACTORS,"in connection with the organization for economic cooperation and development base erosion and profit shifting (beps) project, starting in 2017, companies are required to disclose more information to tax authorities on operations around the world, which may lead to greater audit scrutiny of profits earned in other countries.",risk_factors
PART I,Item 1A. RISK FACTORS,the company regularly assesses the likely outcomes of its tax audits to determine the appropriateness of its tax reserves.,risk_factors
PART I,Item 1A. RISK FACTORS,"however, any tax authority 5 could take a position on tax treatment that is contrary to the company's expectations, which could result in tax liabilities in excess of reserves.",risk_factors
PART I,Item 1A. RISK FACTORS,the company may not be able to successfully secure and defend intellectual property rights essential to the company's businesses.,risk_factors
PART I,Item 1A. RISK FACTORS,"the company owns or licenses a significant number of patents and other proprietary rights, determined by patent offices, courts and lawmakers in various countries, relating to its products and manufacturing processes.",risk_factors
PART I,Item 1A. RISK FACTORS,these rights are essential to the company's businesses and materially important to the company's results of operations.,risk_factors
PART I,Item 1A. RISK FACTORS,"public policy, both within and outside the u.s., has become increasingly unfavorable toward intellectual property rights.",risk_factors
PART I,Item 1A. RISK FACTORS,"the company cannot be certain that it will obtain adequate patent protection for new products and technologies in the u.s. and other important markets or that such protections, once granted, will last as long as originally anticipated.",risk_factors
PART I,Item 1A. RISK FACTORS,"competitors routinely challenge the validity or extent of the company's owned or licensed patents and proprietary rights through litigation, interferences, oppositions and other proceedings.",risk_factors
PART I,Item 1A. RISK FACTORS,these proceedings absorb resources and can be protracted as well as unpredictable.,risk_factors
PART I,Item 1A. RISK FACTORS,"in addition, challenges that the company's products infringe the patents of third parties could result in the need to pay past damages and future royalties and adversely affect the competitive position and sales of the products in question.",risk_factors
PART I,Item 1A. RISK FACTORS,the company has faced increasing patent challenges from third parties seeking to manufacture and market generic and biosimilar versions of the company's key pharmaceutical products prior to expiration of the applicable patents covering those products.,risk_factors
PART I,Item 1A. RISK FACTORS,"in the united states, manufacturers of generic versions of innovative human pharmaceutical products may challenge the validity, or claim non-infringement, of innovator products through the abbreviated new drug application, or anda, process with the fda.",risk_factors
PART I,Item 1A. RISK FACTORS,"the bpcia, enacted in 2010, which created a new regulatory pathway for the approval by the fda of biosimilar alternatives to innovator-developed biological products, also created mechanisms for biosimilar applicants to challenge the patents on the innovator biologics.",risk_factors
PART I,Item 1A. RISK FACTORS,"the inter partes review (ipr) process with the uspto, created under the 2011 america invents act, is also being used by competitors to challenge patents held by the company's subsidiaries.",risk_factors
PART I,Item 1A. RISK FACTORS,"for example, a key patent for zytiga® is currently subject to patent litigation and several ipr proceedings brought by generic companies seeking to invalidate the patent.",risk_factors
PART I,Item 1A. RISK FACTORS,"in the event the company is not successful in defending its patents against such challenges, or upon the ""at-risk"" launch (despite pending patent infringement litigation) by the generic or biosimilar firm of its product, the company can lose a major portion of revenues for the referenced product in a very short period of time.",risk_factors
PART I,Item 1A. RISK FACTORS,"current legal proceedings involving the company's patents and other intellectual property rights are described in note 21, ""legal proceedings - intellectual property"" of the notes to the consolidated financial statements included in item 8 of this report.",risk_factors
PART I,Item 1A. RISK FACTORS,the company's businesses operate in highly competitive product markets and competitive pressures could adversely affect the company's earnings.,risk_factors
PART I,Item 1A. RISK FACTORS,the company faces substantial competition in all three operating segments and in all geographic markets.,risk_factors
PART I,Item 1A. RISK FACTORS,"the company's businesses compete with companies of all sizes on the basis of cost-effectiveness, technological innovations, intellectual property rights, product performance, real or perceived product advantages, pricing and availability and rate of reimbursement.",risk_factors
PART I,Item 1A. RISK FACTORS,"the company also competes with other market participants in securing rights to acquisitions, collaborations and licensing agreements with third parties.",risk_factors
PART I,Item 1A. RISK FACTORS,competition for rights to product candidates and technologies may result in significant investment and acquisition costs and onerous agreement terms for the company.,risk_factors
PART I,Item 1A. RISK FACTORS,"competitors' development of more effective or less costly products, and/or their ability to secure patent and other intellectual property rights and successfully market products ahead of us, could negatively impact sales of the company's existing products as well as its ability to bring new products to market despite significant prior investment in the related product development.",risk_factors
PART I,Item 1A. RISK FACTORS,"for the company's pharmaceutical businesses, loss of patent exclusivity for a product often is followed by a substantial reduction in sales as competitors gain regulatory approval for generic and other competing products and enter the market.",risk_factors
PART I,Item 1A. RISK FACTORS,similar competition can be triggered by the loss of exclusivity for a biological product.,risk_factors
PART I,Item 1A. RISK FACTORS,"for the company's medical device businesses, technological innovation, product quality, reputation and customer service are especially important to competitiveness.",risk_factors
PART I,Item 1A. RISK FACTORS,"development by other companies of new or improved products, processes and technologies could threaten to make the company's products or technologies less desirable, less economical or obsolete.",risk_factors
PART I,Item 1A. RISK FACTORS,the company's consumer businesses face intense competition from other branded products and retailers' private-label brands.,risk_factors
PART I,Item 1A. RISK FACTORS,"if the company fails to sufficiently differentiate and market its brand name consumer products, this could adversely affect revenues and profitability of those products.",risk_factors
PART I,Item 1A. RISK FACTORS,"6 significant challenges or delays in the company's innovation and development of new products, technologies and indications could have an adverse impact on the company's long-term success.",risk_factors
PART I,Item 1A. RISK FACTORS,"the company's continued growth and success depends on its ability to innovate and develop new and differentiated products and services that address the evolving health care needs of patients, providers and consumers.",risk_factors
PART I,Item 1A. RISK FACTORS,development of successful products and technologies is also necessary to offset revenue losses when the company's existing products lose market share due to various factors such as competition and loss of patent exclusivity.,risk_factors
PART I,Item 1A. RISK FACTORS,new products introduced within the past five years accounted for approximately 22% of 2016 sales.,risk_factors
PART I,Item 1A. RISK FACTORS,"the company cannot be certain when or whether it will be able to develop, license or otherwise acquire companies, products and technologies, whether particular product candidates will be granted regulatory approval, and, if approved, whether the products will be commercially successful.",risk_factors
PART I,Item 1A. RISK FACTORS,"the company pursues product development through internal research and development as well as through collaborations, acquisitions, joint ventures and licensing or other arrangements with third parties.",risk_factors
PART I,Item 1A. RISK FACTORS,"in all of these contexts, developing new products, particularly pharmaceutical and biotechnology products and medical devices, requires significant investment of resources over many years.",risk_factors
PART I,Item 1A. RISK FACTORS,only a very few biopharmaceutical research and development programs result in commercially viable products.,risk_factors
PART I,Item 1A. RISK FACTORS,"the process depends on many factors including the ability to discern patients' and health care providers' future needs; develop promising new compounds, strategies and technologies; achieve successful clinical trial results; secure effective intellectual property protection; obtain regulatory approvals on a timely basis; and, if and when they reach the market, successfully differentiate the company's products from competing products and approaches to treatment.",risk_factors
PART I,Item 1A. RISK FACTORS,"new products or enhancements to existing products may not be accepted quickly or significantly in the marketplace due to product and price competition, changes in customer preferences or healthcare purchasing patterns, resistance by healthcare providers or uncertainty over third-party reimbursement.",risk_factors
PART I,Item 1A. RISK FACTORS,"even following initial regulatory approval, the success of a product can be adversely impacted by safety and efficacy findings in larger real world patient populations, as well as market entry of competitive products.",risk_factors
PART I,Item 1A. RISK FACTORS,"the company faces increasing regulatory scrutiny which imposes significant compliance costs and exposes the company to government investigations, legal actions and penalties.",risk_factors
PART I,Item 1A. RISK FACTORS,"like other companies in the healthcare industry, the company is subject to extensive regulation, investigations and legal action, by national, state and local government agencies in the united states and other countries in which they operate.",risk_factors
PART I,Item 1A. RISK FACTORS,"regulatory issues regarding compliance with good manufacturing practices (cgmp) (and comparable quality regulations in foreign countries) by manufacturers of drugs, devices and consumer products can lead to fines and penalties, product recalls, product shortages, interruptions in production, delays in new product approvals and litigation.",risk_factors
PART I,Item 1A. RISK FACTORS,"in addition, the marketing, pricing and sale of the company's products are subject to regulation, investigations and legal actions including under the federal food, drug, and cosmetic act, the medicaid rebate program, federal and state false claims acts, state unfair trade practices acts and consumer protection laws.",risk_factors
PART I,Item 1A. RISK FACTORS,"increased scrutiny of health care industry business practices in recent years by government agencies and state attorneys general in the u.s., and any resulting investigations and prosecutions, carry risk of significant civil and criminal penalties including, but not limited to, debarment from participation in government healthcare programs.",risk_factors
PART I,Item 1A. RISK FACTORS,any such debarment could have a material adverse effect on the company's business and results of operations.,risk_factors
PART I,Item 1A. RISK FACTORS,"the most significant current investigations and litigation brought by government agencies are described in note 21, ""legal proceedings-government proceedings"" under notes to the consolidated financial statements included in item 8 of this report.",risk_factors
PART I,Item 1A. RISK FACTORS,the company faces a variety of risks associated with conducting business internationally.,risk_factors
PART I,Item 1A. RISK FACTORS,"the company's extensive operations and business activity outside the u.s. are accompanied by certain financial, economic and political risks, including those listed below.",risk_factors
PART I,Item 1A. RISK FACTORS,"foreign currency exchange: in fiscal 2016, approximately 47% of the company's sales occurred outside of the u.s., with approximately 22% in europe, 8% in the western hemisphere, excluding the u.s., and 17% in the asia-pacific and africa region.",risk_factors
PART I,Item 1A. RISK FACTORS,changes in non-u.s. currencies relative to the u.s. dollar impact the company's revenues and expenses.,risk_factors
PART I,Item 1A. RISK FACTORS,"while the company uses financial instruments to mitigate the impact of fluctuations in currency exchange rates on its cash flows, unhedged exposures continue to be subject to currency fluctuations.",risk_factors
PART I,Item 1A. RISK FACTORS,"in addition, the weakening or strengthening of the u.s. dollar may result in significant favorable or unfavorable translation effects when the operating results of the company's non-u.s. business activity are translated into u.s. dollars.",risk_factors
PART I,Item 1A. RISK FACTORS,inflation and currency devaluation risks: the company faces challenges in maintaining profitability of operations in economies experiencing high inflation rates.,risk_factors
PART I,Item 1A. RISK FACTORS,"the company has accounted for operations in venezuela as highly inflationary, as the prior three-year cumulative inflation rate surpassed 100%.",risk_factors
PART I,Item 1A. RISK FACTORS,"while the company strives to maintain profit margins in these areas through cost reduction programs, productivity improvements and periodic price increases, it might experience operating losses as a result of continued inflation.",risk_factors
PART I,Item 1A. RISK FACTORS,"in addition, the impact of currency devaluations in countries experiencing high inflation rates or significant currency exchange fluctuations could negatively impact the company's operating results.",risk_factors
PART I,Item 1A. RISK FACTORS,7 illegal importation of pharmaceutical products: the illegal importation of pharmaceutical products from countries where government price controls or other market dynamics result in lower prices may adversely affect the company's sales and profitability in the u.s. and other countries in which the company operates.,risk_factors
PART I,Item 1A. RISK FACTORS,"with the exception of limited quantities of prescription drugs for personal use, foreign imports of pharmaceutical products are illegal under current u.s. law.",risk_factors
PART I,Item 1A. RISK FACTORS,"however, the volume of illegal imports continues to rise as the ability of patients and other customers to obtain the lower-priced imports has grown significantly.",risk_factors
PART I,Item 1A. RISK FACTORS,anti-bribery and other regulations: the company is subject to various federal and foreign laws that govern its international business practices with respect to payments to government officials.,risk_factors
PART I,Item 1A. RISK FACTORS,those laws include the u.s.,risk_factors
PART I,Item 1A. RISK FACTORS,"foreign corrupt practices act (fcpa), which prohibits u.s. publicly traded companies, from promising, offering, or giving anything of value to foreign officials with the corrupt intent of influencing the foreign official for the purpose of helping the company obtain or retain business or gain any improper advantage.",risk_factors
PART I,Item 1A. RISK FACTORS,the company's business is heavily regulated and therefore involves significant interaction with foreign officials.,risk_factors
PART I,Item 1A. RISK FACTORS,"also, in many countries outside the u.s., the health care providers who prescribe human pharmaceuticals are employed by the government and the purchasers of human pharmaceuticals are government entities; therefore, the company's interactions with these prescribers and purchasers are subject to regulation under the fcpa.",risk_factors
PART I,Item 1A. RISK FACTORS,"in addition to the u.s. application and enforcement of the fcpa, various jurisdictions in which the company operates have laws and regulations, including the u.k bribery act 2010, aimed at preventing and penalizing corrupt and anticompetitive behavior.",risk_factors
PART I,Item 1A. RISK FACTORS,"enforcement activities under these laws could subject the company to additional administrative and legal proceedings and actions, which could include claims for civil penalties, criminal sanctions, and administrative remedies, including exclusion from health care programs.",risk_factors
PART I,Item 1A. RISK FACTORS,"other legal, social and political risks.",risk_factors
PART I,Item 1A. RISK FACTORS,"other risks inherent in conducting business globally include: • protective economic policies taken by governments such as trade protection measures and import/export licensing requirements; • compliance with local regulations and laws including, in some countries, regulatory requirements restricting the company's ability to manufacture or sell its products in the relevant market; • diminished protection of intellectual property and contractual rights in certain jurisdictions; • potential nationalization or expropriation of the company's foreign assets; and • disruptions to markets due to war, armed conflict, terrorism, social upheavals or pandemics.",risk_factors
PART I,Item 1A. RISK FACTORS,"interruptions and delays in manufacturing operations could adversely affect the company's business, sales and reputation.",risk_factors
PART I,Item 1A. RISK FACTORS,"the company's manufacture of products requires the timely delivery of sufficient amounts of complex, high-quality components and materials.",risk_factors
PART I,Item 1A. RISK FACTORS,these subsidiaries operate 119 manufacturing facilities as well as sourcing from hundreds of suppliers around the world.,risk_factors
PART I,Item 1A. RISK FACTORS,"the company has in the past, and may in the future, face unanticipated interruptions and delays in manufacturing through its internal or external supply chain.",risk_factors
PART I,Item 1A. RISK FACTORS,"manufacturing disruptions can occur for many reasons including regulatory action, production quality deviations or safety issues, labor disputes, site-specific incidents (such as fires), natural disasters, raw material shortages, political unrest and terrorist attacks.",risk_factors
PART I,Item 1A. RISK FACTORS,"such delays and difficulties in manufacturing can result in product shortages, declines in sales and reputational impact as well as significant remediation and related costs associated with addressing the shortage.",risk_factors
PART I,Item 1A. RISK FACTORS,"an information security incident, including a cybersecurity breach, could have a negative impact to the company's business or reputation to meet business objectives, the company relies on both internal information technology (it) systems and networks, and those of third parties and their vendors, to process and store sensitive data, including confidential research, business plans, financial information, intellectual property, and personal data.",risk_factors
PART I,Item 1A. RISK FACTORS,"the extensive information security and cybersecurity threats, which affect companies globally, pose a risk to the security and availability of these it systems and networks, and the confidentiality, integrity, and availability of the company's sensitive data.",risk_factors
PART I,Item 1A. RISK FACTORS,"the company continually assesses these threats and makes investments to increase internal protection, detection, and response capabilities, as well as ensure the company's third party providers have required capabilities and controls, to address this risk.",risk_factors
PART I,Item 1A. RISK FACTORS,"to date, the company has not experienced any material impact to our business or operations resulting from information or cybersecurity attacks; however, because of the frequently changing attack techniques, along with the increased volume and sophistication of the attacks, there is the potential for the company to be adversely impacted.",risk_factors
PART I,Item 1A. RISK FACTORS,"this impact could result in reputational, competitive, operational or other business harm as well as financial costs and regulatory action.",risk_factors
PART I,Item 1A. RISK FACTORS,8,risk_factors
