seq,description,document,href,type,size
1,1Q 10-Q 2016,a1q10q4-03x16.htm,https://www.sec.gov/Archives/edgar/data/200406/000020040616000084/a1q10q4-03x16.htm,10-Q,1203747
2,EXHIBIT 31.1 CEO CERTIFICATION,a201610-q1qexhibit311ceoce.htm,https://www.sec.gov/Archives/edgar/data/200406/000020040616000084/a201610-q1qexhibit311ceoce.htm,EX-31.1,9407
3,EXHIBIT 31.1 CFO CERTIFICATION,a201610-q1qexhibit311cfoce.htm,https://www.sec.gov/Archives/edgar/data/200406/000020040616000084/a201610-q1qexhibit311cfoce.htm,EX-31.1,9811
4,EXHIBIT 32.1 CEO 906 CERTIFICATION,a201610-q1qexhibit321ceoce.htm,https://www.sec.gov/Archives/edgar/data/200406/000020040616000084/a201610-q1qexhibit321ceoce.htm,EX-32.1,11503
5,EXHIBIT 32.1 CFO 906 CERTIFICATION,a201610-q1qexhibit321cfoce.htm,https://www.sec.gov/Archives/edgar/data/200406/000020040616000084/a201610-q1qexhibit321cfoce.htm,EX-32.1,11948
12,,jnjlogoa03a01a01a01a01a03.jpg,https://www.sec.gov/Archives/edgar/data/200406/000020040616000084/jnjlogoa03a01a01a01a01a03.jpg,GRAPHIC,4649
NA,Complete submission text file,0000200406-16-000084.txt,https://www.sec.gov/Archives/edgar/data/200406/000020040616000084/0000200406-16-000084.txt, ,7218706
6,XBRL INSTANCE DOCUMENT,jnj-20160403.xml,https://www.sec.gov/Archives/edgar/data/200406/000020040616000084/jnj-20160403.xml,EX-101.INS,1721291
7,XBRL TAXONOMY EXTENSION SCHEMA DOCUMENT,jnj-20160403.xsd,https://www.sec.gov/Archives/edgar/data/200406/000020040616000084/jnj-20160403.xsd,EX-101.SCH,46179
8,XBRL TAXONOMY EXTENSION CALCULATION LINKBASE DOCUMENT,jnj-20160403_cal.xml,https://www.sec.gov/Archives/edgar/data/200406/000020040616000084/jnj-20160403_cal.xml,EX-101.CAL,85698
9,XBRL TAXONOMY EXTENSION DEFINITION LINKBASE DOCUMENT,jnj-20160403_def.xml,https://www.sec.gov/Archives/edgar/data/200406/000020040616000084/jnj-20160403_def.xml,EX-101.DEF,243870
10,XBRL TAXONOMY EXTENSION LABEL LINKBASE DOCUMENT,jnj-20160403_lab.xml,https://www.sec.gov/Archives/edgar/data/200406/000020040616000084/jnj-20160403_lab.xml,EX-101.LAB,682172
11,XBRL TAXONOMY EXTENSION PRESENTATION LINKBASE DOCUMENT,jnj-20160403_pre.xml,https://www.sec.gov/Archives/edgar/data/200406/000020040616000084/jnj-20160403_pre.xml,EX-101.PRE,391459
