part.name,item.name,sentence_text,section
Part I  -  FINANCIAL INFORMATION,Item 2 - MANAGEMENT'S DISCUSSION AND ANALYSIS OF FINANCIAL CONDITION AND RESULTS OF OPERATIONS,"item 2  -  management's discussion and analysis of financial condition and results of operations results of operations analysis of consolidated sales for the fiscal first quarter of 2016, worldwide sales were $17.5 billion, a total increase of 0.6%, including operational growth of 3.9% as compared to 2015 fiscal first quarter sales of $17.4 billion.",discussion
Part I  -  FINANCIAL INFORMATION,Item 2 - MANAGEMENT'S DISCUSSION AND ANALYSIS OF FINANCIAL CONDITION AND RESULTS OF OPERATIONS,currency fluctuations had a negative impact of 3.3% for the fiscal first quarter of 2016.,discussion
Part I  -  FINANCIAL INFORMATION,Item 2 - MANAGEMENT'S DISCUSSION AND ANALYSIS OF FINANCIAL CONDITION AND RESULTS OF OPERATIONS,"in the fiscal first quarter of 2016, the impact of acquisitions, divestitures and competitive products to the company's hepatitis c products, olysio®/sovriad® (simeprevir) and incivo® (telaprevir) on the worldwide operational sales growth was negative 3.0%.",discussion
Part I  -  FINANCIAL INFORMATION,Item 2 - MANAGEMENT'S DISCUSSION AND ANALYSIS OF FINANCIAL CONDITION AND RESULTS OF OPERATIONS,operations in venezuela negatively impacted the worldwide operational sales growth by 0.6%.,discussion
Part I  -  FINANCIAL INFORMATION,Item 2 - MANAGEMENT'S DISCUSSION AND ANALYSIS OF FINANCIAL CONDITION AND RESULTS OF OPERATIONS,"sales by u.s. companies were $9.3 billion in the fiscal first quarter of 2016, which represented an increase of 7.2% as compared to the prior year.",discussion
Part I  -  FINANCIAL INFORMATION,Item 2 - MANAGEMENT'S DISCUSSION AND ANALYSIS OF FINANCIAL CONDITION AND RESULTS OF OPERATIONS,"in the fiscal first quarter of 2016, the impact of acquisitions, divestitures and competitive products to the company's hepatitis c products, olysio®/sovriad® (simeprevir) and incivo® (telaprevir) on the u.s. operational sales growth was negative 2.6%.",discussion
Part I  -  FINANCIAL INFORMATION,Item 2 - MANAGEMENT'S DISCUSSION AND ANALYSIS OF FINANCIAL CONDITION AND RESULTS OF OPERATIONS,"sales by international companies were $8.2 billion, a decline of 6.0%, including operational growth of 0.6%, offset by a negative currency impact of 6.6% as compared to the fiscal first quarter sales of 2015.",discussion
Part I  -  FINANCIAL INFORMATION,Item 2 - MANAGEMENT'S DISCUSSION AND ANALYSIS OF FINANCIAL CONDITION AND RESULTS OF OPERATIONS,"in the fiscal first quarter of 2016, the impact of acquisitions, divestitures and competitive products to the company's hepatitis c products, olysio®/sovriad® (simeprevir) and incivo® (telaprevir) on the international operational sales growth was negative 3.2%.",discussion
Part I  -  FINANCIAL INFORMATION,Item 2 - MANAGEMENT'S DISCUSSION AND ANALYSIS OF FINANCIAL CONDITION AND RESULTS OF OPERATIONS,operations in venezuela negatively impacted the international operational sales growth by 1.2%.,discussion
Part I  -  FINANCIAL INFORMATION,Item 2 - MANAGEMENT'S DISCUSSION AND ANALYSIS OF FINANCIAL CONDITION AND RESULTS OF OPERATIONS,"30 table of contents sales by companies in europe experienced a decline of 4.8%, which included an operational decline of 0.8% and a negative currency impact of 4.0%.",discussion
Part I  -  FINANCIAL INFORMATION,Item 2 - MANAGEMENT'S DISCUSSION AND ANALYSIS OF FINANCIAL CONDITION AND RESULTS OF OPERATIONS,"sales by companies in the western hemisphere, excluding the u.s., experienced a decline of 18.8%, which included an operational decline of 0.6%, and a negative currency impact of 18.2%.",discussion
Part I  -  FINANCIAL INFORMATION,Item 2 - MANAGEMENT'S DISCUSSION AND ANALYSIS OF FINANCIAL CONDITION AND RESULTS OF OPERATIONS,"sales by companies in the asia-pacific, africa region experienced a decline of 0.7%, including operational growth of 3.0% offset by a negative currency impact of 3.7%.",discussion
Part I  -  FINANCIAL INFORMATION,Item 2 - MANAGEMENT'S DISCUSSION AND ANALYSIS OF FINANCIAL CONDITION AND RESULTS OF OPERATIONS,"analysis of sales by business segments consumer consumer segment sales in the fiscal first quarter of 2016 were $3.2 billion, a decrease of 5.8% as compared to the same period a year ago, including an operational decline of 0.2% and a negative currency impact of 5.6%.",discussion
Part I  -  FINANCIAL INFORMATION,Item 2 - MANAGEMENT'S DISCUSSION AND ANALYSIS OF FINANCIAL CONDITION AND RESULTS OF OPERATIONS,u.s.,discussion
Part I  -  FINANCIAL INFORMATION,Item 2 - MANAGEMENT'S DISCUSSION AND ANALYSIS OF FINANCIAL CONDITION AND RESULTS OF OPERATIONS,consumer segment sales decreased by 0.1%.,discussion
Part I  -  FINANCIAL INFORMATION,Item 2 - MANAGEMENT'S DISCUSSION AND ANALYSIS OF FINANCIAL CONDITION AND RESULTS OF OPERATIONS,"international consumer segment sales decreased by 9.6%, including an operational decline of 0.3% and a negative currency impact of 9.3%.",discussion
Part I  -  FINANCIAL INFORMATION,Item 2 - MANAGEMENT'S DISCUSSION AND ANALYSIS OF FINANCIAL CONDITION AND RESULTS OF OPERATIONS,"in the fiscal first quarter of 2016, the impact of acquisitions and divestitures on the consumer segment operational sales growth was negative 2.1%.",discussion
Part I  -  FINANCIAL INFORMATION,Item 2 - MANAGEMENT'S DISCUSSION AND ANALYSIS OF FINANCIAL CONDITION AND RESULTS OF OPERATIONS,operations in venezuela negatively impacted the consumer segment operational sales growth by 2.0%.,discussion
Part I  -  FINANCIAL INFORMATION,Item 2 - MANAGEMENT'S DISCUSSION AND ANALYSIS OF FINANCIAL CONDITION AND RESULTS OF OPERATIONS,"major consumer franchise sales  -  fiscal first quarters ended(dollars in millions)   april 3, 2016   march 29, 2015   total change   operations change   currency change otc   $ 1,019     $ 993     2.6  %   7.3  %   (4.7 )% skin care   862     903     (4.5 )   (0.7 )   (3.8 ) baby care   451     511     (11.7 )   (3.0 )   (8.7 ) oral care   385     403     (4.5 )   1.1     (5.6 ) women's health   251     287     (12.5 )   (0.9 )   (11.6 ) wound care/other   227     293     (22.5 )   (19.7 )   (2.8 ) total consumer sales   $ 3,195     $ 3,390     (5.8 )%   (0.2 )%   (5.6 )% the otc franchise achieved operational growth of 7.3% as compared to the prior year fiscal first quarter.",discussion
Part I  -  FINANCIAL INFORMATION,Item 2 - MANAGEMENT'S DISCUSSION AND ANALYSIS OF FINANCIAL CONDITION AND RESULTS OF OPERATIONS,"the growth was primarily driven by analgesics, zyrtec®, digestive health products and anti-smoking aids.",discussion
Part I  -  FINANCIAL INFORMATION,Item 2 - MANAGEMENT'S DISCUSSION AND ANALYSIS OF FINANCIAL CONDITION AND RESULTS OF OPERATIONS,the skin care franchise experienced an operational decline of 0.7% as compared to the prior year fiscal first quarter.,discussion
Part I  -  FINANCIAL INFORMATION,Item 2 - MANAGEMENT'S DISCUSSION AND ANALYSIS OF FINANCIAL CONDITION AND RESULTS OF OPERATIONS,"sales were negatively impacted by the timing of shipments in the u.s. and lower sales in china, partially offset by sales of new products.",discussion
Part I  -  FINANCIAL INFORMATION,Item 2 - MANAGEMENT'S DISCUSSION AND ANALYSIS OF FINANCIAL CONDITION AND RESULTS OF OPERATIONS,"the baby care franchise experienced an operational decline of 3.0% as compared to the prior year due to operations in venezuela, lower sales in china and competitive pressure.",discussion
Part I  -  FINANCIAL INFORMATION,Item 2 - MANAGEMENT'S DISCUSSION AND ANALYSIS OF FINANCIAL CONDITION AND RESULTS OF OPERATIONS,the oral care franchise achieved operational growth of 1.1% as compared to the prior year.,discussion
Part I  -  FINANCIAL INFORMATION,Item 2 - MANAGEMENT'S DISCUSSION AND ANALYSIS OF FINANCIAL CONDITION AND RESULTS OF OPERATIONS,growth was driven by increased sales of listerine® as a result of new product launches and successful marketing campaigns partially offset by operations in venezuela.,discussion
Part I  -  FINANCIAL INFORMATION,Item 2 - MANAGEMENT'S DISCUSSION AND ANALYSIS OF FINANCIAL CONDITION AND RESULTS OF OPERATIONS,the women's health franchise experienced an operational decline of 0.9% as compared to the prior year.,discussion
Part I  -  FINANCIAL INFORMATION,Item 2 - MANAGEMENT'S DISCUSSION AND ANALYSIS OF FINANCIAL CONDITION AND RESULTS OF OPERATIONS,strong sales of new products and sales momentum was offset by operations in venezuela.,discussion
Part I  -  FINANCIAL INFORMATION,Item 2 - MANAGEMENT'S DISCUSSION AND ANALYSIS OF FINANCIAL CONDITION AND RESULTS OF OPERATIONS,the wound care/other franchise experienced an operational decline of 19.7% as compared to the prior year primarily due to the splenda®  divestiture.,discussion
Part I  -  FINANCIAL INFORMATION,Item 2 - MANAGEMENT'S DISCUSSION AND ANALYSIS OF FINANCIAL CONDITION AND RESULTS OF OPERATIONS,"pharmaceutical pharmaceutical segment sales in the fiscal first quarter of 2016 were $8.2 billion, an increase of 5.9% as compared to the same period a year ago, with an operational increase of 8.5% and a negative currency impact of 2.6%.",discussion
Part I  -  FINANCIAL INFORMATION,Item 2 - MANAGEMENT'S DISCUSSION AND ANALYSIS OF FINANCIAL CONDITION AND RESULTS OF OPERATIONS,u.s.,discussion
Part I  -  FINANCIAL INFORMATION,Item 2 - MANAGEMENT'S DISCUSSION AND ANALYSIS OF FINANCIAL CONDITION AND RESULTS OF OPERATIONS,pharmaceutical sales increased 12.9% as compared to the same period a year ago.,discussion
Part I  -  FINANCIAL INFORMATION,Item 2 - MANAGEMENT'S DISCUSSION AND ANALYSIS OF FINANCIAL CONDITION AND RESULTS OF OPERATIONS,"international pharmaceutical sales decreased by 3.4%, including operational growth of 2.6% offset by a negative currency impact of 6.0%.",discussion
Part I  -  FINANCIAL INFORMATION,Item 2 - MANAGEMENT'S DISCUSSION AND ANALYSIS OF FINANCIAL CONDITION AND RESULTS OF OPERATIONS,"acquisitions, divestitures and competitive products 31 table of contents to the company's hepatitis c products, olysio®/sovriad® (simeprevir) and incivo® (telaprevir), had a negative impact of 3.8% on the operational growth of the pharmaceutical segment in the fiscal first quarter of 2016.",discussion
Part I  -  FINANCIAL INFORMATION,Item 2 - MANAGEMENT'S DISCUSSION AND ANALYSIS OF FINANCIAL CONDITION AND RESULTS OF OPERATIONS,both fiscal first quarters included a positive adjustment of $0.2 billion to previous reserve estimates and therefore overall growth was not impacted.,discussion
Part I  -  FINANCIAL INFORMATION,Item 2 - MANAGEMENT'S DISCUSSION AND ANALYSIS OF FINANCIAL CONDITION AND RESULTS OF OPERATIONS,"major pharmaceutical therapeutic area sales  -  fiscal first quarters ended (dollars in millions)   april 3, 2016   march 29, 2015   total change   operations change   currency change total immunology   $ 2,910     $ 2,463     18.1  %   20.5 %   (2.4 )%      remicade®   1,779     1,600     11.2     13.4     (2.2 )      simponi®/ simponi aria®   390     300     30.0     33.7     (3.7 )      stelara®   735     549     33.9     36.0     (2.1 )      other immunology   6     14     (57.1 )   (48.4 )   (8.7 ) total infectious diseases   776     975     (20.4 )   (18.2 )   (2.2 )      edurant®   119     91     30.8     34.1     (3.3 )      olysio®/ sovriad®   32     234     (86.3 )   (85.7 )   (0.6 )      prezista®/ prezcobix®/ rezolsta®   452     427     5.9     8.0     (2.1 )      other infectious diseases   173     223     (22.4 )   (19.0 )   (3.4 ) total neuroscience   1,549     1,618     (4.3 )   (1.4 )   (2.9 )      concerta®/ methylphenidate   231     224     3.1     6.3     (3.2 )      invega®/ paliperidone   86     155     (44.5 )   (43.0 )   (1.5 )      invega sustenna®/xeplion®/invega® trinza™   513     411     24.8     27.3     (2.5 )      risperdal consta®   231     254     (9.1 )   (6.5 )   (2.6 )      other neuroscience   488     574     (15.0 )   (11.5 )   (3.5 ) total oncology   1,354     1,108     22.2     26.3     (4.1 )      imbruvica®   261     116     *   *   **      velcade®   304     339     (10.3 )   (5.4 )   (4.9 )      zytiga®   558     556     0.4     3.4     (3.0 )      other oncology   231     97     *   *   ** cardiovascular / metabolism / other   1,589     1,562     1.7     3.6     (1.9 )      xarelto®   567     441     28.6     28.6      -         invokana®/ invokamet®   325     278     16.9     17.8     (0.9 )      procrit®/ eprex®   274     269     1.9     4.1     (2.2 )      other   423     574     (26.3 )   (22.5 )   (3.8 ) total pharmaceutical sales   $ 8,178     $ 7,726     5.9  %   8.5 %   (2.6 )% * percentage greater than 100% **not meaningful immunology products achieved operational sales growth of 20.5% as compared to the same period a year ago.",discussion
Part I  -  FINANCIAL INFORMATION,Item 2 - MANAGEMENT'S DISCUSSION AND ANALYSIS OF FINANCIAL CONDITION AND RESULTS OF OPERATIONS,growth of stelara® (ustekinumab) and simponi®/simponi aria® (golimumab) were due to market growth and increased penetration of simponi aria®.,discussion
Part I  -  FINANCIAL INFORMATION,Item 2 - MANAGEMENT'S DISCUSSION AND ANALYSIS OF FINANCIAL CONDITION AND RESULTS OF OPERATIONS,"additionally, in the fiscal first quarter of 2016, immunology sales were positively impacted by approximately 3.5% due to an adjustment to previous reserve estimates.",discussion
Part I  -  FINANCIAL INFORMATION,Item 2 - MANAGEMENT'S DISCUSSION AND ANALYSIS OF FINANCIAL CONDITION AND RESULTS OF OPERATIONS,the patents for remicade®(infliximab)in certain countries in europe expired in february 2015.,discussion
Part I  -  FINANCIAL INFORMATION,Item 2 - MANAGEMENT'S DISCUSSION AND ANALYSIS OF FINANCIAL CONDITION AND RESULTS OF OPERATIONS,"biosimilar versions of remicade® have been introduced in certain markets outside the united states, resulting in a reduction in sales of remicade® in those markets.",discussion
Part I  -  FINANCIAL INFORMATION,Item 2 - MANAGEMENT'S DISCUSSION AND ANALYSIS OF FINANCIAL CONDITION AND RESULTS OF OPERATIONS,additional biosimilar competition will likely result in a further reduction in remicade® sales in markets outside the united states.,discussion
Part I  -  FINANCIAL INFORMATION,Item 2 - MANAGEMENT'S DISCUSSION AND ANALYSIS OF FINANCIAL CONDITION AND RESULTS OF OPERATIONS,"the timing of the possible introduction of any biosimilar version of remicade® in the united states is subject to enforcement of patent rights, approval by the u.s.",discussion
Part I  -  FINANCIAL INFORMATION,Item 2 - MANAGEMENT'S DISCUSSION AND ANALYSIS OF FINANCIAL CONDITION AND RESULTS OF OPERATIONS,food and drug administration (fda) and compliance with the 180-day notice provisions of the biologics price competition and innovation act (the bpcia).,discussion
Part I  -  FINANCIAL INFORMATION,Item 2 - MANAGEMENT'S DISCUSSION AND ANALYSIS OF FINANCIAL CONDITION AND RESULTS OF OPERATIONS,"in april 2016, the fda approved a biosimilar version of remicade® for sale in the united states.",discussion
Part I  -  FINANCIAL INFORMATION,Item 2 - MANAGEMENT'S DISCUSSION AND ANALYSIS OF FINANCIAL CONDITION AND RESULTS OF OPERATIONS,"following this approval, there is a risk that a competitor could launch a biosimilar version of remicade® subject to compliance with the 180-day notice provisions of the bpcia, even though one or more valid patents are in place.",discussion
Part I  -  FINANCIAL INFORMATION,Item 2 - MANAGEMENT'S DISCUSSION AND ANALYSIS OF FINANCIAL CONDITION AND RESULTS OF OPERATIONS,introduction to the u.s. market of a biosimilar version of remicade® will result in a reduction in 32 table of contents u.s. sales of remicade®.,discussion
Part I  -  FINANCIAL INFORMATION,Item 2 - MANAGEMENT'S DISCUSSION AND ANALYSIS OF FINANCIAL CONDITION AND RESULTS OF OPERATIONS,the launch of a biosimilar version of remicade® in the u.s. is not expected to have a material adverse effect on the company's results of operations and cash flows in 2016.,discussion
Part I  -  FINANCIAL INFORMATION,Item 2 - MANAGEMENT'S DISCUSSION AND ANALYSIS OF FINANCIAL CONDITION AND RESULTS OF OPERATIONS,see note 11 to the consolidated financial statements for legal matters regarding the remicade® patents.,discussion
Part I  -  FINANCIAL INFORMATION,Item 2 - MANAGEMENT'S DISCUSSION AND ANALYSIS OF FINANCIAL CONDITION AND RESULTS OF OPERATIONS,infectious disease products experienced an operational decline of 18.2% as compared to the same period a year ago.,discussion
Part I  -  FINANCIAL INFORMATION,Item 2 - MANAGEMENT'S DISCUSSION AND ANALYSIS OF FINANCIAL CONDITION AND RESULTS OF OPERATIONS,"competitive products to the company's hepatitis c products, olysio®/sovriad® (simeprevir) and incivo® (telaprevir), had a significant negative impact on sales.",discussion
Part I  -  FINANCIAL INFORMATION,Item 2 - MANAGEMENT'S DISCUSSION AND ANALYSIS OF FINANCIAL CONDITION AND RESULTS OF OPERATIONS,the decline of hepatitis c sales was partially offset by sales growth of edurant®(rilpivirine) and prezista®/ prezcobix®/ rezolsta® (darunavir/cobicistat).,discussion
Part I  -  FINANCIAL INFORMATION,Item 2 - MANAGEMENT'S DISCUSSION AND ANALYSIS OF FINANCIAL CONDITION AND RESULTS OF OPERATIONS,neuroscience products experienced an operational decline of 1.4% as compared to the same period a year ago.,discussion
Part I  -  FINANCIAL INFORMATION,Item 2 - MANAGEMENT'S DISCUSSION AND ANALYSIS OF FINANCIAL CONDITION AND RESULTS OF OPERATIONS,u.s. sales growth of concerta®/methylphenidate was primarily due to a therapeutic equivalence reclassification of generic competitors by the fda in november 2014.,discussion
Part I  -  FINANCIAL INFORMATION,Item 2 - MANAGEMENT'S DISCUSSION AND ANALYSIS OF FINANCIAL CONDITION AND RESULTS OF OPERATIONS,strong sales of invega sustenna®/xeplion®/ invega® trinza™(paliperidone palmitate) were primarily due to the success of xeplion® and the launch of invega® trinza™.,discussion
Part I  -  FINANCIAL INFORMATION,Item 2 - MANAGEMENT'S DISCUSSION AND ANALYSIS OF FINANCIAL CONDITION AND RESULTS OF OPERATIONS,"neuroscience products sales were negatively impacted by the u.s. divestiture of nucynta® (tapentadol), lower sales of invega® (paliperidone) due to generic competition and risperdal consta® (risperidone).",discussion
Part I  -  FINANCIAL INFORMATION,Item 2 - MANAGEMENT'S DISCUSSION AND ANALYSIS OF FINANCIAL CONDITION AND RESULTS OF OPERATIONS,oncology products achieved strong operational sales growth of 26.3% as compared to the same period a year ago.,discussion
Part I  -  FINANCIAL INFORMATION,Item 2 - MANAGEMENT'S DISCUSSION AND ANALYSIS OF FINANCIAL CONDITION AND RESULTS OF OPERATIONS,contributors to the growth were strong sales of imbruvica® (ibrutinib) due to additional country launches and increased patient uptake with new indications and the launch of darzalex® (daratumumab).,discussion
Part I  -  FINANCIAL INFORMATION,Item 2 - MANAGEMENT'S DISCUSSION AND ANALYSIS OF FINANCIAL CONDITION AND RESULTS OF OPERATIONS,"additionally, sales of zytiga® (abiraterone acetate) grew in the u.s. due to market growth partially offset by share decline, and strong growth in asia and latin america was partially offset by lower sales in europe due to competition.",discussion
Part I  -  FINANCIAL INFORMATION,Item 2 - MANAGEMENT'S DISCUSSION AND ANALYSIS OF FINANCIAL CONDITION AND RESULTS OF OPERATIONS,cardiovascular / metabolism / other products achieved operational sales growth of 3.6% as compared to the same period a year ago primarily due to strong sales of xarelto®(rivaroxaban) and invokana®/invokamet® (canagliflozin).,discussion
Part I  -  FINANCIAL INFORMATION,Item 2 - MANAGEMENT'S DISCUSSION AND ANALYSIS OF FINANCIAL CONDITION AND RESULTS OF OPERATIONS,growth was partially offset by a positive adjustment in the fiscal first quarter of 2015 to previous estimates for medicaid managed care rebates.,discussion
Part I  -  FINANCIAL INFORMATION,Item 2 - MANAGEMENT'S DISCUSSION AND ANALYSIS OF FINANCIAL CONDITION AND RESULTS OF OPERATIONS,"medical devices the medical devices segment sales in the fiscal first quarter of 2016 were $6.1 billion, a decrease of 2.4% as compared to the same period a year ago, with operational growth of 0.5% and a negative currency impact of 2.9%.",discussion
Part I  -  FINANCIAL INFORMATION,Item 2 - MANAGEMENT'S DISCUSSION AND ANALYSIS OF FINANCIAL CONDITION AND RESULTS OF OPERATIONS,u.s.,discussion
Part I  -  FINANCIAL INFORMATION,Item 2 - MANAGEMENT'S DISCUSSION AND ANALYSIS OF FINANCIAL CONDITION AND RESULTS OF OPERATIONS,medical devices sales increased 2.2%.,discussion
Part I  -  FINANCIAL INFORMATION,Item 2 - MANAGEMENT'S DISCUSSION AND ANALYSIS OF FINANCIAL CONDITION AND RESULTS OF OPERATIONS,"international medical devices sales decreased by 6.5%, including an operational decrease of 1.0% and a negative currency impact of 5.5%.",discussion
Part I  -  FINANCIAL INFORMATION,Item 2 - MANAGEMENT'S DISCUSSION AND ANALYSIS OF FINANCIAL CONDITION AND RESULTS OF OPERATIONS,"in the fiscal first quarter of 2016, acquisitions and divestitures had a negative impact of 2.5% on the operational sales growth of the medical devices segment.",discussion
Part I  -  FINANCIAL INFORMATION,Item 2 - MANAGEMENT'S DISCUSSION AND ANALYSIS OF FINANCIAL CONDITION AND RESULTS OF OPERATIONS,"major medical devices franchise sales*  -  fiscal first quarters ended (dollars in millions)   april 3, 2016   march 29, 2015   total change   operations change   currency change orthopaedics   $ 2,341     $ 2,328     0.6  %   3.0 %   (2.4 )%      hips   342     333     2.7  %   5.4     (2.7 )      knees   389     376     3.5  %   5.7     (2.2 )      trauma   642     656     (2.1 )%   0.4     (2.5 )      spine & other   968     963     0.5  %   2.8     (2.3 ) surgery   2,228     2,256     (1.2 )   2.3     (3.5 )      advanced   816     770     6.0  %   9.7     (3.7 )      general   1,070     1,133     (5.6 )%   (2.1 )   (3.5 )      specialty   342     353     (3.1 )%   (0.1 )   (3.0 ) vision care   640     631     1.4     4.1     (2.7 ) cardiovascular   443     529     (16.3 )   (14.4 )   (1.9 ) diabetes care   429     484     (11.4 )   (8.2 )   (3.2 ) diagnostics***   28     30     **     **     **   total medical devices sales   $ 6,109     $ 6,258     (2.4 )%   0.5 %   (2.9 )% *prior year amounts have been reclassified to conform to current year product disclosure.",discussion
Part I  -  FINANCIAL INFORMATION,Item 2 - MANAGEMENT'S DISCUSSION AND ANALYSIS OF FINANCIAL CONDITION AND RESULTS OF OPERATIONS,"**not meaningful ***reflects the divestiture of the ortho-clinical diagnostics business (the diagnostics franchise) on june 30, 2014.",discussion
Part I  -  FINANCIAL INFORMATION,Item 2 - MANAGEMENT'S DISCUSSION AND ANALYSIS OF FINANCIAL CONDITION AND RESULTS OF OPERATIONS,33 table of contents the orthopaedics franchise achieved operational sales growth of 3.0% as compared to the prior year fiscal first quarter.,discussion
Part I  -  FINANCIAL INFORMATION,Item 2 - MANAGEMENT'S DISCUSSION AND ANALYSIS OF FINANCIAL CONDITION AND RESULTS OF OPERATIONS,"sales growth was primarily driven by worldwide sales of the hip primary stem platform and the attune® knee system, and u.s. sales of the trauma tfna nailing system and sports medicine orthovisc®/monovisc® products.",discussion
Part I  -  FINANCIAL INFORMATION,Item 2 - MANAGEMENT'S DISCUSSION AND ANALYSIS OF FINANCIAL CONDITION AND RESULTS OF OPERATIONS,growth was negatively impacted by softer demand and a reduction in customer inventory levels primarily in china and continued pricing pressures.,discussion
Part I  -  FINANCIAL INFORMATION,Item 2 - MANAGEMENT'S DISCUSSION AND ANALYSIS OF FINANCIAL CONDITION AND RESULTS OF OPERATIONS,the surgery franchise achieved operational sales growth of 2.3% as compared to the prior year fiscal first quarter.,discussion
Part I  -  FINANCIAL INFORMATION,Item 2 - MANAGEMENT'S DISCUSSION AND ANALYSIS OF FINANCIAL CONDITION AND RESULTS OF OPERATIONS,"operational growth in advanced surgery was driven by endocutter, biosurgical and energy products, primarily attributable to market growth, increased penetration in certain markets and new product launches.",discussion
Part I  -  FINANCIAL INFORMATION,Item 2 - MANAGEMENT'S DISCUSSION AND ANALYSIS OF FINANCIAL CONDITION AND RESULTS OF OPERATIONS,the operational decline in general surgery was due to lower sales of women's health and urology products.,discussion
Part I  -  FINANCIAL INFORMATION,Item 2 - MANAGEMENT'S DISCUSSION AND ANALYSIS OF FINANCIAL CONDITION AND RESULTS OF OPERATIONS,growth by mentor products was offset by lower sales of advanced sterilization products in specialty surgery.,discussion
Part I  -  FINANCIAL INFORMATION,Item 2 - MANAGEMENT'S DISCUSSION AND ANALYSIS OF FINANCIAL CONDITION AND RESULTS OF OPERATIONS,the vision care franchise achieved operational sales growth of 4.1% as compared to the prior year fiscal first quarter due to sales growth outside the u.s. driven by the success of new products.,discussion
Part I  -  FINANCIAL INFORMATION,Item 2 - MANAGEMENT'S DISCUSSION AND ANALYSIS OF FINANCIAL CONDITION AND RESULTS OF OPERATIONS,the cardiovascular care franchise experienced an operational sales decline of 14.4% as compared to the prior year fiscal first quarter.,discussion
Part I  -  FINANCIAL INFORMATION,Item 2 - MANAGEMENT'S DISCUSSION AND ANALYSIS OF FINANCIAL CONDITION AND RESULTS OF OPERATIONS,strong operational growth in the electrophysiology business driven by market growth and new product launches was offset by the impact of divesting the cordis business.,discussion
Part I  -  FINANCIAL INFORMATION,Item 2 - MANAGEMENT'S DISCUSSION AND ANALYSIS OF FINANCIAL CONDITION AND RESULTS OF OPERATIONS,"the company completed the divestiture of the cordis business to cardinal health on october 4, 2015.",discussion
Part I  -  FINANCIAL INFORMATION,Item 2 - MANAGEMENT'S DISCUSSION AND ANALYSIS OF FINANCIAL CONDITION AND RESULTS OF OPERATIONS,the cordis business generated annual net revenues of approximately $535 million in 2015.,discussion
Part I  -  FINANCIAL INFORMATION,Item 2 - MANAGEMENT'S DISCUSSION AND ANALYSIS OF FINANCIAL CONDITION AND RESULTS OF OPERATIONS,the diabetes care franchise experienced an operational sales decline of 8.2% as compared to the prior year fiscal first quarter primarily due to lower price and competition partially offset by the success of the animas® vibe® products in europe and canada.,discussion
Part I  -  FINANCIAL INFORMATION,Item 2 - MANAGEMENT'S DISCUSSION AND ANALYSIS OF FINANCIAL CONDITION AND RESULTS OF OPERATIONS,"analysis of consolidated earnings before provision for taxes on income consolidated earnings before provision for taxes on income for the fiscal first quarter of 2016 was $5.3 billion as compared to $5.6 billion in the fiscal first quarter of 2015, a decrease of 5.0%.",discussion
Part I  -  FINANCIAL INFORMATION,Item 2 - MANAGEMENT'S DISCUSSION AND ANALYSIS OF FINANCIAL CONDITION AND RESULTS OF OPERATIONS,"the fiscal first quarter of 2016 included a litigation expense of $0.1 billion versus the fiscal first quarter of 2015, which included a net litigation gain of $0.4 billion primarily related to a settlement agreement of $0.6 billion with guidant.",discussion
Part I  -  FINANCIAL INFORMATION,Item 2 - MANAGEMENT'S DISCUSSION AND ANALYSIS OF FINANCIAL CONDITION AND RESULTS OF OPERATIONS,"additionally, the fiscal first quarter of 2016 included a restructuring charge of $0.1 billion offset by lower selling, marketing and administrative costs of $0.2 billion and a lower cost of $0.1 billion associated with the depuy asr™ hip program as compared to the fiscal first quarter of 2015.",discussion
Part I  -  FINANCIAL INFORMATION,Item 2 - MANAGEMENT'S DISCUSSION AND ANALYSIS OF FINANCIAL CONDITION AND RESULTS OF OPERATIONS,cost of products sold consolidated costs of products sold for the fiscal first quarter of 2016 increased to 30.5% from 30.4% of sales as compared to the same period a year ago.,discussion
Part I  -  FINANCIAL INFORMATION,Item 2 - MANAGEMENT'S DISCUSSION AND ANALYSIS OF FINANCIAL CONDITION AND RESULTS OF OPERATIONS,the increase was primarily due to transactional currency partially offset by favorable mix in the business.,discussion
Part I  -  FINANCIAL INFORMATION,Item 2 - MANAGEMENT'S DISCUSSION AND ANALYSIS OF FINANCIAL CONDITION AND RESULTS OF OPERATIONS,"the intangible asset amortization expense for the fiscal three months of 2016 and 2015 was $282 million and $312 million, respectively.",discussion
Part I  -  FINANCIAL INFORMATION,Item 2 - MANAGEMENT'S DISCUSSION AND ANALYSIS OF FINANCIAL CONDITION AND RESULTS OF OPERATIONS,"selling, marketing and administrative expenses consolidated selling, marketing and administrative expenses for the fiscal first quarter of 2016 decreased to 26.8% from 27.9% of sales as compared to the same period a year ago.",discussion
Part I  -  FINANCIAL INFORMATION,Item 2 - MANAGEMENT'S DISCUSSION AND ANALYSIS OF FINANCIAL CONDITION AND RESULTS OF OPERATIONS,"the decrease was primarily due to cost management and favorable mix, primarily due to faster growth in the pharmaceutical segment.",discussion
Part I  -  FINANCIAL INFORMATION,Item 2 - MANAGEMENT'S DISCUSSION AND ANALYSIS OF FINANCIAL CONDITION AND RESULTS OF OPERATIONS,research and development expense worldwide costs of research and development activities for the fiscal first quarter of 2016 increased to 11.5% from 10.9% of sales as compared to the same period a year ago.,discussion
Part I  -  FINANCIAL INFORMATION,Item 2 - MANAGEMENT'S DISCUSSION AND ANALYSIS OF FINANCIAL CONDITION AND RESULTS OF OPERATIONS,the increase was primarily due to increased investment spending in the pharmaceutical segment to advance the pipeline.,discussion
Part I  -  FINANCIAL INFORMATION,Item 2 - MANAGEMENT'S DISCUSSION AND ANALYSIS OF FINANCIAL CONDITION AND RESULTS OF OPERATIONS,"interest (income) expense interest income in the fiscal first quarter of 2016 was higher than the same period a year ago due to a higher average balance of cash, cash equivalents and marketable securities and higher interest rates.",discussion
Part I  -  FINANCIAL INFORMATION,Item 2 - MANAGEMENT'S DISCUSSION AND ANALYSIS OF FINANCIAL CONDITION AND RESULTS OF OPERATIONS,"the ending balance of cash, cash equivalents and marketable securities was $39.9 billion at the end of the fiscal first quarter of 2016, which is an increase of $8.6 billion as 34 table of contents compared to the same period a year ago.",discussion
Part I  -  FINANCIAL INFORMATION,Item 2 - MANAGEMENT'S DISCUSSION AND ANALYSIS OF FINANCIAL CONDITION AND RESULTS OF OPERATIONS,"the increase in the balance of cash, cash equivalents and marketable securities was primarily due to cash generated from operating activities.",discussion
Part I  -  FINANCIAL INFORMATION,Item 2 - MANAGEMENT'S DISCUSSION AND ANALYSIS OF FINANCIAL CONDITION AND RESULTS OF OPERATIONS,interest expense in the fiscal first quarter of 2016 was slightly higher as compared to the same period a year ago.,discussion
Part I  -  FINANCIAL INFORMATION,Item 2 - MANAGEMENT'S DISCUSSION AND ANALYSIS OF FINANCIAL CONDITION AND RESULTS OF OPERATIONS,"at the end of the fiscal first quarter of 2016, the company's debt position was $23.3 billion as compared to $19.0 billion the same period a year ago.",discussion
Part I  -  FINANCIAL INFORMATION,Item 2 - MANAGEMENT'S DISCUSSION AND ANALYSIS OF FINANCIAL CONDITION AND RESULTS OF OPERATIONS,the higher debt balance of approximately $4.3 billion was primarily due to increased borrowings in february 2016.,discussion
Part I  -  FINANCIAL INFORMATION,Item 2 - MANAGEMENT'S DISCUSSION AND ANALYSIS OF FINANCIAL CONDITION AND RESULTS OF OPERATIONS,"the company increased borrowings, capitalizing on favorable terms in the capital markets.",discussion
Part I  -  FINANCIAL INFORMATION,Item 2 - MANAGEMENT'S DISCUSSION AND ANALYSIS OF FINANCIAL CONDITION AND RESULTS OF OPERATIONS,"the proceeds of the borrowings were used for general corporate purposes, primarily the stock repurchase program.",discussion
Part I  -  FINANCIAL INFORMATION,Item 2 - MANAGEMENT'S DISCUSSION AND ANALYSIS OF FINANCIAL CONDITION AND RESULTS OF OPERATIONS,"other (income) expense, net other (income) expense, net is the account where the company records gains and losses related to the sale and write-down of certain investments in equity securities held by johnson & johnson innovation - jjdc, inc., gains and losses on divestitures, transactional currency gains and losses, acquisition-related costs, litigation accruals and settlements, as well as royalty income.",discussion
Part I  -  FINANCIAL INFORMATION,Item 2 - MANAGEMENT'S DISCUSSION AND ANALYSIS OF FINANCIAL CONDITION AND RESULTS OF OPERATIONS,"the change in other (income) expense, net for the fiscal first quarter of 2016 was unfavorable by $0.3 billion as compared to the same period a year ago primarily due to higher net litigation gains in 2015 of $0.5 billion, primarily due to a settlement agreement of $0.6 billion with guidant.",discussion
Part I  -  FINANCIAL INFORMATION,Item 2 - MANAGEMENT'S DISCUSSION AND ANALYSIS OF FINANCIAL CONDITION AND RESULTS OF OPERATIONS,this was partially offset by higher costs of $0.1 billion related to the depuy asr™ hip program in the fiscal first quarter of 2015.,discussion
Part I  -  FINANCIAL INFORMATION,Item 2 - MANAGEMENT'S DISCUSSION AND ANALYSIS OF FINANCIAL CONDITION AND RESULTS OF OPERATIONS,"income before tax by segment income before tax by segment of business were as follows: income before tax   percent of segment sales (dollars in millions)   april 3, 2016   march 29, 2015   april 3, 2016   march 29, 2015 consumer   $ 566     $ 644     17.7 %   19.0 % pharmaceutical   3,344     2,962     40.9     38.3   medical devices   1,576     2,221     25.8     35.5   segment operating profit   5,486     5,827     31.4     33.5   less: expenses not allocated to segments (1)   192     252               worldwide income before tax   $ 5,294     $ 5,575     30.3 %   32.1 % (1) amounts not allocated to segments include interest (income) expense and general corporate (income) expense.",discussion
Part I  -  FINANCIAL INFORMATION,Item 2 - MANAGEMENT'S DISCUSSION AND ANALYSIS OF FINANCIAL CONDITION AND RESULTS OF OPERATIONS,consumer segment the consumer segment income before tax as a percent of sales in the fiscal first quarter of 2016 was 17.7% versus 19.0% for the same period a year ago.,discussion
Part I  -  FINANCIAL INFORMATION,Item 2 - MANAGEMENT'S DISCUSSION AND ANALYSIS OF FINANCIAL CONDITION AND RESULTS OF OPERATIONS,the decrease in the income before tax margin was primarily due to operations in venezuela.,discussion
Part I  -  FINANCIAL INFORMATION,Item 2 - MANAGEMENT'S DISCUSSION AND ANALYSIS OF FINANCIAL CONDITION AND RESULTS OF OPERATIONS,pharmaceutical segment the pharmaceutical segment income before tax as a percent of sales in the fiscal first quarter of 2016 was 40.9% versus 38.3% for the same period a year ago.,discussion
Part I  -  FINANCIAL INFORMATION,Item 2 - MANAGEMENT'S DISCUSSION AND ANALYSIS OF FINANCIAL CONDITION AND RESULTS OF OPERATIONS,"the fiscal first quarter of 2016 was favorably impacted by strong sales volume growth, favorable selling, marketing and administrative expenses and $0.2 billion of lower litigation expense as compared to the prior year.",discussion
Part I  -  FINANCIAL INFORMATION,Item 2 - MANAGEMENT'S DISCUSSION AND ANALYSIS OF FINANCIAL CONDITION AND RESULTS OF OPERATIONS,medical devices segment the medical devices segment income before tax as a percent of sales in the fiscal first quarter of 2016 was 25.8% versus 35.5% for the same period a year ago.,discussion
Part I  -  FINANCIAL INFORMATION,Item 2 - MANAGEMENT'S DISCUSSION AND ANALYSIS OF FINANCIAL CONDITION AND RESULTS OF OPERATIONS,"the fiscal first quarter of 2016 included a litigation expense of $0.1 billion versus the fiscal first quarter of 2015, which included a net litigation gain of $0.5 billion primarily related to a litigation settlement agreement of $0.6 billion with guidant.",discussion
Part I  -  FINANCIAL INFORMATION,Item 2 - MANAGEMENT'S DISCUSSION AND ANALYSIS OF FINANCIAL CONDITION AND RESULTS OF OPERATIONS,"additionally, the fiscal first quarter of 2016 included a restructuring charge of $0.1 billion offset by lower costs of $0.1 billion associated with the depuy asr™ hip program as compared to the fiscal first quarter of 2015.",discussion
Part I  -  FINANCIAL INFORMATION,Item 2 - MANAGEMENT'S DISCUSSION AND ANALYSIS OF FINANCIAL CONDITION AND RESULTS OF OPERATIONS,"35 table of contents restructuring the company announced restructuring actions in its medical devices segment that are expected to result in annualized pre-tax cost savings of $800 million to $1.0 billion, the majority of which is expected to be realized by the end of 2018, including approximately $200 million savings in 2016.",discussion
Part I  -  FINANCIAL INFORMATION,Item 2 - MANAGEMENT'S DISCUSSION AND ANALYSIS OF FINANCIAL CONDITION AND RESULTS OF OPERATIONS,the savings will provide the company with added flexibility and resources to fund investment in new growth opportunities and innovative solutions for customers and patients.,discussion
Part I  -  FINANCIAL INFORMATION,Item 2 - MANAGEMENT'S DISCUSSION AND ANALYSIS OF FINANCIAL CONDITION AND RESULTS OF OPERATIONS,"the company estimates that, in connection with its plans, it will record pre-tax restructuring charges of approximately $2.0 billion to $2.4 billion, most of which are expected to be incurred by 2017.",discussion
Part I  -  FINANCIAL INFORMATION,Item 2 - MANAGEMENT'S DISCUSSION AND ANALYSIS OF FINANCIAL CONDITION AND RESULTS OF OPERATIONS,"in the fiscal first quarter of 2016, the company recorded a pre-tax charge of $137 million, of which $17 million is included in cost of products sold.",discussion
Part I  -  FINANCIAL INFORMATION,Item 2 - MANAGEMENT'S DISCUSSION AND ANALYSIS OF FINANCIAL CONDITION AND RESULTS OF OPERATIONS,restructuring charges of $727 million have been recorded since the restructuring was announced.,discussion
Part I  -  FINANCIAL INFORMATION,Item 2 - MANAGEMENT'S DISCUSSION AND ANALYSIS OF FINANCIAL CONDITION AND RESULTS OF OPERATIONS,see note 12 to the consolidated financial statements for additional details related to the restructuring.,discussion
Part I  -  FINANCIAL INFORMATION,Item 2 - MANAGEMENT'S DISCUSSION AND ANALYSIS OF FINANCIAL CONDITION AND RESULTS OF OPERATIONS,"provision for taxes on income the worldwide effective income tax rates for the first fiscal three months of 2016 and 2015 were 18.9% and 22.5%, respectively.",discussion
Part I  -  FINANCIAL INFORMATION,Item 2 - MANAGEMENT'S DISCUSSION AND ANALYSIS OF FINANCIAL CONDITION AND RESULTS OF OPERATIONS,"in the first fiscal quarter of 2016, the company had higher income in lower tax jurisdictions relative to higher tax jurisdictions compared to 2015, which decreased the effective tax rate by approximately 2.5%.",discussion
Part I  -  FINANCIAL INFORMATION,Item 2 - MANAGEMENT'S DISCUSSION AND ANALYSIS OF FINANCIAL CONDITION AND RESULTS OF OPERATIONS,the remainder of the change from prior year was related to the u.s.,discussion
Part I  -  FINANCIAL INFORMATION,Item 2 - MANAGEMENT'S DISCUSSION AND ANALYSIS OF FINANCIAL CONDITION AND RESULTS OF OPERATIONS,"research & development tax credit and the controlled foreign corporation look-through provisions, which were not enacted into law in the first fiscal quarter of 2015, and the settlement of certain open tax positions in several international jurisdictions.",discussion
Part I  -  FINANCIAL INFORMATION,Item 2 - MANAGEMENT'S DISCUSSION AND ANALYSIS OF FINANCIAL CONDITION AND RESULTS OF OPERATIONS,"as of april 3, 2016, the company had approximately $3.1 billion of liabilities from unrecognized tax benefits.",discussion
Part I  -  FINANCIAL INFORMATION,Item 2 - MANAGEMENT'S DISCUSSION AND ANALYSIS OF FINANCIAL CONDITION AND RESULTS OF OPERATIONS,the company believes it is possible that audits may be completed by tax authorities in some jurisdictions over the next twelve months.,discussion
Part I  -  FINANCIAL INFORMATION,Item 2 - MANAGEMENT'S DISCUSSION AND ANALYSIS OF FINANCIAL CONDITION AND RESULTS OF OPERATIONS,the company is not able to provide a reasonably reliable estimate of the timing of any future tax payments relating to uncertain tax positions.,discussion
Part I  -  FINANCIAL INFORMATION,Item 2 - MANAGEMENT'S DISCUSSION AND ANALYSIS OF FINANCIAL CONDITION AND RESULTS OF OPERATIONS,"see note 8 to the consolidated financial statements in the annual report on form 10-k for the fiscal year ended january 3, 2016 for more detailed information regarding unrecognized tax benefits.",discussion
Part I  -  FINANCIAL INFORMATION,Item 2 - MANAGEMENT'S DISCUSSION AND ANALYSIS OF FINANCIAL CONDITION AND RESULTS OF OPERATIONS,liquidity and capital resources cash flows cash and cash equivalents were $13.9 billion at the end of the fiscal first quarter of 2016 as compared with $13.7 billion at the fiscal year end of 2015.,discussion
Part I  -  FINANCIAL INFORMATION,Item 2 - MANAGEMENT'S DISCUSSION AND ANALYSIS OF FINANCIAL CONDITION AND RESULTS OF OPERATIONS,the primary sources of cash were approximately $1.8 billion net cash generated from operating activities and $0.1 billion due to the effect on exchange rate changes on cash and cash equivalents offset by $1.5 billion used by investing activities and $0.2 billion used by financing activities.,discussion
Part I  -  FINANCIAL INFORMATION,Item 2 - MANAGEMENT'S DISCUSSION AND ANALYSIS OF FINANCIAL CONDITION AND RESULTS OF OPERATIONS,"in addition, the company had $26.0 billion in marketable securities at the end of the fiscal first quarter of 2016 and $24.6 billion at the end of 2015.",discussion
Part I  -  FINANCIAL INFORMATION,Item 2 - MANAGEMENT'S DISCUSSION AND ANALYSIS OF FINANCIAL CONDITION AND RESULTS OF OPERATIONS,"cash flow from operations of $1.8 billion was the result of $4.3 billion of net earnings and $1.2 billion of non-cash charges and other adjustments for depreciation and amortization, stock-based compensation and asset write-downs and $0.4 billion related to deferred taxes.",discussion
Part I  -  FINANCIAL INFORMATION,Item 2 - MANAGEMENT'S DISCUSSION AND ANALYSIS OF FINANCIAL CONDITION AND RESULTS OF OPERATIONS,"cash flow from operations was reduced by $2.3 billion related to accounts payable and accrued liabilities, primarily due to the timing of payments and receipts for tax and legal liabilities, and $1.8 billion related to accounts receivable, inventories and other assets and liabilities.",discussion
Part I  -  FINANCIAL INFORMATION,Item 2 - MANAGEMENT'S DISCUSSION AND ANALYSIS OF FINANCIAL CONDITION AND RESULTS OF OPERATIONS,"investing activities use of $1.5 billion of cash was primarily for net purchases of investments in marketable securities of $0.9 billion and additions to property, plant and equipment of $0.6 billion.",discussion
Part I  -  FINANCIAL INFORMATION,Item 2 - MANAGEMENT'S DISCUSSION AND ANALYSIS OF FINANCIAL CONDITION AND RESULTS OF OPERATIONS,financing activities use of $0.2 billion of cash was primarily for dividends to shareholders of $2.1 billion and $2.4 billion for the repurchase of common stock.,discussion
Part I  -  FINANCIAL INFORMATION,Item 2 - MANAGEMENT'S DISCUSSION AND ANALYSIS OF FINANCIAL CONDITION AND RESULTS OF OPERATIONS,financing activities also included a source of  $3.3 billion from the net proceeds of short and long-term debt and $0.9 billion of net proceeds from stock options exercised and associated tax benefits.,discussion
Part I  -  FINANCIAL INFORMATION,Item 2 - MANAGEMENT'S DISCUSSION AND ANALYSIS OF FINANCIAL CONDITION AND RESULTS OF OPERATIONS,the company has access to substantial sources of funds at numerous banks worldwide.,discussion
Part I  -  FINANCIAL INFORMATION,Item 2 - MANAGEMENT'S DISCUSSION AND ANALYSIS OF FINANCIAL CONDITION AND RESULTS OF OPERATIONS,"in september 2015, the company secured a new 364-day credit facility.",discussion
Part I  -  FINANCIAL INFORMATION,Item 2 - MANAGEMENT'S DISCUSSION AND ANALYSIS OF FINANCIAL CONDITION AND RESULTS OF OPERATIONS,"total credit available to the company under the facility, which expires september 15, 2016, approximates $10.0 billion.",discussion
Part I  -  FINANCIAL INFORMATION,Item 2 - MANAGEMENT'S DISCUSSION AND ANALYSIS OF FINANCIAL CONDITION AND RESULTS OF OPERATIONS,"interest charged on borrowings under the credit line agreement is based on either bids provided by banks, the prime rate or london interbank offered rates (libor), plus applicable margins.",discussion
Part I  -  FINANCIAL INFORMATION,Item 2 - MANAGEMENT'S DISCUSSION AND ANALYSIS OF FINANCIAL CONDITION AND RESULTS OF OPERATIONS,commitment fees under the agreement are not material.,discussion
Part I  -  FINANCIAL INFORMATION,Item 2 - MANAGEMENT'S DISCUSSION AND ANALYSIS OF FINANCIAL CONDITION AND RESULTS OF OPERATIONS,"36 table of contents in the fiscal first quarter of 2016, the company continued to have access to liquidity through the commercial paper market.",discussion
Part I  -  FINANCIAL INFORMATION,Item 2 - MANAGEMENT'S DISCUSSION AND ANALYSIS OF FINANCIAL CONDITION AND RESULTS OF OPERATIONS,"the company anticipates that operating cash flows, existing credit facilities and access to the commercial paper markets will continue to provide sufficient resources to fund operating needs.",discussion
Part I  -  FINANCIAL INFORMATION,Item 2 - MANAGEMENT'S DISCUSSION AND ANALYSIS OF FINANCIAL CONDITION AND RESULTS OF OPERATIONS,"however, the company monitors the global capital markets on an ongoing basis and from time to time may raise capital when market conditions are favorable.",discussion
Part I  -  FINANCIAL INFORMATION,Item 2 - MANAGEMENT'S DISCUSSION AND ANALYSIS OF FINANCIAL CONDITION AND RESULTS OF OPERATIONS,"in february 2016, the company issued bonds for a total of $7.5 billion for general corporate purposes.",discussion
Part I  -  FINANCIAL INFORMATION,Item 2 - MANAGEMENT'S DISCUSSION AND ANALYSIS OF FINANCIAL CONDITION AND RESULTS OF OPERATIONS,"on october 13, 2015, the company announced that its board of directors approved a share repurchase program, authorizing the company to purchase up to $10.0 billion of the company's shares of common stock.",discussion
Part I  -  FINANCIAL INFORMATION,Item 2 - MANAGEMENT'S DISCUSSION AND ANALYSIS OF FINANCIAL CONDITION AND RESULTS OF OPERATIONS,the repurchase program has no time limit and may be suspended for periods or discontinued at any time.,discussion
Part I  -  FINANCIAL INFORMATION,Item 2 - MANAGEMENT'S DISCUSSION AND ANALYSIS OF FINANCIAL CONDITION AND RESULTS OF OPERATIONS,any shares acquired will be available for general corporate purposes.,discussion
Part I  -  FINANCIAL INFORMATION,Item 2 - MANAGEMENT'S DISCUSSION AND ANALYSIS OF FINANCIAL CONDITION AND RESULTS OF OPERATIONS,the company intends to finance the share repurchase program through available cash and access to the capital markets.,discussion
Part I  -  FINANCIAL INFORMATION,Item 2 - MANAGEMENT'S DISCUSSION AND ANALYSIS OF FINANCIAL CONDITION AND RESULTS OF OPERATIONS,"dividends on january 4, 2016, the board of directors declared a regular quarterly cash dividend of $0.75 per share, payable on march 8, 2016, to shareholders of record as of february 23, 2016.",discussion
Part I  -  FINANCIAL INFORMATION,Item 2 - MANAGEMENT'S DISCUSSION AND ANALYSIS OF FINANCIAL CONDITION AND RESULTS OF OPERATIONS,"on april 28, 2016, the board of directors declared a regular cash dividend of $0.80 per share, payable on june 7, 2016 to shareholders of record as of may 24, 2016.",discussion
Part I  -  FINANCIAL INFORMATION,Item 2 - MANAGEMENT'S DISCUSSION AND ANALYSIS OF FINANCIAL CONDITION AND RESULTS OF OPERATIONS,the company expects to continue the practice of paying regular quarterly cash dividends.,discussion
Part I  -  FINANCIAL INFORMATION,Item 2 - MANAGEMENT'S DISCUSSION AND ANALYSIS OF FINANCIAL CONDITION AND RESULTS OF OPERATIONS,concentration of credit risk global concentration of credit risk with respect to trade accounts receivables continues to be limited due to the large number of customers globally and adherence to internal credit policies and credit limits.,discussion
Part I  -  FINANCIAL INFORMATION,Item 2 - MANAGEMENT'S DISCUSSION AND ANALYSIS OF FINANCIAL CONDITION AND RESULTS OF OPERATIONS,"economic challenges in italy, spain, greece and portugal (the southern european region) have impacted certain payment patterns, which have historically been longer than those experienced in the u.s. and other international markets.",discussion
Part I  -  FINANCIAL INFORMATION,Item 2 - MANAGEMENT'S DISCUSSION AND ANALYSIS OF FINANCIAL CONDITION AND RESULTS OF OPERATIONS,"the total net trade accounts receivable balance in the southern european region was approximately $1.5 billion as of april 3, 2016 and $1.3 billion as of january 3, 2016.",discussion
Part I  -  FINANCIAL INFORMATION,Item 2 - MANAGEMENT'S DISCUSSION AND ANALYSIS OF FINANCIAL CONDITION AND RESULTS OF OPERATIONS,"approximately $0.9 billion as of april 3, 2016 and approximately $0.8 billion as of january 3, 2016 of the southern european region net trade accounts receivable balance related to the company's consumer, vision care and diabetes care businesses as well as certain pharmaceutical and medical devices customers, which are in line with historical collection patterns.",discussion
Part I  -  FINANCIAL INFORMATION,Item 2 - MANAGEMENT'S DISCUSSION AND ANALYSIS OF FINANCIAL CONDITION AND RESULTS OF OPERATIONS,the remaining balance of net trade accounts receivable in the southern european region has been negatively impacted by the timing of payments from certain government owned or supported health care customers as well as certain distributors of the pharmaceutical and medical devices local affiliates.,discussion
Part I  -  FINANCIAL INFORMATION,Item 2 - MANAGEMENT'S DISCUSSION AND ANALYSIS OF FINANCIAL CONDITION AND RESULTS OF OPERATIONS,"the total net trade accounts receivable balance for these customers was approximately $0.6 billion at april 3, 2016 and $0.5 billion as of january 3, 2016.",discussion
Part I  -  FINANCIAL INFORMATION,Item 2 - MANAGEMENT'S DISCUSSION AND ANALYSIS OF FINANCIAL CONDITION AND RESULTS OF OPERATIONS,the company continues to receive payments from these customers and in some cases late payments with interest.,discussion
Part I  -  FINANCIAL INFORMATION,Item 2 - MANAGEMENT'S DISCUSSION AND ANALYSIS OF FINANCIAL CONDITION AND RESULTS OF OPERATIONS,"for customers where payment is expected over periods of time longer than one year, revenue and trade receivables have been discounted over the estimated period of time for collection.",discussion
Part I  -  FINANCIAL INFORMATION,Item 2 - MANAGEMENT'S DISCUSSION AND ANALYSIS OF FINANCIAL CONDITION AND RESULTS OF OPERATIONS,"allowances for doubtful accounts have been increased for these customers, but have been immaterial to date.",discussion
Part I  -  FINANCIAL INFORMATION,Item 2 - MANAGEMENT'S DISCUSSION AND ANALYSIS OF FINANCIAL CONDITION AND RESULTS OF OPERATIONS,"the company will continue to work closely with these customers on payment plans, monitor the economic situation and take appropriate actions, as necessary.",discussion
Part I  -  FINANCIAL INFORMATION,Item 2 - MANAGEMENT'S DISCUSSION AND ANALYSIS OF FINANCIAL CONDITION AND RESULTS OF OPERATIONS,other information new accounting pronouncements refer to note 1 to the consolidated financial statements for new accounting pronouncements.,discussion
Part I  -  FINANCIAL INFORMATION,Item 2 - MANAGEMENT'S DISCUSSION AND ANALYSIS OF FINANCIAL CONDITION AND RESULTS OF OPERATIONS,economic and market factors the company operates in certain countries where the economic conditions continue to present significant challenges.,discussion
Part I  -  FINANCIAL INFORMATION,Item 2 - MANAGEMENT'S DISCUSSION AND ANALYSIS OF FINANCIAL CONDITION AND RESULTS OF OPERATIONS,the company continues to monitor these situations and take appropriate actions.,discussion
Part I  -  FINANCIAL INFORMATION,Item 2 - MANAGEMENT'S DISCUSSION AND ANALYSIS OF FINANCIAL CONDITION AND RESULTS OF OPERATIONS,"inflation rates and currency exchange rates continue to have an effect on worldwide economies and, consequently, on the way the company operates.",discussion
Part I  -  FINANCIAL INFORMATION,Item 2 - MANAGEMENT'S DISCUSSION AND ANALYSIS OF FINANCIAL CONDITION AND RESULTS OF OPERATIONS,"in the face of increasing costs, the company strives to maintain its profit margins through cost reduction programs, productivity improvements and periodic price increases.",discussion
Part I  -  FINANCIAL INFORMATION,Item 2 - MANAGEMENT'S DISCUSSION AND ANALYSIS OF FINANCIAL CONDITION AND RESULTS OF OPERATIONS,"37 table of contents as described above, while the company continues to do business in greece, the company closely monitors the economic situation.",discussion
Part I  -  FINANCIAL INFORMATION,Item 2 - MANAGEMENT'S DISCUSSION AND ANALYSIS OF FINANCIAL CONDITION AND RESULTS OF OPERATIONS,"as of april 3, 2016, the company's greek subsidiaries represented 0.3% and 0.4% of the company's consolidated assets and revenues, respectively.",discussion
Part I  -  FINANCIAL INFORMATION,Item 2 - MANAGEMENT'S DISCUSSION AND ANALYSIS OF FINANCIAL CONDITION AND RESULTS OF OPERATIONS,"the company faces various worldwide health care changes that may continue to result in pricing pressures that include health care cost containment and government legislation relating to sales, promotions and reimbursement of health care products.",discussion
Part I  -  FINANCIAL INFORMATION,Item 2 - MANAGEMENT'S DISCUSSION AND ANALYSIS OF FINANCIAL CONDITION AND RESULTS OF OPERATIONS,"changes in the behavior and spending patterns of purchasers of health care products and services, including delaying medical procedures, rationing prescription medications, reducing the frequency of physician visits and foregoing health care insurance coverage, as a result of the current global economic downturn, may continue to impact the company's businesses.",discussion
Part I  -  FINANCIAL INFORMATION,Item 2 - MANAGEMENT'S DISCUSSION AND ANALYSIS OF FINANCIAL CONDITION AND RESULTS OF OPERATIONS,the company also operates in an environment increasingly hostile to intellectual property rights.,discussion
Part I  -  FINANCIAL INFORMATION,Item 2 - MANAGEMENT'S DISCUSSION AND ANALYSIS OF FINANCIAL CONDITION AND RESULTS OF OPERATIONS,"firms have filed abbreviated new drug applications or biosimilar biological product applications with the fda or otherwise challenged the coverage and/or validity of the company's patents, seeking to market generic or biosimilar forms of many of the company's key pharmaceutical products prior to expiration of the applicable patents covering those products.",discussion
Part I  -  FINANCIAL INFORMATION,Item 2 - MANAGEMENT'S DISCUSSION AND ANALYSIS OF FINANCIAL CONDITION AND RESULTS OF OPERATIONS,"in the event the company is not successful in defending the patent claims challenged in the resulting lawsuits, generic or biosimilar versions of the products at issue will be introduced to the market, resulting in the potential for substantial market share and revenue losses for those products, and which may result in a non-cash impairment charge in any associated intangible asset.",discussion
Part I  -  FINANCIAL INFORMATION,Item 2 - MANAGEMENT'S DISCUSSION AND ANALYSIS OF FINANCIAL CONDITION AND RESULTS OF OPERATIONS,"for further information, see the discussion on ""remicade® related cases"" and ""litigation against filers of abbreviated new drug applications"" in note 11 to the consolidated financial statements.",discussion
Part I  -  FINANCIAL INFORMATION,Item 2 - MANAGEMENT'S DISCUSSION AND ANALYSIS OF FINANCIAL CONDITION AND RESULTS OF OPERATIONS,cautionary factors that may affect future results this form 10-q contains forward-looking statements.,discussion
Part I  -  FINANCIAL INFORMATION,Item 2 - MANAGEMENT'S DISCUSSION AND ANALYSIS OF FINANCIAL CONDITION AND RESULTS OF OPERATIONS,forward-looking statements do not relate strictly to historical or current facts and anticipate results based on management's plans that are subject to uncertainty.,discussion
Part I  -  FINANCIAL INFORMATION,Item 2 - MANAGEMENT'S DISCUSSION AND ANALYSIS OF FINANCIAL CONDITION AND RESULTS OF OPERATIONS,"forward-looking statements may be identified by the use of words like ""plans,"" ""expects,"" ""will,"" ""anticipates,"" ""estimates"" and other words of similar meaning in conjunction with, among other things, discussions of future operations, financial performance, the company's strategy for growth, product development, regulatory approval, market position and expenditures.",discussion
Part I  -  FINANCIAL INFORMATION,Item 2 - MANAGEMENT'S DISCUSSION AND ANALYSIS OF FINANCIAL CONDITION AND RESULTS OF OPERATIONS,forward-looking statements are based on current expectations of future events.,discussion
Part I  -  FINANCIAL INFORMATION,Item 2 - MANAGEMENT'S DISCUSSION AND ANALYSIS OF FINANCIAL CONDITION AND RESULTS OF OPERATIONS,"the company cannot guarantee that any forward-looking statement will be accurate, although the company believes that it has been reasonable in its expectations and assumptions.",discussion
Part I  -  FINANCIAL INFORMATION,Item 2 - MANAGEMENT'S DISCUSSION AND ANALYSIS OF FINANCIAL CONDITION AND RESULTS OF OPERATIONS,"investors should realize that if underlying assumptions prove inaccurate or that known or unknown risks or uncertainties materialize, actual results could vary materially from the company's expectations and projections.",discussion
Part I  -  FINANCIAL INFORMATION,Item 2 - MANAGEMENT'S DISCUSSION AND ANALYSIS OF FINANCIAL CONDITION AND RESULTS OF OPERATIONS,investors are therefore cautioned not to place undue reliance on any forward-looking statements.,discussion
Part I  -  FINANCIAL INFORMATION,Item 2 - MANAGEMENT'S DISCUSSION AND ANALYSIS OF FINANCIAL CONDITION AND RESULTS OF OPERATIONS,the company does not undertake to update any forward-looking statements as a result of new information or future events or developments.,discussion
Part I  -  FINANCIAL INFORMATION,Item 2 - MANAGEMENT'S DISCUSSION AND ANALYSIS OF FINANCIAL CONDITION AND RESULTS OF OPERATIONS,"risks and uncertainties include, but are not limited to: economic factors, such as interest rate and currency exchange rate fluctuations; competition, including technological advances, new products and patents attained by competitors; challenges and uncertainties inherent in new product development, including uncertainty of clinical success and obtaining regulatory approvals; uncertainty of commercial success of new and existing products; challenges to patents; the impact of patent expirations; the ability of the company to successfully execute strategic plans, including restructuring plans; the potential that the expected benefits and opportunities related to the restructuring may not be realized or may take longer to realize than expected; significant adverse litigation or government action, including related to product liability claims; impact of business combinations and divestitures; market conditions and the possibility that the on-going share repurchase program may be suspended or discontinued; significant changes in customer relationships or changes in behavior and spending patterns or financial distress of purchasers of health care products and services; changes to applicable laws and regulations, including global health care reforms; trends toward health care cost containment; increased scrutiny of the health care industry by government agencies; financial instability of international economies and legal systems and sovereign risk; manufacturing difficulties or delays, internally or within the supply chain; complex global supply chains with increasing regulatory requirements; product efficacy or safety concerns resulting in product recalls or regulatory action; disruptions due to natural disasters; and the potential failure to meet obligations in compliance agreements with government bodies.",discussion
Part I  -  FINANCIAL INFORMATION,Item 2 - MANAGEMENT'S DISCUSSION AND ANALYSIS OF FINANCIAL CONDITION AND RESULTS OF OPERATIONS,"the company's annual report on form 10-k for the fiscal year ended january 3, 2016, including exhibit 99 thereto, contains a discussion of additional factors that could cause actual results to differ from expectations.",discussion
Part I  -  FINANCIAL INFORMATION,Item 2 - MANAGEMENT'S DISCUSSION AND ANALYSIS OF FINANCIAL CONDITION AND RESULTS OF OPERATIONS,the company notes these factors as permitted by the private securities litigation reform act of 1995.,discussion
Part I  -  FINANCIAL INFORMATION,Item 2 - MANAGEMENT'S DISCUSSION AND ANALYSIS OF FINANCIAL CONDITION AND RESULTS OF OPERATIONS,38 table of contents,discussion
