seq,description,document,href,type,size
1,10-Q,fb-9302016x10q.htm,https://www.sec.gov/Archives/edgar/data/1326801/000132680116000087/fb-9302016x10q.htm,10-Q,1328548
2,EXHIBIT 31.1,fb-9302016xex311.htm,https://www.sec.gov/Archives/edgar/data/1326801/000132680116000087/fb-9302016xex311.htm,EX-31.1,10535
3,EXHIBIT 31.2,fb-9302016xex312.htm,https://www.sec.gov/Archives/edgar/data/1326801/000132680116000087/fb-9302016xex312.htm,EX-31.2,10653
4,EXHIBIT 32.1,fb-9302016xex321.htm,https://www.sec.gov/Archives/edgar/data/1326801/000132680116000087/fb-9302016xex321.htm,EX-32.1,7826
5,EXHIBIT 32.2,fb-9302016xex322.htm,https://www.sec.gov/Archives/edgar/data/1326801/000132680116000087/fb-9302016xex322.htm,EX-32.2,7833
12,,dailyactiveusers93016.jpg,https://www.sec.gov/Archives/edgar/data/1326801/000132680116000087/dailyactiveusers93016.jpg,GRAPHIC,235085
13,,mobiledailyactiveusers93016.jpg,https://www.sec.gov/Archives/edgar/data/1326801/000132680116000087/mobiledailyactiveusers93016.jpg,GRAPHIC,44103
14,,mobilemonthlyactiveusers9301.jpg,https://www.sec.gov/Archives/edgar/data/1326801/000132680116000087/mobilemonthlyactiveusers9301.jpg,GRAPHIC,42708
15,,monthlyactiveusers93016v2.jpg,https://www.sec.gov/Archives/edgar/data/1326801/000132680116000087/monthlyactiveusers93016v2.jpg,GRAPHIC,200764
16,,revenuearpu93016v2.jpg,https://www.sec.gov/Archives/edgar/data/1326801/000132680116000087/revenuearpu93016v2.jpg,GRAPHIC,218998
17,,usermetricsfbimage93016.jpg,https://www.sec.gov/Archives/edgar/data/1326801/000132680116000087/usermetricsfbimage93016.jpg,GRAPHIC,13431
NA,Complete submission text file,0001326801-16-000087.txt,https://www.sec.gov/Archives/edgar/data/1326801/000132680116000087/0001326801-16-000087.txt, ,7220392
6,XBRL INSTANCE DOCUMENT,fb-20160930.xml,https://www.sec.gov/Archives/edgar/data/1326801/000132680116000087/fb-20160930.xml,EX-101.INS,1514490
7,XBRL TAXONOMY EXTENSION SCHEMA DOCUMENT,fb-20160930.xsd,https://www.sec.gov/Archives/edgar/data/1326801/000132680116000087/fb-20160930.xsd,EX-101.SCH,32967
8,XBRL TAXONOMY EXTENSION CALCULATION LINKBASE DOCUMENT,fb-20160930_cal.xml,https://www.sec.gov/Archives/edgar/data/1326801/000132680116000087/fb-20160930_cal.xml,EX-101.CAL,74993
9,XBRL TAXONOMY EXTENSION DEFINITION LINKBASE DOCUMENT,fb-20160930_def.xml,https://www.sec.gov/Archives/edgar/data/1326801/000132680116000087/fb-20160930_def.xml,EX-101.DEF,185516
10,XBRL TAXONOMY EXTENSION LABEL LINKBASE DOCUMENT,fb-20160930_lab.xml,https://www.sec.gov/Archives/edgar/data/1326801/000132680116000087/fb-20160930_lab.xml,EX-101.LAB,497997
11,XBRL TAXONOMY EXTENSION PRESENTATION LINKBASE DOCUMENT,fb-20160930_pre.xml,https://www.sec.gov/Archives/edgar/data/1326801/000132680116000087/fb-20160930_pre.xml,EX-101.PRE,284676
