part.name,item.name,sentence_text,section
PART I. FINANCIAL INFORMATION,Item 2. Management's Discussion and Analysis of Financial Condition and Results of Operations,item 2.,discussion
PART I. FINANCIAL INFORMATION,Item 2. Management's Discussion and Analysis of Financial Condition and Results of Operations,management's discussion and analysis of financial condition and results of operations forward-looking statements this quarterly report on form 10-q includes forward-looking statements within the meaning of the private securities litigation reform act of 1995.,discussion
PART I. FINANCIAL INFORMATION,Item 2. Management's Discussion and Analysis of Financial Condition and Results of Operations,"all statements other than statements of historical fact, including statements regarding guidance, industry prospects, or future results of operations or financial position, made in this quarterly report on form 10-q are forward-looking.",discussion
PART I. FINANCIAL INFORMATION,Item 2. Management's Discussion and Analysis of Financial Condition and Results of Operations,"we use words such as anticipates, believes, expects, future, intends, and similar expressions to identify forward-looking statements.",discussion
PART I. FINANCIAL INFORMATION,Item 2. Management's Discussion and Analysis of Financial Condition and Results of Operations,forward-looking statements reflect management's current expectations and are inherently uncertain.,discussion
PART I. FINANCIAL INFORMATION,Item 2. Management's Discussion and Analysis of Financial Condition and Results of Operations,"actual results could differ materially for a variety of reasons, including, among others, fluctuations in foreign exchange rates, changes in global economic conditions and customer spending, world events, the rate of growth of the internet, online commerce, and cloud services, the amount that amazon.com invests in new business opportunities and the timing of those investments, the mix of products and services sold to customers, the mix of net sales derived from products as compared with services, the extent to which we owe income taxes, competition, management of growth, potential fluctuations in operating results, international growth and expansion, the outcomes of legal proceedings and claims, fulfillment, sortation, delivery, and data center optimization, risks of inventory management, seasonality, the degree to which we enter into, maintain, and develop commercial agreements, acquisitions and strategic transactions, payments risks, and risks of fulfillment throughput and productivity.",discussion
PART I. FINANCIAL INFORMATION,Item 2. Management's Discussion and Analysis of Financial Condition and Results of Operations,"in addition, the current global economic climate amplifies many of these risks.",discussion
PART I. FINANCIAL INFORMATION,Item 2. Management's Discussion and Analysis of Financial Condition and Results of Operations,"these risks and uncertainties, as well as other risks and uncertainties that could cause our actual results to differ significantly from management's expectations, are described in greater detail in item 1a of part ii, ""risk factors.""",discussion
PART I. FINANCIAL INFORMATION,Item 2. Management's Discussion and Analysis of Financial Condition and Results of Operations,"for additional information, see item 7 of part ii, ""management's discussion and analysis of financial condition and results of operations  -  overview"" of our 2015 annual report on form 10-k.",discussion
PART I. FINANCIAL INFORMATION,Item 2. Management's Discussion and Analysis of Financial Condition and Results of Operations,"critical accounting judgments the preparation of financial statements in conformity with gaap requires estimates and assumptions that affect the reported amounts of assets and liabilities, revenues and expenses, and related disclosures of contingent assets and liabilities in the consolidated financial statements and accompanying notes.",discussion
PART I. FINANCIAL INFORMATION,Item 2. Management's Discussion and Analysis of Financial Condition and Results of Operations,"the sec has defined a company's critical accounting policies as the ones that are most important to the portrayal of the company's financial condition and results of operations, and which require the company to make its most difficult and subjective judgments, often as a result of the need to make estimates of matters that are inherently uncertain.",discussion
PART I. FINANCIAL INFORMATION,Item 2. Management's Discussion and Analysis of Financial Condition and Results of Operations,"based on this definition, we have identified the critical accounting policies and judgments addressed below.",discussion
PART I. FINANCIAL INFORMATION,Item 2. Management's Discussion and Analysis of Financial Condition and Results of Operations,"we also have other key accounting policies, which involve the use of estimates, judgments, and assumptions that are significant to understanding our results.",discussion
PART I. FINANCIAL INFORMATION,Item 2. Management's Discussion and Analysis of Financial Condition and Results of Operations,"for additional information, see item 8 of part ii, ""financial statements and supplementary data  -  note 1  -  description of business and accounting policies,"" of our 2015 annual report on form 10-k and item 1 of part i, ""financial statements  -  note 1  -  accounting policies,"" of this form 10-q.",discussion
PART I. FINANCIAL INFORMATION,Item 2. Management's Discussion and Analysis of Financial Condition and Results of Operations,"although we believe that our estimates, assumptions, and judgments are reasonable, they are based upon information presently available.",discussion
PART I. FINANCIAL INFORMATION,Item 2. Management's Discussion and Analysis of Financial Condition and Results of Operations,"actual results may differ significantly from these estimates under different assumptions, judgments, or conditions.",discussion
PART I. FINANCIAL INFORMATION,Item 2. Management's Discussion and Analysis of Financial Condition and Results of Operations,"inventories inventories, consisting of products available for sale, are primarily accounted for using the first-in first-out method, and are valued at the lower of cost or market value.",discussion
PART I. FINANCIAL INFORMATION,Item 2. Management's Discussion and Analysis of Financial Condition and Results of Operations,"this valuation requires us to make judgments, based on currently-available information, about the likely method of disposition, such as through sales to individual customers, returns to product vendors, or liquidations, and expected recoverable values of each disposition category.",discussion
PART I. FINANCIAL INFORMATION,Item 2. Management's Discussion and Analysis of Financial Condition and Results of Operations,these assumptions about future disposition of inventory are inherently uncertain and changes in our estimates and assumptions may cause us to realize material write-downs in the future.,discussion
PART I. FINANCIAL INFORMATION,Item 2. Management's Discussion and Analysis of Financial Condition and Results of Operations,"as a measure of sensitivity, for every 1% of additional inventory valuation allowance as of september 30, 2016, we would have recorded an additional cost of sales of approximately $120 million.",discussion
PART I. FINANCIAL INFORMATION,Item 2. Management's Discussion and Analysis of Financial Condition and Results of Operations,"in addition, we enter into supplier commitments for certain electronic device components.",discussion
PART I. FINANCIAL INFORMATION,Item 2. Management's Discussion and Analysis of Financial Condition and Results of Operations,these commitments are based on forecasted customer demand.,discussion
PART I. FINANCIAL INFORMATION,Item 2. Management's Discussion and Analysis of Financial Condition and Results of Operations,"if we reduce these commitments, we may incur additional costs.",discussion
PART I. FINANCIAL INFORMATION,Item 2. Management's Discussion and Analysis of Financial Condition and Results of Operations,goodwill we evaluate goodwill for impairment annually or more frequently when an event occurs or circumstances change that indicate the carrying value may not be recoverable.,discussion
PART I. FINANCIAL INFORMATION,Item 2. Management's Discussion and Analysis of Financial Condition and Results of Operations,the measurement date of our annual goodwill impairment test is april 1.,discussion
PART I. FINANCIAL INFORMATION,Item 2. Management's Discussion and Analysis of Financial Condition and Results of Operations,"in testing goodwill for impairment, we may elect to utilize a qualitative assessment to evaluate whether it is more likely than not that the fair value of a reporting unit is less than its carrying amount.",discussion
PART I. FINANCIAL INFORMATION,Item 2. Management's Discussion and Analysis of Financial Condition and Results of Operations,"if our qualitative assessment indicates that goodwill impairment is more likely than not, we perform a two-step impairment test.",discussion
PART I. FINANCIAL INFORMATION,Item 2. Management's Discussion and Analysis of Financial Condition and Results of Operations,we test goodwill for impairment under the two-step impairment test by first comparing the book value of net assets to the fair value of the reporting units.,discussion
PART I. FINANCIAL INFORMATION,Item 2. Management's Discussion and Analysis of Financial Condition and Results of Operations,"if the fair value is determined to be less than the book value or qualitative factors indicate that it is more likely than not that goodwill is impaired, 17 table of contents a second step is performed to compute the amount of impairment as the difference between the estimated fair value of goodwill and the carrying value.",discussion
PART I. FINANCIAL INFORMATION,Item 2. Management's Discussion and Analysis of Financial Condition and Results of Operations,we estimate the fair value of the reporting units using discounted cash flows.,discussion
PART I. FINANCIAL INFORMATION,Item 2. Management's Discussion and Analysis of Financial Condition and Results of Operations,"forecasts of future cash flows are based on our best estimate of future net sales and operating expenses, based primarily on expected category expansion, pricing, market segment share, and general economic conditions.",discussion
PART I. FINANCIAL INFORMATION,Item 2. Management's Discussion and Analysis of Financial Condition and Results of Operations,certain estimates of discounted cash flows involve businesses and geographies with limited financial history and developing revenue models.,discussion
PART I. FINANCIAL INFORMATION,Item 2. Management's Discussion and Analysis of Financial Condition and Results of Operations,"changes in these forecasts could significantly change the amount of impairment recorded, if any.",discussion
PART I. FINANCIAL INFORMATION,Item 2. Management's Discussion and Analysis of Financial Condition and Results of Operations,"we completed the required annual testing of goodwill for impairment for all reporting units as of april 1, 2016, and determined that goodwill was not impaired.",discussion
PART I. FINANCIAL INFORMATION,Item 2. Management's Discussion and Analysis of Financial Condition and Results of Operations,"during the quarter, management monitored the actual performance of the business relative to the fair value assumptions used during our annual goodwill impairment test.",discussion
PART I. FINANCIAL INFORMATION,Item 2. Management's Discussion and Analysis of Financial Condition and Results of Operations,"for the periods presented, no triggering events were identified that required an interim impairment test.",discussion
PART I. FINANCIAL INFORMATION,Item 2. Management's Discussion and Analysis of Financial Condition and Results of Operations,"as a measure of sensitivity, a 10% decrease in the fair value of any of our reporting units as of april 1, 2016, would have had no impact on the carrying value of our goodwill.",discussion
PART I. FINANCIAL INFORMATION,Item 2. Management's Discussion and Analysis of Financial Condition and Results of Operations,financial and credit market volatility directly impacts the fair value measurement through our weighted-average cost of capital that we use to determine a discount rate and through our stock price that we use to determine our market capitalization.,discussion
PART I. FINANCIAL INFORMATION,Item 2. Management's Discussion and Analysis of Financial Condition and Results of Operations,"during times of volatility, significant judgment must be applied to determine whether credit or stock price changes are short-term in nature or a longer-term trend.",discussion
PART I. FINANCIAL INFORMATION,Item 2. Management's Discussion and Analysis of Financial Condition and Results of Operations,we have not made any significant changes to the accounting methodology used to evaluate goodwill for impairment.,discussion
PART I. FINANCIAL INFORMATION,Item 2. Management's Discussion and Analysis of Financial Condition and Results of Operations,changes in our estimated future cash flows and asset fair values may cause us to realize material impairment charges in the future.,discussion
PART I. FINANCIAL INFORMATION,Item 2. Management's Discussion and Analysis of Financial Condition and Results of Operations,"as a measure of sensitivity, a prolonged 20% decrease from our september 30, 2016 closing stock price would not be an indicator of possible impairment.",discussion
PART I. FINANCIAL INFORMATION,Item 2. Management's Discussion and Analysis of Financial Condition and Results of Operations,stock-based compensation we measure compensation cost for stock awards at fair value and recognize it as compensation expense over the service period for awards expected to vest.,discussion
PART I. FINANCIAL INFORMATION,Item 2. Management's Discussion and Analysis of Financial Condition and Results of Operations,the fair value of restricted stock units is determined based on the number of shares granted and the quoted price of our common stock and the fair value of stock options is estimated on the date of grant using a black-scholes model.,discussion
PART I. FINANCIAL INFORMATION,Item 2. Management's Discussion and Analysis of Financial Condition and Results of Operations,"the estimated number of stock awards that will ultimately vest requires judgment, and to the extent actual results or updated estimates differ from our current estimates, such amounts will be recorded as a cumulative adjustment in the period estimates are revised.",discussion
PART I. FINANCIAL INFORMATION,Item 2. Management's Discussion and Analysis of Financial Condition and Results of Operations,"we consider many factors when estimating expected forfeitures, including employee level, economic conditions, time remaining to vest, and historical forfeiture experience.",discussion
PART I. FINANCIAL INFORMATION,Item 2. Management's Discussion and Analysis of Financial Condition and Results of Operations,we update our estimated forfeiture rate quarterly.,discussion
PART I. FINANCIAL INFORMATION,Item 2. Management's Discussion and Analysis of Financial Condition and Results of Operations,we have not made any significant changes to the accounting methodology used to evaluate stock-based compensation.,discussion
PART I. FINANCIAL INFORMATION,Item 2. Management's Discussion and Analysis of Financial Condition and Results of Operations,changes in our estimates and assumptions may cause us to realize material changes in stock-based compensation expense in the future.,discussion
PART I. FINANCIAL INFORMATION,Item 2. Management's Discussion and Analysis of Financial Condition and Results of Operations,"as a measure of sensitivity, a 1% change to our estimated forfeiture rate would have had an approximately $70 million impact on our q3 2016 operating income.",discussion
PART I. FINANCIAL INFORMATION,Item 2. Management's Discussion and Analysis of Financial Condition and Results of Operations,"our estimated forfeiture rate as of september 30, 2016, and december 31, 2015, was 28%.",discussion
PART I. FINANCIAL INFORMATION,Item 2. Management's Discussion and Analysis of Financial Condition and Results of Operations,"we utilize the accelerated method, rather than the straight-line method, for recognizing compensation expense.",discussion
PART I. FINANCIAL INFORMATION,Item 2. Management's Discussion and Analysis of Financial Condition and Results of Operations,"for example, over 50% of the compensation cost related to an award vesting ratably over four years is expensed in the first year.",discussion
PART I. FINANCIAL INFORMATION,Item 2. Management's Discussion and Analysis of Financial Condition and Results of Operations,"if forfeited early in the life of an award, the compensation expense adjustment is much greater under an accelerated method than under a straight-line method.",discussion
PART I. FINANCIAL INFORMATION,Item 2. Management's Discussion and Analysis of Financial Condition and Results of Operations,income taxes we are subject to income taxes in the u.s. (federal and state) and numerous foreign jurisdictions.,discussion
PART I. FINANCIAL INFORMATION,Item 2. Management's Discussion and Analysis of Financial Condition and Results of Operations,"tax laws, regulations, and administrative practices in various jurisdictions may be subject to significant change due to economic, political, and other conditions, and significant judgment is required in evaluating and estimating our provision and accruals for these taxes.",discussion
PART I. FINANCIAL INFORMATION,Item 2. Management's Discussion and Analysis of Financial Condition and Results of Operations,there are many transactions that occur during the ordinary course of business for which the ultimate tax determination is uncertain.,discussion
PART I. FINANCIAL INFORMATION,Item 2. Management's Discussion and Analysis of Financial Condition and Results of Operations,"our effective tax rates could be affected by earnings being lower than anticipated in jurisdictions where we have lower statutory rates and higher than anticipated in jurisdictions where we have higher statutory rates, losses incurred in jurisdictions for which we are not able to realize the related tax benefit, changes in foreign currency exchange rates, entry into new businesses and geographies and changes to our existing businesses, acquisitions (including integrations) and investments, changes in our deferred tax assets and liabilities and their valuation, and changes in the relevant tax, accounting, and other laws, regulations, administrative practices, principles, and interpretations, including fundamental changes to the tax laws applicable to corporate multinationals.",discussion
PART I. FINANCIAL INFORMATION,Item 2. Management's Discussion and Analysis of Financial Condition and Results of Operations,"the u.s., the european union and its member states, and a number of other countries are actively pursuing changes in this regard.",discussion
PART I. FINANCIAL INFORMATION,Item 2. Management's Discussion and Analysis of Financial Condition and Results of Operations,"except as required under u.s. tax laws, we do not provide for u.s. taxes on our undistributed earnings of foreign subsidiaries that have not been previously taxed since we intend to invest such undistributed earnings indefinitely outside of the u.s.",discussion
PART I. FINANCIAL INFORMATION,Item 2. Management's Discussion and Analysis of Financial Condition and Results of Operations,"if our intent changes or if these funds are needed for our u.s. operations, we would be required to accrue or pay u.s. taxes on some or all of these undistributed earnings and our effective tax rate would be adversely affected.",discussion
PART I. FINANCIAL INFORMATION,Item 2. Management's Discussion and Analysis of Financial Condition and Results of Operations,"we are also currently subject to audit in various jurisdictions, and these jurisdictions may assess additional income tax liabilities against us.",discussion
PART I. FINANCIAL INFORMATION,Item 2. Management's Discussion and Analysis of Financial Condition and Results of Operations,"18 table of contents developments in an audit, litigation, or the relevant laws, regulations, administrative practices, principles, and interpretations could have a material effect on our operating results or cash flows in the period or periods for which that development occurs, as well as for prior and subsequent periods.",discussion
PART I. FINANCIAL INFORMATION,Item 2. Management's Discussion and Analysis of Financial Condition and Results of Operations,"for instance, the irs is seeking to increase our u.s. taxable income related to transfer pricing with our foreign subsidiaries for transactions undertaken in 2005 and 2006, and we are currently contesting the matter in u.s.",discussion
PART I. FINANCIAL INFORMATION,Item 2. Management's Discussion and Analysis of Financial Condition and Results of Operations,tax court.,discussion
PART I. FINANCIAL INFORMATION,Item 2. Management's Discussion and Analysis of Financial Condition and Results of Operations,"in addition to the risk of additional tax for 2005 and 2006 transactions, if this litigation is adversely determined or if the irs were to seek transfer pricing adjustments of a similar nature for transactions in subsequent years, we could be subject to significant additional tax liabilities.",discussion
PART I. FINANCIAL INFORMATION,Item 2. Management's Discussion and Analysis of Financial Condition and Results of Operations,"in addition, in october 2014, the european commission opened a formal investigation to examine whether decisions by the tax authorities in luxembourg with regard to the corporate income tax paid by certain of our subsidiaries comply with european union rules on state aid.",discussion
PART I. FINANCIAL INFORMATION,Item 2. Management's Discussion and Analysis of Financial Condition and Results of Operations,"if this matter is adversely resolved, luxembourg may be required to assess, and we may be required to pay, additional amounts with respect to current and prior periods and our taxes in the future could increase.",discussion
PART I. FINANCIAL INFORMATION,Item 2. Management's Discussion and Analysis of Financial Condition and Results of Operations,"although we believe our tax estimates are reasonable, the final outcome of tax audits, investigations, and any related litigation could be materially different from our historical income tax provisions and accruals.",discussion
PART I. FINANCIAL INFORMATION,Item 2. Management's Discussion and Analysis of Financial Condition and Results of Operations,"recent accounting pronouncements see item 1 of part i, ""financial statements  -  note 1  -  accounting policies  -  recent accounting pronouncements.""",discussion
PART I. FINANCIAL INFORMATION,Item 2. Management's Discussion and Analysis of Financial Condition and Results of Operations,"19 table of contents liquidity and capital resources cash flow information is as follows (in millions): three months ended   september 30,   nine months ended   september 30,   twelve months ended   september 30,   2016   2015   2016   2015   2016   2015 cash provided by (used in):                       operating activities $ 4,486     $ 2,610     $ 5,791     $ 3,108     $ 14,603     $ 9,823   investing activities (2,570 )   (1,377 )   (5,702 )   (4,600 )   (7,552 )   (7,065 ) financing activities (827 )   (730 )   (2,655 )   (2,073 )   (4,345 )   3,136 our principal sources of liquidity are cash flows generated from operations and our cash, cash equivalents, and marketable securities balances, which, at fair value, were $18.3 billion and $19.8 billion as of september 30, 2016, and december 31, 2015.",discussion
PART I. FINANCIAL INFORMATION,Item 2. Management's Discussion and Analysis of Financial Condition and Results of Operations,"amounts held in foreign currencies were $5.9 billion and $7.3 billion as of september 30, 2016, and december 31, 2015, and were primarily euros, japanese yen, and british pounds.",discussion
PART I. FINANCIAL INFORMATION,Item 2. Management's Discussion and Analysis of Financial Condition and Results of Operations,"cash provided by (used in) operating activities was $4.5 billion and $2.6 billion for q3 2016 and q3 2015, and $5.8 billion and $3.1 billion for the nine months ended september 30, 2016 and 2015.",discussion
PART I. FINANCIAL INFORMATION,Item 2. Management's Discussion and Analysis of Financial Condition and Results of Operations,"our operating cash flows result primarily from cash received from our consumer, seller, developer, enterprise, and content creator customers, advertising agreements, and our co-branded credit card agreements, offset by cash payments we make for products and services, employee compensation (less amounts capitalized related to internal-use software that are reflected as cash used in investing activities), payment processing and related transaction costs, operating leases, and interest payments on our long-term obligations.",discussion
PART I. FINANCIAL INFORMATION,Item 2. Management's Discussion and Analysis of Financial Condition and Results of Operations,cash received from our customers and other activities generally corresponds to our net sales.,discussion
PART I. FINANCIAL INFORMATION,Item 2. Management's Discussion and Analysis of Financial Condition and Results of Operations,"because consumers primarily use credit cards to buy from us, our receivables from consumers settle quickly.",discussion
PART I. FINANCIAL INFORMATION,Item 2. Management's Discussion and Analysis of Financial Condition and Results of Operations,"the increase in operating cash flow for the trailing twelve months ended september 30, 2016, compared to the comparable prior year period, was primarily due to the increase in net income, excluding non-cash charges such as depreciation, amortization, and stock-based compensation.",discussion
PART I. FINANCIAL INFORMATION,Item 2. Management's Discussion and Analysis of Financial Condition and Results of Operations,cash provided by (used in) operating activities is also subject to changes in working capital.,discussion
PART I. FINANCIAL INFORMATION,Item 2. Management's Discussion and Analysis of Financial Condition and Results of Operations,"working capital at any specific point in time is subject to many variables, including seasonality, inventory management and category expansion, the timing of cash receipts and payments, vendor payment terms, and fluctuations in foreign exchange rates.",discussion
PART I. FINANCIAL INFORMATION,Item 2. Management's Discussion and Analysis of Financial Condition and Results of Operations,"cash provided by (used in) investing activities corresponds with cash capital expenditures, including leasehold improvements, internal-use software and website development costs, cash outlays for acquisitions, investments in other companies and intellectual property rights, and purchases, sales, and maturities of marketable securities.",discussion
PART I. FINANCIAL INFORMATION,Item 2. Management's Discussion and Analysis of Financial Condition and Results of Operations,"cash provided by (used in) investing activities was $(2.6) billion and $(1.4) billion for q3 2016 and q3 2015, and $(5.7) billion and $(4.6) billion for the nine months ended september 30, 2016 and 2015, with the variability caused primarily by our decision to purchase or lease property and equipment, purchases, maturities, and sales of marketable securities, and changes in cash paid for acquisitions.",discussion
PART I. FINANCIAL INFORMATION,Item 2. Management's Discussion and Analysis of Financial Condition and Results of Operations,"cash capital expenditures were $1.8 billion and $1.2 billion during q3 2016 and q3 2015, and $4.7 billion and $3.3 billion for the nine months ended september 30, 2016 and 2015.",discussion
PART I. FINANCIAL INFORMATION,Item 2. Management's Discussion and Analysis of Financial Condition and Results of Operations,this primarily reflects additional investments in support of continued business growth due to investments in technology infrastructure (the majority of which is to support aws) and additional capacity to support our fulfillment operations.,discussion
PART I. FINANCIAL INFORMATION,Item 2. Management's Discussion and Analysis of Financial Condition and Results of Operations,"capital expenditures included $97 million and $127 million for internal-use software and website development during q3 2016 and q3 2015, and $326 million and $406 million for the nine months ended september 30, 2016 and 2015.",discussion
PART I. FINANCIAL INFORMATION,Item 2. Management's Discussion and Analysis of Financial Condition and Results of Operations,stock-based compensation capitalized for internal-use software and website development costs does not affect cash flows.,discussion
PART I. FINANCIAL INFORMATION,Item 2. Management's Discussion and Analysis of Financial Condition and Results of Operations,"we made cash payments, net of acquired cash, related to acquisition and other investment activity of $84 million and $105 million during q3 2016 and q3 2015, and $113 million and $478 million for the nine months ended september 30, 2016 and 2015.",discussion
PART I. FINANCIAL INFORMATION,Item 2. Management's Discussion and Analysis of Financial Condition and Results of Operations,"cash provided by (used in) financing activities was $(827) million and $(730) million for q3 2016 and q3 2015, and $(2.7) billion and $(2.1) billion for the nine months ended september 30, 2016 and 2015.",discussion
PART I. FINANCIAL INFORMATION,Item 2. Management's Discussion and Analysis of Financial Condition and Results of Operations,cash outflows from financing activities result from principal repayments on obligations related to capital leases and finance leases and repayments of long-term debt and other.,discussion
PART I. FINANCIAL INFORMATION,Item 2. Management's Discussion and Analysis of Financial Condition and Results of Operations,"principal repayments on obligations related to capital leases and finance leases and repayments of long-term debt and other were $1.0 billion and $858 million in q3 2016 and q3 2015, and $3.2 billion and $2.5 billion for the nine months ended september 30, 2016 and 2015.",discussion
PART I. FINANCIAL INFORMATION,Item 2. Management's Discussion and Analysis of Financial Condition and Results of Operations,"property and equipment acquired under capital leases was $1.4 billion and $1.0 billion during q3 2016 and q3 2015, and $3.7 billion and $3.4 billion for the nine months ended september 30, 2016 and 2015, reflecting investments in support of continued business growth primarily due to investments in technology infrastructure for aws, which investments we expect to continue over time.",discussion
PART I. FINANCIAL INFORMATION,Item 2. Management's Discussion and Analysis of Financial Condition and Results of Operations,cash inflows from financing activities primarily result from proceeds from long-term debt and other and tax benefits relating to excess stock-based compensation deductions.,discussion
PART I. FINANCIAL INFORMATION,Item 2. Management's Discussion and Analysis of Financial Condition and Results of Operations,"proceeds from long-term debt and other were $8 million and $33 million in q3 2016 and q3 2015, and $83 million and $260 million for the nine months ended september 30, 2016 and 2015.",discussion
PART I. FINANCIAL INFORMATION,Item 2. Management's Discussion and Analysis of Financial Condition and Results of Operations,tax benefits relating to excess stock-based compensation deductions are presented as financing cash flows.,discussion
PART I. FINANCIAL INFORMATION,Item 2. Management's Discussion and Analysis of Financial Condition and Results of Operations,"cash inflows from tax benefits related to stock-based compensation deductions were $173 20 table of contents million and $95 million in q3 2016 and q3 2015, and $493 million and $212 million for the nine months ended september 30, 2016 and 2015.",discussion
PART I. FINANCIAL INFORMATION,Item 2. Management's Discussion and Analysis of Financial Condition and Results of Operations,"we had no borrowings outstanding under our $3.0 billion credit agreement as of september 30, 2016.",discussion
PART I. FINANCIAL INFORMATION,Item 2. Management's Discussion and Analysis of Financial Condition and Results of Operations,"see item 1 of part i, ""financial statements  -  note 4  -  long-term debt"" for additional information.",discussion
PART I. FINANCIAL INFORMATION,Item 2. Management's Discussion and Analysis of Financial Condition and Results of Operations,"we recorded net tax provisions of $229 million and $161 million in q3 2016 and q3 2015, and $1.0 billion and $498 million for the nine months ended september 30, 2016 and 2015.",discussion
PART I. FINANCIAL INFORMATION,Item 2. Management's Discussion and Analysis of Financial Condition and Results of Operations,"except as required under u.s. tax laws, we do not provide for u.s. taxes on our undistributed earnings of foreign subsidiaries that have not been previously taxed since we intend to invest such undistributed earnings indefinitely outside of the u.s.",discussion
PART I. FINANCIAL INFORMATION,Item 2. Management's Discussion and Analysis of Financial Condition and Results of Operations,"if our intent changes or if these funds are needed for our u.s. operations, we would be required to accrue or pay u.s. taxes on some or all of these undistributed earnings, and our effective tax rate would be adversely affected.",discussion
PART I. FINANCIAL INFORMATION,Item 2. Management's Discussion and Analysis of Financial Condition and Results of Operations,we have tax benefits relating to excess stock-based compensation deductions and accelerated depreciation deductions that are being utilized to reduce our u.s. taxable income.,discussion
PART I. FINANCIAL INFORMATION,Item 2. Management's Discussion and Analysis of Financial Condition and Results of Operations,"in december 2015, u.s. legislation was enacted that extended accelerated depreciation deductions on qualifying property through 2019.",discussion
PART I. FINANCIAL INFORMATION,Item 2. Management's Discussion and Analysis of Financial Condition and Results of Operations,"cash taxes paid, net of refunds were $91 million and $80 million for q3 2016 and q3 2015, and $317 million and $200 million for the nine months ended september 30, 2016 and 2015.",discussion
PART I. FINANCIAL INFORMATION,Item 2. Management's Discussion and Analysis of Financial Condition and Results of Operations,"as of december 31, 2015, our federal net operating loss carryforward was approximately $1.1 billion and we had approximately $622 million of federal tax credits potentially available to offset future tax liabilities.",discussion
PART I. FINANCIAL INFORMATION,Item 2. Management's Discussion and Analysis of Financial Condition and Results of Operations,"our federal tax credits are primarily related to the u.s. federal research and development credit, which was made permanent in 2015.",discussion
PART I. FINANCIAL INFORMATION,Item 2. Management's Discussion and Analysis of Financial Condition and Results of Operations,"as we utilize our federal net operating losses and tax credits, we expect cash paid for taxes to significantly increase.",discussion
PART I. FINANCIAL INFORMATION,Item 2. Management's Discussion and Analysis of Financial Condition and Results of Operations,"we endeavor to manage our global taxes on a cash basis, rather than on a financial reporting basis.",discussion
PART I. FINANCIAL INFORMATION,Item 2. Management's Discussion and Analysis of Financial Condition and Results of Operations,"our liquidity is also affected by restricted cash balances that are pledged as collateral for standby and trade letters of credit, guarantees, debt, and real estate leases.",discussion
PART I. FINANCIAL INFORMATION,Item 2. Management's Discussion and Analysis of Financial Condition and Results of Operations,"to the extent we process payments for third-party sellers or offer certain types of stored value to our customers, some jurisdictions may restrict our use of those funds.",discussion
PART I. FINANCIAL INFORMATION,Item 2. Management's Discussion and Analysis of Financial Condition and Results of Operations,"these restrictions would result in the reclassification of a portion of our cash and cash equivalents from ""cash and cash equivalents"" to restricted cash, which is classified within ""accounts receivable, net and other"" on our consolidated balance sheets.",discussion
PART I. FINANCIAL INFORMATION,Item 2. Management's Discussion and Analysis of Financial Condition and Results of Operations,"as of september 30, 2016, and december 31, 2015, restricted cash, cash equivalents, and marketable securities were $468 million and $285 million.",discussion
PART I. FINANCIAL INFORMATION,Item 2. Management's Discussion and Analysis of Financial Condition and Results of Operations,"see item 1 of part i, ""financial statements  -  note 3  -  commitments and contingencies"" for additional discussion of our principal contractual commitments, as well as our pledged assets.",discussion
PART I. FINANCIAL INFORMATION,Item 2. Management's Discussion and Analysis of Financial Condition and Results of Operations,"purchase obligations and open purchase orders, consisting of inventory and significant non-inventory commitments, were $10.6 billion as of september 30, 2016.",discussion
PART I. FINANCIAL INFORMATION,Item 2. Management's Discussion and Analysis of Financial Condition and Results of Operations,purchase obligations and open purchase orders are generally cancellable in full or in part through the contractual provisions.,discussion
PART I. FINANCIAL INFORMATION,Item 2. Management's Discussion and Analysis of Financial Condition and Results of Operations,"on average, our high inventory velocity means we generally collect from consumers before our payments to suppliers come due.",discussion
PART I. FINANCIAL INFORMATION,Item 2. Management's Discussion and Analysis of Financial Condition and Results of Operations,inventory turnover1 was 9 for q3 2016 and q3 2015.,discussion
PART I. FINANCIAL INFORMATION,Item 2. Management's Discussion and Analysis of Financial Condition and Results of Operations,"we expect variability in inventory turnover over time since it is affected by several factors, including our product mix, the mix of sales by us and by third-party sellers, our continuing focus on in-stock inventory availability and selection of product offerings, our investment in new geographies and product lines, and the extent to which we choose to utilize third-party fulfillment providers.",discussion
PART I. FINANCIAL INFORMATION,Item 2. Management's Discussion and Analysis of Financial Condition and Results of Operations,"we believe that cash flows generated from operations and our cash, cash equivalents, and marketable securities balances, as well as borrowing available under our credit agreements, will be sufficient to meet our anticipated operating cash needs for at least the next 12 months.",discussion
PART I. FINANCIAL INFORMATION,Item 2. Management's Discussion and Analysis of Financial Condition and Results of Operations,"however, any projections of future cash needs and cash flows are subject to substantial uncertainty.",discussion
PART I. FINANCIAL INFORMATION,Item 2. Management's Discussion and Analysis of Financial Condition and Results of Operations,"see item 1a of part ii, ""risk factors.""",discussion
PART I. FINANCIAL INFORMATION,Item 2. Management's Discussion and Analysis of Financial Condition and Results of Operations,"we continually evaluate opportunities to sell additional equity or debt securities, obtain credit facilities, obtain capital, finance, and operating lease arrangements, repurchase common stock, pay dividends, or repurchase, refinance, or otherwise restructure our debt for strategic reasons or to further strengthen our financial position.",discussion
PART I. FINANCIAL INFORMATION,Item 2. Management's Discussion and Analysis of Financial Condition and Results of Operations,the sale of additional equity or convertible debt securities would likely be dilutive to our shareholders.,discussion
PART I. FINANCIAL INFORMATION,Item 2. Management's Discussion and Analysis of Financial Condition and Results of Operations,"in addition, we will, from time to time, consider the acquisition of, or investment in, complementary businesses, products, services, capital infrastructure, and technologies, which might affect our liquidity requirements or cause us to secure additional financing, or issue additional equity or debt securities.",discussion
PART I. FINANCIAL INFORMATION,Item 2. Management's Discussion and Analysis of Financial Condition and Results of Operations,"there can be no assurance that additional lines-of-credit or financing instruments will be available in amounts or on terms acceptable to us, if at all.",discussion
PART I. FINANCIAL INFORMATION,Item 2. Management's Discussion and Analysis of Financial Condition and Results of Operations,_______________________ (1) inventory turnover is the quotient of trailing twelve month cost of sales to average inventory over five quarter ends.,discussion
PART I. FINANCIAL INFORMATION,Item 2. Management's Discussion and Analysis of Financial Condition and Results of Operations,"21 table of contents results of operations we have organized our operations into three segments: north america, international, and aws.",discussion
PART I. FINANCIAL INFORMATION,Item 2. Management's Discussion and Analysis of Financial Condition and Results of Operations,"in the first quarter of 2016, we began allocating stock-based compensation and ""other operating expense, net"" to our segment results.",discussion
PART I. FINANCIAL INFORMATION,Item 2. Management's Discussion and Analysis of Financial Condition and Results of Operations,these segments reflect the way the company evaluates its business performance and manages its operations.,discussion
PART I. FINANCIAL INFORMATION,Item 2. Management's Discussion and Analysis of Financial Condition and Results of Operations,"see item 1 of part i, ""financial statements  -  note 7  -  segment information.""",discussion
PART I. FINANCIAL INFORMATION,Item 2. Management's Discussion and Analysis of Financial Condition and Results of Operations,net sales net sales include product and service sales.,discussion
PART I. FINANCIAL INFORMATION,Item 2. Management's Discussion and Analysis of Financial Condition and Results of Operations,product sales represent revenue from the sale of products and related shipping fees and digital media content where we record revenue gross.,discussion
PART I. FINANCIAL INFORMATION,Item 2. Management's Discussion and Analysis of Financial Condition and Results of Operations,"service sales represent third-party seller fees earned (including commissions) and related shipping fees, aws sales, digital content subscriptions, advertising services, and our co-branded credit card agreements.",discussion
PART I. FINANCIAL INFORMATION,Item 2. Management's Discussion and Analysis of Financial Condition and Results of Operations,amazon prime membership fees are allocated between product sales and service sales and amortized over the life of the membership according to the estimated delivery of services.,discussion
PART I. FINANCIAL INFORMATION,Item 2. Management's Discussion and Analysis of Financial Condition and Results of Operations,"net sales information is as follows (in millions): three months ended   september 30,   nine months ended   september 30,   2016   2015   2016   2015 net sales:               north america $ 18,874     $ 15,006     $ 53,544     $ 42,208   international 10,609     8,267     30,019     23,577   aws 3,231     2,085     8,683     5,474   total consolidated $ 32,714     $ 25,358     $ 92,246     $ 71,259   year-over-year percentage growth:               north america 26 %   28 %   27 %   26 % international 28     7     27     3   aws 55     78     59     70   total consolidated 29     23     29     19   year-over-year percentage growth, excluding the effect of foreign exchange rates:               north america 26 %   29 %   27 %   26 % international 28     24     27     20   aws 55     78     59     70   total consolidated 29     30     29     26   net sales mix:               north america 58 %   59 %   58 %   59 % international 32     33     33     33   aws 10     8     9     8   total consolidated 100 %   100 %   100 %   100 % sales increased 29% in q3 2016 and 29% for the nine months ended september 30, 2016, compared to the comparable prior year periods.",discussion
PART I. FINANCIAL INFORMATION,Item 2. Management's Discussion and Analysis of Financial Condition and Results of Operations,"changes in foreign currency exchange rates impacted net sales by $52 million and $(1.3) billion for q3 2016 and q3 2015, and by $8 million and $(4.0) billion for the nine months ended september 30, 2016 and 2015.",discussion
PART I. FINANCIAL INFORMATION,Item 2. Management's Discussion and Analysis of Financial Condition and Results of Operations,"for a discussion of the effect on sales growth of foreign exchange rates, see ""effect of foreign exchange rates"" below.",discussion
PART I. FINANCIAL INFORMATION,Item 2. Management's Discussion and Analysis of Financial Condition and Results of Operations,"north america sales increased 26% in q3 2016 and 27% for the nine months ended september 30, 2016, compared to the comparable prior year periods.",discussion
PART I. FINANCIAL INFORMATION,Item 2. Management's Discussion and Analysis of Financial Condition and Results of Operations,"the sales growth primarily reflects increased unit sales, including sales by marketplace sellers.",discussion
PART I. FINANCIAL INFORMATION,Item 2. Management's Discussion and Analysis of Financial Condition and Results of Operations,"increased unit sales were driven largely by our continued efforts to reduce prices for our customers, including from our shipping offers, sales in faster growing categories such as electronics and other general merchandise, increased in-stock inventory availability, and increased selection of product offerings.",discussion
PART I. FINANCIAL INFORMATION,Item 2. Management's Discussion and Analysis of Financial Condition and Results of Operations,"international sales increased 28% in q3 2016 and 27% for the nine months ended september 30, 2016, compared to the comparable prior year periods.",discussion
PART I. FINANCIAL INFORMATION,Item 2. Management's Discussion and Analysis of Financial Condition and Results of Operations,"the sales growth primarily reflects increased unit sales, including sales by marketplace sellers.",discussion
PART I. FINANCIAL INFORMATION,Item 2. Management's Discussion and Analysis of Financial Condition and Results of Operations,"changes in foreign currency exchange rates impacted international net sales by $54 million and $(1.3) billion for q3 2016 and q3 2015, and $62 million and $(3.9) billion for the nine months ended september 30, 2016 and 2015.",discussion
PART I. FINANCIAL INFORMATION,Item 2. Management's Discussion and Analysis of Financial Condition and Results of Operations,"increased unit sales were driven largely by our continued efforts to reduce prices for our customers, including from our shipping offers, sales in faster 22 table of contents growing categories such as electronics and other general merchandise, increased in-stock inventory availability, and increased selection of product offerings.",discussion
PART I. FINANCIAL INFORMATION,Item 2. Management's Discussion and Analysis of Financial Condition and Results of Operations,"aws sales increased 55% in q3 2016 and 59% for the nine months ended september 30, 2016, compared to the comparable prior year periods.",discussion
PART I. FINANCIAL INFORMATION,Item 2. Management's Discussion and Analysis of Financial Condition and Results of Operations,"the sales growth primarily reflects increased customer usage, partially offset by pricing changes.",discussion
PART I. FINANCIAL INFORMATION,Item 2. Management's Discussion and Analysis of Financial Condition and Results of Operations,pricing changes were driven largely by our continued efforts to reduce prices for our customers.,discussion
PART I. FINANCIAL INFORMATION,Item 2. Management's Discussion and Analysis of Financial Condition and Results of Operations,"operating income (loss) operating income (loss) by segment is as follows (in millions): three months ended   september 30,   nine months ended   september 30,   2016   2015   2016   2015 operating income (loss):               north america $ 255     $ 186     $ 1,545     $ 788   international  (541 )   (208 )   (796 )   (591 ) aws 861     428     2,182     927   total consolidated $ 575     $ 406     $ 2,931     $ 1,124 operating income increased to $575 million in q3 2016, from $406 million in q3 2015, and increased to $2.9 billion for the nine months ended september 30, 2016, from $1.1 billion for the nine months ended september 30, 2015.",discussion
PART I. FINANCIAL INFORMATION,Item 2. Management's Discussion and Analysis of Financial Condition and Results of Operations,we believe that operating income is a more meaningful measure than gross profit and gross margin due to the diversity of our product categories and services.,discussion
PART I. FINANCIAL INFORMATION,Item 2. Management's Discussion and Analysis of Financial Condition and Results of Operations,"the increase in north america operating income in absolute dollars in q3 2016 and for the nine months ended september 30, 2016, compared to the comparable prior year periods, is primarily due to increased unit sales, including sales by marketplace sellers, partially offset by increased levels of operating expenses to expand our fulfillment capacity and spending on technology infrastructure and marketing efforts.",discussion
PART I. FINANCIAL INFORMATION,Item 2. Management's Discussion and Analysis of Financial Condition and Results of Operations,"there was a favorable impact from foreign exchange rates of $6 million for q3 2016 and $16 million for the nine months ended september 30, 2016.",discussion
PART I. FINANCIAL INFORMATION,Item 2. Management's Discussion and Analysis of Financial Condition and Results of Operations,"the increase in international operating loss in absolute dollars in q3 2016 and for the nine months ended september 30, 2016, compared to the comparable prior year periods, is primarily due to increased levels of operating expenses to expand our fulfillment capacity and spending on technology infrastructure and marketing efforts, partially offset by increased unit sales, including sales by marketplace sellers.",discussion
PART I. FINANCIAL INFORMATION,Item 2. Management's Discussion and Analysis of Financial Condition and Results of Operations,"there was a favorable impact from foreign exchange rates of $22 million for q3 2016 and $83 million for the nine months ended september 30, 2016.",discussion
PART I. FINANCIAL INFORMATION,Item 2. Management's Discussion and Analysis of Financial Condition and Results of Operations,"the increase in aws operating income in absolute dollars in q3 2016 and for the nine months ended september 30, 2016, compared to the comparable prior year periods, is primarily due to increased customer usage and cost structure productivity, partially offset by pricing changes and increased spending on technology infrastructure and payroll and related expenses, which was primarily driven by additional investments to support the business growth.",discussion
PART I. FINANCIAL INFORMATION,Item 2. Management's Discussion and Analysis of Financial Condition and Results of Operations,"there was an unfavorable impact from foreign exchange rates of $(20) million for q3 2016 and a favorable impact of $4 million for the nine months ended september 30, 2016.",discussion
PART I. FINANCIAL INFORMATION,Item 2. Management's Discussion and Analysis of Financial Condition and Results of Operations,"23 table of contents supplemental information supplemental information about outbound shipping results for our north america and international segments is as follows (in millions): three months ended   september 30,   nine months ended   september 30,   2016   2015   2016   2015 outbound shipping activity:               shipping revenue (1)(2)(3) $ 2,154     $ 1,494     $ 5,973     $ 4,192   shipping costs (4) (3,897 )   (2,720 )   (10,533 )   (7,369 ) net shipping cost $ (1,743 )   $ (1,226 )   $ (4,560 )   $ (3,177 ) year-over-year percentage growth:               shipping revenue 44 %   43 %   42 %   50 % shipping costs 43     35     43     30   net shipping cost 42     26     44     11 ___________________ (1) excludes amounts charged on shipping activities by third-party sellers where we do not provide the fulfillment service.",discussion
PART I. FINANCIAL INFORMATION,Item 2. Management's Discussion and Analysis of Financial Condition and Results of Operations,(2) includes a portion of amounts earned from amazon prime memberships.,discussion
PART I. FINANCIAL INFORMATION,Item 2. Management's Discussion and Analysis of Financial Condition and Results of Operations,(3) includes amounts earned from fulfillment by amazon programs related to shipping services.,discussion
PART I. FINANCIAL INFORMATION,Item 2. Management's Discussion and Analysis of Financial Condition and Results of Operations,(4) includes sortation and delivery center costs.,discussion
PART I. FINANCIAL INFORMATION,Item 2. Management's Discussion and Analysis of Financial Condition and Results of Operations,"we expect our cost of shipping to continue to increase to the extent our customers accept and use our shipping offers at an increasing rate, our product mix shifts to the electronics and other general merchandise category, we reduce shipping rates, we use more expensive shipping methods, and we offer additional services.",discussion
PART I. FINANCIAL INFORMATION,Item 2. Management's Discussion and Analysis of Financial Condition and Results of Operations,"we seek to mitigate costs of shipping over time in part through achieving higher sales volumes, optimizing placement of fulfillment centers, negotiating better terms with our suppliers, and achieving better operating efficiencies.",discussion
PART I. FINANCIAL INFORMATION,Item 2. Management's Discussion and Analysis of Financial Condition and Results of Operations,"we believe that offering low prices to our customers is fundamental to our future success, and one way we offer lower prices is through shipping offers.",discussion
PART I. FINANCIAL INFORMATION,Item 2. Management's Discussion and Analysis of Financial Condition and Results of Operations,24 table of contents we have aggregated our north america and international segments' products and services into groups of similar products and services and provided the supplemental disclosure of net sales (in millions) below.,discussion
PART I. FINANCIAL INFORMATION,Item 2. Management's Discussion and Analysis of Financial Condition and Results of Operations,we evaluate whether additional disclosure is appropriate when a product or service category begins to approach a significant level of net sales.,discussion
PART I. FINANCIAL INFORMATION,Item 2. Management's Discussion and Analysis of Financial Condition and Results of Operations,"for the periods presented, no individual product or service represented more than 10% of net sales.",discussion
PART I. FINANCIAL INFORMATION,Item 2. Management's Discussion and Analysis of Financial Condition and Results of Operations,"three months ended   september 30,   nine months ended   september 30,   2016   2015   2016   2015 net sales:       north america               media $ 3,237     $ 2,963     $ 9,372     $ 8,552   electronics and other general merchandise 15,327     11,840     43,297     33,077   other (1) 310     203     875     579   total north america $ 18,874     $ 15,006     $ 53,544     $ 42,208   international               media $ 2,491     $ 2,320     $ 7,254     $ 6,734   electronics and other general merchandise 8,056     5,901     22,593     16,705   other (1) 62     46     172     138   total international $ 10,609     $ 8,267     $ 30,019     $ 23,577   year-over-year percentage growth:               north america               media 9 %   8  %   10 %   7  % electronics and other general merchandise 29     35     31     32   other 53     18     51     19   total north america 26     28     27     26   international               media 7 %   (8 )%   8 %   (11 )% electronics and other general merchandise 36     14     35     9   other 37     10     24     (4 ) total international 28     7     27     3   year-over-year percentage growth, excluding the effect of foreign exchange rates:               north america               media 9 %   9  %   10 %   7  % electronics and other general merchandise 29     35     31     33   other 53     18     51     18   total north america 26     29     27     26   international               media 7 %   6  %   7 %   4  % electronics and other general merchandise 36     32     35     28   other 43     26     27     11   total international 28     24     27     20 _____________________________ (1) includes sales from non-retail activities, such as certain advertising services and our co-branded credit card agreements.",discussion
PART I. FINANCIAL INFORMATION,Item 2. Management's Discussion and Analysis of Financial Condition and Results of Operations,"25 table of contents operating expenses information about operating expenses follows (in millions): three months ended   september 30,   nine months ended   september 30,   2016   2015   2016   2015 operating expenses:               cost of sales $ 21,260     $ 16,755     $ 59,306     $ 47,310   fulfillment 4,335     3,230     11,900     8,865   marketing 1,738     1,264     4,720     3,496   technology and content 4,135     3,197     11,541     8,971   general and administrative 639     463     1,715     1,357   other operating expense, net 32     43     133     136   total operating expenses $ 32,139     $ 24,952     $ 89,315     $ 70,135   year-over-year percentage growth:               cost of sales 27  %   15 %   25  %   12 % fulfillment 34     22     34     21   marketing 37     27     35     25   technology and content 29     32     29     35   general and administrative 38     14     26     22   other operating expense, net (25 )   38     (2 )   44   percent of net sales:               cost of sales 65.0  %   66.1 %   64.3  %   66.4 % fulfillment 13.3     12.7     12.9     12.4   marketing 5.3     5.0     5.1     4.9   technology and content 12.6     12.6     12.5     12.6   general and administrative 2.0     1.8     1.9     1.9   other operating expense, net 0.1     0.2     0.1      - cost of sales cost of sales primarily consists of the purchase price of consumer products, digital media content costs where we record revenue gross, including prime video and prime music, packaging supplies, sortation and delivery centers and related equipment costs, and inbound and outbound shipping costs, including where we are the transportation service provider.",discussion
PART I. FINANCIAL INFORMATION,Item 2. Management's Discussion and Analysis of Financial Condition and Results of Operations,shipping costs to receive products from our suppliers are included in our inventory and recognized as cost of sales upon sale of products to our customers.,discussion
PART I. FINANCIAL INFORMATION,Item 2. Management's Discussion and Analysis of Financial Condition and Results of Operations,"the increase in cost of sales in absolute dollars in q3 2016 and for the nine months ended september 30, 2016, compared to the comparable prior year periods, is primarily due to increased product and shipping costs resulting from increased sales.",discussion
PART I. FINANCIAL INFORMATION,Item 2. Management's Discussion and Analysis of Financial Condition and Results of Operations,"costs to operate our aws segment are primarily classified as ""technology and content"" as we leverage a shared infrastructure that supports both our internal technology requirements and external sales to aws customers.",discussion
PART I. FINANCIAL INFORMATION,Item 2. Management's Discussion and Analysis of Financial Condition and Results of Operations,fulfillment fulfillment costs primarily consist of those costs incurred in operating and staffing our north america and international fulfillment and customer service centers and payment processing costs.,discussion
PART I. FINANCIAL INFORMATION,Item 2. Management's Discussion and Analysis of Financial Condition and Results of Operations,"while aws payment processing and related transaction costs are included in fulfillment, aws costs are primarily classified as ""technology and content.""",discussion
PART I. FINANCIAL INFORMATION,Item 2. Management's Discussion and Analysis of Financial Condition and Results of Operations,"fulfillment costs as a percentage of net sales may vary due to several factors, such as payment processing and related transaction costs, our level of productivity and accuracy, changes in volume, size, and weight of units received and fulfilled, timing of fulfillment capacity expansion, the extent we utilize fulfillment services provided by third parties, mix of products and services sold, and our ability to affect customer service contacts per unit by implementing improvements in our operations and enhancements to our customer self-service features.",discussion
PART I. FINANCIAL INFORMATION,Item 2. Management's Discussion and Analysis of Financial Condition and Results of Operations,"additionally, because payment processing and fulfillment costs associated with seller transactions are based on the gross purchase price of underlying transactions, and payment processing and related transaction 26 table of contents and fulfillment costs are higher as a percentage of sales versus our retail sales, sales by our sellers have higher fulfillment costs as a percent of net sales.",discussion
PART I. FINANCIAL INFORMATION,Item 2. Management's Discussion and Analysis of Financial Condition and Results of Operations,"the increase in fulfillment costs in absolute dollars in q3 2016 and for the nine months ended september 30, 2016, compared to the comparable prior year periods, is primarily due to variable costs corresponding with increased physical and digital product and service sales volume, inventory levels, and sales mix; costs from expanding fulfillment capacity; and payment processing and related transaction costs.",discussion
PART I. FINANCIAL INFORMATION,Item 2. Management's Discussion and Analysis of Financial Condition and Results of Operations,we seek to expand our fulfillment capacity to accommodate a greater selection and in-stock inventory levels and to meet anticipated shipment volumes from sales of our own products as well as sales by third parties for which we provide the fulfillment services.,discussion
PART I. FINANCIAL INFORMATION,Item 2. Management's Discussion and Analysis of Financial Condition and Results of Operations,we regularly evaluate our facility requirements.,discussion
PART I. FINANCIAL INFORMATION,Item 2. Management's Discussion and Analysis of Financial Condition and Results of Operations,"marketing we direct customers to our websites primarily through a number of targeted online marketing channels, such as our associates program, sponsored search, portal advertising, email marketing campaigns, direct sales, and other initiatives.",discussion
PART I. FINANCIAL INFORMATION,Item 2. Management's Discussion and Analysis of Financial Condition and Results of Operations,"our marketing expenses are largely variable, based on growth in sales and changes in rates.",discussion
PART I. FINANCIAL INFORMATION,Item 2. Management's Discussion and Analysis of Financial Condition and Results of Operations,"to the extent there is increased or decreased competition for these traffic sources, or to the extent our mix of these channels shifts, we would expect to see a corresponding change in our marketing expense.",discussion
PART I. FINANCIAL INFORMATION,Item 2. Management's Discussion and Analysis of Financial Condition and Results of Operations,"the increase in marketing costs in absolute dollars in q3 2016 and for the nine months ended september 30, 2016, compared to the comparable prior year periods, is primarily due to increased spending on online marketing channels and television advertising, as well as payroll and related expenses.",discussion
PART I. FINANCIAL INFORMATION,Item 2. Management's Discussion and Analysis of Financial Condition and Results of Operations,"while costs associated with amazon prime memberships and other shipping offers are not included in marketing expense, we view these offers as effective worldwide marketing tools, and intend to continue offering them indefinitely.",discussion
PART I. FINANCIAL INFORMATION,Item 2. Management's Discussion and Analysis of Financial Condition and Results of Operations,"technology and content technology costs consist principally of research and development activities including payroll and related expenses for employees involved in application, production, maintenance, operation, and development for new and existing products and services, as well as aws and other technology infrastructure expenses.",discussion
PART I. FINANCIAL INFORMATION,Item 2. Management's Discussion and Analysis of Financial Condition and Results of Operations,"content costs consist principally of payroll and related expenses for employees involved in category expansion, editorial content, buying, and merchandising selection.",discussion
PART I. FINANCIAL INFORMATION,Item 2. Management's Discussion and Analysis of Financial Condition and Results of Operations,"digital media content costs related to revenue recorded gross, including prime video, are included in cost of sales.",discussion
PART I. FINANCIAL INFORMATION,Item 2. Management's Discussion and Analysis of Financial Condition and Results of Operations,we seek to invest efficiently in several areas of technology and content so we may continue to enhance the customer experience and improve our process efficiency through rapid technology developments while operating at an ever increasing scale.,discussion
PART I. FINANCIAL INFORMATION,Item 2. Management's Discussion and Analysis of Financial Condition and Results of Operations,our technology and content investment and capital spending projects often support a variety of product and service offerings due to geographic expansion and the cross-functionality of our systems and operations.,discussion
PART I. FINANCIAL INFORMATION,Item 2. Management's Discussion and Analysis of Financial Condition and Results of Operations,we expect spending in technology and content to increase over time as we continue to add employees and technology infrastructure.,discussion
PART I. FINANCIAL INFORMATION,Item 2. Management's Discussion and Analysis of Financial Condition and Results of Operations,"the increase in technology and content costs in absolute dollars in q3 2016 and for the nine months ended september 30, 2016, compared to the comparable prior year periods, is primarily due to increased payroll and related costs associated with expanding our products and services, and an increase in spending on technology infrastructure principally allocated to our aws segment.",discussion
PART I. FINANCIAL INFORMATION,Item 2. Management's Discussion and Analysis of Financial Condition and Results of Operations,"technology infrastructure expenses consist of servers, networking equipment, and data center related depreciation, rent, utilities, and payroll expenses.",discussion
PART I. FINANCIAL INFORMATION,Item 2. Management's Discussion and Analysis of Financial Condition and Results of Operations,these costs are allocated to segments based on usage.,discussion
PART I. FINANCIAL INFORMATION,Item 2. Management's Discussion and Analysis of Financial Condition and Results of Operations,"during q3 2016, we expanded our technology infrastructure principally by increasing our capacity for aws service offerings globally, compared to the comparable prior year period.",discussion
PART I. FINANCIAL INFORMATION,Item 2. Management's Discussion and Analysis of Financial Condition and Results of Operations,"additionally, the costs associated with operating and maintaining our expanded infrastructure have increased over time, corresponding with increased usage.",discussion
PART I. FINANCIAL INFORMATION,Item 2. Management's Discussion and Analysis of Financial Condition and Results of Operations,we expect these trends to continue over time as we invest in technology infrastructure to support increased usage.,discussion
PART I. FINANCIAL INFORMATION,Item 2. Management's Discussion and Analysis of Financial Condition and Results of Operations,"see item 7 of part ii, ""management's discussion and analysis of financial condition and results of operations  -  overview"" of our 2015 annual report on form 10-k for a discussion of how management views advances in technology and the importance of innovation.",discussion
PART I. FINANCIAL INFORMATION,Item 2. Management's Discussion and Analysis of Financial Condition and Results of Operations,"the increase in payroll and related costs is primarily due to the expansion of existing product categories and service offerings, including aws, and initiatives to introduce new product and service offerings.",discussion
PART I. FINANCIAL INFORMATION,Item 2. Management's Discussion and Analysis of Financial Condition and Results of Operations,"during q3 2016 and q3 2015, we capitalized $118 million (including $21 million of stock-based compensation) and $157 million (including $30 million of stock-based compensation) of costs associated with internal-use software and website development.",discussion
PART I. FINANCIAL INFORMATION,Item 2. Management's Discussion and Analysis of Financial Condition and Results of Operations,"for the nine months ended september 30, 2016 and 2015, we capitalized $399 million (including $72 million of stock-based compensation) and $494 million (including $88 million of stock-based compensation) of costs associated with internal-use software and website development.",discussion
PART I. FINANCIAL INFORMATION,Item 2. Management's Discussion and Analysis of Financial Condition and Results of Operations,"amortization of previously capitalized amounts was $160 million and $159 million for q3 2016 and q3 2015, and $481 million and $468 million for the nine months ended september 30, 2016 and 2015.",discussion
PART I. FINANCIAL INFORMATION,Item 2. Management's Discussion and Analysis of Financial Condition and Results of Operations,"27 table of contents general and administrative the increase in general and administrative costs in absolute dollars in q3 2016 and for the nine months ended september 30, 2016, compared to the comparable prior year periods, is primarily due to increases in payroll and related expenses.",discussion
PART I. FINANCIAL INFORMATION,Item 2. Management's Discussion and Analysis of Financial Condition and Results of Operations,"other operating expense, net other operating expense, net was $32 million and $43 million for q3 2016 and q3 2015, and $133 million and $136 million for the nine months ended september 30, 2016 and 2015, and was primarily related to the amortization of intangible assets.",discussion
PART I. FINANCIAL INFORMATION,Item 2. Management's Discussion and Analysis of Financial Condition and Results of Operations,"interest income and expense our interest income was $26 million and $13 million during q3 2016 and q3 2015, and $71 million and $37 million for the nine months ended september 30, 2016 and 2015.",discussion
PART I. FINANCIAL INFORMATION,Item 2. Management's Discussion and Analysis of Financial Condition and Results of Operations,we generally invest our excess cash in investment grade short- to intermediate-term fixed income securities and aaa-rated money market funds.,discussion
PART I. FINANCIAL INFORMATION,Item 2. Management's Discussion and Analysis of Financial Condition and Results of Operations,"our interest income corresponds with the average balance of invested funds based on the prevailing rates, which vary depending on the geographies and currencies in which they are invested.",discussion
PART I. FINANCIAL INFORMATION,Item 2. Management's Discussion and Analysis of Financial Condition and Results of Operations,"interest expense was $118 million and $116 million during q3 2016 and q3 2015, and $351 million and $344 million for the nine months ended september 30, 2016 and 2015.",discussion
PART I. FINANCIAL INFORMATION,Item 2. Management's Discussion and Analysis of Financial Condition and Results of Operations,the increase is primarily due to increases in our long-term debt and capital and finance lease arrangements.,discussion
PART I. FINANCIAL INFORMATION,Item 2. Management's Discussion and Analysis of Financial Condition and Results of Operations,"other income (expense), net other income (expense), net was $8 million and $(56) million during q3 2016 and q3 2015, and $75 million and $(187) million for the nine months ended september 30, 2016 and 2015.",discussion
PART I. FINANCIAL INFORMATION,Item 2. Management's Discussion and Analysis of Financial Condition and Results of Operations,"the primary component of other income (expense), net is related to foreign currency and equity warrant gains (losses).",discussion
PART I. FINANCIAL INFORMATION,Item 2. Management's Discussion and Analysis of Financial Condition and Results of Operations,"income taxes our tax provision or benefit from income taxes for interim periods is determined using an estimate of our annual effective tax rate, adjusted for discrete items, if any, that are taken into account in the relevant period.",discussion
PART I. FINANCIAL INFORMATION,Item 2. Management's Discussion and Analysis of Financial Condition and Results of Operations,"each quarter we update our estimate of the annual effective tax rate, and if our estimated tax rate changes, we make a cumulative adjustment.",discussion
PART I. FINANCIAL INFORMATION,Item 2. Management's Discussion and Analysis of Financial Condition and Results of Operations,"our quarterly tax provision, and our quarterly estimate of our annual effective tax rate, is subject to significant variation due to several factors, including variability in accurately predicting our pre-tax and taxable income and loss and the mix of jurisdictions to which they relate, changes in how we do business, acquisitions (including integrations) and investments, audit-related developments, foreign currency gains (losses), tax law developments (including changes in statutes, regulations, case law, and administrative practices), and relative changes of expenses or losses for which tax benefits are not recognized.",discussion
PART I. FINANCIAL INFORMATION,Item 2. Management's Discussion and Analysis of Financial Condition and Results of Operations,"additionally, our effective tax rate can be more or less volatile based on the amount of pre-tax income or loss.",discussion
PART I. FINANCIAL INFORMATION,Item 2. Management's Discussion and Analysis of Financial Condition and Results of Operations,"for example, the impact of discrete items and non-deductible expenses on our effective tax rate is greater when our pre-tax income is lower.",discussion
PART I. FINANCIAL INFORMATION,Item 2. Management's Discussion and Analysis of Financial Condition and Results of Operations,"for 2016, our effective tax rate will be favorably affected by the impact of the u.s. federal research and development credit, an increase in the amount of pre-tax income relative to income tax expense, an increase in amortization deductions for which we will realize a tax benefit, and a decline in the proportion of nondeductible expenses and losses for which we may not realize a related tax benefit.",discussion
PART I. FINANCIAL INFORMATION,Item 2. Management's Discussion and Analysis of Financial Condition and Results of Operations,we record valuation allowances against the deferred tax assets associated with losses for which we may not realize a related tax benefit.,discussion
PART I. FINANCIAL INFORMATION,Item 2. Management's Discussion and Analysis of Financial Condition and Results of Operations,our effective tax rate will also be adversely affected by state income taxes.,discussion
PART I. FINANCIAL INFORMATION,Item 2. Management's Discussion and Analysis of Financial Condition and Results of Operations,"we will generate income and losses in lower tax jurisdictions primarily related to our european operations, which are headquartered in luxembourg.",discussion
PART I. FINANCIAL INFORMATION,Item 2. Management's Discussion and Analysis of Financial Condition and Results of Operations,"our income tax provision for the nine months ended september 30, 2016 was $1.0 billion, which included $50 million of discrete tax benefits primarily attributable to audit-related and tax law developments.",discussion
PART I. FINANCIAL INFORMATION,Item 2. Management's Discussion and Analysis of Financial Condition and Results of Operations,"our income tax provision for the nine months ended september 30, 2015 was $498 million, which included $37 million of discrete tax expense primarily attributed to acquisition integrations.",discussion
PART I. FINANCIAL INFORMATION,Item 2. Management's Discussion and Analysis of Financial Condition and Results of Operations,"equity-method investment activity, net of tax equity-method investment activity, net of tax, was $(10) million and $(7) million during q3 2016 and q3 2015, and $(92) million and $(18) million for the nine months ended september 30, 2016 and 2015.",discussion
PART I. FINANCIAL INFORMATION,Item 2. Management's Discussion and Analysis of Financial Condition and Results of Operations,the primary components of this activity were impairments recorded in q1 2016 and our equity-method investment losses during the periods.,discussion
PART I. FINANCIAL INFORMATION,Item 2. Management's Discussion and Analysis of Financial Condition and Results of Operations,"28 table of contents effect of foreign exchange rates the effect on our net sales, operating expenses, and operating income from changes in foreign exchange rates versus the u.s.",discussion
PART I. FINANCIAL INFORMATION,Item 2. Management's Discussion and Analysis of Financial Condition and Results of Operations,"dollar is as follows (in millions): three months ended september 30,   nine months ended september 30,   2016   2015   2016   2015    at prior year rates (1)   exchange rate effect (2)   as reported   at prior year rates (1)   exchange rate effect (2)   as reported   at prior year rates (1)   exchange rate effect (2)   as reported   at prior year rates (1)   exchange rate effect (2)   as reported net sales $ 32,662     $ 52     $ 32,714     $ 26,673     $ (1,315 )   $ 25,358     $ 92,238     $ 8     $ 92,246     $ 75,254     $ (3,995 )   $ 71,259   operating expenses 32,095     44     32,139     26,292     (1,340 )   24,952     89,411     (96 )   89,315     74,126     (3,991 )   70,135   operating income 567     8     575     381     25     406     2,828     103     2,931     1,128     (4 )   1,124 ___________________ (1) represents the outcome that would have resulted had foreign exchange rates in the reported period been the same as those in effect in the comparable prior year period for operating results.",discussion
PART I. FINANCIAL INFORMATION,Item 2. Management's Discussion and Analysis of Financial Condition and Results of Operations,(2) represents the increase or decrease in reported amounts resulting from changes in foreign exchange rates from those in effect in the comparable prior year period for operating results.,discussion
PART I. FINANCIAL INFORMATION,Item 2. Management's Discussion and Analysis of Financial Condition and Results of Operations,the effect of foreign exchange rates is a non-gaap financial measure.,discussion
PART I. FINANCIAL INFORMATION,Item 2. Management's Discussion and Analysis of Financial Condition and Results of Operations,"see ""non-gaap financial measures"" below.",discussion
PART I. FINANCIAL INFORMATION,Item 2. Management's Discussion and Analysis of Financial Condition and Results of Operations,"non-gaap financial measures regulation g, conditions for use of non-gaap financial measures, and other sec regulations define and prescribe the conditions for use of certain non-gaap financial information.",discussion
PART I. FINANCIAL INFORMATION,Item 2. Management's Discussion and Analysis of Financial Condition and Results of Operations,"our measures of free cash flows and the effect of foreign exchange rates on our consolidated statements of operations, meet the definition of non-gaap financial measures.",discussion
PART I. FINANCIAL INFORMATION,Item 2. Management's Discussion and Analysis of Financial Condition and Results of Operations,we provide multiple measures of free cash flows because we believe these measures provide additional perspective on the impact of acquiring property and equipment with cash and through capital and finance leases.,discussion
PART I. FINANCIAL INFORMATION,Item 2. Management's Discussion and Analysis of Financial Condition and Results of Operations,"free cash flow free cash flow is cash flow from operations reduced by ""purchases of property and equipment, including internal-use software and website development, net,"" which is included in cash flow from investing activities.",discussion
PART I. FINANCIAL INFORMATION,Item 2. Management's Discussion and Analysis of Financial Condition and Results of Operations,"the following is a reconciliation of free cash flow to the most comparable gaap cash flow measure, ""net cash provided by (used in) operating activities,"" for the trailing twelve months ended september 30, 2016 and 2015 (in millions): twelve months ended   september 30,   2016   2015 net cash provided by (used in) operating activities $ 14,603     $ 9,823   purchases of property and equipment, including internal-use software and website development, net (6,040 )   (4,424 ) free cash flow $ 8,563     $ 5,399           net cash provided by (used in) investing activities $ (7,552 )   $ (7,065 ) net cash provided by (used in) financing activities $ (4,345 )   $ 3,136 29 table of contents free cash flow less lease principal repayments free cash flow less lease principal repayments is free cash flow reduced by ""principal repayments of capital lease obligations,"" and ""principal repayments of finance lease obligations,"" which are included in cash flow from financing activities.",discussion
PART I. FINANCIAL INFORMATION,Item 2. Management's Discussion and Analysis of Financial Condition and Results of Operations,free cash flow less lease principal repayments approximates the actual payments of cash for our capital and finance leases.,discussion
PART I. FINANCIAL INFORMATION,Item 2. Management's Discussion and Analysis of Financial Condition and Results of Operations,"the following is a reconciliation of free cash flow less lease principal repayments to the most comparable gaap cash flow measure, ""net cash provided by (used in) operating activities,"" for the trailing twelve months ended september 30, 2016 and 2015 (in millions): twelve months ended   september 30,   2016   2015 net cash provided by (used in) operating activities $ 14,603     $ 9,823   purchases of property and equipment, including internal-use software and website development, net (6,040 )   (4,424 ) principal repayments of capital lease obligations (3,579 )   (2,144 ) principal repayments of finance lease obligations (131 )   (163 ) free cash flow less lease principal repayments $ 4,853     $ 3,092           net cash provided by (used in) investing activities $ (7,552 )   $ (7,065 ) net cash provided by (used in) financing activities $ (4,345 )   $ 3,136 free cash flow less finance lease principal repayments and assets acquired under capital leases free cash flow less finance lease principal repayments and assets acquired under capital leases is free cash flow reduced by ""principal repayments of finance lease obligations,"" which are included in cash flow from financing activities, and property and equipment acquired under capital leases.",discussion
PART I. FINANCIAL INFORMATION,Item 2. Management's Discussion and Analysis of Financial Condition and Results of Operations,"in this measure, property and equipment acquired under capital leases is reflected as if these assets had been purchased with cash, which is not the case as these assets have been leased.",discussion
PART I. FINANCIAL INFORMATION,Item 2. Management's Discussion and Analysis of Financial Condition and Results of Operations,"the following is a reconciliation of free cash flow less finance lease principal repayments and assets acquired under capital leases to the most comparable gaap cash flow measure, ""net cash provided by (used in) operating activities,"" for the trailing twelve months ended september 30, 2016 and 2015 (in millions): twelve months ended   september 30,   2016   2015 net cash provided by (used in) operating activities $ 14,603     $ 9,823   purchases of property and equipment, including internal-use software and website development, net (6,040 )   (4,424 ) property and equipment acquired under capital leases (4,998 )   (4,599 ) principal repayments of finance lease obligations (131 )   (163 ) free cash flow less finance lease principal repayments and assets acquired under capital leases $ 3,434     $ 637           net cash provided by (used in) investing activities $ (7,552 )   $ (7,065 ) net cash provided by (used in) financing activities $ (4,345 )   $ 3,136 all of these free cash flows measures have limitations as they omit certain components of the overall cash flow statement and do not represent the residual cash flow available for discretionary expenditures.",discussion
PART I. FINANCIAL INFORMATION,Item 2. Management's Discussion and Analysis of Financial Condition and Results of Operations,"for example, these measures of free cash flows do not incorporate the portion of payments representing principal reductions of debt or cash payments for business acquisitions.",discussion
PART I. FINANCIAL INFORMATION,Item 2. Management's Discussion and Analysis of Financial Condition and Results of Operations,"additionally, our mix of property and equipment acquisitions with cash or other financing options may change over time.",discussion
PART I. FINANCIAL INFORMATION,Item 2. Management's Discussion and Analysis of Financial Condition and Results of Operations,"therefore, we believe it is important to view free cash flows measures only as a complement to our entire consolidated statements of cash flows.",discussion
PART I. FINANCIAL INFORMATION,Item 2. Management's Discussion and Analysis of Financial Condition and Results of Operations,"30 table of contents effect of foreign exchange rates information regarding the effect of foreign exchange rates, versus the u.s.",discussion
PART I. FINANCIAL INFORMATION,Item 2. Management's Discussion and Analysis of Financial Condition and Results of Operations,"dollar, on our net sales, operating expenses, and operating income is provided to show reported period operating results had the foreign exchange rates remained the same as those in effect in the comparable prior year periods.",discussion
PART I. FINANCIAL INFORMATION,Item 2. Management's Discussion and Analysis of Financial Condition and Results of Operations,"guidance we provided guidance on october 27, 2016, in our earnings release furnished on form 8-k as set forth below.",discussion
PART I. FINANCIAL INFORMATION,Item 2. Management's Discussion and Analysis of Financial Condition and Results of Operations,"these forward-looking statements reflect amazon.com's expectations as of october 27, 2016, and are subject to substantial uncertainty.",discussion
PART I. FINANCIAL INFORMATION,Item 2. Management's Discussion and Analysis of Financial Condition and Results of Operations,"our results are inherently unpredictable and may be materially affected by many factors, such as fluctuations in foreign exchange rates, changes in global economic conditions and customer spending, world events, the rate of growth of the internet, online commerce, and cloud services, as well as those outlined in item 1a of part ii, ""risk factors.""",discussion
PART I. FINANCIAL INFORMATION,Item 2. Management's Discussion and Analysis of Financial Condition and Results of Operations,"fourth quarter 2016 guidance • net sales are expected to be between $42.0 billion and $45.5 billion, or to grow between 17% and 27% compared with fourth quarter 2015.",discussion
PART I. FINANCIAL INFORMATION,Item 2. Management's Discussion and Analysis of Financial Condition and Results of Operations,this guidance anticipates approximately 60 basis points of favorable impact from foreign exchange rates.,discussion
PART I. FINANCIAL INFORMATION,Item 2. Management's Discussion and Analysis of Financial Condition and Results of Operations,"• operating income is expected to be between $0 and $1.25 billion, compared with $1.1 billion in fourth quarter 2015.",discussion
PART I. FINANCIAL INFORMATION,Item 2. Management's Discussion and Analysis of Financial Condition and Results of Operations,"• this guidance assumes, among other things, that no additional business acquisitions, investments, restructurings, or legal settlements are concluded.",discussion
PART I. FINANCIAL INFORMATION,Item 2. Management's Discussion and Analysis of Financial Condition and Results of Operations,31 table of contents,discussion
