seq,description,document,href,type,size
1,10-Q 2Q 2017,a2q10q07-02x17.htm,https://www.sec.gov/Archives/edgar/data/200406/000020040617000042/a2q10q07-02x17.htm,10-Q,1835022
2,EXHIBIT 31.1 CEO CERTIFICATION,a201710-q2qexhibit311ceoce.htm,https://www.sec.gov/Archives/edgar/data/200406/000020040617000042/a201710-q2qexhibit311ceoce.htm,EX-31.1,9409
3,EXHIBIT 31.1 CFO CERTIFICATION,a201710-q2qexhibit311cfoce.htm,https://www.sec.gov/Archives/edgar/data/200406/000020040617000042/a201710-q2qexhibit311cfoce.htm,EX-31.1,9813
4,EXHIBIT 32.1 CEO 906 CERTIFICATION,a201710-q2qexhibit321ceoce.htm,https://www.sec.gov/Archives/edgar/data/200406/000020040617000042/a201710-q2qexhibit321ceoce.htm,EX-32.1,11505
5,EXHIBIT 32.1 CFO 906 CERTIFICATION,a201710-q2qexhibit321cfoce.htm,https://www.sec.gov/Archives/edgar/data/200406/000020040617000042/a201710-q2qexhibit321cfoce.htm,EX-32.1,11950
12,,jnjlogoa03a01a01a01a01a07.jpg,https://www.sec.gov/Archives/edgar/data/200406/000020040617000042/jnjlogoa03a01a01a01a01a07.jpg,GRAPHIC,4649
NA,Complete submission text file,0000200406-17-000042.txt,https://www.sec.gov/Archives/edgar/data/200406/000020040617000042/0000200406-17-000042.txt, ,9617085
6,XBRL INSTANCE DOCUMENT,jnj-20170702.xml,https://www.sec.gov/Archives/edgar/data/200406/000020040617000042/jnj-20170702.xml,EX-101.INS,2392738
7,XBRL TAXONOMY EXTENSION SCHEMA DOCUMENT,jnj-20170702.xsd,https://www.sec.gov/Archives/edgar/data/200406/000020040617000042/jnj-20170702.xsd,EX-101.SCH,52948
8,XBRL TAXONOMY EXTENSION CALCULATION LINKBASE DOCUMENT,jnj-20170702_cal.xml,https://www.sec.gov/Archives/edgar/data/200406/000020040617000042/jnj-20170702_cal.xml,EX-101.CAL,110846
9,XBRL TAXONOMY EXTENSION DEFINITION LINKBASE DOCUMENT,jnj-20170702_def.xml,https://www.sec.gov/Archives/edgar/data/200406/000020040617000042/jnj-20170702_def.xml,EX-101.DEF,317787
10,XBRL TAXONOMY EXTENSION LABEL LINKBASE DOCUMENT,jnj-20170702_lab.xml,https://www.sec.gov/Archives/edgar/data/200406/000020040617000042/jnj-20170702_lab.xml,EX-101.LAB,788842
11,XBRL TAXONOMY EXTENSION PRESENTATION LINKBASE DOCUMENT,jnj-20170702_pre.xml,https://www.sec.gov/Archives/edgar/data/200406/000020040617000042/jnj-20170702_pre.xml,EX-101.PRE,468075
