seq,description,document,href,type,size
1,10-Q,amt10qq32016.htm,https://www.sec.gov/Archives/edgar/data/1053507/000105350716000057/amt10qq32016.htm,10-Q,2282588
2,EXHIBIT 10.1,exhibit101q32016.htm,https://www.sec.gov/Archives/edgar/data/1053507/000105350716000057/exhibit101q32016.htm,EX-10.1,51071
3,EXHIBIT 12,exhibit12q32016.htm,https://www.sec.gov/Archives/edgar/data/1053507/000105350716000057/exhibit12q32016.htm,EX-12,86618
4,EXHIBIT 31.1,exhibit311q32016.htm,https://www.sec.gov/Archives/edgar/data/1053507/000105350716000057/exhibit311q32016.htm,EX-31.1,16293
5,EXHIBIT 31.2,exhibit312q32016.htm,https://www.sec.gov/Archives/edgar/data/1053507/000105350716000057/exhibit312q32016.htm,EX-31.2,16961
6,EXHIBIT 32,exhibit32q32016.htm,https://www.sec.gov/Archives/edgar/data/1053507/000105350716000057/exhibit32q32016.htm,EX-32,16908
13,,image0a07.jpg,https://www.sec.gov/Archives/edgar/data/1053507/000105350716000057/image0a07.jpg,GRAPHIC,14867
NA,Complete submission text file,0001053507-16-000057.txt,https://www.sec.gov/Archives/edgar/data/1053507/000105350716000057/0001053507-16-000057.txt, ,11683768
7,XBRL INSTANCE DOCUMENT,amt-20160930.xml,https://www.sec.gov/Archives/edgar/data/1053507/000105350716000057/amt-20160930.xml,EX-101.INS,2800020
8,XBRL TAXONOMY EXTENSION SCHEMA DOCUMENT,amt-20160930.xsd,https://www.sec.gov/Archives/edgar/data/1053507/000105350716000057/amt-20160930.xsd,EX-101.SCH,63448
9,XBRL TAXONOMY EXTENSION CALCULATION LINKBASE DOCUMENT,amt-20160930_cal.xml,https://www.sec.gov/Archives/edgar/data/1053507/000105350716000057/amt-20160930_cal.xml,EX-101.CAL,113410
10,XBRL TAXONOMY EXTENSION DEFINITION LINKBASE DOCUMENT,amt-20160930_def.xml,https://www.sec.gov/Archives/edgar/data/1053507/000105350716000057/amt-20160930_def.xml,EX-101.DEF,438674
11,XBRL TAXONOMY EXTENSION LABEL LINKBASE DOCUMENT,amt-20160930_lab.xml,https://www.sec.gov/Archives/edgar/data/1053507/000105350716000057/amt-20160930_lab.xml,EX-101.LAB,879494
12,XBRL TAXONOMY EXTENSION PRESENTATION LINKBASE DOCUMENT,amt-20160930_pre.xml,https://www.sec.gov/Archives/edgar/data/1053507/000105350716000057/amt-20160930_pre.xml,EX-101.PRE,579606
