seq,description,document,href,type,size
1,10-K,ecl-20171231x10k.htm,https://www.sec.gov/Archives/edgar/data/31462/000155837018000999/ecl-20171231x10k.htm,10-K,9737351
2,EX-10.16(VIII),ecl-20171231ex1016viiia.htm,https://www.sec.gov/Archives/edgar/data/31462/000155837018000999/ecl-20171231ex1016viiia.htm,EX-10.16(VIII),84190
3,EX-21.1,ecl-20171231ex211cefe24.htm,https://www.sec.gov/Archives/edgar/data/31462/000155837018000999/ecl-20171231ex211cefe24.htm,EX-21.1,205262
4,EX-23.1,ecl-20171231ex231bd52a0.htm,https://www.sec.gov/Archives/edgar/data/31462/000155837018000999/ecl-20171231ex231bd52a0.htm,EX-23.1,6638
5,EX-24.1,ecl-20171231ex2417b74af.htm,https://www.sec.gov/Archives/edgar/data/31462/000155837018000999/ecl-20171231ex2417b74af.htm,EX-24.1,23956
6,EX-31.1,ecl-20171231ex311b63df5.htm,https://www.sec.gov/Archives/edgar/data/31462/000155837018000999/ecl-20171231ex311b63df5.htm,EX-31.1,20136
7,EX-31.2,ecl-20171231ex31226e719.htm,https://www.sec.gov/Archives/edgar/data/31462/000155837018000999/ecl-20171231ex31226e719.htm,EX-31.2,19651
8,EX-32.1,ecl-20171231ex321216f9b.htm,https://www.sec.gov/Archives/edgar/data/31462/000155837018000999/ecl-20171231ex321216f9b.htm,EX-32.1,9174
9,GRAPHIC,ecl20171231x10k001.jpg,https://www.sec.gov/Archives/edgar/data/31462/000155837018000999/ecl20171231x10k001.jpg,GRAPHIC,23318
10,GRAPHIC,ecl20171231x10k002.jpg,https://www.sec.gov/Archives/edgar/data/31462/000155837018000999/ecl20171231x10k002.jpg,GRAPHIC,2530
11,GRAPHIC,ecl20171231x10k003.jpg,https://www.sec.gov/Archives/edgar/data/31462/000155837018000999/ecl20171231x10k003.jpg,GRAPHIC,2543
12,GRAPHIC,ecl20171231x10k004.jpg,https://www.sec.gov/Archives/edgar/data/31462/000155837018000999/ecl20171231x10k004.jpg,GRAPHIC,9078
NA,Complete submission text file,0001558370-18-000999.txt,https://www.sec.gov/Archives/edgar/data/31462/000155837018000999/0001558370-18-000999.txt, ,36323708
13,EX-101.INS,ecl-20171231.xml,https://www.sec.gov/Archives/edgar/data/31462/000155837018000999/ecl-20171231.xml,EX-101.INS,10582047
14,EX-101.SCH,ecl-20171231.xsd,https://www.sec.gov/Archives/edgar/data/31462/000155837018000999/ecl-20171231.xsd,EX-101.SCH,106649
15,EX-101.CAL,ecl-20171231_cal.xml,https://www.sec.gov/Archives/edgar/data/31462/000155837018000999/ecl-20171231_cal.xml,EX-101.CAL,139642
16,EX-101.DEF,ecl-20171231_def.xml,https://www.sec.gov/Archives/edgar/data/31462/000155837018000999/ecl-20171231_def.xml,EX-101.DEF,534143
17,EX-101.LAB,ecl-20171231_lab.xml,https://www.sec.gov/Archives/edgar/data/31462/000155837018000999/ecl-20171231_lab.xml,EX-101.LAB,1159975
18,EX-101.PRE,ecl-20171231_pre.xml,https://www.sec.gov/Archives/edgar/data/31462/000155837018000999/ecl-20171231_pre.xml,EX-101.PRE,853390
