seq,description,document,href,type,size
1,10-K,ecl-20181231x10k.htm,https://www.sec.gov/Archives/edgar/data/31462/000155837019001379/ecl-20181231x10k.htm,10-K,10167222
2,EX-10.15(VIII),ecl-20181231ex1015viiie.htm,https://www.sec.gov/Archives/edgar/data/31462/000155837019001379/ecl-20181231ex1015viiie.htm,EX-10.15(VIII),63404
3,EX-10.16,ecl-20181231ex1016e331d.htm,https://www.sec.gov/Archives/edgar/data/31462/000155837019001379/ecl-20181231ex1016e331d.htm,EX-10.16,21023
4,EX-21.1,ecl-20181231ex21133f4bf.htm,https://www.sec.gov/Archives/edgar/data/31462/000155837019001379/ecl-20181231ex21133f4bf.htm,EX-21.1,237304
5,EX-23.1,ecl-20181231ex2312889ef.htm,https://www.sec.gov/Archives/edgar/data/31462/000155837019001379/ecl-20181231ex2312889ef.htm,EX-23.1,6874
6,EX-24.1,ecl-20181231ex24169d216.htm,https://www.sec.gov/Archives/edgar/data/31462/000155837019001379/ecl-20181231ex24169d216.htm,EX-24.1,28487
7,EX-31.1,ecl-20181231ex311353016.htm,https://www.sec.gov/Archives/edgar/data/31462/000155837019001379/ecl-20181231ex311353016.htm,EX-31.1,20115
8,EX-31.2,ecl-20181231ex31265011a.htm,https://www.sec.gov/Archives/edgar/data/31462/000155837019001379/ecl-20181231ex31265011a.htm,EX-31.2,19630
9,EX-32.1,ecl-20181231ex321df74bf.htm,https://www.sec.gov/Archives/edgar/data/31462/000155837019001379/ecl-20181231ex321df74bf.htm,EX-32.1,9149
10,GRAPHIC,ecl20181231x10k001.jpg,https://www.sec.gov/Archives/edgar/data/31462/000155837019001379/ecl20181231x10k001.jpg,GRAPHIC,2530
11,GRAPHIC,ecl20181231x10k002.jpg,https://www.sec.gov/Archives/edgar/data/31462/000155837019001379/ecl20181231x10k002.jpg,GRAPHIC,2543
12,GRAPHIC,ecl20181231x10k003.jpg,https://www.sec.gov/Archives/edgar/data/31462/000155837019001379/ecl20181231x10k003.jpg,GRAPHIC,9078
NA,Complete submission text file,0001558370-19-001379.txt,https://www.sec.gov/Archives/edgar/data/31462/000155837019001379/0001558370-19-001379.txt, ,41544051
13,EX-101.INS,ecl-20181231.xml,https://www.sec.gov/Archives/edgar/data/31462/000155837019001379/ecl-20181231.xml,EX-101.INS,13008231
14,EX-101.SCH,ecl-20181231.xsd,https://www.sec.gov/Archives/edgar/data/31462/000155837019001379/ecl-20181231.xsd,EX-101.SCH,104133
15,EX-101.CAL,ecl-20181231_cal.xml,https://www.sec.gov/Archives/edgar/data/31462/000155837019001379/ecl-20181231_cal.xml,EX-101.CAL,133792
16,EX-101.DEF,ecl-20181231_def.xml,https://www.sec.gov/Archives/edgar/data/31462/000155837019001379/ecl-20181231_def.xml,EX-101.DEF,563600
17,EX-101.LAB,ecl-20181231_lab.xml,https://www.sec.gov/Archives/edgar/data/31462/000155837019001379/ecl-20181231_lab.xml,EX-101.LAB,1144642
18,EX-101.PRE,ecl-20181231_pre.xml,https://www.sec.gov/Archives/edgar/data/31462/000155837019001379/ecl-20181231_pre.xml,EX-101.PRE,889605
