seq,description,document,href,type,size
1,10-Q,unp-20150630x10q.htm,https://www.sec.gov/Archives/edgar/data/100885/000010088515000143/unp-20150630x10q.htm,10-Q,1885460
2,EX-12.(A),unp-20150630ex12aeca4a5.htm,https://www.sec.gov/Archives/edgar/data/100885/000010088515000143/unp-20150630ex12aeca4a5.htm,EX-12.(A),28312
3,EX-12.(B),unp-20150630ex12bae8cce.htm,https://www.sec.gov/Archives/edgar/data/100885/000010088515000143/unp-20150630ex12bae8cce.htm,EX-12.(B),28250
4,EX-31.(A),unp-20150630ex31a103144.htm,https://www.sec.gov/Archives/edgar/data/100885/000010088515000143/unp-20150630ex31a103144.htm,EX-31.(A),18218
5,EX-31.(B),unp-20150630ex31bf86386.htm,https://www.sec.gov/Archives/edgar/data/100885/000010088515000143/unp-20150630ex31bf86386.htm,EX-31.(B),18032
6,EX-32,unp-20150630xex32.htm,https://www.sec.gov/Archives/edgar/data/100885/000010088515000143/unp-20150630xex32.htm,EX-32,14697
NA,Complete submission text file,0000100885-15-000143.txt,https://www.sec.gov/Archives/edgar/data/100885/000010088515000143/0000100885-15-000143.txt, ,7236834
7,EX-101.INS,unp-20150630.xml,https://www.sec.gov/Archives/edgar/data/100885/000010088515000143/unp-20150630.xml,EX-101.INS,1688107
8,EX-101.SCH,unp-20150630.xsd,https://www.sec.gov/Archives/edgar/data/100885/000010088515000143/unp-20150630.xsd,EX-101.SCH,45946
9,EX-101.CAL,unp-20150630_cal.xml,https://www.sec.gov/Archives/edgar/data/100885/000010088515000143/unp-20150630_cal.xml,EX-101.CAL,50551
10,EX-101.DEF,unp-20150630_def.xml,https://www.sec.gov/Archives/edgar/data/100885/000010088515000143/unp-20150630_def.xml,EX-101.DEF,131897
11,EX-101.LAB,unp-20150630_lab.xml,https://www.sec.gov/Archives/edgar/data/100885/000010088515000143/unp-20150630_lab.xml,EX-101.LAB,355505
12,EX-101.PRE,unp-20150630_pre.xml,https://www.sec.gov/Archives/edgar/data/100885/000010088515000143/unp-20150630_pre.xml,EX-101.PRE,297512
