seq,description,document,href,type,size
1,1Q 10-Q 2017,a1q10q04-02x17.htm,https://www.sec.gov/Archives/edgar/data/200406/000020040617000024/a1q10q04-02x17.htm,10-Q,1266914
2,EXHIBIT 31.1 CEO CERTIFICATION,a201710-q1qexhibit311ceoce.htm,https://www.sec.gov/Archives/edgar/data/200406/000020040617000024/a201710-q1qexhibit311ceoce.htm,EX-31.1,9407
3,EXHIBIT 31.1 CFO CERTIFICATION,a201710-q1qexhibit311cfoce.htm,https://www.sec.gov/Archives/edgar/data/200406/000020040617000024/a201710-q1qexhibit311cfoce.htm,EX-31.1,9811
4,EXHIBIT 32.1 CEO 906 CERTIFICATION,a201710-q1qexhibit321ceoce.htm,https://www.sec.gov/Archives/edgar/data/200406/000020040617000024/a201710-q1qexhibit321ceoce.htm,EX-32.1,11503
5,EXHIBIT 32.1 CFO 906 CERTIFICATION,a201710-q1qexhibit321cfoce.htm,https://www.sec.gov/Archives/edgar/data/200406/000020040617000024/a201710-q1qexhibit321cfoce.htm,EX-32.1,11948
12,,jnjlogoa03a01a01a01a01a06.jpg,https://www.sec.gov/Archives/edgar/data/200406/000020040617000024/jnjlogoa03a01a01a01a01a06.jpg,GRAPHIC,4649
NA,Complete submission text file,0000200406-17-000024.txt,https://www.sec.gov/Archives/edgar/data/200406/000020040617000024/0000200406-17-000024.txt, ,7539526
6,XBRL INSTANCE DOCUMENT,jnj-20170402.xml,https://www.sec.gov/Archives/edgar/data/200406/000020040617000024/jnj-20170402.xml,EX-101.INS,1774526
7,XBRL TAXONOMY EXTENSION SCHEMA DOCUMENT,jnj-20170402.xsd,https://www.sec.gov/Archives/edgar/data/200406/000020040617000024/jnj-20170402.xsd,EX-101.SCH,48963
8,XBRL TAXONOMY EXTENSION CALCULATION LINKBASE DOCUMENT,jnj-20170402_cal.xml,https://www.sec.gov/Archives/edgar/data/200406/000020040617000024/jnj-20170402_cal.xml,EX-101.CAL,93692
9,XBRL TAXONOMY EXTENSION DEFINITION LINKBASE DOCUMENT,jnj-20170402_def.xml,https://www.sec.gov/Archives/edgar/data/200406/000020040617000024/jnj-20170402_def.xml,EX-101.DEF,260701
10,XBRL TAXONOMY EXTENSION LABEL LINKBASE DOCUMENT,jnj-20170402_lab.xml,https://www.sec.gov/Archives/edgar/data/200406/000020040617000024/jnj-20170402_lab.xml,EX-101.LAB,708709
11,XBRL TAXONOMY EXTENSION PRESENTATION LINKBASE DOCUMENT,jnj-20170402_pre.xml,https://www.sec.gov/Archives/edgar/data/200406/000020040617000024/jnj-20170402_pre.xml,EX-101.PRE,407124
