seq,description,document,href,type,size
1,10-Q,a10-qq320166252016.htm,https://www.sec.gov/Archives/edgar/data/320193/000162828016017809/a10-qq320166252016.htm,10-Q,1685373
2,EXHIBIT 31.1,a10-qexhibit3116252016.htm,https://www.sec.gov/Archives/edgar/data/320193/000162828016017809/a10-qexhibit3116252016.htm,EX-31.1,16411
3,EXHIBIT 31.2,a10-qexhibit3126252016.htm,https://www.sec.gov/Archives/edgar/data/320193/000162828016017809/a10-qexhibit3126252016.htm,EX-31.2,17539
4,EXHIBIT 32.1,a10-qexhibit3216252016.htm,https://www.sec.gov/Archives/edgar/data/320193/000162828016017809/a10-qexhibit3216252016.htm,EX-32.1,17746
11,,g66145g66h98.jpg,https://www.sec.gov/Archives/edgar/data/320193/000162828016017809/g66145g66h98.jpg,GRAPHIC,10963
NA,Complete submission text file,0001628280-16-017809.txt,https://www.sec.gov/Archives/edgar/data/320193/000162828016017809/0001628280-16-017809.txt, ,9797615
5,XBRL INSTANCE DOCUMENT,aapl-20160625.xml,https://www.sec.gov/Archives/edgar/data/320193/000162828016017809/aapl-20160625.xml,EX-101.INS,2852642
6,XBRL TAXONOMY EXTENSION SCHEMA DOCUMENT,aapl-20160625.xsd,https://www.sec.gov/Archives/edgar/data/320193/000162828016017809/aapl-20160625.xsd,EX-101.SCH,52341
7,XBRL TAXONOMY EXTENSION CALCULATION LINKBASE DOCUMENT,aapl-20160625_cal.xml,https://www.sec.gov/Archives/edgar/data/320193/000162828016017809/aapl-20160625_cal.xml,EX-101.CAL,86082
8,XBRL TAXONOMY EXTENSION DEFINITION LINKBASE DOCUMENT,aapl-20160625_def.xml,https://www.sec.gov/Archives/edgar/data/320193/000162828016017809/aapl-20160625_def.xml,EX-101.DEF,277517
9,XBRL TAXONOMY EXTENSION LABEL LINKBASE DOCUMENT,aapl-20160625_lab.xml,https://www.sec.gov/Archives/edgar/data/320193/000162828016017809/aapl-20160625_lab.xml,EX-101.LAB,684013
10,XBRL TAXONOMY EXTENSION PRESENTATION LINKBASE DOCUMENT,aapl-20160625_pre.xml,https://www.sec.gov/Archives/edgar/data/320193/000162828016017809/aapl-20160625_pre.xml,EX-101.PRE,393675
