seq,description,document,href,type,size
1,10-Q,amzn-20170331x10q.htm,https://www.sec.gov/Archives/edgar/data/1018724/000101872417000051/amzn-20170331x10q.htm,10-Q,922694
2,EXHIBIT 10.1,amzn-20170331xex101.htm,https://www.sec.gov/Archives/edgar/data/1018724/000101872417000051/amzn-20170331xex101.htm,EX-10.1,121277
3,EXHIBIT 31.1,amzn-20170331xex311.htm,https://www.sec.gov/Archives/edgar/data/1018724/000101872417000051/amzn-20170331xex311.htm,EX-31.1,8978
4,EXHIBIT 31.2,amzn-20170331xex312.htm,https://www.sec.gov/Archives/edgar/data/1018724/000101872417000051/amzn-20170331xex312.htm,EX-31.2,9120
5,EXHIBIT 32.1,amzn-20170331xex321.htm,https://www.sec.gov/Archives/edgar/data/1018724/000101872417000051/amzn-20170331xex321.htm,EX-32.1,5662
6,EXHIBIT 32.2,amzn-20170331xex322.htm,https://www.sec.gov/Archives/edgar/data/1018724/000101872417000051/amzn-20170331xex322.htm,EX-32.2,5681
NA,Complete submission text file,0001018724-17-000051.txt,https://www.sec.gov/Archives/edgar/data/1018724/000101872417000051/0001018724-17-000051.txt, ,4749500
7,XBRL INSTANCE DOCUMENT,amzn-20170331.xml,https://www.sec.gov/Archives/edgar/data/1018724/000101872417000051/amzn-20170331.xml,EX-101.INS,853271
8,XBRL TAXONOMY EXTENSION SCHEMA DOCUMENT,amzn-20170331.xsd,https://www.sec.gov/Archives/edgar/data/1018724/000101872417000051/amzn-20170331.xsd,EX-101.SCH,38687
9,XBRL TAXONOMY EXTENSION CALCULATION LINKBASE DOCUMENT,amzn-20170331_cal.xml,https://www.sec.gov/Archives/edgar/data/1018724/000101872417000051/amzn-20170331_cal.xml,EX-101.CAL,81911
10,XBRL TAXONOMY EXTENSION DEFINITION LINKBASE DOCUMENT,amzn-20170331_def.xml,https://www.sec.gov/Archives/edgar/data/1018724/000101872417000051/amzn-20170331_def.xml,EX-101.DEF,205532
11,XBRL TAXONOMY EXTENSION LABEL LINKBASE DOCUMENT,amzn-20170331_lab.xml,https://www.sec.gov/Archives/edgar/data/1018724/000101872417000051/amzn-20170331_lab.xml,EX-101.LAB,522752
12,XBRL TAXONOMY EXTENSION PRESENTATION LINKBASE DOCUMENT,amzn-20170331_pre.xml,https://www.sec.gov/Archives/edgar/data/1018724/000101872417000051/amzn-20170331_pre.xml,EX-101.PRE,276398
