part.name,item.name,sentence_text,section
PART I. FINANCIAL INFORMATION,Item 2. Management's Discussion and Analysis of Financial Condition and Results of Operations,item 2.,discussion
PART I. FINANCIAL INFORMATION,Item 2. Management's Discussion and Analysis of Financial Condition and Results of Operations,management's discussion and analysis of financial condition and results of operations forward-looking statements this quarterly report on form 10-q includes forward-looking statements within the meaning of the private securities litigation reform act of 1995.,discussion
PART I. FINANCIAL INFORMATION,Item 2. Management's Discussion and Analysis of Financial Condition and Results of Operations,"all statements other than statements of historical fact, including statements regarding guidance, industry prospects, or future results of operations or financial position, made in this quarterly report on form 10-q are forward-looking.",discussion
PART I. FINANCIAL INFORMATION,Item 2. Management's Discussion and Analysis of Financial Condition and Results of Operations,"we use words such as anticipates, believes, expects, future, intends, and similar expressions to identify forward-looking statements.",discussion
PART I. FINANCIAL INFORMATION,Item 2. Management's Discussion and Analysis of Financial Condition and Results of Operations,forward-looking statements reflect management's current expectations and are inherently uncertain.,discussion
PART I. FINANCIAL INFORMATION,Item 2. Management's Discussion and Analysis of Financial Condition and Results of Operations,"actual results could differ materially for a variety of reasons, including, among others, fluctuations in foreign exchange rates, changes in global economic conditions and customer spending, world events, the rate of growth of the internet, online commerce, and cloud services, the amount that amazon.com invests in new business opportunities and the timing of those investments, the mix of products and services sold to customers, the mix of net sales derived from products as compared with services, the extent to which we owe income or other taxes, competition, management of growth, potential fluctuations in operating results, international growth and expansion, the outcomes of legal proceedings and claims, fulfillment, sortation, delivery, and data center optimization, risks of inventory management, seasonality, the degree to which we enter into, maintain, and develop commercial agreements, acquisitions and strategic transactions, payments risks, and risks of fulfillment throughput and productivity.",discussion
PART I. FINANCIAL INFORMATION,Item 2. Management's Discussion and Analysis of Financial Condition and Results of Operations,"in addition, the current global economic climate amplifies many of these risks.",discussion
PART I. FINANCIAL INFORMATION,Item 2. Management's Discussion and Analysis of Financial Condition and Results of Operations,"these risks and uncertainties, as well as other risks and uncertainties that could cause our actual results to differ significantly from management's expectations, are described in greater detail in item 1a of part ii, ""risk factors.""",discussion
PART I. FINANCIAL INFORMATION,Item 2. Management's Discussion and Analysis of Financial Condition and Results of Operations,"for additional information, see item 7 of part ii, ""management's discussion and analysis of financial condition and results of operations  -  overview"" of our 2016 annual report on form 10-k.",discussion
PART I. FINANCIAL INFORMATION,Item 2. Management's Discussion and Analysis of Financial Condition and Results of Operations,"critical accounting judgments the preparation of financial statements in conformity with gaap requires estimates and assumptions that affect the reported amounts of assets and liabilities, revenues and expenses, and related disclosures of contingent assets and liabilities in the consolidated financial statements and accompanying notes.",discussion
PART I. FINANCIAL INFORMATION,Item 2. Management's Discussion and Analysis of Financial Condition and Results of Operations,"the sec has defined a company's critical accounting policies as the ones that are most important to the portrayal of the company's financial condition and results of operations, and which require the company to make its most difficult and subjective judgments, often as a result of the need to make estimates of matters that are inherently uncertain.",discussion
PART I. FINANCIAL INFORMATION,Item 2. Management's Discussion and Analysis of Financial Condition and Results of Operations,"based on this definition, we have identified the critical accounting policies and judgments addressed below.",discussion
PART I. FINANCIAL INFORMATION,Item 2. Management's Discussion and Analysis of Financial Condition and Results of Operations,"we also have other key accounting policies, which involve the use of estimates, judgments, and assumptions that are significant to understanding our results.",discussion
PART I. FINANCIAL INFORMATION,Item 2. Management's Discussion and Analysis of Financial Condition and Results of Operations,"for additional information, see item 8 of part ii, ""financial statements and supplementary data  -  note 1  -  description of business and accounting policies,"" of our 2016 annual report on form 10-k and item 1 of part i, ""financial statements  -  note 1  -  accounting policies,"" of this form 10-q.",discussion
PART I. FINANCIAL INFORMATION,Item 2. Management's Discussion and Analysis of Financial Condition and Results of Operations,"although we believe that our estimates, assumptions, and judgments are reasonable, they are based upon information presently available.",discussion
PART I. FINANCIAL INFORMATION,Item 2. Management's Discussion and Analysis of Financial Condition and Results of Operations,"actual results may differ significantly from these estimates under different assumptions, judgments, or conditions.",discussion
PART I. FINANCIAL INFORMATION,Item 2. Management's Discussion and Analysis of Financial Condition and Results of Operations,"inventories inventories, consisting of products available for sale, are primarily accounted for using the first-in first-out method, and are valued at the lower of cost and net realizable value.",discussion
PART I. FINANCIAL INFORMATION,Item 2. Management's Discussion and Analysis of Financial Condition and Results of Operations,"this valuation requires us to make judgments, based on currently-available information, about the likely method of disposition, such as through sales to individual customers, returns to product vendors, or liquidations, and expected recoverable values of each disposition category.",discussion
PART I. FINANCIAL INFORMATION,Item 2. Management's Discussion and Analysis of Financial Condition and Results of Operations,these assumptions about future disposition of inventory are inherently uncertain and changes in our estimates and assumptions may cause us to realize material write-downs in the future.,discussion
PART I. FINANCIAL INFORMATION,Item 2. Management's Discussion and Analysis of Financial Condition and Results of Operations,"as a measure of sensitivity, for every 1% of additional inventory valuation allowance as of march 31, 2017, we would have recorded an additional cost of sales of approximately $120 million.",discussion
PART I. FINANCIAL INFORMATION,Item 2. Management's Discussion and Analysis of Financial Condition and Results of Operations,"in addition, we enter into supplier commitments for certain electronic device components.",discussion
PART I. FINANCIAL INFORMATION,Item 2. Management's Discussion and Analysis of Financial Condition and Results of Operations,these commitments are based on forecasted customer demand.,discussion
PART I. FINANCIAL INFORMATION,Item 2. Management's Discussion and Analysis of Financial Condition and Results of Operations,"if we reduce these commitments, we may incur additional costs.",discussion
PART I. FINANCIAL INFORMATION,Item 2. Management's Discussion and Analysis of Financial Condition and Results of Operations,income taxes we are subject to income taxes in the u.s. (federal and state) and numerous foreign jurisdictions.,discussion
PART I. FINANCIAL INFORMATION,Item 2. Management's Discussion and Analysis of Financial Condition and Results of Operations,"tax laws, regulations, and administrative practices in various jurisdictions may be subject to significant change, with or without notice, due to economic, political, and other conditions, and significant judgment is required in evaluating and estimating our provision and accruals for these taxes.",discussion
PART I. FINANCIAL INFORMATION,Item 2. Management's Discussion and Analysis of Financial Condition and Results of Operations,there are many transactions that occur during the ordinary course of business for which the ultimate tax determination is uncertain.,discussion
PART I. FINANCIAL INFORMATION,Item 2. Management's Discussion and Analysis of Financial Condition and Results of Operations,"our effective tax rates could be affected by earnings being lower than anticipated in jurisdictions where we have lower statutory rates and higher than anticipated in jurisdictions where we have higher statutory rates, losses incurred in jurisdictions for which we are not able to realize the related tax benefit, changes in foreign currency exchange rates, 17 table of contents entry into new businesses and geographies and changes to our existing businesses, acquisitions (including integrations) and investments, changes in our stock price, changes in our deferred tax assets and liabilities and their valuation, and changes in the relevant tax, accounting, and other laws, regulations, administrative practices, principles, and interpretations, including fundamental changes to the tax laws applicable to corporate multinationals.",discussion
PART I. FINANCIAL INFORMATION,Item 2. Management's Discussion and Analysis of Financial Condition and Results of Operations,"the u.s., the european union and its member states, and a number of other countries are actively pursuing changes in this regard.",discussion
PART I. FINANCIAL INFORMATION,Item 2. Management's Discussion and Analysis of Financial Condition and Results of Operations,"except as required under u.s. tax laws, we do not provide for u.s. taxes on our undistributed earnings of foreign subsidiaries that have not been previously taxed since we intend to invest such undistributed earnings indefinitely outside of the u.s.",discussion
PART I. FINANCIAL INFORMATION,Item 2. Management's Discussion and Analysis of Financial Condition and Results of Operations,"if our intent changes or if these funds are needed for our u.s. operations, we would be required to accrue or pay u.s. taxes on some or all of these undistributed earnings and our effective tax rate would be adversely affected.",discussion
PART I. FINANCIAL INFORMATION,Item 2. Management's Discussion and Analysis of Financial Condition and Results of Operations,"we are also currently subject to audit in various jurisdictions, and these jurisdictions may assess additional income tax liabilities against us.",discussion
PART I. FINANCIAL INFORMATION,Item 2. Management's Discussion and Analysis of Financial Condition and Results of Operations,"developments in an audit, litigation, or the relevant laws, regulations, administrative practices, principles, and interpretations could have a material effect on our operating results or cash flows in the period or periods for which that development occurs, as well as for prior and subsequent periods.",discussion
PART I. FINANCIAL INFORMATION,Item 2. Management's Discussion and Analysis of Financial Condition and Results of Operations,"for instance, the irs is seeking to increase our u.s. taxable income related to transfer pricing with our foreign subsidiaries for transactions undertaken in 2005 and 2006, and we have been contesting the matter in u.s.",discussion
PART I. FINANCIAL INFORMATION,Item 2. Management's Discussion and Analysis of Financial Condition and Results of Operations,tax court.,discussion
PART I. FINANCIAL INFORMATION,Item 2. Management's Discussion and Analysis of Financial Condition and Results of Operations,"on march 23, 2017, the u.s.",discussion
PART I. FINANCIAL INFORMATION,Item 2. Management's Discussion and Analysis of Financial Condition and Results of Operations,"tax court issued its decision regarding the issues raised in the irs notices of proposed adjustment (""nopas"").",discussion
PART I. FINANCIAL INFORMATION,Item 2. Management's Discussion and Analysis of Financial Condition and Results of Operations,"the tax court rejected the approach from the irs nopas in determining transfer pricing adjustments in 2005 and 2006 for the transactions undertaken with our foreign subsidiaries and adopted, with adjustments, our suggested approach.",discussion
PART I. FINANCIAL INFORMATION,Item 2. Management's Discussion and Analysis of Financial Condition and Results of Operations,the decision is subject to appeal.,discussion
PART I. FINANCIAL INFORMATION,Item 2. Management's Discussion and Analysis of Financial Condition and Results of Operations,"if the tax court decision were reversed on appeal or if the irs were to successfully assert transfer pricing adjustments of a similar nature to the nopas for transactions in subsequent years, we could be subject to significant additional tax liabilities.",discussion
PART I. FINANCIAL INFORMATION,Item 2. Management's Discussion and Analysis of Financial Condition and Results of Operations,"in addition, in october 2014, the european commission opened a formal investigation to examine whether decisions by the tax authorities in luxembourg with regard to the corporate income tax paid by certain of our subsidiaries comply with european union rules on state aid.",discussion
PART I. FINANCIAL INFORMATION,Item 2. Management's Discussion and Analysis of Financial Condition and Results of Operations,"if this matter is adversely resolved, luxembourg may be required to assess, and we may be required to pay, additional amounts with respect to current and prior periods and our taxes in the future could increase.",discussion
PART I. FINANCIAL INFORMATION,Item 2. Management's Discussion and Analysis of Financial Condition and Results of Operations,"although we believe our tax estimates are reasonable, the final outcome of tax audits, investigations, and any related litigation could be materially different from our historical income tax provisions and accruals.",discussion
PART I. FINANCIAL INFORMATION,Item 2. Management's Discussion and Analysis of Financial Condition and Results of Operations,"recent accounting pronouncements see item 1 of part i, ""financial statements  -  note 1  -  accounting policies  -  recent accounting pronouncements.""",discussion
PART I. FINANCIAL INFORMATION,Item 2. Management's Discussion and Analysis of Financial Condition and Results of Operations,"18 table of contents liquidity and capital resources cash flow information, which reflects retrospective adjustments to our consolidated statements of cash flows as described in item 1 of part 1, ""financial statements  -  note 1  -  accounting policies,"" is as follows (in millions): three months ended   march 31,   twelve months ended   march 31,   2016   2017   2016   2017 cash provided by (used in):               operating activities $ (1,953 )   $ (1,590 )   $ 11,563     $ 17,634   investing activities (693 )   (1,616 )   (5,296 )   (10,798 ) financing activities (996 )   (914 )   (4,205 )   (3,657 ) our principal sources of liquidity are cash flows generated from operations and our cash, cash equivalents, and marketable securities balances, which, at fair value, were $26.0 billion and $21.5 billion as of december 31, 2016, and march 31, 2017.",discussion
PART I. FINANCIAL INFORMATION,Item 2. Management's Discussion and Analysis of Financial Condition and Results of Operations,"amounts held in foreign currencies were $9.1 billion and $6.8 billion as of december 31, 2016, and march 31, 2017, and were primarily euros, japanese yen, and british pounds.",discussion
PART I. FINANCIAL INFORMATION,Item 2. Management's Discussion and Analysis of Financial Condition and Results of Operations,cash provided by (used in) operating activities was $(2.0) billion and $(1.6) billion for q1 2016 and q1 2017.,discussion
PART I. FINANCIAL INFORMATION,Item 2. Management's Discussion and Analysis of Financial Condition and Results of Operations,"our operating cash flows result primarily from cash received from our consumer, seller, developer, enterprise, and content creator customers, advertising agreements, and our co-branded credit card agreements, offset by cash payments we make for products and services, employee compensation (less amounts capitalized related to internal-use software that are reflected as cash used in investing activities), payment processing and related transaction costs, operating leases, and interest payments on our long-term obligations.",discussion
PART I. FINANCIAL INFORMATION,Item 2. Management's Discussion and Analysis of Financial Condition and Results of Operations,cash received from our customers and other activities generally corresponds to our net sales.,discussion
PART I. FINANCIAL INFORMATION,Item 2. Management's Discussion and Analysis of Financial Condition and Results of Operations,"because consumers primarily use credit cards to buy from us, our receivables from consumers settle quickly.",discussion
PART I. FINANCIAL INFORMATION,Item 2. Management's Discussion and Analysis of Financial Condition and Results of Operations,"the increase in operating cash flow for the trailing twelve months ended march 31, 2017, compared to the comparable prior year period, was primarily due to the increase in net income, excluding non-cash charges such as depreciation, amortization, and stock-based compensation.",discussion
PART I. FINANCIAL INFORMATION,Item 2. Management's Discussion and Analysis of Financial Condition and Results of Operations,cash provided by (used in) operating activities is also subject to changes in working capital.,discussion
PART I. FINANCIAL INFORMATION,Item 2. Management's Discussion and Analysis of Financial Condition and Results of Operations,"working capital at any specific point in time is subject to many variables, including seasonality, inventory management and category expansion, the timing of cash receipts and payments, vendor payment terms, and fluctuations in foreign exchange rates.",discussion
PART I. FINANCIAL INFORMATION,Item 2. Management's Discussion and Analysis of Financial Condition and Results of Operations,"cash provided by (used in) investing activities corresponds with cash capital expenditures, including leasehold improvements, internal-use software and website development costs, cash outlays for acquisitions, investments in other companies and intellectual property rights, and purchases, sales, and maturities of marketable securities.",discussion
PART I. FINANCIAL INFORMATION,Item 2. Management's Discussion and Analysis of Financial Condition and Results of Operations,"cash provided by (used in) investing activities was $(693) million and $(1.6) billion for q1 2016 and q1 2017, with the variability caused primarily by our decision to purchase or lease property and equipment, purchases, maturities, and sales of marketable securities, and changes in cash paid for acquisitions.",discussion
PART I. FINANCIAL INFORMATION,Item 2. Management's Discussion and Analysis of Financial Condition and Results of Operations,"cash capital expenditures were $1.2 billion and $1.9 billion during q1 2016 and q1 2017, which primarily reflect additional capacity to support our fulfillment operations and additional investments in support of continued business growth due to investments in technology infrastructure (the majority of which is to support aws).",discussion
PART I. FINANCIAL INFORMATION,Item 2. Management's Discussion and Analysis of Financial Condition and Results of Operations,capital expenditures included $111 million and $74 million for internal-use software and website development during q1 2016 and q1 2017.,discussion
PART I. FINANCIAL INFORMATION,Item 2. Management's Discussion and Analysis of Financial Condition and Results of Operations,stock-based compensation capitalized for internal-use software and website development costs does not affect cash flows.,discussion
PART I. FINANCIAL INFORMATION,Item 2. Management's Discussion and Analysis of Financial Condition and Results of Operations,"we made cash payments, net of acquired cash, related to acquisition and other investment activity of $16 million and $45 million during q1 2016 and q1 2017.",discussion
PART I. FINANCIAL INFORMATION,Item 2. Management's Discussion and Analysis of Financial Condition and Results of Operations,cash provided by (used in) financing activities was $(996) million and $(914) million for q1 2016 and q1 2017.,discussion
PART I. FINANCIAL INFORMATION,Item 2. Management's Discussion and Analysis of Financial Condition and Results of Operations,cash outflows from financing activities result from principal repayments on obligations related to capital leases and finance leases and repayments of long-term debt and other.,discussion
PART I. FINANCIAL INFORMATION,Item 2. Management's Discussion and Analysis of Financial Condition and Results of Operations,principal repayments on obligations related to capital leases and finance leases and repayments of long-term debt and other were $1.0 billion and $938 million in q1 2016 and q1 2017.,discussion
PART I. FINANCIAL INFORMATION,Item 2. Management's Discussion and Analysis of Financial Condition and Results of Operations,"property and equipment acquired under capital leases was $875 million and $1.9 billion during q1 2016 and q1 2017, reflecting investments in support of continued business growth primarily due to investments in technology infrastructure for aws, which investments we expect to continue over time.",discussion
PART I. FINANCIAL INFORMATION,Item 2. Management's Discussion and Analysis of Financial Condition and Results of Operations,cash inflows from financing activities primarily result from proceeds from long-term debt and other.,discussion
PART I. FINANCIAL INFORMATION,Item 2. Management's Discussion and Analysis of Financial Condition and Results of Operations,proceeds from long-term debt and other were $9 million and $24 million in q1 2016 and q1 2017.,discussion
PART I. FINANCIAL INFORMATION,Item 2. Management's Discussion and Analysis of Financial Condition and Results of Operations,"we had no borrowings outstanding under our $3.0 billion credit agreement and $500 million of borrowings outstanding under our $500 million secured revolving credit facility as of march 31, 2017.",discussion
PART I. FINANCIAL INFORMATION,Item 2. Management's Discussion and Analysis of Financial Condition and Results of Operations,"see item 1 of part i, ""financial statements  -  note 4  -  long-term debt"" for additional information.",discussion
PART I. FINANCIAL INFORMATION,Item 2. Management's Discussion and Analysis of Financial Condition and Results of Operations,we recorded net tax provisions of $475 million and $229 million in q1 2016 and q1 2017.,discussion
PART I. FINANCIAL INFORMATION,Item 2. Management's Discussion and Analysis of Financial Condition and Results of Operations,"except as required under u.s. tax laws, we do not provide for u.s. taxes on our undistributed earnings of foreign subsidiaries that have not been previously taxed since we intend to invest such undistributed earnings indefinitely outside of the u.s.",discussion
PART I. FINANCIAL INFORMATION,Item 2. Management's Discussion and Analysis of Financial Condition and Results of Operations,"if our intent changes or if these funds are needed for our u.s. operations, we would be required to accrue or pay u.s. taxes on some or all of these undistributed earnings, and our effective tax rate would be adversely affected.",discussion
PART I. FINANCIAL INFORMATION,Item 2. Management's Discussion and Analysis of Financial Condition and Results of Operations,we have tax benefits relating to excess stock-based compensation deductions and accelerated depreciation deductions that are being utilized to reduce our u.s. taxable 19 table of contents income.,discussion
PART I. FINANCIAL INFORMATION,Item 2. Management's Discussion and Analysis of Financial Condition and Results of Operations,"in december 2015, u.s. legislation was enacted that extended accelerated depreciation deductions on qualifying property through 2019.",discussion
PART I. FINANCIAL INFORMATION,Item 2. Management's Discussion and Analysis of Financial Condition and Results of Operations,"cash taxes paid, net of refunds were $139 million and $246 million for q1 2016 and q1 2017.",discussion
PART I. FINANCIAL INFORMATION,Item 2. Management's Discussion and Analysis of Financial Condition and Results of Operations,"as of december 31, 2016, our federal net operating loss carryforward was approximately $76 million and we had approximately $608 million of federal tax credits potentially available to offset future tax liabilities.",discussion
PART I. FINANCIAL INFORMATION,Item 2. Management's Discussion and Analysis of Financial Condition and Results of Operations,our federal tax credits are primarily related to the u.s. federal research and development credit.,discussion
PART I. FINANCIAL INFORMATION,Item 2. Management's Discussion and Analysis of Financial Condition and Results of Operations,we expect cash paid for taxes to increase.,discussion
PART I. FINANCIAL INFORMATION,Item 2. Management's Discussion and Analysis of Financial Condition and Results of Operations,"we endeavor to manage our global taxes on a cash basis, rather than on a financial reporting basis.",discussion
PART I. FINANCIAL INFORMATION,Item 2. Management's Discussion and Analysis of Financial Condition and Results of Operations,"our liquidity is also affected by restricted cash balances that are pledged as collateral for standby and trade letters of credit, guarantees, debt, and real estate leases.",discussion
PART I. FINANCIAL INFORMATION,Item 2. Management's Discussion and Analysis of Financial Condition and Results of Operations,"to the extent we process payments for third-party sellers or offer certain types of stored value to our customers, some jurisdictions may restrict our use of those funds.",discussion
PART I. FINANCIAL INFORMATION,Item 2. Management's Discussion and Analysis of Financial Condition and Results of Operations,"these restrictions would result in the reclassification of a portion of our cash and cash equivalents from ""cash and cash equivalents"" to restricted cash, which is classified within ""accounts receivable, net and other"" on our consolidated balance sheets.",discussion
PART I. FINANCIAL INFORMATION,Item 2. Management's Discussion and Analysis of Financial Condition and Results of Operations,"as of december 31, 2016, and march 31, 2017, restricted cash, cash equivalents, and marketable securities were $600 million and $861 million.",discussion
PART I. FINANCIAL INFORMATION,Item 2. Management's Discussion and Analysis of Financial Condition and Results of Operations,"see item 1 of part i, ""financial statements  -  note 3  -  commitments and contingencies"" for additional discussion of our principal contractual commitments, as well as our pledged assets.",discussion
PART I. FINANCIAL INFORMATION,Item 2. Management's Discussion and Analysis of Financial Condition and Results of Operations,"purchase obligations and open purchase orders, consisting of inventory and significant non-inventory commitments, were $9.9 billion as of march 31, 2017.",discussion
PART I. FINANCIAL INFORMATION,Item 2. Management's Discussion and Analysis of Financial Condition and Results of Operations,purchase obligations and open purchase orders are generally cancellable in full or in part through the contractual provisions.,discussion
PART I. FINANCIAL INFORMATION,Item 2. Management's Discussion and Analysis of Financial Condition and Results of Operations,"additionally, in march 2017, we signed an agreement to acquire souq group ltd., an e-commerce company, for $580 million in cash, subject to adjustments.",discussion
PART I. FINANCIAL INFORMATION,Item 2. Management's Discussion and Analysis of Financial Condition and Results of Operations,"we expect to fund this acquisition with cash on hand, and we expect the acquisition to close in 2017, subject to customary closing conditions.",discussion
PART I. FINANCIAL INFORMATION,Item 2. Management's Discussion and Analysis of Financial Condition and Results of Operations,"we believe that cash flows generated from operations and our cash, cash equivalents, and marketable securities balances, as well as borrowing available under our credit agreements, will be sufficient to meet our anticipated operating cash needs for at least the next 12 months.",discussion
PART I. FINANCIAL INFORMATION,Item 2. Management's Discussion and Analysis of Financial Condition and Results of Operations,"however, any projections of future cash needs and cash flows are subject to substantial uncertainty.",discussion
PART I. FINANCIAL INFORMATION,Item 2. Management's Discussion and Analysis of Financial Condition and Results of Operations,"see item 1a of part ii, ""risk factors.""",discussion
PART I. FINANCIAL INFORMATION,Item 2. Management's Discussion and Analysis of Financial Condition and Results of Operations,"we continually evaluate opportunities to sell additional equity or debt securities, obtain credit facilities, obtain capital, finance, and operating lease arrangements, repurchase common stock, pay dividends, or repurchase, refinance, or otherwise restructure our debt for strategic reasons or to further strengthen our financial position.",discussion
PART I. FINANCIAL INFORMATION,Item 2. Management's Discussion and Analysis of Financial Condition and Results of Operations,the sale of additional equity or convertible debt securities would likely be dilutive to our shareholders.,discussion
PART I. FINANCIAL INFORMATION,Item 2. Management's Discussion and Analysis of Financial Condition and Results of Operations,"in addition, we will, from time to time, consider the acquisition of, or investment in, complementary businesses, products, services, capital infrastructure, and technologies, which might affect our liquidity requirements or cause us to secure additional financing, or issue additional equity or debt securities.",discussion
PART I. FINANCIAL INFORMATION,Item 2. Management's Discussion and Analysis of Financial Condition and Results of Operations,"there can be no assurance that additional credit lines or financing instruments will be available in amounts or on terms acceptable to us, if at all.",discussion
PART I. FINANCIAL INFORMATION,Item 2. Management's Discussion and Analysis of Financial Condition and Results of Operations,"20 table of contents results of operations we have organized our operations into three segments: north america, international, and aws.",discussion
PART I. FINANCIAL INFORMATION,Item 2. Management's Discussion and Analysis of Financial Condition and Results of Operations,"in q1 2017, we combined stock-based compensation and ""other operating expense, net"" with operating expenses in our presentation of segment results.",discussion
PART I. FINANCIAL INFORMATION,Item 2. Management's Discussion and Analysis of Financial Condition and Results of Operations,these segments reflect the way the company evaluates its business performance and manages its operations.,discussion
PART I. FINANCIAL INFORMATION,Item 2. Management's Discussion and Analysis of Financial Condition and Results of Operations,"see item 1 of part i, ""financial statements  -  note 7  -  segment information.""",discussion
PART I. FINANCIAL INFORMATION,Item 2. Management's Discussion and Analysis of Financial Condition and Results of Operations,net sales net sales include product and service sales.,discussion
PART I. FINANCIAL INFORMATION,Item 2. Management's Discussion and Analysis of Financial Condition and Results of Operations,product sales represent revenue from the sale of retail products and related shipping fees and digital media content where we record revenue gross.,discussion
PART I. FINANCIAL INFORMATION,Item 2. Management's Discussion and Analysis of Financial Condition and Results of Operations,"service sales represent retail third-party seller fees earned (including commissions) and related shipping fees, aws sales, certain digital content subscriptions, certain advertising services, and our co-branded credit card agreements.",discussion
PART I. FINANCIAL INFORMATION,Item 2. Management's Discussion and Analysis of Financial Condition and Results of Operations,amazon prime membership fees are allocated between product sales and service sales and amortized over the life of the membership according to the estimated delivery of services.,discussion
PART I. FINANCIAL INFORMATION,Item 2. Management's Discussion and Analysis of Financial Condition and Results of Operations,"net sales information is as follows (in millions): three months ended   march 31,   2016   2017 net sales:       north america $ 16,996     $ 20,992   international 9,566     11,061   aws 2,566     3,661   consolidated $ 29,128     $ 35,714   year-over-year percentage growth:       north america 27 %   24 % international 24     16   aws 64     43   consolidated 28     23   year-over-year percentage growth, excluding the effect of foreign exchange rates:       north america 27 %   23 % international 26     21   aws 64     43   consolidated 29     24   net sales mix:       north america 58 %   59 % international 33     31   aws 9     10   consolidated 100 %   100 % sales increased 23% in q1 2017 compared to the comparable prior year period.",discussion
PART I. FINANCIAL INFORMATION,Item 2. Management's Discussion and Analysis of Financial Condition and Results of Operations,changes in foreign currency exchange rates impacted net sales by $(210) million and $(492) million for q1 2016 and q1 2017.,discussion
PART I. FINANCIAL INFORMATION,Item 2. Management's Discussion and Analysis of Financial Condition and Results of Operations,"for a discussion of the effect on sales growth of foreign exchange rates, see ""effect of foreign exchange rates"" below.",discussion
PART I. FINANCIAL INFORMATION,Item 2. Management's Discussion and Analysis of Financial Condition and Results of Operations,"north america sales increased 24% in q1 2017, compared to the comparable prior year period.",discussion
PART I. FINANCIAL INFORMATION,Item 2. Management's Discussion and Analysis of Financial Condition and Results of Operations,"the sales growth primarily reflects increased unit sales, including sales by third-party sellers.",discussion
PART I. FINANCIAL INFORMATION,Item 2. Management's Discussion and Analysis of Financial Condition and Results of Operations,"increased unit sales were driven largely by our continued efforts to reduce prices for our customers, including from our shipping offers, increased in-stock inventory availability, and increased selection.",discussion
PART I. FINANCIAL INFORMATION,Item 2. Management's Discussion and Analysis of Financial Condition and Results of Operations,"international sales increased 16% in q1 2017, compared to the comparable prior year period.",discussion
PART I. FINANCIAL INFORMATION,Item 2. Management's Discussion and Analysis of Financial Condition and Results of Operations,"the sales growth primarily reflects increased unit sales, including sales by third-party sellers.",discussion
PART I. FINANCIAL INFORMATION,Item 2. Management's Discussion and Analysis of Financial Condition and Results of Operations,"increased unit sales were driven largely by our continued efforts to reduce prices for our customers, including from our shipping offers, increased in-stock inventory availability, and increased selection.",discussion
PART I. FINANCIAL INFORMATION,Item 2. Management's Discussion and Analysis of Financial Condition and Results of Operations,changes in foreign currency exchange rates impacted international net sales by $(177) million and $(502) million for q1 2016 and q1 2017.,discussion
PART I. FINANCIAL INFORMATION,Item 2. Management's Discussion and Analysis of Financial Condition and Results of Operations,"21 table of contents aws sales increased 43% in q1 2017, compared to the comparable prior year period.",discussion
PART I. FINANCIAL INFORMATION,Item 2. Management's Discussion and Analysis of Financial Condition and Results of Operations,"the sales growth primarily reflects increased customer usage, partially offset by pricing changes.",discussion
PART I. FINANCIAL INFORMATION,Item 2. Management's Discussion and Analysis of Financial Condition and Results of Operations,pricing changes were driven largely by our continued efforts to reduce prices for our customers.,discussion
PART I. FINANCIAL INFORMATION,Item 2. Management's Discussion and Analysis of Financial Condition and Results of Operations,"operating income (loss) operating income (loss) by segment is as follows (in millions): three months ended   march 31,   2016   2017 operating income (loss):       north america $ 588     $ 596   international  (121 )   (481 ) aws 604     890   consolidated $ 1,071     $ 1,005 operating income decreased from $1.1 billion in q1 2016, to $1.0 billion in q1 2017.",discussion
PART I. FINANCIAL INFORMATION,Item 2. Management's Discussion and Analysis of Financial Condition and Results of Operations,we believe that operating income is a more meaningful measure than gross profit and gross margin due to the diversity of our product categories and services.,discussion
PART I. FINANCIAL INFORMATION,Item 2. Management's Discussion and Analysis of Financial Condition and Results of Operations,"the increase in north america operating income in absolute dollars in q1 2017, compared to the comparable prior year period, is primarily due to increased unit sales, including sales by third-party sellers, offset by increased levels of operating expenses to expand our fulfillment network and spending on technology and content and marketing efforts.",discussion
PART I. FINANCIAL INFORMATION,Item 2. Management's Discussion and Analysis of Financial Condition and Results of Operations,changes in foreign exchange rates impacted operating income by $4 million for q1 2017.,discussion
PART I. FINANCIAL INFORMATION,Item 2. Management's Discussion and Analysis of Financial Condition and Results of Operations,"the increase in international operating loss in absolute dollars in q1 2017, compared to the comparable prior year period, is primarily due to increased levels of operating expenses to expand our fulfillment network and spending on technology and content and marketing efforts, partially offset by increased unit sales, including sales by third-party sellers.",discussion
PART I. FINANCIAL INFORMATION,Item 2. Management's Discussion and Analysis of Financial Condition and Results of Operations,changes in foreign exchange rates impacted operating income by $(32) million for q1 2017.,discussion
PART I. FINANCIAL INFORMATION,Item 2. Management's Discussion and Analysis of Financial Condition and Results of Operations,"the increase in aws operating income in absolute dollars in q1 2017, compared to the comparable prior year period, is primarily due to increased customer usage and cost structure productivity, partially offset by pricing changes and increased spending on technology infrastructure and payroll and related expenses, which was primarily driven by additional investments to support the business growth.",discussion
PART I. FINANCIAL INFORMATION,Item 2. Management's Discussion and Analysis of Financial Condition and Results of Operations,changes in foreign exchange rates impacted operating income by $(3) million for q1 2017.,discussion
PART I. FINANCIAL INFORMATION,Item 2. Management's Discussion and Analysis of Financial Condition and Results of Operations,"supplemental information supplemental information about outbound shipping results for our north america and international segments is as follows (in millions): three months ended   march 31,   2016   2017 outbound shipping activity:       shipping revenue (1)(2)(3) $ 1,820     $ 2,497   shipping costs (4) (3,275 )   (4,383 ) net shipping cost $ (1,455 )   $ (1,886 ) year-over-year percentage growth:       shipping revenue 40 %   37 % shipping costs 42     34   net shipping cost 44     30 ___________________ (1) excludes amounts charged on shipping activities by third-party sellers where we do not provide the fulfillment service.",discussion
PART I. FINANCIAL INFORMATION,Item 2. Management's Discussion and Analysis of Financial Condition and Results of Operations,(2) includes a portion of amounts earned from amazon prime memberships.,discussion
PART I. FINANCIAL INFORMATION,Item 2. Management's Discussion and Analysis of Financial Condition and Results of Operations,(3) includes amounts earned from fulfillment by amazon programs related to shipping services.,discussion
PART I. FINANCIAL INFORMATION,Item 2. Management's Discussion and Analysis of Financial Condition and Results of Operations,(4) includes sortation and delivery center and transportation costs.,discussion
PART I. FINANCIAL INFORMATION,Item 2. Management's Discussion and Analysis of Financial Condition and Results of Operations,"we expect our cost of shipping to continue to increase to the extent our customers accept and use our shipping offers at an increasing rate, we reduce shipping rates, we use more expensive shipping methods, and we offer additional services.",discussion
PART I. FINANCIAL INFORMATION,Item 2. Management's Discussion and Analysis of Financial Condition and Results of Operations,"we seek to mitigate costs of shipping over time in part through achieving higher sales volumes, optimizing our fulfillment network, 22 table of contents negotiating better terms with our suppliers, and achieving better operating efficiencies.",discussion
PART I. FINANCIAL INFORMATION,Item 2. Management's Discussion and Analysis of Financial Condition and Results of Operations,"we believe that offering low prices to our customers is fundamental to our future success, and one way we offer lower prices is through shipping offers.",discussion
PART I. FINANCIAL INFORMATION,Item 2. Management's Discussion and Analysis of Financial Condition and Results of Operations,"operating expenses information about operating expenses is as follows (in millions): three months ended   march 31,   2016   2017 operating expenses:       cost of sales $ 18,866     $ 22,440   fulfillment 3,687     4,697   marketing 1,436     1,920   technology and content 3,526     4,813   general and administrative 497     795   other operating expense, net 45     44   total operating expenses $ 28,057     $ 34,709   year-over-year percentage growth:       cost of sales 23 %   19  % fulfillment 34     27   marketing 33     34   technology and content 28     37   general and administrative 16     60   other operating expense, net 2     (3 ) percent of net sales:       cost of sales 64.8 %   62.8  % fulfillment 12.7     13.2   marketing 4.9     5.4   technology and content 12.1     13.5   general and administrative 1.7     2.2   other operating expense, net 0.2     0.1 cost of sales cost of sales primarily consists of the purchase price of consumer products, digital media content costs where we record revenue gross, including prime video and prime music, packaging supplies, sortation and delivery centers and related equipment costs, and inbound and outbound shipping costs, including where we are the transportation service provider.",discussion
PART I. FINANCIAL INFORMATION,Item 2. Management's Discussion and Analysis of Financial Condition and Results of Operations,shipping costs to receive products from our suppliers are included in our inventory and recognized as cost of sales upon sale of products to our customers.,discussion
PART I. FINANCIAL INFORMATION,Item 2. Management's Discussion and Analysis of Financial Condition and Results of Operations,"the increase in cost of sales in absolute dollars in q1 2017, compared to the comparable prior year period, is primarily due to increased product and shipping costs resulting from increased sales.",discussion
PART I. FINANCIAL INFORMATION,Item 2. Management's Discussion and Analysis of Financial Condition and Results of Operations,"costs to operate our aws segment are primarily classified as ""technology and content"" as we leverage a shared infrastructure that supports both our internal technology requirements and external sales to aws customers.",discussion
PART I. FINANCIAL INFORMATION,Item 2. Management's Discussion and Analysis of Financial Condition and Results of Operations,fulfillment fulfillment costs primarily consist of those costs incurred in operating and staffing our north america and international fulfillment and customer service centers and payment processing costs.,discussion
PART I. FINANCIAL INFORMATION,Item 2. Management's Discussion and Analysis of Financial Condition and Results of Operations,"while aws payment processing and related transaction costs are included in fulfillment, aws costs are primarily classified as ""technology and content.""",discussion
PART I. FINANCIAL INFORMATION,Item 2. Management's Discussion and Analysis of Financial Condition and Results of Operations,"fulfillment costs as a percentage of net sales may vary due to several factors, such as payment processing and related transaction costs, our level of productivity and accuracy, changes in volume, size, and weight of units received and fulfilled, timing of fulfillment network expansion, the extent we utilize fulfillment services provided by third parties, mix of products and services sold, and our ability to affect customer service contacts per unit by implementing improvements in our operations and enhancements to our customer self-service features.",discussion
PART I. FINANCIAL INFORMATION,Item 2. Management's Discussion and Analysis of Financial Condition and Results of Operations,"23 table of contents additionally, because payment processing and fulfillment costs associated with seller transactions are based on the gross purchase price of underlying transactions, and payment processing and related transaction and fulfillment costs are higher as a percentage of sales versus our retail sales, sales by our sellers have higher fulfillment costs as a percent of net sales.",discussion
PART I. FINANCIAL INFORMATION,Item 2. Management's Discussion and Analysis of Financial Condition and Results of Operations,"the increase in fulfillment costs in absolute dollars in q1 2017, compared to the comparable prior year period, is primarily due to variable costs corresponding with increased product and service sales volume and inventory levels, and costs from expanding our fulfillment network.",discussion
PART I. FINANCIAL INFORMATION,Item 2. Management's Discussion and Analysis of Financial Condition and Results of Operations,we seek to expand our fulfillment capacity to accommodate a greater selection and in-stock inventory levels and to meet anticipated shipment volumes from sales of our own products as well as sales by third parties for which we provide the fulfillment services.,discussion
PART I. FINANCIAL INFORMATION,Item 2. Management's Discussion and Analysis of Financial Condition and Results of Operations,we regularly evaluate our facility requirements.,discussion
PART I. FINANCIAL INFORMATION,Item 2. Management's Discussion and Analysis of Financial Condition and Results of Operations,"marketing we direct customers to our websites primarily through a number of targeted online marketing channels, such as our associates program, sponsored search, social and online advertising, television advertising, and other initiatives.",discussion
PART I. FINANCIAL INFORMATION,Item 2. Management's Discussion and Analysis of Financial Condition and Results of Operations,"our marketing costs are largely variable, based on growth in sales and changes in rates.",discussion
PART I. FINANCIAL INFORMATION,Item 2. Management's Discussion and Analysis of Financial Condition and Results of Operations,"to the extent there is increased or decreased competition for these traffic sources, or to the extent our mix of these channels shifts, we would expect to see a corresponding change in our marketing costs.",discussion
PART I. FINANCIAL INFORMATION,Item 2. Management's Discussion and Analysis of Financial Condition and Results of Operations,"the increase in marketing costs in absolute dollars in q1 2017, compared to the comparable prior year period, is primarily due to payroll and related expenses, as well as increased spending on online marketing channels.",discussion
PART I. FINANCIAL INFORMATION,Item 2. Management's Discussion and Analysis of Financial Condition and Results of Operations,"while costs associated with amazon prime memberships and other shipping offers are not included in marketing expense, we view these offers as effective worldwide marketing tools, and intend to continue offering them indefinitely.",discussion
PART I. FINANCIAL INFORMATION,Item 2. Management's Discussion and Analysis of Financial Condition and Results of Operations,"technology and content technology costs consist principally of research and development activities including payroll and related expenses for employees involved in application, production, maintenance, operation, and development of new and existing products and services, as well as aws and other technology infrastructure costs.",discussion
PART I. FINANCIAL INFORMATION,Item 2. Management's Discussion and Analysis of Financial Condition and Results of Operations,"content costs consist principally of payroll and related expenses for employees involved in category expansion, editorial content, buying, and merchandising selection.",discussion
PART I. FINANCIAL INFORMATION,Item 2. Management's Discussion and Analysis of Financial Condition and Results of Operations,we seek to invest efficiently in several areas of technology and content so we may continue to enhance the customer experience and improve our process efficiency through rapid technology developments while operating at an ever increasing scale.,discussion
PART I. FINANCIAL INFORMATION,Item 2. Management's Discussion and Analysis of Financial Condition and Results of Operations,our technology and content investment and capital spending projects often support a variety of product and service offerings due to geographic expansion and the cross-functionality of our systems and operations.,discussion
PART I. FINANCIAL INFORMATION,Item 2. Management's Discussion and Analysis of Financial Condition and Results of Operations,we expect spending in technology and content to increase over time as we continue to add employees and technology infrastructure.,discussion
PART I. FINANCIAL INFORMATION,Item 2. Management's Discussion and Analysis of Financial Condition and Results of Operations,"the increase in technology and content costs in absolute dollars in q1 2017, compared to the comparable prior year period, is primarily due to increased payroll and related costs associated with expanding our existing products and services and initiatives to introduce new products and service offerings, and an increase in spending on technology infrastructure.",discussion
PART I. FINANCIAL INFORMATION,Item 2. Management's Discussion and Analysis of Financial Condition and Results of Operations,"technology infrastructure costs consist of servers, networking equipment, and data center related depreciation, rent, utilities, and payroll expenses.",discussion
PART I. FINANCIAL INFORMATION,Item 2. Management's Discussion and Analysis of Financial Condition and Results of Operations,these costs are allocated to segments based on usage.,discussion
PART I. FINANCIAL INFORMATION,Item 2. Management's Discussion and Analysis of Financial Condition and Results of Operations,"during q1 2017, we expanded our technology infrastructure principally by increasing our capacity for aws service offerings globally, compared to the comparable prior year period.",discussion
PART I. FINANCIAL INFORMATION,Item 2. Management's Discussion and Analysis of Financial Condition and Results of Operations,"additionally, the costs associated with operating and maintaining our expanded infrastructure have increased over time, corresponding with increased usage.",discussion
PART I. FINANCIAL INFORMATION,Item 2. Management's Discussion and Analysis of Financial Condition and Results of Operations,we expect these trends to continue over time as we invest in technology infrastructure to support increased usage.,discussion
PART I. FINANCIAL INFORMATION,Item 2. Management's Discussion and Analysis of Financial Condition and Results of Operations,"see item 7 of part ii, ""management's discussion and analysis of financial condition and results of operations  -  overview"" of our 2016 annual report on form 10-k for a discussion of how management views advances in technology and the importance of innovation.",discussion
PART I. FINANCIAL INFORMATION,Item 2. Management's Discussion and Analysis of Financial Condition and Results of Operations,"during q1 2016 and q1 2017, we capitalized $135 million (including $24 million of stock-based compensation) and $94 million (including $20 million of stock-based compensation) of costs associated with internal-use software and website development.",discussion
PART I. FINANCIAL INFORMATION,Item 2. Management's Discussion and Analysis of Financial Condition and Results of Operations,amortization of previously capitalized amounts was $161 million and $150 million for q1 2016 and q1 2017.,discussion
PART I. FINANCIAL INFORMATION,Item 2. Management's Discussion and Analysis of Financial Condition and Results of Operations,"general and administrative the increase in general and administrative costs in absolute dollars in q1 2017, compared to the comparable prior year periods, is primarily due to increases in payroll and related expenses and professional service fees.",discussion
PART I. FINANCIAL INFORMATION,Item 2. Management's Discussion and Analysis of Financial Condition and Results of Operations,"other operating expense, net other operating expense, net was $45 million and $44 million for q1 2016 and q1 2017, and was primarily related to the amortization of intangible assets.",discussion
PART I. FINANCIAL INFORMATION,Item 2. Management's Discussion and Analysis of Financial Condition and Results of Operations,24 table of contents interest income and expense our interest income was $21 million and $39 million during q1 2016 and q1 2017.,discussion
PART I. FINANCIAL INFORMATION,Item 2. Management's Discussion and Analysis of Financial Condition and Results of Operations,we generally invest our excess cash in investment grade short- to intermediate-term fixed income securities and aaa-rated money market funds.,discussion
PART I. FINANCIAL INFORMATION,Item 2. Management's Discussion and Analysis of Financial Condition and Results of Operations,"our interest income corresponds with the average balance of invested funds based on the prevailing rates, which vary depending on the geographies and currencies in which they are invested.",discussion
PART I. FINANCIAL INFORMATION,Item 2. Management's Discussion and Analysis of Financial Condition and Results of Operations,interest expense was $117 million and $139 million during q1 2016 and q1 2017.,discussion
PART I. FINANCIAL INFORMATION,Item 2. Management's Discussion and Analysis of Financial Condition and Results of Operations,the increase is primarily due to increases in our capital and finance lease arrangements and long-term debt.,discussion
PART I. FINANCIAL INFORMATION,Item 2. Management's Discussion and Analysis of Financial Condition and Results of Operations,"other income (expense), net other income (expense), net was $81 million and $48 million during q1 2016 and q1 2017.",discussion
PART I. FINANCIAL INFORMATION,Item 2. Management's Discussion and Analysis of Financial Condition and Results of Operations,"the primary component of other income (expense), net is related to foreign currency and equity warrant valuation and other investment gains (losses).",discussion
PART I. FINANCIAL INFORMATION,Item 2. Management's Discussion and Analysis of Financial Condition and Results of Operations,"income taxes our tax provision or benefit from income taxes for interim periods is determined using an estimate of our annual effective tax rate, adjusted for discrete items, if any, that are taken into account in the relevant period.",discussion
PART I. FINANCIAL INFORMATION,Item 2. Management's Discussion and Analysis of Financial Condition and Results of Operations,"each quarter we update our estimate of the annual effective tax rate, and if our estimated tax rate changes, we make a cumulative adjustment.",discussion
PART I. FINANCIAL INFORMATION,Item 2. Management's Discussion and Analysis of Financial Condition and Results of Operations,"our quarterly tax provision, and our quarterly estimate of our annual effective tax rate, is subject to significant variation due to several factors, including variability in accurately predicting our pre-tax and taxable income and loss and the mix of jurisdictions to which they relate, changes in how we do business, acquisitions (including integrations) and investments, audit-related developments, changes in our stock price, foreign currency gains (losses), tax law developments (including changes in statutes, regulations, case law, and administrative practices), and relative changes of expenses or losses for which tax benefits are not recognized.",discussion
PART I. FINANCIAL INFORMATION,Item 2. Management's Discussion and Analysis of Financial Condition and Results of Operations,"additionally, our effective tax rate can be more or less volatile based on the amount of pre-tax income or loss.",discussion
PART I. FINANCIAL INFORMATION,Item 2. Management's Discussion and Analysis of Financial Condition and Results of Operations,"for example, the impact of discrete items and non-deductible expenses on our effective tax rate is greater when our pre-tax income is lower.",discussion
PART I. FINANCIAL INFORMATION,Item 2. Management's Discussion and Analysis of Financial Condition and Results of Operations,"for 2017, we estimate that our effective tax rate will be favorably affected by the impact of excess tax benefits from stock-based compensation and the u.s. federal research and development credit and adversely affected by state income taxes.",discussion
PART I. FINANCIAL INFORMATION,Item 2. Management's Discussion and Analysis of Financial Condition and Results of Operations,"we will generate income and losses in lower tax jurisdictions primarily related to our european operations, which are headquartered in luxembourg.",discussion
PART I. FINANCIAL INFORMATION,Item 2. Management's Discussion and Analysis of Financial Condition and Results of Operations,"our income tax provision for the three months ended march 31, 2016 was $475 million.",discussion
PART I. FINANCIAL INFORMATION,Item 2. Management's Discussion and Analysis of Financial Condition and Results of Operations,"our income tax provision for the three months ended march 31, 2017 was $229 million, which included $122 million of net discrete tax benefits primarily attributable to excess tax benefits from stock-based compensation, partially offset by the estimated impact of audit-related developments.",discussion
PART I. FINANCIAL INFORMATION,Item 2. Management's Discussion and Analysis of Financial Condition and Results of Operations,"equity-method investment activity, net of tax equity-method investment activity, net of tax, was $(68) million and $0 million during q1 2016 and q1 2017.",discussion
PART I. FINANCIAL INFORMATION,Item 2. Management's Discussion and Analysis of Financial Condition and Results of Operations,the primary components of this activity were impairments recorded in q1 2016 and our equity-method investment losses during the periods.,discussion
PART I. FINANCIAL INFORMATION,Item 2. Management's Discussion and Analysis of Financial Condition and Results of Operations,"non-gaap financial measures regulation g, conditions for use of non-gaap financial measures, and other sec regulations define and prescribe the conditions for use of certain non-gaap financial information.",discussion
PART I. FINANCIAL INFORMATION,Item 2. Management's Discussion and Analysis of Financial Condition and Results of Operations,"our measures of free cash flows and the effect of foreign exchange rates on our consolidated statements of operations, meet the definition of non-gaap financial measures.",discussion
PART I. FINANCIAL INFORMATION,Item 2. Management's Discussion and Analysis of Financial Condition and Results of Operations,we provide multiple measures of free cash flows because we believe these measures provide additional perspective on the impact of acquiring property and equipment with cash and through capital and finance leases.,discussion
PART I. FINANCIAL INFORMATION,Item 2. Management's Discussion and Analysis of Financial Condition and Results of Operations,"as a result of the adoption of new accounting guidance, we retrospectively adjusted our consolidated statements of cash flows to reclassify excess tax benefits of $305 million for the twelve months ended march 31, 2016 from financing activities to operating activities.",discussion
PART I. FINANCIAL INFORMATION,Item 2. Management's Discussion and Analysis of Financial Condition and Results of Operations,"25 table of contents free cash flow free cash flow is cash flow from operations reduced by ""purchases of property and equipment, including internal-use software and website development, net,"" which is included in cash flow from investing activities.",discussion
PART I. FINANCIAL INFORMATION,Item 2. Management's Discussion and Analysis of Financial Condition and Results of Operations,"the following is a reconciliation of free cash flow to the most comparable gaap cash flow measure, ""net cash provided by (used in) operating activities,"" for the trailing twelve months ended march 31, 2016 and 2017 (in millions): twelve months ended   march 31,   2016   2017 net cash provided by (used in) operating activities 11,563     17,634   purchases of property and equipment, including internal-use software and website development, net (4,897 )   (7,417 ) free cash flow $ 6,666     $ 10,217           net cash provided by (used in) investing activities $ (5,296 )   $ (10,798 ) net cash provided by (used in) financing activities $ (4,205 )   $ (3,657 ) free cash flow less lease principal repayments free cash flow less lease principal repayments is free cash flow reduced by ""principal repayments of capital lease obligations,"" and ""principal repayments of finance lease obligations,"" which are included in cash flow from financing activities.",discussion
PART I. FINANCIAL INFORMATION,Item 2. Management's Discussion and Analysis of Financial Condition and Results of Operations,free cash flow less lease principal repayments approximates the actual payments of cash for our capital and finance leases.,discussion
PART I. FINANCIAL INFORMATION,Item 2. Management's Discussion and Analysis of Financial Condition and Results of Operations,"the following is a reconciliation of free cash flow less lease principal repayments to the most comparable gaap cash flow measure, ""net cash provided by (used in) operating activities,"" for the trailing twelve months ended march 31, 2016 and 2017 (in millions): twelve months ended   march 31,   2016   2017 net cash provided by (used in) operating activities $ 11,563     $ 17,634   purchases of property and equipment, including internal-use software and website development, net (4,897 )   (7,417 ) principal repayments of capital lease obligations (2,761 )   (3,891 ) principal repayments of finance lease obligations (111 )   (155 ) free cash flow less lease principal repayments $ 3,794     $ 6,171           net cash provided by (used in) investing activities $ (5,296 )   $ (10,798 ) net cash provided by (used in) financing activities $ (4,205 )   $ (3,657 ) 26 table of contents free cash flow less finance lease principal repayments and assets acquired under capital leases free cash flow less finance lease principal repayments and assets acquired under capital leases is free cash flow reduced by ""principal repayments of finance lease obligations,"" which is included in cash flow from financing activities, and property and equipment acquired under capital leases.",discussion
PART I. FINANCIAL INFORMATION,Item 2. Management's Discussion and Analysis of Financial Condition and Results of Operations,"in this measure, property and equipment acquired under capital leases is reflected as if these assets had been purchased with cash, which is not the case as these assets have been leased.",discussion
PART I. FINANCIAL INFORMATION,Item 2. Management's Discussion and Analysis of Financial Condition and Results of Operations,"the following is a reconciliation of free cash flow less finance lease principal repayments and assets acquired under capital leases to the most comparable gaap cash flow measure, ""net cash provided by (used in) operating activities,"" for the trailing twelve months ended march 31, 2016 and 2017 (in millions): twelve months ended   march 31,   2016   2017 net cash provided by (used in) operating activities $ 11,563     $ 17,634   purchases of property and equipment, including internal-use software and website development, net (4,897 )   (7,417 ) property and equipment acquired under capital leases (4,638 )   (6,717 ) principal repayments of finance lease obligations (111 )   (155 ) free cash flow less finance lease principal repayments and assets acquired under capital leases $ 1,917     $ 3,345           net cash provided by (used in) investing activities $ (5,296 )   $ (10,798 ) net cash provided by (used in) financing activities $ (4,205 )   $ (3,657 ) all of these free cash flows measures have limitations as they omit certain components of the overall cash flow statement and do not represent the residual cash flow available for discretionary expenditures.",discussion
PART I. FINANCIAL INFORMATION,Item 2. Management's Discussion and Analysis of Financial Condition and Results of Operations,"for example, these measures of free cash flows do not incorporate the portion of payments representing principal reductions of debt or cash payments for business acquisitions.",discussion
PART I. FINANCIAL INFORMATION,Item 2. Management's Discussion and Analysis of Financial Condition and Results of Operations,"additionally, our mix of property and equipment acquisitions with cash or other financing options may change over time.",discussion
PART I. FINANCIAL INFORMATION,Item 2. Management's Discussion and Analysis of Financial Condition and Results of Operations,"therefore, we believe it is important to view free cash flows measures only as a complement to our entire consolidated statements of cash flows.",discussion
PART I. FINANCIAL INFORMATION,Item 2. Management's Discussion and Analysis of Financial Condition and Results of Operations,"effect of foreign exchange rates information regarding the effect of foreign exchange rates, versus the u.s.",discussion
PART I. FINANCIAL INFORMATION,Item 2. Management's Discussion and Analysis of Financial Condition and Results of Operations,"dollar, on our net sales, operating expenses, and operating income is provided to show reported period operating results had the foreign exchange rates remained the same as those in effect in the comparable prior year periods.",discussion
PART I. FINANCIAL INFORMATION,Item 2. Management's Discussion and Analysis of Financial Condition and Results of Operations,"the effect on our net sales, operating expenses, and operating income from changes in our foreign exchange rates versus the u.s.",discussion
PART I. FINANCIAL INFORMATION,Item 2. Management's Discussion and Analysis of Financial Condition and Results of Operations,"dollar is as follows (in millions): three months ended march 31,   2016   2017    as reported   exchange rate effect (1)   at prior year rates (2)   as reported   exchange rate effect (1)   at prior year rates (2) net sales $ 29,128     $ 210     $ 29,338     $ 35,714     $ 492     $ 36,206   operating expenses 28,057     260     28,317     34,709     461     35,170   operating income 1,071     (50 )   1,021     1,005     31     1,036 ___________________ (1) represents the increase or decrease in reported amounts resulting from changes in foreign exchange rates from those in effect in the comparable prior year period for operating results.",discussion
PART I. FINANCIAL INFORMATION,Item 2. Management's Discussion and Analysis of Financial Condition and Results of Operations,(2) represents the outcome that would have resulted had foreign exchange rates in the reported period been the same as those in effect in the comparable prior year period for operating results.,discussion
PART I. FINANCIAL INFORMATION,Item 2. Management's Discussion and Analysis of Financial Condition and Results of Operations,"27 table of contents guidance we provided guidance on april 27, 2017, in our earnings release furnished on form 8-k as set forth below.",discussion
PART I. FINANCIAL INFORMATION,Item 2. Management's Discussion and Analysis of Financial Condition and Results of Operations,"these forward-looking statements reflect amazon.com's expectations as of april 27, 2017, and are subject to substantial uncertainty.",discussion
PART I. FINANCIAL INFORMATION,Item 2. Management's Discussion and Analysis of Financial Condition and Results of Operations,"our results are inherently unpredictable and may be materially affected by many factors, such as fluctuations in foreign exchange rates, changes in global economic conditions and customer spending, world events, the rate of growth of the internet, online commerce, and cloud services, as well as those outlined in item 1a of part ii, ""risk factors.""",discussion
PART I. FINANCIAL INFORMATION,Item 2. Management's Discussion and Analysis of Financial Condition and Results of Operations,"second quarter 2017 guidance • net sales are expected to be between $35.25 billion and $37.75 billion, or to grow between 16% and 24% compared with second quarter 2016.",discussion
PART I. FINANCIAL INFORMATION,Item 2. Management's Discussion and Analysis of Financial Condition and Results of Operations,this guidance anticipates an unfavorable impact of approximately $720 million or 240 basis points from foreign exchange rates.,discussion
PART I. FINANCIAL INFORMATION,Item 2. Management's Discussion and Analysis of Financial Condition and Results of Operations,"• operating income is expected to be between $425 million and $1.075 billion, compared with $1.3 billion in second quarter 2016.",discussion
PART I. FINANCIAL INFORMATION,Item 2. Management's Discussion and Analysis of Financial Condition and Results of Operations,"• this guidance assumes, among other things, that no additional business acquisitions, investments, restructurings, or legal settlements are concluded.",discussion
PART I. FINANCIAL INFORMATION,Item 2. Management's Discussion and Analysis of Financial Condition and Results of Operations,28 table of contents,discussion
