part.name,item.name,sentence_text,section
PART I,Item 1A. Risk Factors,item 1a.,risk_factors
PART I,Item 1A. Risk Factors,"risk factors  the information set forth in this item 1a should be read in conjunction with the rest of the information included in this report, including management's discussion and analysis of financial condition and results of operations, item 7, and financial statements and supplementary data, item 8.",risk_factors
PART I,Item 1A. Risk Factors,"we must manage fluctuating demand for our services and network capacity  -  if there are significant reductions in demand for rail services with respect to one or more commodities or changes in consumer preferences that affect the businesses of our customers, we may experience increased costs associated with resizing our operations, including higher unit operating costs and costs for the storage of locomotives, rail cars, and other equipment; work-force adjustments; and other related activities, which could have a material adverse effect on our results of operations, financial condition, and liquidity.",risk_factors
PART I,Item 1A. Risk Factors,"if there is significant demand for our services that exceeds the designed capacity of our network, we may experience network difficulties, including congestion and reduced velocity, that could compromise the level of service we provide to our customers.",risk_factors
PART I,Item 1A. Risk Factors,this level of demand may also compound the impact of weather and weather-related events on our operations and velocity.,risk_factors
PART I,Item 1A. Risk Factors,"although we continue to improve our transportation plan, add capacity, improve operations at our yards and other facilities, and improve our ability to address surges in demand for any reason with adequate resources, we cannot be sure that these measures will fully or adequately address any service shortcomings resulting from demand exceeding our planned capacity.",risk_factors
PART I,Item 1A. Risk Factors,"we may experience other operational or service difficulties related to network capacity, dramatic and unplanned fluctuations in our customers' demand for rail service with respect to one or more commodities or operating regions, or other events that could negatively impact our operational efficiency, any of which could have a material adverse effect on our results of operations, financial condition, and liquidity.",risk_factors
PART I,Item 1A. Risk Factors,"we transport hazardous materials  -  we transport certain hazardous materials and other materials, including crude oil, ethanol, and toxic inhalation hazard (tih) materials, such as chlorine, that pose certain risks in the event of a release or combustion.",risk_factors
PART I,Item 1A. Risk Factors,"additionally, u.s. laws impose common carrier obligations on railroads that require us to transport certain hazardous materials regardless of risk or potential exposure to loss.",risk_factors
PART I,Item 1A. Risk Factors,"a rail accident or other incident or accident on our network, at our facilities, or at the facilities of our customers involving the release or combustion of hazardous materials could involve significant costs and claims for personal injury, property damage, and environmental penalties and remediation in excess of our insurance coverage for these risks, which could have a material adverse effect on our results of operations, financial condition, and liquidity.",risk_factors
PART I,Item 1A. Risk Factors,"we are subject to significant governmental regulation  -  we are subject to governmental regulation by a significant number of federal, state, and local authorities covering a variety of health, safety, labor, environmental, economic (as discussed below), and other matters.",risk_factors
PART I,Item 1A. Risk Factors,"many laws and regulations require us to obtain and maintain various licenses, permits, and other authorizations, and we cannot guarantee that we will continue to be able to do so.",risk_factors
PART I,Item 1A. Risk Factors,our failure to comply with applicable laws and regulations could have a material adverse effect on us.,risk_factors
PART I,Item 1A. Risk Factors,"governments or regulators may change the legislative or regulatory frameworks within which we operate without providing us any recourse to address any adverse effects on our business, including, without limitation, regulatory determinations or rules regarding dispute resolution, increasing the amount of our traffic subject to common carrier regulation, business relationships with other railroads, calculation of our cost of capital or other inputs relevant to computing our revenue adequacy, the prices we charge, and costs and expenses.",risk_factors
PART I,Item 1A. Risk Factors,"significant legislative activity in congress or regulatory activity by the stb could expand regulation of railroad operations and prices for rail services, which could reduce capital spending on our rail network, facilities and equipment and have a material adverse effect on our results of operations, financial condition, and liquidity.",risk_factors
PART I,Item 1A. Risk Factors,"as part of the rail safety improvement act of 2008, rail carriers were to implement ptc by the end of 2015 (the rail safety improvement act).",risk_factors
PART I,Item 1A. Risk Factors,"the surface transportation extension act of 2015 amended the rail safety improvement act to require implementation of ptc by the end of 2018, which deadline may be extended to december 31, 2020, provided certain other criteria are satisfied.",risk_factors
PART I,Item 1A. Risk Factors,this implementation could have a 10 material adverse effect on our ability to make other capital investments.,risk_factors
PART I,Item 1A. Risk Factors,"additionally, one or more consolidations of class i railroads could also lead to increased regulation of the rail industry.",risk_factors
PART I,Item 1A. Risk Factors,we may be affected by general economic conditions  -  prolonged severe adverse domestic and global economic conditions or disruptions of financial and credit markets may affect the producers and consumers of the commodities we carry and may have a material adverse effect on our access to liquidity and our results of operations and financial condition.,risk_factors
PART I,Item 1A. Risk Factors,"we face competition from other railroads and other transportation providers  -  we face competition from other railroads, motor carriers, ships, barges, and pipelines.",risk_factors
PART I,Item 1A. Risk Factors,"in addition to price competition, we face competition with respect to transit times and quality and reliability of service.",risk_factors
PART I,Item 1A. Risk Factors,"we must build or acquire and maintain our rail system, while trucks, barges and maritime operators are able to use public rights-of-way maintained by public entities.",risk_factors
PART I,Item 1A. Risk Factors,"any future improvements or expenditures materially increasing the quality or reducing the cost of alternative modes of transportation, or legislation that eliminates or significantly reduces the burden of the size or weight limitations currently applicable to motor carriers, could have a material adverse effect on our results of operations, financial condition, and liquidity.",risk_factors
PART I,Item 1A. Risk Factors,"additionally, any future consolidation of the rail industry could materially affect the competitive environment in which we operate.",risk_factors
PART I,Item 1A. Risk Factors,we rely on technology and technology improvements in our business operations  -  we rely on information technology in all aspects of our business.,risk_factors
PART I,Item 1A. Risk Factors,"if we do not have sufficient capital to acquire new technology or if we are unable to develop or implement new technology such as ptc or the latest version of our transportation control systems, we may suffer a competitive disadvantage within the rail industry and with companies providing other modes of transportation service, which could have a material adverse effect on our results of operations, financial condition, and liquidity.",risk_factors
PART I,Item 1A. Risk Factors,"additionally, if a cyber attack or other event causes significant disruption or failure of one or more of our information technology systems, including computer hardware, software, and communications equipment, we could suffer a significant service interruption, safety failure, security breach, or other operational difficulties, which could have a material adverse impact on our results of operations, financial condition, and liquidity.",risk_factors
PART I,Item 1A. Risk Factors,"we may be subject to various claims and lawsuits that could result in significant expenditures  -  as a railroad with operations in densely populated urban areas and other cities and a vast rail network, we are exposed to the potential for various claims and litigation related to labor and employment, personal injury, property damage, environmental liability, and other matters.",risk_factors
PART I,Item 1A. Risk Factors,"any material changes to litigation trends or a catastrophic rail accident or series of accidents involving any or all of property damage, personal injury, and environmental liability that exceed our insurance coverage for such risks could have a material adverse effect on our results of operations, financial condition, and liquidity.",risk_factors
PART I,Item 1A. Risk Factors,"we are subject to significant environmental laws and regulations  -  due to the nature of the railroad business, our operations are subject to extensive federal, state, and local environmental laws and regulations concerning, among other things, emissions to the air; discharges to waters; handling, storage, transportation, disposal of waste and other materials; and hazardous material or petroleum releases.",risk_factors
PART I,Item 1A. Risk Factors,"we generate and transport hazardous and non-hazardous waste in our operations, and we did so in our former operations.",risk_factors
PART I,Item 1A. Risk Factors,"environmental liability can extend to previously owned or operated properties, leased properties, and properties owned by third parties, as well as to properties we currently own.",risk_factors
PART I,Item 1A. Risk Factors,environmental liabilities have arisen and may also arise from claims asserted by adjacent landowners or other third parties in toxic tort litigation.,risk_factors
PART I,Item 1A. Risk Factors,"we have been and may be subject to allegations or findings that we have violated, or are strictly liable under, these laws or regulations.",risk_factors
PART I,Item 1A. Risk Factors,"we currently have certain obligations at existing sites for investigation, remediation and monitoring, and we likely will have obligations at other sites in the future.",risk_factors
PART I,Item 1A. Risk Factors,"liabilities for these obligations affect our estimate based on our experience and, as necessary, the advice and assistance of our consultants.",risk_factors
PART I,Item 1A. Risk Factors,"however, actual costs may vary from our estimates due to any or all of several factors, including changes to environmental laws or interpretations of such laws, technological changes affecting investigations and remediation, the participation and financial viability of other parties responsible for any such liability and the corrective action or change to corrective actions required to remediate any existing or future sites.",risk_factors
PART I,Item 1A. Risk Factors,"we could incur significant costs as a result of any of the foregoing, and we may be required to incur significant expenses to investigate and remediate known, unknown, or future environmental contamination, which could have a material adverse effect on our results of operations, financial condition, and liquidity.",risk_factors
PART I,Item 1A. Risk Factors,"we may be affected by climate change and market or regulatory responses to climate change  -  climate change, including the impact of global warming, could have a material adverse effect on our results of operations, financial condition, and liquidity.",risk_factors
PART I,Item 1A. Risk Factors,"restrictions, caps, taxes, or other controls on 11 emissions of greenhouse gasses, including diesel exhaust, could significantly increase our operating costs.",risk_factors
PART I,Item 1A. Risk Factors,"restrictions on emissions could also affect our customers that (a) use commodities that we carry to produce energy, (b) use significant amounts of energy in producing or delivering the commodities we carry, or (c) manufacture or produce goods that consume significant amounts of energy or burn fossil fuels, including chemical producers, farmers and food producers, and automakers and other manufacturers.",risk_factors
PART I,Item 1A. Risk Factors,"significant cost increases, government regulation, or changes of consumer preferences for goods or services relating to alternative sources of energy or emissions reductions could materially affect the markets for the commodities we carry, which in turn could have a material adverse effect on our results of operations, financial condition, and liquidity.",risk_factors
PART I,Item 1A. Risk Factors,"government incentives encouraging the use of alternative sources of energy could also affect certain of our customers and the markets for certain of the commodities we carry in an unpredictable manner that could alter our traffic patterns, including, for example, increasing royalties charged to producers of prb coal by the u.s.",risk_factors
PART I,Item 1A. Risk Factors,department of interior and the impacts of ethanol incentives on farming and ethanol producers.,risk_factors
PART I,Item 1A. Risk Factors,"finally, we could face increased costs related to defending and resolving legal claims and other litigation related to climate change and the alleged impact of our operations on climate change.",risk_factors
PART I,Item 1A. Risk Factors,"any of these factors, individually or in operation with one or more of the other factors, or other unforeseen impacts of climate change could reduce the amount of traffic we handle and have a material adverse effect on our results of operations, financial condition, and liquidity.",risk_factors
PART I,Item 1A. Risk Factors,"severe weather could result in significant business interruptions and expenditures  -  as a railroad with a vast network, we are exposed to severe weather conditions and other natural phenomena, including earthquakes, hurricanes, fires, floods, mudslides or landslides, extreme temperatures, and significant precipitation.",risk_factors
PART I,Item 1A. Risk Factors,"line outages and other interruptions caused by these conditions can adversely affect our entire rail network and can adversely affect revenue, costs, and liabilities, which could have a material adverse effect on our results of operations, financial condition, and liquidity.",risk_factors
PART I,Item 1A. Risk Factors,strikes or work stoppages could adversely affect our operations  -  the u.s.,risk_factors
PART I,Item 1A. Risk Factors,class i railroads are party to collective bargaining agreements with various labor unions.,risk_factors
PART I,Item 1A. Risk Factors,the majority of our employees belong to labor unions and are subject to these agreements.,risk_factors
PART I,Item 1A. Risk Factors,"disputes with regard to the terms of these agreements or our potential inability to negotiate acceptable contracts with these unions could result in, among other things, strikes, work stoppages, slowdowns, or lockouts, which could cause a significant disruption of our operations and have a material adverse effect on our results of operations, financial condition, and liquidity.",risk_factors
PART I,Item 1A. Risk Factors,"additionally, future national labor agreements, or renegotiation of labor agreements or provisions of labor agreements, could compromise our service reliability or significantly increase our costs for health care, wages, and other benefits, which could have a material adverse impact on our results of operations, financial condition, and liquidity.",risk_factors
PART I,Item 1A. Risk Factors,"labor disputes, work stoppages, slowdowns or lockouts at loading/unloading facilities, ports or other transport access points could compromise our service reliability and have a material adverse impact on our results of operations, financial condition, and liquidity.",risk_factors
PART I,Item 1A. Risk Factors,"labor disputes, work stoppages, slowdowns or lockouts by employees of our customers or our suppliers could compromise our service reliability and have a material adverse impact on our results of operations, financial condition, and liquidity.",risk_factors
PART I,Item 1A. Risk Factors,"the availability of qualified personnel could adversely affect our operations  -  changes in demographics, training requirements, and the availability of qualified personnel could negatively affect our ability to meet demand for rail service.",risk_factors
PART I,Item 1A. Risk Factors,"unpredictable increases in demand for rail services and a lack of network fluidity may exacerbate such risks, which could have a negative impact on our operational efficiency and otherwise have a material adverse effect on our results of operations, financial condition, and liquidity.",risk_factors
PART I,Item 1A. Risk Factors,we may be affected by fluctuating fuel prices  -  fuel costs constitute a significant portion of our transportation expenses.,risk_factors
PART I,Item 1A. Risk Factors,"diesel fuel prices can be subject to dramatic fluctuations, and significant price increases could have a material adverse effect on our operating results.",risk_factors
PART I,Item 1A. Risk Factors,"although we currently are able to recover a significant amount of our fuel expenses from our customers through revenue from fuel surcharges, we cannot be certain that we will always be able to mitigate rising or elevated fuel costs through our fuel surcharges.",risk_factors
PART I,Item 1A. Risk Factors,"additionally, future market conditions or legislative or regulatory activities could adversely affect our ability to apply fuel surcharges or adequately recover increased fuel costs through fuel surcharges.",risk_factors
PART I,Item 1A. Risk Factors,"as fuel prices fluctuate, our fuel surcharge programs trail such fluctuations in fuel price by approximately two months, and may be a significant source of quarter-over-quarter and year-over-year volatility, particularly in periods of rapidly changing prices.",risk_factors
PART I,Item 1A. Risk Factors,"international, political, and economic factors, events and conditions affect the volatility of fuel prices and supplies.",risk_factors
PART I,Item 1A. Risk Factors,weather can also affect fuel supplies and limit domestic refining capacity.,risk_factors
PART I,Item 1A. Risk Factors,"a severe shortage of, or disruption to, domestic fuel supplies could have a material adverse effect on our results of operations, financial condition, and 12 liquidity.",risk_factors
PART I,Item 1A. Risk Factors,"alternatively, lower fuel prices could have a positive impact on the economy by increasing consumer discretionary spending that potentially could increase demand for various consumer products we transport.",risk_factors
PART I,Item 1A. Risk Factors,"however, lower fuel prices could have a negative impact on other commodities we transport, such as coal and domestic drilling-related shipments, which could have a material adverse affect on our results of operations, financial condition, and liquidity.",risk_factors
PART I,Item 1A. Risk Factors,"we utilize capital markets  -  due to the significant capital expenditures required to operate and maintain a safe and efficient railroad, we rely on the capital markets to provide some of our capital requirements.",risk_factors
PART I,Item 1A. Risk Factors,"we utilize long-term debt instruments, bank financing and commercial paper from time-to-time, and we pledge certain of our receivables.",risk_factors
PART I,Item 1A. Risk Factors,"significant instability or disruptions of the capital markets, including the credit markets, or deterioration of our financial condition due to internal or external factors could restrict or prohibit our access to, and significantly increase the cost of, commercial paper and other financing sources, including bank credit facilities and the issuance of long-term debt, including corporate bonds.",risk_factors
PART I,Item 1A. Risk Factors,"a significant deterioration of our financial condition could result in a reduction of our credit rating to below investment grade, which could restrict, or at certain credit levels below investment grade may prohibit us, from utilizing our current receivables securitization facility.",risk_factors
PART I,Item 1A. Risk Factors,this may also limit our access to external sources of capital and significantly increase the costs of short and long-term debt financing.,risk_factors
PART I,Item 1A. Risk Factors,"a significant portion of our revenue involves transportation of commodities to and from international markets  -  although revenues from our operations are attributable to transportation services provided in the u.s., a significant portion of our revenues involves the transportation of commodities to and from international markets, including mexico and southeast asia, by various carriers and, at times, various modes of transportation.",risk_factors
PART I,Item 1A. Risk Factors,"significant and sustained interruptions of trade with mexico or countries in southeast asia, including china, could adversely affect customers and other entities that, directly or indirectly, purchase or rely on rail transportation services in the u.s. as part of their operations, and any such interruptions could have a material adverse effect on our results of operations, financial condition and liquidity.",risk_factors
PART I,Item 1A. Risk Factors,"any one or more of the following could cause a significant and sustained interruption of trade with mexico or countries in southeast asia: (a) a deterioration of security for international trade and businesses; (b) the adverse impact of new laws, rules and regulations or the interpretation of laws, rules and regulations by government entities, courts or regulatory bodies, including taxing authorities, that affect our customers doing business in foreign countries; (c) any significant adverse economic developments, such as extended periods of high inflation, material disruptions in the banking sector or in the capital markets of these foreign countries, and significant changes in the valuation of the currencies of these foreign countries that could materially affect the cost or value of imports or exports; (d) shifts in patterns of international trade that adversely affect import and export markets; and (e) a material reduction in foreign direct investment in these countries.",risk_factors
PART I,Item 1A. Risk Factors,"we are subject to legislative, regulatory, and legal developments involving taxes  -  taxes are a significant part of our expenses.",risk_factors
PART I,Item 1A. Risk Factors,"we are subject to u.s. federal, state, and foreign income, payroll, property, sales and use, fuel, and other types of taxes.",risk_factors
PART I,Item 1A. Risk Factors,"changes in tax rates, enactment of new tax laws, revisions of tax regulations, and claims or litigation with taxing authorities could result in substantially higher taxes and, therefore, could have a material adverse effect on our results of operations, financial condition, and liquidity.",risk_factors
PART I,Item 1A. Risk Factors,"we are dependent on certain key suppliers of locomotives and rail  -  due to the capital intensive nature and sophistication of locomotive equipment, potential new suppliers face high barriers to entry.",risk_factors
PART I,Item 1A. Risk Factors,"therefore, if one of the domestic suppliers of high horsepower locomotives discontinues manufacturing locomotives for any reason, including bankruptcy or insolvency, we could experience significant cost increases and reduced availability of the locomotives that are necessary for our operations.",risk_factors
PART I,Item 1A. Risk Factors,"additionally, for a high percentage of our rail purchases, we utilize two steel producers (one domestic and one international) that meet our specifications.",risk_factors
PART I,Item 1A. Risk Factors,"rail is critical to our operations for rail replacement programs, maintenance, and for adding additional network capacity, new rail and storage yards, and expansions of existing facilities.",risk_factors
PART I,Item 1A. Risk Factors,"this industry similarly has high barriers to entry, and if one of these suppliers discontinues operations for any reason, including bankruptcy or insolvency, we could experience both significant cost increases for rail purchases and difficulty obtaining sufficient rail for maintenance and other projects.",risk_factors
PART I,Item 1A. Risk Factors,"we may be affected by acts of terrorism, war, or risk of war  -  our rail lines, facilities, and equipment, including rail cars carrying hazardous materials, could be direct targets or indirect casualties of terrorist attacks.",risk_factors
PART I,Item 1A. Risk Factors,"terrorist attacks, or other similar events, any government response thereto, and war or risk of war may adversely affect our results of operations, financial condition, and liquidity.",risk_factors
PART I,Item 1A. Risk Factors,"in addition, insurance 13 premiums for some or all of our current coverages could increase dramatically, or certain coverages may not be available to us in the future.",risk_factors
