part.name,item.name,sentence_text,section
PART I. FINANCIAL INFORMATION,Item 2. Management's Discussion and Analysis of Financial Condition and Results of Operations,item 2.,discussion
PART I. FINANCIAL INFORMATION,Item 2. Management's Discussion and Analysis of Financial Condition and Results of Operations,management's discussion and analysis of financial condition and results of operations forward-looking statements this quarterly report on form 10-q includes forward-looking statements within the meaning of the private securities litigation reform act of 1995.,discussion
PART I. FINANCIAL INFORMATION,Item 2. Management's Discussion and Analysis of Financial Condition and Results of Operations,"all statements other than statements of historical fact, including statements regarding guidance, industry prospects, or future results of operations or financial position, made in this quarterly report on form 10-q are forward-looking.",discussion
PART I. FINANCIAL INFORMATION,Item 2. Management's Discussion and Analysis of Financial Condition and Results of Operations,"we use words such as anticipates, believes, expects, future, intends, and similar expressions to identify forward-looking statements.",discussion
PART I. FINANCIAL INFORMATION,Item 2. Management's Discussion and Analysis of Financial Condition and Results of Operations,forward-looking statements reflect management's current expectations and are inherently uncertain.,discussion
PART I. FINANCIAL INFORMATION,Item 2. Management's Discussion and Analysis of Financial Condition and Results of Operations,"actual results could differ materially for a variety of reasons, including, among others, fluctuations in foreign exchange rates, changes in global economic conditions and customer spending, world events, the rate of growth of the internet, online commerce, and cloud services, the amount that amazon.com invests in new business opportunities and the timing of those investments, the mix of products and services sold to customers, the mix of net sales derived from products as compared with services, the extent to which we owe income or other taxes, competition, management of growth, potential fluctuations in operating results, international growth and expansion, the outcomes of legal proceedings and claims, fulfillment, sortation, delivery, and data center optimization, risks of inventory management, seasonality, the degree to which we enter into, maintain, and develop commercial agreements, proposed and completed acquisitions and strategic transactions, payments risks, and risks of fulfillment throughput and productivity.",discussion
PART I. FINANCIAL INFORMATION,Item 2. Management's Discussion and Analysis of Financial Condition and Results of Operations,"in addition, the current global economic climate amplifies many of these risks.",discussion
PART I. FINANCIAL INFORMATION,Item 2. Management's Discussion and Analysis of Financial Condition and Results of Operations,"these risks and uncertainties, as well as other risks and uncertainties that could cause our actual results to differ significantly from management's expectations, are described in greater detail in item 1a of part ii, ""risk factors.""",discussion
PART I. FINANCIAL INFORMATION,Item 2. Management's Discussion and Analysis of Financial Condition and Results of Operations,"for additional information, see item 7 of part ii, ""management's discussion and analysis of financial condition and results of operations  -  overview"" of our 2018 annual report on form 10-k.",discussion
PART I. FINANCIAL INFORMATION,Item 2. Management's Discussion and Analysis of Financial Condition and Results of Operations,"critical accounting judgments the preparation of financial statements in conformity with gaap requires estimates and assumptions that affect the reported amounts of assets and liabilities, revenues and expenses, and related disclosures of contingent liabilities in the consolidated financial statements and accompanying notes.",discussion
PART I. FINANCIAL INFORMATION,Item 2. Management's Discussion and Analysis of Financial Condition and Results of Operations,"the sec has defined a company's critical accounting policies as the ones that are most important to the portrayal of the company's financial condition and results of operations, and which require the company to make its most difficult and subjective judgments, often as a result of the need to make estimates of matters that are inherently uncertain.",discussion
PART I. FINANCIAL INFORMATION,Item 2. Management's Discussion and Analysis of Financial Condition and Results of Operations,"based on this definition, we have identified the critical accounting policies and judgments addressed below.",discussion
PART I. FINANCIAL INFORMATION,Item 2. Management's Discussion and Analysis of Financial Condition and Results of Operations,"we also have other key accounting policies, which involve the use of estimates, judgments, and assumptions that are significant to understanding our results.",discussion
PART I. FINANCIAL INFORMATION,Item 2. Management's Discussion and Analysis of Financial Condition and Results of Operations,"for additional information, see item 8 of part ii, ""financial statements and supplementary data  -  note 1  -  description of business and accounting policies,"" of our 2018 annual report on form 10-k and item 1 of part i, ""financial statements  -  note 1  -  accounting policies,"" of this form 10-q.",discussion
PART I. FINANCIAL INFORMATION,Item 2. Management's Discussion and Analysis of Financial Condition and Results of Operations,"although we believe that our estimates, assumptions, and judgments are reasonable, they are based upon information presently available.",discussion
PART I. FINANCIAL INFORMATION,Item 2. Management's Discussion and Analysis of Financial Condition and Results of Operations,"actual results may differ significantly from these estimates under different assumptions, judgments, or conditions.",discussion
PART I. FINANCIAL INFORMATION,Item 2. Management's Discussion and Analysis of Financial Condition and Results of Operations,"inventories inventories, consisting of products available for sale, are primarily accounted for using the first-in first-out method, and are valued at the lower of cost and net realizable value.",discussion
PART I. FINANCIAL INFORMATION,Item 2. Management's Discussion and Analysis of Financial Condition and Results of Operations,"this valuation requires us to make judgments, based on currently available information, about the likely method of disposition, such as through sales to individual customers, returns to product vendors, or liquidations, and expected recoverable values of each disposition category.",discussion
PART I. FINANCIAL INFORMATION,Item 2. Management's Discussion and Analysis of Financial Condition and Results of Operations,these assumptions about future disposition of inventory are inherently uncertain and changes in our estimates and assumptions may cause us to realize material write-downs in the future.,discussion
PART I. FINANCIAL INFORMATION,Item 2. Management's Discussion and Analysis of Financial Condition and Results of Operations,"as a measure of sensitivity, for every 1% of additional inventory valuation allowance as of september 30, 2019, we would have recorded an additional cost of sales of approximately $205 million.",discussion
PART I. FINANCIAL INFORMATION,Item 2. Management's Discussion and Analysis of Financial Condition and Results of Operations,"in addition, we enter into supplier commitments for certain electronic device components and certain products.",discussion
PART I. FINANCIAL INFORMATION,Item 2. Management's Discussion and Analysis of Financial Condition and Results of Operations,these commitments are based on forecasted customer demand.,discussion
PART I. FINANCIAL INFORMATION,Item 2. Management's Discussion and Analysis of Financial Condition and Results of Operations,"if we reduce these commitments, we may incur additional costs.",discussion
PART I. FINANCIAL INFORMATION,Item 2. Management's Discussion and Analysis of Financial Condition and Results of Operations,income taxes we are subject to income taxes in the u.s. (federal and state) and numerous foreign jurisdictions.,discussion
PART I. FINANCIAL INFORMATION,Item 2. Management's Discussion and Analysis of Financial Condition and Results of Operations,"tax laws, regulations, administrative practices, principles, and interpretations in various jurisdictions may be subject to significant change, with or without notice, due to economic, political, and other conditions, and significant judgment is required in evaluating and estimating our provision and accruals for these taxes.",discussion
PART I. FINANCIAL INFORMATION,Item 2. Management's Discussion and Analysis of Financial Condition and Results of Operations,there are many transactions that occur during the ordinary course of business for which the ultimate tax determination is uncertain.,discussion
PART I. FINANCIAL INFORMATION,Item 2. Management's Discussion and Analysis of Financial Condition and Results of Operations,"our effective tax rates could be affected by numerous factors, such as changes in our business operations, acquisitions, investments, entry into new businesses and geographies, intercompany transactions, the relative amount of our foreign earnings, including earnings being lower than anticipated in jurisdictions where 20 table of contents we have lower statutory rates and higher than anticipated in jurisdictions where we have higher statutory rates, losses incurred in jurisdictions for which we are not able to realize related tax benefits, the applicability of special tax regimes, changes in foreign currency exchange rates, changes in our stock price, changes in our deferred tax assets and liabilities and their valuation, changes in the laws, regulations, administrative practices, principles, and interpretations related to tax, including changes to the global tax framework, competition, and other laws and accounting rules in various jurisdictions.",discussion
PART I. FINANCIAL INFORMATION,Item 2. Management's Discussion and Analysis of Financial Condition and Results of Operations,"in addition, a number of countries are actively pursuing changes to their tax laws applicable to corporate multinationals, such as the u.s. tax reform legislation commonly known as the u.s.",discussion
PART I. FINANCIAL INFORMATION,Item 2. Management's Discussion and Analysis of Financial Condition and Results of Operations,"tax cuts and jobs act of 2017 (the ""u.s.",discussion
PART I. FINANCIAL INFORMATION,Item 2. Management's Discussion and Analysis of Financial Condition and Results of Operations,"tax act"").",discussion
PART I. FINANCIAL INFORMATION,Item 2. Management's Discussion and Analysis of Financial Condition and Results of Operations,"finally, foreign governments may enact tax laws in response to the u.s.",discussion
PART I. FINANCIAL INFORMATION,Item 2. Management's Discussion and Analysis of Financial Condition and Results of Operations,tax act that could result in further changes to global taxation and materially affect our financial position and results of operations.,discussion
PART I. FINANCIAL INFORMATION,Item 2. Management's Discussion and Analysis of Financial Condition and Results of Operations,the u.s.,discussion
PART I. FINANCIAL INFORMATION,Item 2. Management's Discussion and Analysis of Financial Condition and Results of Operations,tax act significantly changed how the u.s. taxes corporations.,discussion
PART I. FINANCIAL INFORMATION,Item 2. Management's Discussion and Analysis of Financial Condition and Results of Operations,the u.s.,discussion
PART I. FINANCIAL INFORMATION,Item 2. Management's Discussion and Analysis of Financial Condition and Results of Operations,"tax act requires complex computations to be performed that were not previously required by u.s. tax law, significant judgments to be made in interpretation of the provisions of the u.s.",discussion
PART I. FINANCIAL INFORMATION,Item 2. Management's Discussion and Analysis of Financial Condition and Results of Operations,"tax act, significant estimates in calculations, and the preparation and analysis of information not previously relevant or regularly produced.",discussion
PART I. FINANCIAL INFORMATION,Item 2. Management's Discussion and Analysis of Financial Condition and Results of Operations,the u.s.,discussion
PART I. FINANCIAL INFORMATION,Item 2. Management's Discussion and Analysis of Financial Condition and Results of Operations,"treasury department, the irs, and other standard-setting bodies will continue to interpret or issue guidance on how provisions of the u.s.",discussion
PART I. FINANCIAL INFORMATION,Item 2. Management's Discussion and Analysis of Financial Condition and Results of Operations,tax act will be applied or otherwise administered.,discussion
PART I. FINANCIAL INFORMATION,Item 2. Management's Discussion and Analysis of Financial Condition and Results of Operations,"as future guidance is issued, we may make adjustments to amounts that we have previously recorded that may materially impact our provision for income taxes in the period in which the adjustments are made.",discussion
PART I. FINANCIAL INFORMATION,Item 2. Management's Discussion and Analysis of Financial Condition and Results of Operations,"we are also currently subject to tax controversies in various jurisdictions, and these jurisdictions may assess additional income tax liabilities against us.",discussion
PART I. FINANCIAL INFORMATION,Item 2. Management's Discussion and Analysis of Financial Condition and Results of Operations,"developments in an audit, investigation, or other tax controversy could have a material effect on our operating results or cash flows in the period or periods for which that development occurs, as well as for prior and subsequent periods.",discussion
PART I. FINANCIAL INFORMATION,Item 2. Management's Discussion and Analysis of Financial Condition and Results of Operations,we regularly assess the likelihood of an adverse outcome resulting from these proceedings to determine the adequacy of our tax accruals.,discussion
PART I. FINANCIAL INFORMATION,Item 2. Management's Discussion and Analysis of Financial Condition and Results of Operations,"although we believe our tax estimates are reasonable, the final outcome of audits, investigations, and any other tax controversies could be materially different from our historical income tax provisions and accruals.",discussion
PART I. FINANCIAL INFORMATION,Item 2. Management's Discussion and Analysis of Financial Condition and Results of Operations,"recent accounting pronouncements see item 1 of part i, ""financial statements  -  note 1  -  accounting policies.""",discussion
PART I. FINANCIAL INFORMATION,Item 2. Management's Discussion and Analysis of Financial Condition and Results of Operations,"21 table of contents liquidity and capital resources cash flow information is as follows (in millions): three months ended september 30,   nine months ended september 30,   twelve months ended september 30,   2018   2019   2018   2019   2018   2019 cash provided by (used in):                       operating activities $ 8,588     $ 7,892     $ 14,246     $ 18,855     $ 26,604     $ 35,332   investing activities (5,572 )   (5,074 )   (8,797 )   (20,745 )   (10,778 )   (24,317 ) financing activities (2,369 )   (1,960 )   (5,925 )   (6,495 )   (8,496 )   (8,255 ) our principal sources of liquidity are cash flows generated from operations and our cash, cash equivalents, and marketable securities balances, which, at fair value, were $41.3 billion and $43.4 billion as of december 31, 2018 and september 30, 2019.",discussion
PART I. FINANCIAL INFORMATION,Item 2. Management's Discussion and Analysis of Financial Condition and Results of Operations,"amounts held in foreign currencies were $13.8 billion and $9.9 billion as of december 31, 2018 and september 30, 2019, and were primarily euros, british pounds, and japanese yen.",discussion
PART I. FINANCIAL INFORMATION,Item 2. Management's Discussion and Analysis of Financial Condition and Results of Operations,"cash provided by (used in) operating activities was $8.6 billion and $7.9 billion for q3 2018 and q3 2019, and $14.2 billion and $18.9 billion for the nine months ended september 30, 2018 and 2019.",discussion
PART I. FINANCIAL INFORMATION,Item 2. Management's Discussion and Analysis of Financial Condition and Results of Operations,"our operating cash flows result primarily from cash received from our consumer, seller, developer, enterprise, and content creator customers, and advertisers, offset by cash payments we make for products and services, employee compensation, payment processing and related transaction costs, operating leases, and interest payments on our long-term obligations.",discussion
PART I. FINANCIAL INFORMATION,Item 2. Management's Discussion and Analysis of Financial Condition and Results of Operations,cash received from our customers and other activities generally corresponds to our net sales.,discussion
PART I. FINANCIAL INFORMATION,Item 2. Management's Discussion and Analysis of Financial Condition and Results of Operations,"because consumers primarily use credit cards to buy from us, our receivables from consumers settle quickly.",discussion
PART I. FINANCIAL INFORMATION,Item 2. Management's Discussion and Analysis of Financial Condition and Results of Operations,"the increase in operating cash flow for the trailing twelve months ended september 30, 2019, compared to the comparable prior year period, is primarily due to the increase in net income, excluding non-cash charges such as depreciation, amortization, and stock-based compensation.",discussion
PART I. FINANCIAL INFORMATION,Item 2. Management's Discussion and Analysis of Financial Condition and Results of Operations,cash provided by (used in) operating activities is also subject to changes in working capital.,discussion
PART I. FINANCIAL INFORMATION,Item 2. Management's Discussion and Analysis of Financial Condition and Results of Operations,"working capital at any specific point in time is subject to many variables, including seasonality, inventory management and category expansion, the timing of cash receipts and payments, vendor payment terms, and fluctuations in foreign exchange rates.",discussion
PART I. FINANCIAL INFORMATION,Item 2. Management's Discussion and Analysis of Financial Condition and Results of Operations,"cash provided by (used in) investing activities corresponds with cash capital expenditures including leasehold improvements, incentives received from property and equipment vendors, proceeds from asset sales, cash outlays for acquisitions, investments in other companies and intellectual property rights, and purchases, sales, and maturities of marketable securities.",discussion
PART I. FINANCIAL INFORMATION,Item 2. Management's Discussion and Analysis of Financial Condition and Results of Operations,"cash provided by (used in) investing activities was $(5.6) billion and $(5.1) billion for q3 2018 and q3 2019, and $(8.8) billion and $(20.7) billion for the nine months ended september 30, 2018 and 2019, with the variability caused primarily by our decision to purchase or lease property and equipment and purchases, maturities, and sales of marketable securities.",discussion
PART I. FINANCIAL INFORMATION,Item 2. Management's Discussion and Analysis of Financial Condition and Results of Operations,"net cash capital expenditures were $2.5 billion and $3.4 billion during q3 2018 and q3 2019, and $8.2 billion and $8.7 billion for the nine months ended september 30, 2018 and 2019, which primarily reflect additional capacity to support our fulfillment operations and additional investments in support of continued business growth in technology infrastructure (the majority of which is to support aws).",discussion
PART I. FINANCIAL INFORMATION,Item 2. Management's Discussion and Analysis of Financial Condition and Results of Operations,"we made cash payments, net of acquired cash, related to acquisition and other investment activity of $976 million and $398 million during q3 2018 and q3 2019, and $1.9 billion and $1.7 billion for the nine months ended september 30, 2018 and 2019.",discussion
PART I. FINANCIAL INFORMATION,Item 2. Management's Discussion and Analysis of Financial Condition and Results of Operations,"cash provided by (used in) financing activities was $(2.4) billion and $(2.0) billion for q3 2018 and q3 2019, and $(5.9) billion and $(6.5) billion for the nine months ended september 30, 2018 and 2019.",discussion
PART I. FINANCIAL INFORMATION,Item 2. Management's Discussion and Analysis of Financial Condition and Results of Operations,"cash outflows from financing activities result from principal repayments of finance leases and financing obligations and repayments of long-term debt and other and were $2.5 billion and $2.7 billion in q3 2018 and q3 2019, and $6.3 billion and $7.7 billion for the nine months ended september 30, 2018 and 2019.",discussion
PART I. FINANCIAL INFORMATION,Item 2. Management's Discussion and Analysis of Financial Condition and Results of Operations,"property and equipment acquired under finance leases was $2.3 billion and $3.6 billion during q3 2018 and q3 2019, and $6.9 billion and $9.5 billion for the nine months ended september 30, 2018 and 2019, reflecting investments in support of continued business growth primarily due to investments in technology infrastructure for aws, which investments we expect to continue over time.",discussion
PART I. FINANCIAL INFORMATION,Item 2. Management's Discussion and Analysis of Financial Condition and Results of Operations,"we had no borrowings outstanding under the commercial paper program or credit agreement and $603 million of borrowings outstanding under our credit facility as of september 30, 2019.",discussion
PART I. FINANCIAL INFORMATION,Item 2. Management's Discussion and Analysis of Financial Condition and Results of Operations,"see item 1 of part i, ""financial statements  -  note 5  -  debt"" for additional information.",discussion
PART I. FINANCIAL INFORMATION,Item 2. Management's Discussion and Analysis of Financial Condition and Results of Operations,"we recorded net tax provisions of $508 million and $494 million in q3 2018 and q3 2019, and $870 million and $1.6 billion for the nine months ended september 30, 2018 and 2019.",discussion
PART I. FINANCIAL INFORMATION,Item 2. Management's Discussion and Analysis of Financial Condition and Results of Operations,certain foreign subsidiary earnings are subject to u.s. taxation under the u.s.,discussion
PART I. FINANCIAL INFORMATION,Item 2. Management's Discussion and Analysis of Financial Condition and Results of Operations,"tax act, which also repeals u.s. taxation on the subsequent repatriation of those earnings.",discussion
PART I. FINANCIAL INFORMATION,Item 2. Management's Discussion and Analysis of Financial Condition and Results of Operations,"we intend to invest substantially all of our foreign subsidiary earnings, as well as our capital in our foreign subsidiaries, indefinitely outside of the u.s. in those jurisdictions in which we would incur significant, additional costs upon repatriation of such amounts.",discussion
PART I. FINANCIAL INFORMATION,Item 2. Management's Discussion and Analysis of Financial Condition and Results of Operations,22 table of contents we have tax benefits relating to excess stock-based compensation deductions and accelerated depreciation deductions that are being utilized to reduce our u.s. taxable income.,discussion
PART I. FINANCIAL INFORMATION,Item 2. Management's Discussion and Analysis of Financial Condition and Results of Operations,the u.s.,discussion
PART I. FINANCIAL INFORMATION,Item 2. Management's Discussion and Analysis of Financial Condition and Results of Operations,"tax act enhanced and extended the option to claim accelerated depreciation deductions by allowing full expensing of qualified property, primarily equipment, through 2022.",discussion
PART I. FINANCIAL INFORMATION,Item 2. Management's Discussion and Analysis of Financial Condition and Results of Operations,"cash taxes paid (net of refunds) were $200 million and $241 million for q3 2018 and q3 2019, and $1.0 billion and $692 million for the nine months ended september 30, 2018 and 2019.",discussion
PART I. FINANCIAL INFORMATION,Item 2. Management's Discussion and Analysis of Financial Condition and Results of Operations,"as of december 31, 2018, our federal net operating loss carryforward was approximately $627 million and we had approximately $1.4 billion of federal tax credits potentially available to offset future tax liabilities.",discussion
PART I. FINANCIAL INFORMATION,Item 2. Management's Discussion and Analysis of Financial Condition and Results of Operations,our federal tax credits are primarily related to the u.s. federal research and development credit.,discussion
PART I. FINANCIAL INFORMATION,Item 2. Management's Discussion and Analysis of Financial Condition and Results of Operations,as we utilize our federal net operating losses and tax credits we expect cash paid for taxes to increase.,discussion
PART I. FINANCIAL INFORMATION,Item 2. Management's Discussion and Analysis of Financial Condition and Results of Operations,"we endeavor to manage our global taxes on a cash basis, rather than on a financial reporting basis.",discussion
PART I. FINANCIAL INFORMATION,Item 2. Management's Discussion and Analysis of Financial Condition and Results of Operations,"in connection with the european commission's october 2017 decision against us on state aid, luxembourg tax authorities computed an initial recovery amount, consistent with the european commission's decision, of approximately €250 million, that we deposited into escrow in march 2018, subject to adjustment pending conclusion of all appeals.",discussion
PART I. FINANCIAL INFORMATION,Item 2. Management's Discussion and Analysis of Financial Condition and Results of Operations,"our liquidity is also affected by restricted cash balances that are pledged as collateral for real estate leases, amounts due to third-party sellers in certain jurisdictions, debt, and standby and trade letters of credit.",discussion
PART I. FINANCIAL INFORMATION,Item 2. Management's Discussion and Analysis of Financial Condition and Results of Operations,"to the extent we process payments for third-party sellers or offer certain types of stored value to our customers, some jurisdictions may restrict our use of those funds.",discussion
PART I. FINANCIAL INFORMATION,Item 2. Management's Discussion and Analysis of Financial Condition and Results of Operations,"these restrictions would result in the reclassification of a portion of our cash and cash equivalents from ""cash and cash equivalents"" to restricted cash, which is classified within ""accounts receivable, net and other"" and ""other assets"" on our consolidated balance sheets.",discussion
PART I. FINANCIAL INFORMATION,Item 2. Management's Discussion and Analysis of Financial Condition and Results of Operations,"as of december 31, 2018 and september 30, 2019, restricted cash, cash equivalents, and marketable securities were $426 million and $302 million.",discussion
PART I. FINANCIAL INFORMATION,Item 2. Management's Discussion and Analysis of Financial Condition and Results of Operations,"see item 1 of part i, ""financial statements  -  note 4  -  commitments and contingencies"" and ""financial statements  -  note 5  -  debt"" for additional discussion of our principal contractual commitments, as well as our pledged assets.",discussion
PART I. FINANCIAL INFORMATION,Item 2. Management's Discussion and Analysis of Financial Condition and Results of Operations,"additionally, purchase obligations and open purchase orders, consisting of inventory and significant non-inventory commitments, were $19.7 billion as of september 30, 2019.",discussion
PART I. FINANCIAL INFORMATION,Item 2. Management's Discussion and Analysis of Financial Condition and Results of Operations,these purchase obligations and open purchase orders are generally cancellable in full or in part through the contractual provisions.,discussion
PART I. FINANCIAL INFORMATION,Item 2. Management's Discussion and Analysis of Financial Condition and Results of Operations,"we believe that cash flows generated from operations and our cash, cash equivalents, and marketable securities balances, as well as our borrowing arrangements, will be sufficient to meet our anticipated operating cash needs for at least the next twelve months.",discussion
PART I. FINANCIAL INFORMATION,Item 2. Management's Discussion and Analysis of Financial Condition and Results of Operations,"however, any projections of future cash needs and cash flows are subject to substantial uncertainty.",discussion
PART I. FINANCIAL INFORMATION,Item 2. Management's Discussion and Analysis of Financial Condition and Results of Operations,"see item 1a of part ii, ""risk factors.""",discussion
PART I. FINANCIAL INFORMATION,Item 2. Management's Discussion and Analysis of Financial Condition and Results of Operations,"we continually evaluate opportunities to sell additional equity or debt securities, obtain credit facilities, obtain finance and operating lease arrangements, enter into financing obligations, repurchase common stock, pay dividends, or repurchase, refinance, or otherwise restructure our debt for strategic reasons or to further strengthen our financial position.",discussion
PART I. FINANCIAL INFORMATION,Item 2. Management's Discussion and Analysis of Financial Condition and Results of Operations,the sale of additional equity or convertible debt securities would likely be dilutive to our shareholders.,discussion
PART I. FINANCIAL INFORMATION,Item 2. Management's Discussion and Analysis of Financial Condition and Results of Operations,"in addition, we will, from time to time, consider the acquisition of, or investment in, complementary businesses, products, services, capital infrastructure, and technologies, which might affect our liquidity requirements or cause us to secure additional financing, or issue additional equity or debt securities.",discussion
PART I. FINANCIAL INFORMATION,Item 2. Management's Discussion and Analysis of Financial Condition and Results of Operations,"there can be no assurance that additional credit lines or financing instruments will be available in amounts or on terms acceptable to us, if at all.",discussion
PART I. FINANCIAL INFORMATION,Item 2. Management's Discussion and Analysis of Financial Condition and Results of Operations,"23 table of contents results of operations we have organized our operations into three segments: north america, international, and aws.",discussion
PART I. FINANCIAL INFORMATION,Item 2. Management's Discussion and Analysis of Financial Condition and Results of Operations,these segments reflect the way the company evaluates its business performance and manages its operations.,discussion
PART I. FINANCIAL INFORMATION,Item 2. Management's Discussion and Analysis of Financial Condition and Results of Operations,"see item 1 of part i, ""financial statements  -  note 8  -  segment information.""",discussion
PART I. FINANCIAL INFORMATION,Item 2. Management's Discussion and Analysis of Financial Condition and Results of Operations,net sales net sales include product and service sales.,discussion
PART I. FINANCIAL INFORMATION,Item 2. Management's Discussion and Analysis of Financial Condition and Results of Operations,product sales represent revenue from the sale of products and related shipping fees and digital media content where we record revenue gross.,discussion
PART I. FINANCIAL INFORMATION,Item 2. Management's Discussion and Analysis of Financial Condition and Results of Operations,"service sales primarily represent third-party seller fees, which includes commissions and any related fulfillment and shipping fees, aws sales, amazon prime membership fees, advertising services, and certain digital content subscriptions.",discussion
PART I. FINANCIAL INFORMATION,Item 2. Management's Discussion and Analysis of Financial Condition and Results of Operations,"net sales information is as follows (in millions): three months ended september 30,   nine months ended september 30,   2018   2019   2018   2019 net sales:               north america $ 34,348     $ 42,638     $ 97,242     $ 117,104   international 15,549     18,348     45,037     50,910   aws 6,679     8,995     18,225     25,072   consolidated $ 56,576     $ 69,981     $ 160,504     $ 193,086   year-over-year percentage growth:               north america 35 %   24 %   41 %   20 % international 13     18     24     13   aws 46     35     48     38   consolidated 29     24     37     20   year-over-year percentage growth, excluding the effect of foreign exchange rates:               north america 35 %   24 %   41 %   21 % international 15     21     19     18   aws 46     35     48     38   consolidated 30     25     35     22   net sales mix:               north america 61 %   61 %   61 %   61 % international 27     26     28     26   aws 12     13     11     13   consolidated 100 %   100 %   100 %   100 % sales increased 24% in q3 2019, and 20% for the nine months ended september 30, 2019 compared to the comparable prior year periods.",discussion
PART I. FINANCIAL INFORMATION,Item 2. Management's Discussion and Analysis of Financial Condition and Results of Operations,"changes in foreign currency exchange rates impacted net sales by $(500) million for q3 2019, and by $(2.4) billion for the nine months ended september 30, 2019.",discussion
PART I. FINANCIAL INFORMATION,Item 2. Management's Discussion and Analysis of Financial Condition and Results of Operations,"for a discussion of the effect on sales growth of foreign exchange rates, see ""effect of foreign exchange rates"" below.",discussion
PART I. FINANCIAL INFORMATION,Item 2. Management's Discussion and Analysis of Financial Condition and Results of Operations,"north america sales increased 24% in q3 2019 and 20% for the nine months ended september 30, 2019, compared to the comparable prior year periods.",discussion
PART I. FINANCIAL INFORMATION,Item 2. Management's Discussion and Analysis of Financial Condition and Results of Operations,"the sales growth primarily reflects increased unit sales, including sales by third-party sellers.",discussion
PART I. FINANCIAL INFORMATION,Item 2. Management's Discussion and Analysis of Financial Condition and Results of Operations,"increased unit sales were driven largely by our continued efforts to reduce prices for our customers, including from our shipping offers, increased in-stock inventory availability, and increased selection.",discussion
PART I. FINANCIAL INFORMATION,Item 2. Management's Discussion and Analysis of Financial Condition and Results of Operations,"international sales increased 18% in q3 2019 and 13% for the nine months ended september 30, 2019, compared to the comparable prior year periods.",discussion
PART I. FINANCIAL INFORMATION,Item 2. Management's Discussion and Analysis of Financial Condition and Results of Operations,"the sales growth primarily reflects increased unit sales, including sales by third-party sellers.",discussion
PART I. FINANCIAL INFORMATION,Item 2. Management's Discussion and Analysis of Financial Condition and Results of Operations,"increased unit sales were driven largely by our continued efforts to reduce prices for our customers, including from our shipping offers, increased in-stock inventory availability, and increased selection.",discussion
PART I. FINANCIAL INFORMATION,Item 2. Management's Discussion and Analysis of Financial Condition and Results of Operations,"changes in foreign currency exchange rates impacted international net sales by $(479) million for q3 2019, and by $(2.3) billion for the nine months ended september 30, 2019.",discussion
PART I. FINANCIAL INFORMATION,Item 2. Management's Discussion and Analysis of Financial Condition and Results of Operations,"aws sales increased 35% in q3 2019 and 38% for the nine months ended september 30, 2019, compared to the comparable prior year periods.",discussion
PART I. FINANCIAL INFORMATION,Item 2. Management's Discussion and Analysis of Financial Condition and Results of Operations,"the sales growth primarily reflects increased customer usage, partially offset by pricing changes.",discussion
PART I. FINANCIAL INFORMATION,Item 2. Management's Discussion and Analysis of Financial Condition and Results of Operations,pricing changes were driven largely by our continued efforts to reduce prices for our customers.,discussion
PART I. FINANCIAL INFORMATION,Item 2. Management's Discussion and Analysis of Financial Condition and Results of Operations,"24 table of contents operating income (loss) operating income (loss) by segment is as follows (in millions): three months ended september 30,   nine months ended september 30,   2018   2019   2018   2019 operating income (loss):               north america $ 2,032     $ 1,282     $ 5,015     $ 5,133   international  (385 )   (386 )   (1,499 )   (1,076 ) aws 2,077     2,261     5,119     6,605   consolidated $ 3,724     $ 3,157     $ 8,635     $ 10,662 operating income decreased from $3.7 billion in q3 2018 to $3.2 billion in q3 2019, and increased from $8.6 billion for the nine months ended september 30, 2018 to $10.7 billion for the nine months ended september 30, 2019.",discussion
PART I. FINANCIAL INFORMATION,Item 2. Management's Discussion and Analysis of Financial Condition and Results of Operations,we believe that operating income is a more meaningful measure than gross profit and gross margin due to the diversity of our product categories and services.,discussion
PART I. FINANCIAL INFORMATION,Item 2. Management's Discussion and Analysis of Financial Condition and Results of Operations,"the decrease in north america operating income in absolute dollars in q3 2019, compared to the comparable prior year period, is primarily due to increased shipping costs and marketing expense, partially offset by increased unit sales, including sales by third-party sellers, and advertising sales.",discussion
PART I. FINANCIAL INFORMATION,Item 2. Management's Discussion and Analysis of Financial Condition and Results of Operations,"the increase in north america operating income in absolute dollars for the nine months ended september 30, 2019, compared to the comparable prior year period, is primarily due to increased unit sales, including sales by third-party sellers, advertising sales, and slower growth in certain operating expenses, partially offset by increased marketing expense and shipping costs.",discussion
PART I. FINANCIAL INFORMATION,Item 2. Management's Discussion and Analysis of Financial Condition and Results of Operations,"the increase in international operating loss in absolute dollars in q3 2019, compared to the comparable prior year period, is primarily due to increased marketing expense, partially offset by increased unit sales, including sales by third-party sellers, advertising sales, and slower growth in certain operating expenses.",discussion
PART I. FINANCIAL INFORMATION,Item 2. Management's Discussion and Analysis of Financial Condition and Results of Operations,"the decrease in international operating loss in absolute dollars for the nine months ended september 30, 2019, compared to the comparable prior year period, is primarily due to increased unit sales, including sales by third-party sellers, advertising sales, and slower growth in certain operating expenses, partially offset by increased marketing expense.",discussion
PART I. FINANCIAL INFORMATION,Item 2. Management's Discussion and Analysis of Financial Condition and Results of Operations,"changes in foreign exchange rates impacted operating loss by $(34) million for q3 2019, and by $(109) million for the nine months ended september 30, 2019.",discussion
PART I. FINANCIAL INFORMATION,Item 2. Management's Discussion and Analysis of Financial Condition and Results of Operations,"the increase in aws operating income in absolute dollars in q3 2019 and for the nine months ended september 30, 2019, compared to the comparable prior year periods, is primarily due to increased customer usage and cost structure productivity, partially offset by pricing changes and increased spending on technology infrastructure and payroll and related expenses, which was primarily driven by additional investments to support the business growth.",discussion
PART I. FINANCIAL INFORMATION,Item 2. Management's Discussion and Analysis of Financial Condition and Results of Operations,"changes in foreign exchange rates impacted operating income by $50 million for q3 2019, and by $247 million for the nine months ended september 30, 2019.",discussion
PART I. FINANCIAL INFORMATION,Item 2. Management's Discussion and Analysis of Financial Condition and Results of Operations,"25 table of contents operating expenses information about operating expenses is as follows (in millions): three months ended september 30,   nine months ended september 30,   2018   2019   2018   2019 operating expenses:               cost of sales $ 33,003     $ 41,302     $ 94,370     $ 111,559   fulfillment 8,275     10,167     23,999     28,040   marketing 3,303     4,752     8,902     12,707   technology and content 7,162     9,200     21,168     26,191   general and administrative 1,041     1,348     3,219     3,791   other operating expense (income), net 68     55     211     136   total operating expenses $ 52,852     $ 66,824     $ 151,869     $ 182,424   year-over-year percentage growth:               cost of sales 20 %   25  %   29 %   18  % fulfillment 29     23     47     17   marketing 33     44     34     43   technology and content 20     28     30     24   general and administrative 8     29     22     18   other operating expense (income), net 52     (19 )   37     (35 ) percent of net sales:               cost of sales 58.3 %   59.0  %   58.8 %   57.8  % fulfillment 14.6     14.5     15.0     14.5   marketing 5.8     6.8     5.5     6.6   technology and content 12.7     13.1     13.2     13.6   general and administrative 1.8     1.9     2.0     2.0   other operating expense (income), net 0.1     0.1     0.1     0.1 cost of sales cost of sales primarily consists of the purchase price of consumer products, digital media content costs where we record revenue gross, including video and music, packaging supplies, sortation and delivery centers and related equipment costs, and inbound and outbound shipping costs, including where we are the transportation service provider.",discussion
PART I. FINANCIAL INFORMATION,Item 2. Management's Discussion and Analysis of Financial Condition and Results of Operations,"the increase in cost of sales in absolute dollars in q3 2019 and for the nine months ended september 30, 2019, compared to the comparable prior year periods, is primarily due to increased product and shipping costs resulting from increased sales.",discussion
PART I. FINANCIAL INFORMATION,Item 2. Management's Discussion and Analysis of Financial Condition and Results of Operations,shipping costs to receive products from our suppliers are included in our inventory and recognized as cost of sales upon sale of products to our customers.,discussion
PART I. FINANCIAL INFORMATION,Item 2. Management's Discussion and Analysis of Financial Condition and Results of Operations,"shipping costs, which include sortation and delivery centers and transportation costs, were $6.6 billion and $9.6 billion in q3 2018 and q3 2019, and $18.6 billion and $25.1 billion for the nine months ended september 30, 2018 and 2019.",discussion
PART I. FINANCIAL INFORMATION,Item 2. Management's Discussion and Analysis of Financial Condition and Results of Operations,"we expect our cost of shipping to continue to increase to the extent our customers accept and use our shipping offers at an increasing rate, we reduce shipping rates, we use more expensive shipping methods, including faster delivery, and we offer additional services.",discussion
PART I. FINANCIAL INFORMATION,Item 2. Management's Discussion and Analysis of Financial Condition and Results of Operations,"we seek to mitigate costs of shipping over time in part through achieving higher sales volumes, optimizing our fulfillment network, negotiating better terms with our suppliers, and achieving better operating efficiencies.",discussion
PART I. FINANCIAL INFORMATION,Item 2. Management's Discussion and Analysis of Financial Condition and Results of Operations,"we believe that offering low prices to our customers is fundamental to our future success, and one way we offer lower prices is through shipping offers.",discussion
PART I. FINANCIAL INFORMATION,Item 2. Management's Discussion and Analysis of Financial Condition and Results of Operations,"costs to operate our aws segment are primarily classified as ""technology and content"" as we leverage a shared infrastructure that supports both our internal technology requirements and external sales to aws customers.",discussion
PART I. FINANCIAL INFORMATION,Item 2. Management's Discussion and Analysis of Financial Condition and Results of Operations,"fulfillment fulfillment costs primarily consist of those costs incurred in operating and staffing our north america and international fulfillment centers, customer service centers, and physical stores and payment processing costs.",discussion
PART I. FINANCIAL INFORMATION,Item 2. Management's Discussion and Analysis of Financial Condition and Results of Operations,"while aws payment processing and related transaction costs are included in fulfillment, aws costs are primarily classified as ""technology and content.""",discussion
PART I. FINANCIAL INFORMATION,Item 2. Management's Discussion and Analysis of Financial Condition and Results of Operations,"26 table of contents fulfillment costs as a percentage of net sales may vary due to several factors, such as payment processing and related transaction costs, our level of productivity and accuracy, changes in volume, size, and weight of units received and fulfilled, timing of fulfillment network and physical store expansion, the extent we utilize fulfillment services provided by third parties, mix of products and services sold, and our ability to affect customer service contacts per unit by implementing improvements in our operations and enhancements to our customer self-service features.",discussion
PART I. FINANCIAL INFORMATION,Item 2. Management's Discussion and Analysis of Financial Condition and Results of Operations,"additionally, because payment processing and fulfillment costs associated with seller transactions are based on the gross purchase price of underlying transactions, and payment processing and related transaction and fulfillment costs are higher as a percentage of sales versus our retail sales, sales by our sellers have higher fulfillment costs as a percent of net sales.",discussion
PART I. FINANCIAL INFORMATION,Item 2. Management's Discussion and Analysis of Financial Condition and Results of Operations,"the increase in fulfillment costs in absolute dollars in q3 2019 and for the nine months ended september 30, 2019, compared to the comparable prior year periods, is primarily due to variable costs corresponding with increased product and service sales volume and inventory levels and costs from expanding our fulfillment network, which includes physical stores.",discussion
PART I. FINANCIAL INFORMATION,Item 2. Management's Discussion and Analysis of Financial Condition and Results of Operations,we seek to expand our fulfillment network to accommodate a greater selection and in-stock inventory levels and to meet anticipated shipment volumes from sales of our own products as well as sales by third parties for which we provide the fulfillment services.,discussion
PART I. FINANCIAL INFORMATION,Item 2. Management's Discussion and Analysis of Financial Condition and Results of Operations,we regularly evaluate our facility requirements.,discussion
PART I. FINANCIAL INFORMATION,Item 2. Management's Discussion and Analysis of Financial Condition and Results of Operations,"marketing we direct customers to our stores primarily through a number of targeted online marketing channels, such as our sponsored search, third party customer referrals, social and online advertising, television advertising, and other initiatives.",discussion
PART I. FINANCIAL INFORMATION,Item 2. Management's Discussion and Analysis of Financial Condition and Results of Operations,"our marketing costs are largely variable, based on growth in sales and changes in rates.",discussion
PART I. FINANCIAL INFORMATION,Item 2. Management's Discussion and Analysis of Financial Condition and Results of Operations,"to the extent there is increased or decreased competition for these traffic sources, or to the extent our mix of these channels shifts, we would expect to see a corresponding change in our marketing costs.",discussion
PART I. FINANCIAL INFORMATION,Item 2. Management's Discussion and Analysis of Financial Condition and Results of Operations,"the increase in marketing costs in absolute dollars in q3 2019 and for the nine months ended september 30, 2019, compared to the comparable prior year periods, is primarily due to increased spending on online marketing channels, as well as payroll and related expenses for personnel engaged in marketing and selling activities.",discussion
PART I. FINANCIAL INFORMATION,Item 2. Management's Discussion and Analysis of Financial Condition and Results of Operations,"while costs associated with amazon prime memberships and other shipping offers are not included in marketing expense, we view these offers as effective worldwide marketing tools, and intend to continue offering them indefinitely.",discussion
PART I. FINANCIAL INFORMATION,Item 2. Management's Discussion and Analysis of Financial Condition and Results of Operations,"technology and content technology and content costs include payroll and related expenses for employees involved in the research and development of new and existing products and services, development, design, and maintenance of our stores, curation and display of products and services made available in our online stores, and infrastructure costs.",discussion
PART I. FINANCIAL INFORMATION,Item 2. Management's Discussion and Analysis of Financial Condition and Results of Operations,"infrastructure costs include servers, networking equipment, and data center related depreciation, rent, utilities, and other expenses necessary to support aws and other amazon businesses.",discussion
PART I. FINANCIAL INFORMATION,Item 2. Management's Discussion and Analysis of Financial Condition and Results of Operations,"collectively, these costs reflect the investments we make in order to offer a wide variety of products and services to our customers.",discussion
PART I. FINANCIAL INFORMATION,Item 2. Management's Discussion and Analysis of Financial Condition and Results of Operations,"we seek to invest efficiently in numerous areas of technology and content so we may continue to enhance the customer experience and improve our process efficiency through rapid technology developments, while operating at an ever increasing scale.",discussion
PART I. FINANCIAL INFORMATION,Item 2. Management's Discussion and Analysis of Financial Condition and Results of Operations,our technology and content investment and capital spending projects often support a variety of product and service offerings due to geographic expansion and the cross-functionality of our systems and operations.,discussion
PART I. FINANCIAL INFORMATION,Item 2. Management's Discussion and Analysis of Financial Condition and Results of Operations,we expect spending in technology and content to increase over time as we continue to add employees and technology infrastructure.,discussion
PART I. FINANCIAL INFORMATION,Item 2. Management's Discussion and Analysis of Financial Condition and Results of Operations,these costs are allocated to segments based on usage.,discussion
PART I. FINANCIAL INFORMATION,Item 2. Management's Discussion and Analysis of Financial Condition and Results of Operations,"the increase in technology and content costs in absolute dollars in q3 2019 and for the nine months ended september 30, 2019, compared to the comparable prior year periods, is primarily due to an increase in spending on technology infrastructure and increased payroll and related costs associated with technical teams responsible for expanding our existing products and services and initiatives to introduce new products and service offerings.",discussion
PART I. FINANCIAL INFORMATION,Item 2. Management's Discussion and Analysis of Financial Condition and Results of Operations,"see item 7 of part ii, ""management's discussion and analysis of financial condition and results of operations  -  overview"" of our 2018 annual report on form 10-k for a discussion of how management views advances in technology and the importance of innovation.",discussion
PART I. FINANCIAL INFORMATION,Item 2. Management's Discussion and Analysis of Financial Condition and Results of Operations,"general and administrative the increase in general and administrative costs in absolute dollars in q3 2019 and for the nine months ended september 30, 2019, compared to the comparable prior year periods, is primarily due to increases in payroll and related expenses.",discussion
PART I. FINANCIAL INFORMATION,Item 2. Management's Discussion and Analysis of Financial Condition and Results of Operations,"other operating expense (income), net other operating expense (income), net was $68 million and $55 million for q3 2018 and q3 2019, and $211 million and $136 million for the nine months ended september 30, 2018 and 2019, and was primarily related to the amortization of intangible assets.",discussion
PART I. FINANCIAL INFORMATION,Item 2. Management's Discussion and Analysis of Financial Condition and Results of Operations,"27 table of contents interest income and expense our interest income was $117 million and $224 million during q3 2018 and q3 2019, and $290 million and $621 million for the nine months ended september 30, 2018 and 2019.",discussion
PART I. FINANCIAL INFORMATION,Item 2. Management's Discussion and Analysis of Financial Condition and Results of Operations,we generally invest our excess cash in aaa-rated money market funds and investment grade short- to intermediate-term fixed income securities.,discussion
PART I. FINANCIAL INFORMATION,Item 2. Management's Discussion and Analysis of Financial Condition and Results of Operations,"our interest income corresponds with the average balance of invested funds based on the prevailing rates, which vary depending on the geographies and currencies in which they are invested.",discussion
PART I. FINANCIAL INFORMATION,Item 2. Management's Discussion and Analysis of Financial Condition and Results of Operations,"interest expense was $358 million and $396 million during q3 2018 and q3 2019, and $1.0 billion and $1.1 billion for the nine months ended september 30, 2018 and 2019, and was primarily related to long-term debt and finance leases.",discussion
PART I. FINANCIAL INFORMATION,Item 2. Management's Discussion and Analysis of Financial Condition and Results of Operations,"other income (expense), net other income (expense), net was $(93) million and $(353) million during q3 2018 and q3 2019, and $16 million and $(215) million for the nine months ended september 30, 2018 and 2019.",discussion
PART I. FINANCIAL INFORMATION,Item 2. Management's Discussion and Analysis of Financial Condition and Results of Operations,"the primary components of other income (expense), net are related to equity warrant and securities valuations and foreign currency.",discussion
PART I. FINANCIAL INFORMATION,Item 2. Management's Discussion and Analysis of Financial Condition and Results of Operations,"income taxes our tax provision or benefit from income taxes for interim periods is determined using an estimate of our annual effective tax rate, adjusted for discrete items, if any, that are taken into account in the relevant period.",discussion
PART I. FINANCIAL INFORMATION,Item 2. Management's Discussion and Analysis of Financial Condition and Results of Operations,"each quarter we update our estimate of the annual effective tax rate, and if our estimated tax rate changes, we make a cumulative adjustment.",discussion
PART I. FINANCIAL INFORMATION,Item 2. Management's Discussion and Analysis of Financial Condition and Results of Operations,"our quarterly tax provision, and our quarterly estimate of our annual effective tax rate, is subject to significant variation due to several factors, including variability in accurately predicting our pre-tax and taxable income and loss and the mix of jurisdictions to which they relate, intercompany transactions, the applicability of special tax regimes, changes in how we do business, acquisitions, investments, audit-related developments, changes in our stock price, changes in our deferred tax assets and liabilities and their valuation, foreign currency gains (losses), changes in statutes, regulations, case law, and administrative practices, principles, and interpretations related to tax, including changes to the global tax framework, competition, and other laws and accounting rules in various jurisdictions, and relative changes of expenses or losses for which tax benefits are not recognized.",discussion
PART I. FINANCIAL INFORMATION,Item 2. Management's Discussion and Analysis of Financial Condition and Results of Operations,"additionally, our effective tax rate can be more or less volatile based on the amount of pre-tax income or loss.",discussion
PART I. FINANCIAL INFORMATION,Item 2. Management's Discussion and Analysis of Financial Condition and Results of Operations,"for example, the impact of discrete items and non-deductible expenses on our effective tax rate is greater when our pre-tax income is lower.",discussion
PART I. FINANCIAL INFORMATION,Item 2. Management's Discussion and Analysis of Financial Condition and Results of Operations,"for 2019, we estimate that our effective tax rate will be favorably affected by the impact of excess tax benefits from stock-based compensation and the u.s. federal research and development credit and adversely affected by state income taxes and losses incurred in certain foreign jurisdictions for which we may not realize a tax benefit.",discussion
PART I. FINANCIAL INFORMATION,Item 2. Management's Discussion and Analysis of Financial Condition and Results of Operations,"losses for which we may not realize a related tax benefit, primarily due to losses of foreign subsidiaries, reduce our pre-tax income without a corresponding reduction in our tax expense, and therefore increase our effective tax rate.",discussion
PART I. FINANCIAL INFORMATION,Item 2. Management's Discussion and Analysis of Financial Condition and Results of Operations,we record valuation allowances against the deferred tax assets associated with losses for which we may not realize a related tax benefit.,discussion
PART I. FINANCIAL INFORMATION,Item 2. Management's Discussion and Analysis of Financial Condition and Results of Operations,"our income tax provisions for the nine months ended september 30, 2018 and september 30, 2019 were $870 million and $1.6 billion, which included $1.3 billion and $1.0 billion of net discrete tax benefits primarily attributable to excess tax benefits from stock-based compensation.",discussion
PART I. FINANCIAL INFORMATION,Item 2. Management's Discussion and Analysis of Financial Condition and Results of Operations,"non-gaap financial measures regulation g, conditions for use of non-gaap financial measures, and other sec regulations define and prescribe the conditions for use of certain non-gaap financial information.",discussion
PART I. FINANCIAL INFORMATION,Item 2. Management's Discussion and Analysis of Financial Condition and Results of Operations,our measures of free cash flows and the effect of foreign exchange rates on our consolidated statements of operations meet the definition of non-gaap financial measures.,discussion
PART I. FINANCIAL INFORMATION,Item 2. Management's Discussion and Analysis of Financial Condition and Results of Operations,we provide multiple measures of free cash flows because we believe these measures provide additional perspective on the impact of acquiring property and equipment with cash and through finance leases and financing obligations.,discussion
PART I. FINANCIAL INFORMATION,Item 2. Management's Discussion and Analysis of Financial Condition and Results of Operations,"we adopted new lease accounting guidance on january 1, 2019 without retrospectively adjusting prior periods.",discussion
PART I. FINANCIAL INFORMATION,Item 2. Management's Discussion and Analysis of Financial Condition and Results of Operations,"as a result, the line items used in our calculation of measures of free cash flows have changed.",discussion
PART I. FINANCIAL INFORMATION,Item 2. Management's Discussion and Analysis of Financial Condition and Results of Operations,"see item 1 of part i, ""financial statements  -  note 1  -  accounting policies.""",discussion
PART I. FINANCIAL INFORMATION,Item 2. Management's Discussion and Analysis of Financial Condition and Results of Operations,"28 table of contents free cash flow free cash flow is cash flow from operations reduced by ""purchases of property and equipment, net of proceeds from sales and incentives.""",discussion
PART I. FINANCIAL INFORMATION,Item 2. Management's Discussion and Analysis of Financial Condition and Results of Operations,"the following is a reconciliation of free cash flow to the most comparable gaap cash flow measure, ""net cash provided by (used in) operating activities,"" for the trailing twelve months ended september 30, 2018 and 2019 (in millions): twelve months ended september 30,   2018   2019 net cash provided by (used in) operating activities $ 26,604     $ 35,332   purchases of property and equipment, net of proceeds from sales and incentives (11,239 )   (11,868 ) free cash flow $ 15,365     $ 23,464           net cash provided by (used in) investing activities $ (10,778 )   $ (24,317 ) net cash provided by (used in) financing activities $ (8,496 )   $ (8,255 ) free cash flow less principal repayments of finance leases and financing obligations free cash flow less principal repayments of finance leases and financing obligations is free cash flow reduced by ""principal repayments of finance leases"" and ""principal repayments of financing obligations.""",discussion
PART I. FINANCIAL INFORMATION,Item 2. Management's Discussion and Analysis of Financial Condition and Results of Operations,principal repayments of finance leases and financing obligations approximates the actual payments of cash for our finance leases and financing obligations.,discussion
PART I. FINANCIAL INFORMATION,Item 2. Management's Discussion and Analysis of Financial Condition and Results of Operations,"the following is a reconciliation of free cash flow less principal repayments of finance leases and financing obligations to the most comparable gaap cash flow measure, ""net cash provided by (used in) operating activities,"" for the trailing twelve months ended september 30, 2018 and 2019 (in millions): twelve months ended september 30,   2018   2019 net cash provided by (used in) operating activities $ 26,604     $ 35,332   purchases of property and equipment, net of proceeds from sales and incentives (11,239 )   (11,868 ) free cash flow 15,365     23,464   principal repayments of finance leases (1) (7,016 )   (8,754 ) principal repayments of financing obligations (1) (277 )   (129 ) free cash flow less principal repayments of finance leases and financing obligations $ 8,072     $ 14,581           net cash provided by (used in) investing activities $ (10,778 )   $ (24,317 ) net cash provided by (used in) financing activities $ (8,496 )   $ (8,255 ) _______________ (1) amounts for 2018 have not been retrospectively adjusted.",discussion
PART I. FINANCIAL INFORMATION,Item 2. Management's Discussion and Analysis of Financial Condition and Results of Operations,"29 table of contents free cash flow less equipment finance leases and principal repayments of all other finance leases and financing obligations free cash flow less equipment finance leases and principal repayments of all other finance leases and financing obligations is free cash flow reduced by equipment acquired under finance leases, which is included in ""property and equipment acquired under finance leases,"" principal repayments of all other finance lease liabilities, which is included in ""principal repayments of finance leases,"" and ""principal repayments of financing obligations.""",discussion
PART I. FINANCIAL INFORMATION,Item 2. Management's Discussion and Analysis of Financial Condition and Results of Operations,all other finance lease liabilities and financing obligations consists of property.,discussion
PART I. FINANCIAL INFORMATION,Item 2. Management's Discussion and Analysis of Financial Condition and Results of Operations,"in this measure, equipment acquired under finance leases is reflected as if these assets had been purchased with cash, which is not the case as these assets have been leased.",discussion
PART I. FINANCIAL INFORMATION,Item 2. Management's Discussion and Analysis of Financial Condition and Results of Operations,"the following is a reconciliation of free cash flow less equipment finance leases and principal repayments of all other finance leases and financing obligations to the most comparable gaap cash flow measure, ""net cash provided by (used in) operating activities,"" for the trailing twelve months ended september 30, 2018 and 2019 (in millions): twelve months ended september 30,   2018   2019 net cash provided by (used in) operating activities $ 26,604     $ 35,332   purchases of property and equipment, net of proceeds from sales and incentives (11,239 )   (11,868 ) free cash flow 15,365     23,464   equipment acquired under finance leases (1) (9,704 )   (12,580 ) principal repayments of all other finance leases (2)  -      (302 ) principal repayments of financing obligations (277 )   (129 ) free cash flow less equipment finance leases and principal repayments of all other finance leases and financing obligations $ 5,384     $ 10,453           net cash provided by (used in) investing activities $ (10,778 )   $ (24,317 ) net cash provided by (used in) financing activities $ (8,496 )   $ (8,255 ) ___________________ (1) for the twelve months ended september 30, 2019, this amount relates to equipment included in ""property and equipment acquired under finance leases"" of $13,222 million.",discussion
PART I. FINANCIAL INFORMATION,Item 2. Management's Discussion and Analysis of Financial Condition and Results of Operations,amounts for 2018 have not been retrospectively adjusted.,discussion
PART I. FINANCIAL INFORMATION,Item 2. Management's Discussion and Analysis of Financial Condition and Results of Operations,"(2) for the twelve months ended september 30, 2019, this amount relates to property included in ""principal repayments of finance leases"" of $8,754 million.",discussion
PART I. FINANCIAL INFORMATION,Item 2. Management's Discussion and Analysis of Financial Condition and Results of Operations,amounts for 2018 have not been retrospectively adjusted.,discussion
PART I. FINANCIAL INFORMATION,Item 2. Management's Discussion and Analysis of Financial Condition and Results of Operations,all of these free cash flows measures have limitations as they omit certain components of the overall cash flow statement and do not represent the residual cash flow available for discretionary expenditures.,discussion
PART I. FINANCIAL INFORMATION,Item 2. Management's Discussion and Analysis of Financial Condition and Results of Operations,"for example, these measures of free cash flows do not incorporate the portion of payments representing principal reductions of debt or cash payments for business acquisitions.",discussion
PART I. FINANCIAL INFORMATION,Item 2. Management's Discussion and Analysis of Financial Condition and Results of Operations,"additionally, our mix of property and equipment acquisitions with cash or other financing options may change over time.",discussion
PART I. FINANCIAL INFORMATION,Item 2. Management's Discussion and Analysis of Financial Condition and Results of Operations,"therefore, we believe it is important to view free cash flows measures only as a complement to our entire consolidated statements of cash flows.",discussion
PART I. FINANCIAL INFORMATION,Item 2. Management's Discussion and Analysis of Financial Condition and Results of Operations,"30 table of contents effect of foreign exchange rates information regarding the effect of foreign exchange rates, versus the u.s.",discussion
PART I. FINANCIAL INFORMATION,Item 2. Management's Discussion and Analysis of Financial Condition and Results of Operations,"dollar, on our net sales, operating expenses, and operating income is provided to show reported period operating results had the foreign exchange rates remained the same as those in effect in the comparable prior year periods.",discussion
PART I. FINANCIAL INFORMATION,Item 2. Management's Discussion and Analysis of Financial Condition and Results of Operations,"the effect on our net sales, operating expenses, and operating income from changes in our foreign exchange rates versus the u.s.",discussion
PART I. FINANCIAL INFORMATION,Item 2. Management's Discussion and Analysis of Financial Condition and Results of Operations,"dollar is as follows (in millions): three months ended september 30,   nine months ended september 30,   2018   2019   2018   2019   as reported   exchange rate effect (1)   at prior year rates (2)   as reported   exchange rate effect (1)   at prior year rates (2)   as reported   exchange rate effect (1)   at prior year rates (2)   as reported   exchange rate effect (1)   at prior year rates (2) net sales $ 56,576     $ 260     $ 56,836     $ 69,981     $ 500     $ 70,481     $ 160,504     $ (2,055 )   $ 158,449     $ 193,086     $ 2,440     $ 195,526   operating expenses 52,852     350     53,202     66,824     522     67,346     151,869     (1,952 )   149,917     182,424     2,604     185,028   operating income 3,724     (90 )   3,634     3,157     (22 )   3,135     8,635     (103 )   8,532     10,662     (164 )   10,498 ___________________ (1) represents the change in reported amounts resulting from changes in foreign exchange rates from those in effect in the comparable prior year period for operating results.",discussion
PART I. FINANCIAL INFORMATION,Item 2. Management's Discussion and Analysis of Financial Condition and Results of Operations,(2) represents the outcome that would have resulted had foreign exchange rates in the reported period been the same as those in effect in the comparable prior year period for operating results.,discussion
PART I. FINANCIAL INFORMATION,Item 2. Management's Discussion and Analysis of Financial Condition and Results of Operations,"guidance we provided guidance on october 24, 2019, in our earnings release furnished on form 8-k as set forth below.",discussion
PART I. FINANCIAL INFORMATION,Item 2. Management's Discussion and Analysis of Financial Condition and Results of Operations,"these forward-looking statements reflect amazon.com's expectations as of october 24, 2019, and are subject to substantial uncertainty.",discussion
PART I. FINANCIAL INFORMATION,Item 2. Management's Discussion and Analysis of Financial Condition and Results of Operations,"our results are inherently unpredictable and may be materially affected by many factors, such as fluctuations in foreign exchange rates, changes in global economic conditions and customer spending, world events, the rate of growth of the internet, online commerce, and cloud services, as well as those outlined in item 1a of part ii, ""risk factors.""",discussion
PART I. FINANCIAL INFORMATION,Item 2. Management's Discussion and Analysis of Financial Condition and Results of Operations,"fourth quarter 2019 guidance • net sales are expected to be between $80.0 billion and $86.5 billion, or to grow between 11% and 20% compared with fourth quarter 2018.",discussion
PART I. FINANCIAL INFORMATION,Item 2. Management's Discussion and Analysis of Financial Condition and Results of Operations,this guidance anticipates an unfavorable impact of approximately 80 basis points from foreign exchange rates.,discussion
PART I. FINANCIAL INFORMATION,Item 2. Management's Discussion and Analysis of Financial Condition and Results of Operations,"• operating income is expected to be between $1.2 billion and $2.9 billion, compared with $3.8 billion in fourth quarter 2018.",discussion
PART I. FINANCIAL INFORMATION,Item 2. Management's Discussion and Analysis of Financial Condition and Results of Operations,"• this guidance assumes, among other things, that no additional business acquisitions, investments, restructurings, or legal settlements are concluded.",discussion
PART I. FINANCIAL INFORMATION,Item 2. Management's Discussion and Analysis of Financial Condition and Results of Operations,31 table of contents,discussion
