seq,description,document,href,type,size
1,10-K,amt1231201610k.htm,https://www.sec.gov/Archives/edgar/data/1053507/000105350717000009/amt1231201610k.htm,10-K,4390176
2,EXHIBIT 10.44,exhibit1044q42016.htm,https://www.sec.gov/Archives/edgar/data/1053507/000105350717000009/exhibit1044q42016.htm,EX-10.44,213784
3,EXHIBIT 10.45,exhibit1045q42016.htm,https://www.sec.gov/Archives/edgar/data/1053507/000105350717000009/exhibit1045q42016.htm,EX-10.45,336680
4,EXHIBIT 10.46,exhibit1046q42016.htm,https://www.sec.gov/Archives/edgar/data/1053507/000105350717000009/exhibit1046q42016.htm,EX-10.46,221701
5,EXHIBIT 12,exhibit12q42016.htm,https://www.sec.gov/Archives/edgar/data/1053507/000105350717000009/exhibit12q42016.htm,EX-12,73485
6,EXHIBIT 21,exhibit21q42016.htm,https://www.sec.gov/Archives/edgar/data/1053507/000105350717000009/exhibit21q42016.htm,EX-21,115543
7,EXHIBIT 23,exhibit23q42016.htm,https://www.sec.gov/Archives/edgar/data/1053507/000105350717000009/exhibit23q42016.htm,EX-23,3270
8,EXHIBIT 31.1,exhibit311q42016.htm,https://www.sec.gov/Archives/edgar/data/1053507/000105350717000009/exhibit311q42016.htm,EX-31.1,16291
9,EXHIBIT 31.2,exhibit312q42016.htm,https://www.sec.gov/Archives/edgar/data/1053507/000105350717000009/exhibit312q42016.htm,EX-31.2,16959
10,EXHIBIT 32,exhibit32q42016.htm,https://www.sec.gov/Archives/edgar/data/1053507/000105350717000009/exhibit32q42016.htm,EX-32,16909
17,,a2016performancegraph.jpg,https://www.sec.gov/Archives/edgar/data/1053507/000105350717000009/a2016performancegraph.jpg,GRAPHIC,61503
NA,Complete submission text file,0001053507-17-000009.txt,https://www.sec.gov/Archives/edgar/data/1053507/000105350717000009/0001053507-17-000009.txt, ,22625347
11,XBRL INSTANCE DOCUMENT,amt-20161231.xml,https://www.sec.gov/Archives/edgar/data/1053507/000105350717000009/amt-20161231.xml,EX-101.INS,5017959
12,XBRL TAXONOMY EXTENSION SCHEMA DOCUMENT,amt-20161231.xsd,https://www.sec.gov/Archives/edgar/data/1053507/000105350717000009/amt-20161231.xsd,EX-101.SCH,118359
13,XBRL TAXONOMY EXTENSION CALCULATION LINKBASE DOCUMENT,amt-20161231_cal.xml,https://www.sec.gov/Archives/edgar/data/1053507/000105350717000009/amt-20161231_cal.xml,EX-101.CAL,191227
14,XBRL TAXONOMY EXTENSION DEFINITION LINKBASE DOCUMENT,amt-20161231_def.xml,https://www.sec.gov/Archives/edgar/data/1053507/000105350717000009/amt-20161231_def.xml,EX-101.DEF,793197
15,XBRL TAXONOMY EXTENSION LABEL LINKBASE DOCUMENT,amt-20161231_lab.xml,https://www.sec.gov/Archives/edgar/data/1053507/000105350717000009/amt-20161231_lab.xml,EX-101.LAB,1555364
16,XBRL TAXONOMY EXTENSION PRESENTATION LINKBASE DOCUMENT,amt-20161231_pre.xml,https://www.sec.gov/Archives/edgar/data/1053507/000105350717000009/amt-20161231_pre.xml,EX-101.PRE,1079352
