seq,description,document,href,type,size
1,10-Q,unp-20170930x10q.htm,https://www.sec.gov/Archives/edgar/data/100885/000010088517000245/unp-20170930x10q.htm,10-Q,1961578
2,EX-10,unp-20170930xex10.htm,https://www.sec.gov/Archives/edgar/data/100885/000010088517000245/unp-20170930xex10.htm,EX-10,251692
3,EX-12.(A),unp-20170930xex12_a.htm,https://www.sec.gov/Archives/edgar/data/100885/000010088517000245/unp-20170930xex12_a.htm,EX-12.(A),32235
4,EX-12.(B),unp-20170930xex12_b.htm,https://www.sec.gov/Archives/edgar/data/100885/000010088517000245/unp-20170930xex12_b.htm,EX-12.(B),33427
5,EX-31.(A),unp-20170930xex31_a.htm,https://www.sec.gov/Archives/edgar/data/100885/000010088517000245/unp-20170930xex31_a.htm,EX-31.(A),18359
6,EX-31.(B),unp-20170930xex31_b.htm,https://www.sec.gov/Archives/edgar/data/100885/000010088517000245/unp-20170930xex31_b.htm,EX-31.(B),18060
7,EX-32,unp-20170930xex32.htm,https://www.sec.gov/Archives/edgar/data/100885/000010088517000245/unp-20170930xex32.htm,EX-32,14483
NA,Complete submission text file,0000100885-17-000245.txt,https://www.sec.gov/Archives/edgar/data/100885/000010088517000245/0000100885-17-000245.txt, ,8058231
8,EX-101.INS,unp-20170930.xml,https://www.sec.gov/Archives/edgar/data/100885/000010088517000245/unp-20170930.xml,EX-101.INS,1853870
9,EX-101.SCH,unp-20170930.xsd,https://www.sec.gov/Archives/edgar/data/100885/000010088517000245/unp-20170930.xsd,EX-101.SCH,51836
10,EX-101.CAL,unp-20170930_cal.xml,https://www.sec.gov/Archives/edgar/data/100885/000010088517000245/unp-20170930_cal.xml,EX-101.CAL,52040
11,EX-101.DEF,unp-20170930_def.xml,https://www.sec.gov/Archives/edgar/data/100885/000010088517000245/unp-20170930_def.xml,EX-101.DEF,167145
12,EX-101.LAB,unp-20170930_lab.xml,https://www.sec.gov/Archives/edgar/data/100885/000010088517000245/unp-20170930_lab.xml,EX-101.LAB,404593
13,EX-101.PRE,unp-20170930_pre.xml,https://www.sec.gov/Archives/edgar/data/100885/000010088517000245/unp-20170930_pre.xml,EX-101.PRE,342666
