seq,description,document,href,type,size
1,10-K,fb-12312017x10k.htm,https://www.sec.gov/Archives/edgar/data/1326801/000132680118000009/fb-12312017x10k.htm,10-K,2325088
2,EXHIBIT 10.5,fb-12312017x10kexhibit105.htm,https://www.sec.gov/Archives/edgar/data/1326801/000132680118000009/fb-12312017x10kexhibit105.htm,EX-10.5,26557
3,EXHIBIT 21.1,fb-12312017x10kexhibit211.htm,https://www.sec.gov/Archives/edgar/data/1326801/000132680118000009/fb-12312017x10kexhibit211.htm,EX-21.1,5434
4,EXHIBIT 23.1,fb-12312017x10kexhibit231.htm,https://www.sec.gov/Archives/edgar/data/1326801/000132680118000009/fb-12312017x10kexhibit231.htm,EX-23.1,5852
5,EXHIBIT 31.1,fb-12312017x10kexhibit311.htm,https://www.sec.gov/Archives/edgar/data/1326801/000132680118000009/fb-12312017x10kexhibit311.htm,EX-31.1,12784
6,EXHIBIT 31.2,fb-12312017x10kexhibit312.htm,https://www.sec.gov/Archives/edgar/data/1326801/000132680118000009/fb-12312017x10kexhibit312.htm,EX-31.2,12883
7,EXHIBIT 32.1,fb-12312017x10kexhibit321.htm,https://www.sec.gov/Archives/edgar/data/1326801/000132680118000009/fb-12312017x10kexhibit321.htm,EX-32.1,9374
8,EXHIBIT 32.2,fb-12312017x10kexhibit322.htm,https://www.sec.gov/Archives/edgar/data/1326801/000132680118000009/fb-12312017x10kexhibit322.htm,EX-32.2,9306
15,,dauimageq42017.jpg,https://www.sec.gov/Archives/edgar/data/1326801/000132680118000009/dauimageq42017.jpg,GRAPHIC,122167
16,,mauimageq42017a01.jpg,https://www.sec.gov/Archives/edgar/data/1326801/000132680118000009/mauimageq42017a01.jpg,GRAPHIC,108034
17,,revenueimageq42017.jpg,https://www.sec.gov/Archives/edgar/data/1326801/000132680118000009/revenueimageq42017.jpg,GRAPHIC,105043
18,,stockperformancegraph2017a02.jpg,https://www.sec.gov/Archives/edgar/data/1326801/000132680118000009/stockperformancegraph2017a02.jpg,GRAPHIC,70270
19,,usermetricsfbimage123115a08.jpg,https://www.sec.gov/Archives/edgar/data/1326801/000132680118000009/usermetricsfbimage123115a08.jpg,GRAPHIC,13431
NA,Complete submission text file,0001326801-18-000009.txt,https://www.sec.gov/Archives/edgar/data/1326801/000132680118000009/0001326801-18-000009.txt, ,9728655
9,XBRL INSTANCE DOCUMENT,fb-20171231.xml,https://www.sec.gov/Archives/edgar/data/1326801/000132680118000009/fb-20171231.xml,EX-101.INS,1948840
10,XBRL TAXONOMY EXTENSION SCHEMA DOCUMENT,fb-20171231.xsd,https://www.sec.gov/Archives/edgar/data/1326801/000132680118000009/fb-20171231.xsd,EX-101.SCH,52842
11,XBRL TAXONOMY EXTENSION CALCULATION LINKBASE DOCUMENT,fb-20171231_cal.xml,https://www.sec.gov/Archives/edgar/data/1326801/000132680118000009/fb-20171231_cal.xml,EX-101.CAL,115553
12,XBRL TAXONOMY EXTENSION DEFINITION LINKBASE DOCUMENT,fb-20171231_def.xml,https://www.sec.gov/Archives/edgar/data/1326801/000132680118000009/fb-20171231_def.xml,EX-101.DEF,261165
13,XBRL TAXONOMY EXTENSION LABEL LINKBASE DOCUMENT,fb-20171231_lab.xml,https://www.sec.gov/Archives/edgar/data/1326801/000132680118000009/fb-20171231_lab.xml,EX-101.LAB,765933
14,XBRL TAXONOMY EXTENSION PRESENTATION LINKBASE DOCUMENT,fb-20171231_pre.xml,https://www.sec.gov/Archives/edgar/data/1326801/000132680118000009/fb-20171231_pre.xml,EX-101.PRE,442313
