seq,description,document,href,type,size
1,10-K,amt1231201510k.htm,https://www.sec.gov/Archives/edgar/data/1053507/000105350716000018/amt1231201510k.htm,10-K,4297173
2,EXHIBIT 10.43,exhibit1043.htm,https://www.sec.gov/Archives/edgar/data/1053507/000105350716000018/exhibit1043.htm,EX-10.43,224629
3,EXHIBIT 10.44,exhibit1044.htm,https://www.sec.gov/Archives/edgar/data/1053507/000105350716000018/exhibit1044.htm,EX-10.44,251852
4,EXHIBIT 10.45,exhibit1045.htm,https://www.sec.gov/Archives/edgar/data/1053507/000105350716000018/exhibit1045.htm,EX-10.45,212425
5,EXHIBIT 10.52,a1052.htm,https://www.sec.gov/Archives/edgar/data/1053507/000105350716000018/a1052.htm,EX-10.52,369722
6,EXHIBIT 10.53,ex1053.htm,https://www.sec.gov/Archives/edgar/data/1053507/000105350716000018/ex1053.htm,EX-10.53,461644
7,EXHIBIT 12,exhibit12q42015.htm,https://www.sec.gov/Archives/edgar/data/1053507/000105350716000018/exhibit12q42015.htm,EX-12,73229
8,EXHIBIT 21,exhibit21q42015.htm,https://www.sec.gov/Archives/edgar/data/1053507/000105350716000018/exhibit21q42015.htm,EX-21,141787
9,EXHIBIT 23,exhibit23q42015.htm,https://www.sec.gov/Archives/edgar/data/1053507/000105350716000018/exhibit23q42015.htm,EX-23,3237
10,EXHIBIT 31.1,exhibit311q42015.htm,https://www.sec.gov/Archives/edgar/data/1053507/000105350716000018/exhibit311q42015.htm,EX-31.1,16211
11,EXHIBIT 31.2,exhibit312q42015.htm,https://www.sec.gov/Archives/edgar/data/1053507/000105350716000018/exhibit312q42015.htm,EX-31.2,17006
12,EXHIBIT 32,exhibit32q42015.htm,https://www.sec.gov/Archives/edgar/data/1053507/000105350716000018/exhibit32q42015.htm,EX-32,16793
19,,perfgraphfinal.jpg,https://www.sec.gov/Archives/edgar/data/1053507/000105350716000018/perfgraphfinal.jpg,GRAPHIC,60853
NA,Complete submission text file,0001053507-16-000018.txt,https://www.sec.gov/Archives/edgar/data/1053507/000105350716000018/0001053507-16-000018.txt, ,23808773
13,XBRL INSTANCE DOCUMENT,amt-20151231.xml,https://www.sec.gov/Archives/edgar/data/1053507/000105350716000018/amt-20151231.xml,EX-101.INS,5392525
14,XBRL TAXONOMY EXTENSION SCHEMA DOCUMENT,amt-20151231.xsd,https://www.sec.gov/Archives/edgar/data/1053507/000105350716000018/amt-20151231.xsd,EX-101.SCH,116644
15,XBRL TAXONOMY EXTENSION CALCULATION LINKBASE DOCUMENT,amt-20151231_cal.xml,https://www.sec.gov/Archives/edgar/data/1053507/000105350716000018/amt-20151231_cal.xml,EX-101.CAL,177895
16,XBRL TAXONOMY EXTENSION DEFINITION LINKBASE DOCUMENT,amt-20151231_def.xml,https://www.sec.gov/Archives/edgar/data/1053507/000105350716000018/amt-20151231_def.xml,EX-101.DEF,711428
17,XBRL TAXONOMY EXTENSION LABEL LINKBASE DOCUMENT,amt-20151231_lab.xml,https://www.sec.gov/Archives/edgar/data/1053507/000105350716000018/amt-20151231_lab.xml,EX-101.LAB,1512798
18,XBRL TAXONOMY EXTENSION PRESENTATION LINKBASE DOCUMENT,amt-20151231_pre.xml,https://www.sec.gov/Archives/edgar/data/1053507/000105350716000018/amt-20151231_pre.xml,EX-101.PRE,988032
