seq,description,document,href,type,size
1,10-Q,amzn-20160331x10q.htm,https://www.sec.gov/Archives/edgar/data/1018724/000101872416000227/amzn-20160331x10q.htm,10-Q,979990
2,SECTION 302 CEO CERTIFICATION,amzn-20160331xex311.htm,https://www.sec.gov/Archives/edgar/data/1018724/000101872416000227/amzn-20160331xex311.htm,EX-31.1,8594
3,SECTION 302 CFO CERTIFICATION,amzn-20160331xex312.htm,https://www.sec.gov/Archives/edgar/data/1018724/000101872416000227/amzn-20160331xex312.htm,EX-31.2,8736
4,SECTION 906 CEO CERTIFICATION,amzn-20160331xex321.htm,https://www.sec.gov/Archives/edgar/data/1018724/000101872416000227/amzn-20160331xex321.htm,EX-32.1,5634
5,SECTION 906 CFO CERTIFICATION,amzn-20160331xex322.htm,https://www.sec.gov/Archives/edgar/data/1018724/000101872416000227/amzn-20160331xex322.htm,EX-32.2,5784
NA,Complete submission text file,0001018724-16-000227.txt,https://www.sec.gov/Archives/edgar/data/1018724/000101872416000227/0001018724-16-000227.txt, ,4567354
6,XBRL INSTANCE DOCUMENT,amzn-20160331.xml,https://www.sec.gov/Archives/edgar/data/1018724/000101872416000227/amzn-20160331.xml,EX-101.INS,821597
7,XBRL TAXONOMY EXTENSION SCHEMA DOCUMENT,amzn-20160331.xsd,https://www.sec.gov/Archives/edgar/data/1018724/000101872416000227/amzn-20160331.xsd,EX-101.SCH,37934
8,XBRL TAXONOMY EXTENSION CALCULATION LINKBASE DOCUMENT,amzn-20160331_cal.xml,https://www.sec.gov/Archives/edgar/data/1018724/000101872416000227/amzn-20160331_cal.xml,EX-101.CAL,86384
9,XBRL TAXONOMY EXTENSION DEFINITION LINKBASE DOCUMENT,amzn-20160331_def.xml,https://www.sec.gov/Archives/edgar/data/1018724/000101872416000227/amzn-20160331_def.xml,EX-101.DEF,199962
10,XBRL TAXONOMY EXTENSION LABEL LINKBASE DOCUMENT,amzn-20160331_lab.xml,https://www.sec.gov/Archives/edgar/data/1018724/000101872416000227/amzn-20160331_lab.xml,EX-101.LAB,502613
11,XBRL TAXONOMY EXTENSION PRESENTATION LINKBASE DOCUMENT,amzn-20160331_pre.xml,https://www.sec.gov/Archives/edgar/data/1018724/000101872416000227/amzn-20160331_pre.xml,EX-101.PRE,271069
