seq,description,document,href,type,size
1,10-Q,amzn-20180331x10q.htm,https://www.sec.gov/Archives/edgar/data/1018724/000101872418000072/amzn-20180331x10q.htm,10-Q,973200
2,EXHIBIT 31.1,amzn-20180331xex311.htm,https://www.sec.gov/Archives/edgar/data/1018724/000101872418000072/amzn-20180331xex311.htm,EX-31.1,8967
3,EXHIBIT 31.2,amzn-20180331xex312.htm,https://www.sec.gov/Archives/edgar/data/1018724/000101872418000072/amzn-20180331xex312.htm,EX-31.2,9109
4,EXHIBIT 32.1,amzn-20180331xex321.htm,https://www.sec.gov/Archives/edgar/data/1018724/000101872418000072/amzn-20180331xex321.htm,EX-32.1,5520
5,EXHIBIT 32.2,amzn-20180331xex322.htm,https://www.sec.gov/Archives/edgar/data/1018724/000101872418000072/amzn-20180331xex322.htm,EX-32.2,5670
NA,Complete submission text file,0001018724-18-000072.txt,https://www.sec.gov/Archives/edgar/data/1018724/000101872418000072/0001018724-18-000072.txt, ,5617318
6,XBRL INSTANCE DOCUMENT,amzn-20180331.xml,https://www.sec.gov/Archives/edgar/data/1018724/000101872418000072/amzn-20180331.xml,EX-101.INS,1076542
7,XBRL TAXONOMY EXTENSION SCHEMA DOCUMENT,amzn-20180331.xsd,https://www.sec.gov/Archives/edgar/data/1018724/000101872418000072/amzn-20180331.xsd,EX-101.SCH,51972
8,XBRL TAXONOMY EXTENSION CALCULATION LINKBASE DOCUMENT,amzn-20180331_cal.xml,https://www.sec.gov/Archives/edgar/data/1018724/000101872418000072/amzn-20180331_cal.xml,EX-101.CAL,136619
9,XBRL TAXONOMY EXTENSION DEFINITION LINKBASE DOCUMENT,amzn-20180331_def.xml,https://www.sec.gov/Archives/edgar/data/1018724/000101872418000072/amzn-20180331_def.xml,EX-101.DEF,178910
10,XBRL TAXONOMY EXTENSION LABEL LINKBASE DOCUMENT,amzn-20180331_lab.xml,https://www.sec.gov/Archives/edgar/data/1018724/000101872418000072/amzn-20180331_lab.xml,EX-101.LAB,677149
11,XBRL TAXONOMY EXTENSION PRESENTATION LINKBASE DOCUMENT,amzn-20180331_pre.xml,https://www.sec.gov/Archives/edgar/data/1018724/000101872418000072/amzn-20180331_pre.xml,EX-101.PRE,354622
