seq,description,document,href,type,size
1,10-K,amzn-20181231x10k.htm,https://www.sec.gov/Archives/edgar/data/1018724/000101872419000004/amzn-20181231x10k.htm,10-K,2081096
2,EXHIBIT 10.7,amzn-20181231xex107.htm,https://www.sec.gov/Archives/edgar/data/1018724/000101872419000004/amzn-20181231xex107.htm,EX-10.7,67834
3,EXHIBIT 21.1,amzn-20181231xex211.htm,https://www.sec.gov/Archives/edgar/data/1018724/000101872419000004/amzn-20181231xex211.htm,EX-21.1,10706
4,EXHIBIT 23.1,amzn-20181231xex231.htm,https://www.sec.gov/Archives/edgar/data/1018724/000101872419000004/amzn-20181231xex231.htm,EX-23.1,10578
5,EXHIBIT 31.1,amzn-20181231xex311.htm,https://www.sec.gov/Archives/edgar/data/1018724/000101872419000004/amzn-20181231xex311.htm,EX-31.1,8969
6,EXHIBIT 31.2,amzn-20181231xex312.htm,https://www.sec.gov/Archives/edgar/data/1018724/000101872419000004/amzn-20181231xex312.htm,EX-31.2,9111
7,EXHIBIT 32.1,amzn-20181231xex321.htm,https://www.sec.gov/Archives/edgar/data/1018724/000101872419000004/amzn-20181231xex321.htm,EX-32.1,5514
8,EXHIBIT 32.2,amzn-20181231xex322.htm,https://www.sec.gov/Archives/edgar/data/1018724/000101872419000004/amzn-20181231xex322.htm,EX-32.2,5664
NA,Complete submission text file,0001018724-19-000004.txt,https://www.sec.gov/Archives/edgar/data/1018724/000101872419000004/0001018724-19-000004.txt, ,11900762
9,XBRL INSTANCE DOCUMENT,amzn-20181231.xml,https://www.sec.gov/Archives/edgar/data/1018724/000101872419000004/amzn-20181231.xml,EX-101.INS,2794563
10,XBRL TAXONOMY EXTENSION SCHEMA DOCUMENT,amzn-20181231.xsd,https://www.sec.gov/Archives/edgar/data/1018724/000101872419000004/amzn-20181231.xsd,EX-101.SCH,82094
11,XBRL TAXONOMY EXTENSION CALCULATION LINKBASE DOCUMENT,amzn-20181231_cal.xml,https://www.sec.gov/Archives/edgar/data/1018724/000101872419000004/amzn-20181231_cal.xml,EX-101.CAL,195956
12,XBRL TAXONOMY EXTENSION DEFINITION LINKBASE DOCUMENT,amzn-20181231_def.xml,https://www.sec.gov/Archives/edgar/data/1018724/000101872419000004/amzn-20181231_def.xml,EX-101.DEF,340027
13,XBRL TAXONOMY EXTENSION LABEL LINKBASE DOCUMENT,amzn-20181231_lab.xml,https://www.sec.gov/Archives/edgar/data/1018724/000101872419000004/amzn-20181231_lab.xml,EX-101.LAB,1076938
14,XBRL TAXONOMY EXTENSION PRESENTATION LINKBASE DOCUMENT,amzn-20181231_pre.xml,https://www.sec.gov/Archives/edgar/data/1018724/000101872419000004/amzn-20181231_pre.xml,EX-101.PRE,636114
